country_code,country_name,is_aggregate,year,population_growth_pct
ABW,Aruba,false,1960,
ABW,Aruba,false,1961,1.18734426572715
ABW,Aruba,false,1962,1.32622723498415
ABW,Aruba,false,1963,1.20366430885019
ABW,Aruba,false,1964,1.07660194824525
ABW,Aruba,false,1965,0.986114424783721
ABW,Aruba,false,1966,0.862398829043227
ABW,Aruba,false,1967,0.503043105597307
ABW,Aruba,false,1968,0.133831409365337
ABW,Aruba,false,1969,-0.0287840436795769
ABW,Aruba,false,1970,-0.172878468846149
ABW,Aruba,false,1971,-0.287095354800503
ABW,Aruba,false,1972,-1.25656462134736
ABW,Aruba,false,1973,0.433191332877477
ABW,Aruba,false,1974,0.0857280074449621
ABW,Aruba,false,1975,-0.0925894239870965
ABW,Aruba,false,1976,0.125146806661145
ABW,Aruba,false,1977,0.362554694772122
ABW,Aruba,false,1978,0.334026691838903
ABW,Aruba,false,1979,0.703589498767673
ABW,Aruba,false,1980,1.20572409466493
ABW,Aruba,false,1981,1.08574012985549
ABW,Aruba,false,1982,1.17041035995923
ABW,Aruba,false,1983,1.54168100744254
ABW,Aruba,false,1984,1.07570026063362
ABW,Aruba,false,1985,-1.88244251078928
ABW,Aruba,false,1986,-2.95437362586139
ABW,Aruba,false,1987,-1.29651660780176
ABW,Aruba,false,1988,0.290320062131051
ABW,Aruba,false,1989,1.85688371673627
ABW,Aruba,false,1990,3.75056134586705
ABW,Aruba,false,1991,4.88713560049167
ABW,Aruba,false,1992,4.61012241010557
ABW,Aruba,false,1993,6.5620284925223
ABW,Aruba,false,1994,5.17037414583618
ABW,Aruba,false,1995,2.80831670109337
ABW,Aruba,false,1996,3.95074287081186
ABW,Aruba,false,1997,3.87475976651232
ABW,Aruba,false,1998,2.4607540856619
ABW,Aruba,false,1999,1.35648590551186
ABW,Aruba,false,2000,1.03081685259869
ABW,Aruba,false,2001,0.93503293482838
ABW,Aruba,false,2002,0.692051826700269
ABW,Aruba,false,2003,1.13822893851655
ABW,Aruba,false,2004,2.13535781849357
ABW,Aruba,false,2005,2.59075665615847
ABW,Aruba,false,2006,1.79663785158395
ABW,Aruba,false,2007,0.746664790352749
ABW,Aruba,false,2008,0.762933470313563
ABW,Aruba,false,2009,0.678450763317743
ABW,Aruba,false,2010,0.230041095930877
ABW,Aruba,false,2011,0.736689418341162
ABW,Aruba,false,2012,1.46978228958006
ABW,Aruba,false,2013,1.49203139661921
ABW,Aruba,false,2014,1.06551209965487
ABW,Aruba,false,2015,1.02370103122312
ABW,Aruba,false,2016,0.75796755862231
ABW,Aruba,false,2017,0.007357607309414
ABW,Aruba,false,2018,0.158975971141518
ABW,Aruba,false,2019,0.270504632854835
ABW,Aruba,false,2020,-0.565684046703506
ABW,Aruba,false,2021,-0.82021108315363
ABW,Aruba,false,2022,-0.362774222330685
ABW,Aruba,false,2023,0.0456516784920034
ABW,Aruba,false,2024,0.590657103226071
ABW,Aruba,false,2025,0.728852751394889
AFE,Africa Eastern and Southern,true,1960,
AFE,Africa Eastern and Southern,true,1961,2.6246235203985
AFE,Africa Eastern and Southern,true,1962,2.68700877626946
AFE,Africa Eastern and Southern,true,1963,2.71404193548623
AFE,Africa Eastern and Southern,true,1964,2.76985566424139
AFE,Africa Eastern and Southern,true,1965,2.8098822116255
AFE,Africa Eastern and Southern,true,1966,2.81032375617882
AFE,Africa Eastern and Southern,true,1967,2.84481116053896
AFE,Africa Eastern and Southern,true,1968,2.89053053210213
AFE,Africa Eastern and Southern,true,1969,2.88945065291198
AFE,Africa Eastern and Southern,true,1970,2.88850904619344
AFE,Africa Eastern and Southern,true,1971,2.88686159332995
AFE,Africa Eastern and Southern,true,1972,2.84260156370146
AFE,Africa Eastern and Southern,true,1973,2.92057490651803
AFE,Africa Eastern and Southern,true,1974,2.97492214745766
AFE,Africa Eastern and Southern,true,1975,2.92186725484821
AFE,Africa Eastern and Southern,true,1976,2.91729731599594
AFE,Africa Eastern and Southern,true,1977,2.82959668799219
AFE,Africa Eastern and Southern,true,1978,2.98952355658372
AFE,Africa Eastern and Southern,true,1979,3.12908916400582
AFE,Africa Eastern and Southern,true,1980,2.99895122759029
AFE,Africa Eastern and Southern,true,1981,3.09317148407782
AFE,Africa Eastern and Southern,true,1982,3.21559919558012
AFE,Africa Eastern and Southern,true,1983,3.13265066685359
AFE,Africa Eastern and Southern,true,1984,3.03401872045451
AFE,Africa Eastern and Southern,true,1985,3.0109923521529
AFE,Africa Eastern and Southern,true,1986,2.987529648733
AFE,Africa Eastern and Southern,true,1987,2.99676072743034
AFE,Africa Eastern and Southern,true,1988,2.9047075526033
AFE,Africa Eastern and Southern,true,1989,2.82575303796522
AFE,Africa Eastern and Southern,true,1990,2.86654890669014
AFE,Africa Eastern and Southern,true,1991,2.75069381267418
AFE,Africa Eastern and Southern,true,1992,2.66048165065413
AFE,Africa Eastern and Southern,true,1993,2.76949139016801
AFE,Africa Eastern and Southern,true,1994,2.65931727355301
AFE,Africa Eastern and Southern,true,1995,2.59624753960851
AFE,Africa Eastern and Southern,true,1996,2.64520724063808
AFE,Africa Eastern and Southern,true,1997,2.56360934676329
AFE,Africa Eastern and Southern,true,1998,2.59082906065185
AFE,Africa Eastern and Southern,true,1999,2.62289295632848
AFE,Africa Eastern and Southern,true,2000,2.59538933998788
AFE,Africa Eastern and Southern,true,2001,2.5886417713116
AFE,Africa Eastern and Southern,true,2002,2.60780157535376
AFE,Africa Eastern and Southern,true,2003,2.61906809457548
AFE,Africa Eastern and Southern,true,2004,2.64137149821667
AFE,Africa Eastern and Southern,true,2005,2.65847839652985
AFE,Africa Eastern and Southern,true,2006,2.66976588552462
AFE,Africa Eastern and Southern,true,2007,2.69144498343854
AFE,Africa Eastern and Southern,true,2008,2.72364001522085
AFE,Africa Eastern and Southern,true,2009,2.73723757208867
AFE,Africa Eastern and Southern,true,2010,2.73452519643287
AFE,Africa Eastern and Southern,true,2011,2.68462143269084
AFE,Africa Eastern and Southern,true,2012,2.69351289263264
AFE,Africa Eastern and Southern,true,2013,2.7482455829431
AFE,Africa Eastern and Southern,true,2014,2.70410469635343
AFE,Africa Eastern and Southern,true,2015,2.69683038788555
AFE,Africa Eastern and Southern,true,2016,2.64074325542301
AFE,Africa Eastern and Southern,true,2017,2.64206728810391
AFE,Africa Eastern and Southern,true,2018,2.73426282366823
AFE,Africa Eastern and Southern,true,2019,2.72168052257397
AFE,Africa Eastern and Southern,true,2020,2.69951609745311
AFE,Africa Eastern and Southern,true,2021,2.6494391643563
AFE,Africa Eastern and Southern,true,2022,2.59275445199729
AFE,Africa Eastern and Southern,true,2023,2.51916664518144
AFE,Africa Eastern and Southern,true,2024,2.47280147854539
AFE,Africa Eastern and Southern,true,2025,2.51127758940208
AFG,Afghanistan,false,1960,
AFG,Afghanistan,false,1961,1.9622391202036
AFG,Afghanistan,false,1962,2.0445228359303
AFG,Afghanistan,false,1963,2.1052082248002
AFG,Afghanistan,false,1964,2.16119547210755
AFG,Afghanistan,false,1965,2.23370858013984
AFG,Afghanistan,false,1966,2.26965142881696
AFG,Afghanistan,false,1967,2.30666800699098
AFG,Afghanistan,false,1968,2.36068343389987
AFG,Afghanistan,false,1969,2.39272037816067
AFG,Afghanistan,false,1970,2.4452057451213
AFG,Afghanistan,false,1971,2.42851631309344
AFG,Afghanistan,false,1972,2.44258389899974
AFG,Afghanistan,false,1973,2.53475893911385
AFG,Afghanistan,false,1974,2.5268442145866
AFG,Afghanistan,false,1975,2.41525048462279
AFG,Afghanistan,false,1976,2.21344608328696
AFG,Afghanistan,false,1977,2.1280995644747
AFG,Afghanistan,false,1978,2.00869785436837
AFG,Afghanistan,false,1979,0.323658822560684
AFG,Afghanistan,false,1980,-3.62580787978915
AFG,Afghanistan,false,1981,-9.81977073931242
AFG,Afghanistan,false,1982,-8.25803438536739
AFG,Afghanistan,false,1983,-0.669999256586122
AFG,Afghanistan,false,1984,2.46291172007885
AFG,Afghanistan,false,1985,2.09257523944359
AFG,Afghanistan,false,1986,-0.0593340233066949
AFG,Afghanistan,false,1987,-0.282849651384286
AFG,Afghanistan,false,1988,1.18267114653938
AFG,Afghanistan,false,1989,2.9987647953118
AFG,Afghanistan,false,1990,1.43458821147838
AFG,Afghanistan,false,1991,1.59132588364829
AFG,Afghanistan,false,1992,8.15641941048095
AFG,Afghanistan,false,1993,11.8072591071712
AFG,Afghanistan,false,1994,8.38872960212999
AFG,Afghanistan,false,1995,4.89368011973163
AFG,Afghanistan,false,1996,4.00540467357125
AFG,Afghanistan,false,1997,3.80450803445817
AFG,Afghanistan,false,1998,3.7646866376293
AFG,Afghanistan,false,1999,3.72811603964771
AFG,Afghanistan,false,2000,1.21217597601851
AFG,Afghanistan,false,2001,0.762004896898895
AFG,Afghanistan,false,2002,5.25202958527833
AFG,Afghanistan,false,2003,6.14519400188515
AFG,Afghanistan,false,2004,3.57583485398158
AFG,Afghanistan,false,2005,3.51921696042587
AFG,Afghanistan,false,2006,4.09270201656348
AFG,Afghanistan,false,2007,1.8925975396006
AFG,Afghanistan,false,2008,2.18654618162979
AFG,Afghanistan,false,2009,3.64638090813246
AFG,Afghanistan,false,2010,2.93468670173474
AFG,Afghanistan,false,2011,3.69150308391849
AFG,Afghanistan,false,2012,4.04786256315645
AFG,Afghanistan,false,2013,3.41822667584596
AFG,Afghanistan,false,2014,3.63251884652008
AFG,Afghanistan,false,2015,3.11995924146907
AFG,Afghanistan,false,2016,2.53571991833963
AFG,Afghanistan,false,2017,2.80833730805469
AFG,Afghanistan,false,2018,2.91080959861384
AFG,Afghanistan,false,2019,2.98438913621969
AFG,Afghanistan,false,2020,3.15360920291972
AFG,Afghanistan,false,2021,2.35609779179185
AFG,Afghanistan,false,2022,1.43570437048699
AFG,Afghanistan,false,2023,2.13559384981397
AFG,Afghanistan,false,2024,2.83657317243522
AFG,Afghanistan,false,2025,2.76719430653303
AFW,Africa Western and Central,true,1960,
AFW,Africa Western and Central,true,1961,2.10383178103682
AFW,Africa Western and Central,true,1962,2.13152221545093
AFW,Africa Western and Central,true,1963,2.17001459582214
AFW,Africa Western and Central,true,1964,2.18110599531205
AFW,Africa Western and Central,true,1965,2.20335358611412
AFW,Africa Western and Central,true,1966,2.22551493115089
AFW,Africa Western and Central,true,1967,2.23202663220842
AFW,Africa Western and Central,true,1968,2.26592485719339
AFW,Africa Western and Central,true,1969,2.34861206569986
AFW,Africa Western and Central,true,1970,2.4135882734558
AFW,Africa Western and Central,true,1971,2.41628539011642
AFW,Africa Western and Central,true,1972,2.45067631229773
AFW,Africa Western and Central,true,1973,2.52139373758167
AFW,Africa Western and Central,true,1974,2.59899084083081
AFW,Africa Western and Central,true,1975,2.67522074955684
AFW,Africa Western and Central,true,1976,2.68210778111083
AFW,Africa Western and Central,true,1977,2.71736284376923
AFW,Africa Western and Central,true,1978,2.79370450222467
AFW,Africa Western and Central,true,1979,2.8309926453088
AFW,Africa Western and Central,true,1980,2.83204856604271
AFW,Africa Western and Central,true,1981,2.84637948305473
AFW,Africa Western and Central,true,1982,2.89296170197898
AFW,Africa Western and Central,true,1983,2.71386895494881
AFW,Africa Western and Central,true,1984,2.61666973691587
AFW,Africa Western and Central,true,1985,2.72675790237883
AFW,Africa Western and Central,true,1986,2.74086059845417
AFW,Africa Western and Central,true,1987,2.73718564134262
AFW,Africa Western and Central,true,1988,2.74776115658947
AFW,Africa Western and Central,true,1989,2.770781645395
AFW,Africa Western and Central,true,1990,2.66098880460391
AFW,Africa Western and Central,true,1991,2.6427417396595
AFW,Africa Western and Central,true,1992,2.7559720332572
AFW,Africa Western and Central,true,1993,2.69633227138685
AFW,Africa Western and Central,true,1994,2.65861952961027
AFW,Africa Western and Central,true,1995,2.73437578939408
AFW,Africa Western and Central,true,1996,2.72950085901042
AFW,Africa Western and Central,true,1997,2.72239036826433
AFW,Africa Western and Central,true,1998,2.75590517374605
AFW,Africa Western and Central,true,1999,2.72542188790324
AFW,Africa Western and Central,true,2000,2.74678358015624
AFW,Africa Western and Central,true,2001,2.79913196366463
AFW,Africa Western and Central,true,2002,2.80999112863539
AFW,Africa Western and Central,true,2003,2.81387634973079
AFW,Africa Western and Central,true,2004,2.82670599784287
AFW,Africa Western and Central,true,2005,2.83821987435628
AFW,Africa Western and Central,true,2006,2.82695770994466
AFW,Africa Western and Central,true,2007,2.82607329586252
AFW,Africa Western and Central,true,2008,2.83183573642761
AFW,Africa Western and Central,true,2009,2.79915735318808
AFW,Africa Western and Central,true,2010,2.79413656378904
AFW,Africa Western and Central,true,2011,2.82354391227125
AFW,Africa Western and Central,true,2012,2.77622264601129
AFW,Africa Western and Central,true,2013,2.72428595400951
AFW,Africa Western and Central,true,2014,2.72176810631766
AFW,Africa Western and Central,true,2015,2.68923968955215
AFW,Africa Western and Central,true,2016,2.66132695560953
AFW,Africa Western and Central,true,2017,2.61315215287381
AFW,Africa Western and Central,true,2018,2.52276242943424
AFW,Africa Western and Central,true,2019,2.43511941995056
AFW,Africa Western and Central,true,2020,2.38534703874946
AFW,Africa Western and Central,true,2021,2.35569541452186
AFW,Africa Western and Central,true,2022,2.32085084130242
AFW,Africa Western and Central,true,2023,2.37937619625479
AFW,Africa Western and Central,true,2024,2.39809620858228
AFW,Africa Western and Central,true,2025,2.30763633387899
AGO,Angola,false,1960,
AGO,Angola,false,1961,1.32779747379503
AGO,Angola,false,1962,0.989638884942996
AGO,Angola,false,1963,1.00366645307032
AGO,Angola,false,1964,1.02768371068476
AGO,Angola,false,1965,1.0521327025144
AGO,Angola,false,1966,1.07004599273081
AGO,Angola,false,1967,1.07672716199246
AGO,Angola,false,1968,1.07351672755809
AGO,Angola,false,1969,1.06374555524786
AGO,Angola,false,1970,1.53411018165866
AGO,Angola,false,1971,2.33572395835657
AGO,Angola,false,1972,3.01139927064505
AGO,Angola,false,1973,3.41145207135026
AGO,Angola,false,1974,3.45890219863504
AGO,Angola,false,1975,3.4125582897881
AGO,Angola,false,1976,3.33014644361355
AGO,Angola,false,1977,3.37937480483443
AGO,Angola,false,1978,3.4768536806595
AGO,Angola,false,1979,3.50754362150738
AGO,Angola,false,1980,3.58793986406709
AGO,Angola,false,1981,3.64246045254538
AGO,Angola,false,1982,3.67803500207566
AGO,Angola,false,1983,3.71606373976317
AGO,Angola,false,1984,3.70603601409782
AGO,Angola,false,1985,3.67864774172346
AGO,Angola,false,1986,3.61842556125761
AGO,Angola,false,1987,3.47374802918502
AGO,Angola,false,1988,3.40339476992955
AGO,Angola,false,1989,3.41457162860406
AGO,Angola,false,1990,3.39240335400398
AGO,Angola,false,1991,3.35905461487339
AGO,Angola,false,1992,3.27414246108306
AGO,Angola,false,1993,3.19559442992564
AGO,Angola,false,1994,3.24168920160086
AGO,Angola,false,1995,3.33998873703717
AGO,Angola,false,1996,3.3816089218138
AGO,Angola,false,1997,3.39551504166387
AGO,Angola,false,1998,3.34679546644871
AGO,Angola,false,1999,3.29527663572252
AGO,Angola,false,2000,3.31228746945312
AGO,Angola,false,2001,3.35370941359163
AGO,Angola,false,2002,3.40747615681454
AGO,Angola,false,2003,3.49334277776736
AGO,Angola,false,2004,3.59445752400652
AGO,Angola,false,2005,3.64626893356444
AGO,Angola,false,2006,3.68489201610335
AGO,Angola,false,2007,3.74258021023639
AGO,Angola,false,2008,3.77828976645524
AGO,Angola,false,2009,3.80156187494836
AGO,Angola,false,2010,3.85109824897149
AGO,Angola,false,2011,3.8879459971363
AGO,Angola,false,2012,3.88358355528674
AGO,Angola,false,2013,3.84998068971631
AGO,Angola,false,2014,3.73272806660513
AGO,Angola,false,2015,3.60507162233632
AGO,Angola,false,2016,3.57644143982026
AGO,Angola,false,2017,3.54061221486272
AGO,Angola,false,2018,3.45323300897802
AGO,Angola,false,2019,3.38788422184303
AGO,Angola,false,2020,3.26795864914978
AGO,Angola,false,2021,3.18132259995095
AGO,Angola,false,2022,3.14302612044601
AGO,Angola,false,2023,3.08065530722915
AGO,Angola,false,2024,3.04419972245653
AGO,Angola,false,2025,3.00100954627922
ALB,Albania,false,1960,
ALB,Albania,false,1961,3.12085537059054
ALB,Albania,false,1962,3.05673050279088
ALB,Albania,false,1963,2.95374876199632
ALB,Albania,false,1964,2.88068642624326
ALB,Albania,false,1965,2.75402123804227
ALB,Albania,false,1966,2.63456387954101
ALB,Albania,false,1967,2.63019034549493
ALB,Albania,false,1968,2.84251071048949
ALB,Albania,false,1969,2.8960833877323
ALB,Albania,false,1970,2.55085117829323
ALB,Albania,false,1971,2.4229720170788
ALB,Albania,false,1972,2.49497310670312
ALB,Albania,false,1973,2.36255222384825
ALB,Albania,false,1974,2.29721417566909
ALB,Albania,false,1975,2.3011538096943
ALB,Albania,false,1976,2.20823525497527
ALB,Albania,false,1977,2.21325217885547
ALB,Albania,false,1978,2.07574189532527
ALB,Albania,false,1979,1.98945701957156
ALB,Albania,false,1980,2.04796386136191
ALB,Albania,false,1981,2.00297430640894
ALB,Albania,false,1982,2.11327178253342
ALB,Albania,false,1983,2.12088533357751
ALB,Albania,false,1984,2.10393661802013
ALB,Albania,false,1985,2.05599460887143
ALB,Albania,false,1986,1.93322081083734
ALB,Albania,false,1987,1.99703995612751
ALB,Albania,false,1988,1.88671052887888
ALB,Albania,false,1989,2.68786198874035
ALB,Albania,false,1990,1.79908559333186
ALB,Albania,false,1991,-0.602809679480026
ALB,Albania,false,1992,-0.606434726201759
ALB,Albania,false,1993,-0.610165792730247
ALB,Albania,false,1994,-0.613880506929603
ALB,Albania,false,1995,-0.617703658436963
ALB,Albania,false,1996,-0.62151139901728
ALB,Albania,false,1997,-0.625430096900055
ALB,Albania,false,1998,-0.629334392525913
ALB,Albania,false,1999,-0.63335227398725
ALB,Albania,false,2000,-0.637356833943492
ALB,Albania,false,2001,-0.93847042771206
ALB,Albania,false,2002,-0.299876697084691
ALB,Albania,false,2003,-0.374149169291299
ALB,Albania,false,2004,-0.417931377925999
ALB,Albania,false,2005,-0.511790116421897
ALB,Albania,false,2006,-0.630911244851673
ALB,Albania,false,2007,-0.75571875541991
ALB,Albania,false,2008,-0.767342959142321
ALB,Albania,false,2009,-0.673894046451936
ALB,Albania,false,2010,-0.49646196338738
ALB,Albania,false,2011,-0.269017331764615
ALB,Albania,false,2012,-1.54313670532257
ALB,Albania,false,2013,-1.54314471365633
ALB,Albania,false,2014,-1.54313753739282
ALB,Albania,false,2015,-1.54312006878448
ALB,Albania,false,2016,-1.54313470861992
ALB,Albania,false,2017,-1.54315156766944
ALB,Albania,false,2018,-1.54309991591532
ALB,Albania,false,2019,-1.54313709096794
ALB,Albania,false,2020,-1.54315589345436
ALB,Albania,false,2021,-1.54312080996395
ALB,Albania,false,2022,-1.54315667695786
ALB,Albania,false,2023,-1.64410790425763
ALB,Albania,false,2024,-1.44214414486444
ALB,Albania,false,2025,-1.16564475393365
AND,Andorra,false,1960,
AND,Andorra,false,1961,7.81481696897547
AND,Andorra,false,1962,7.51910047505593
AND,Andorra,false,1963,7.21150595530926
AND,Andorra,false,1964,6.88305978652916
AND,Andorra,false,1965,6.59379645245965
AND,Andorra,false,1966,7.02340939081659
AND,Andorra,false,1967,7.95482076608293
AND,Andorra,false,1968,8.1164086066891
AND,Andorra,false,1969,7.7226233936081
AND,Andorra,false,1970,7.38423172840341
AND,Andorra,false,1971,7.0770003637453
AND,Andorra,false,1972,6.82712854593862
AND,Andorra,false,1973,6.59885517933086
AND,Andorra,false,1974,6.34726268457784
AND,Andorra,false,1975,6.09802461998095
AND,Andorra,false,1976,5.81540893320219
AND,Andorra,false,1977,5.48929364454713
AND,Andorra,false,1978,5.13334903832308
AND,Andorra,false,1979,4.68754240945787
AND,Andorra,false,1980,4.21247076799978
AND,Andorra,false,1981,3.80301068628924
AND,Andorra,false,1982,4.20169003417802
AND,Andorra,false,1983,4.54136449747247
AND,Andorra,false,1984,4.1242958534049
AND,Andorra,false,1985,3.60558464262208
AND,Andorra,false,1986,4.2637572969605
AND,Andorra,false,1987,4.11035834180687
AND,Andorra,false,1988,3.63286711986262
AND,Andorra,false,1989,2.407249672338
AND,Andorra,false,1990,3.83123287796408
AND,Andorra,false,1991,7.45329468211735
AND,Andorra,false,1992,6.0480321596983
AND,Andorra,false,1993,4.97705409023407
AND,Andorra,false,1994,2.09572588343954
AND,Andorra,false,1995,-1.08930148717707
AND,Andorra,false,1996,0.112591492472177
AND,Andorra,false,1997,1.11281494023923
AND,Andorra,false,1998,1.04857897159494
AND,Andorra,false,1999,0.500412968697236
AND,Andorra,false,2000,-0.038053198830509
AND,Andorra,false,2001,0.253921086430399
AND,Andorra,false,2002,0.988236936986141
AND,Andorra,false,2003,4.38331242746588
AND,Andorra,false,2004,6.73220754538658
AND,Andorra,false,2005,4.08106927409514
AND,Andorra,false,2006,2.7567571256705
AND,Andorra,false,2007,2.83924882561682
AND,Andorra,false,2008,1.95686286864098
AND,Andorra,false,2009,0.469582600578118
AND,Andorra,false,2010,-3.86696538756774
AND,Andorra,false,2011,-3.68900236441521
AND,Andorra,false,2012,-1.22756477898092
AND,Andorra,false,2013,-2.15758099819573
AND,Andorra,false,2014,-1.95667320426838
AND,Andorra,false,2015,-2.14248382559065
AND,Andorra,false,2016,0.00969831319383994
AND,Andorra,false,2017,2.16803975005007
AND,Andorra,false,2018,1.87885332176802
AND,Andorra,false,2019,1.73050296926809
AND,Andorra,false,2020,1.17775354895761
AND,Andorra,false,2021,1.26362889534188
AND,Andorra,false,2022,1.69676808598242
AND,Andorra,false,2023,1.43374756867515
AND,Andorra,false,2024,1.32930689449906
AND,Andorra,false,2025,1.17204481645642
ARB,Arab World,true,1960,
ARB,Arab World,true,1961,2.57823879312522
ARB,Arab World,true,1962,2.62350862989843
ARB,Arab World,true,1963,2.67059265564392
ARB,Arab World,true,1964,2.68111313172526
ARB,Arab World,true,1965,2.68098444311695
ARB,Arab World,true,1966,2.74588966874251
ARB,Arab World,true,1967,2.83518597331945
ARB,Arab World,true,1968,2.87299534138975
ARB,Arab World,true,1969,2.89582547442121
ARB,Arab World,true,1970,2.87659469277032
ARB,Arab World,true,1971,2.8490151798554
ARB,Arab World,true,1972,2.85104343203942
ARB,Arab World,true,1973,2.93611085355997
ARB,Arab World,true,1974,2.96115168863137
ARB,Arab World,true,1975,3.06669054269667
ARB,Arab World,true,1976,3.18766959586492
ARB,Arab World,true,1977,3.13422094213359
ARB,Arab World,true,1978,3.28941190699957
ARB,Arab World,true,1979,3.509672611695
ARB,Arab World,true,1980,3.46219627593005
ARB,Arab World,true,1981,3.20230492888198
ARB,Arab World,true,1982,3.10105365355938
ARB,Arab World,true,1983,3.14493825914441
ARB,Arab World,true,1984,3.13354737666233
ARB,Arab World,true,1985,3.0739720806011
ARB,Arab World,true,1986,3.04136882601883
ARB,Arab World,true,1987,2.98499141026466
ARB,Arab World,true,1988,2.77027362193033
ARB,Arab World,true,1989,2.6744220306747
ARB,Arab World,true,1990,3.28626669219108
ARB,Arab World,true,1991,2.31107571877806
ARB,Arab World,true,1992,2.55857635622995
ARB,Arab World,true,1993,2.77963018835214
ARB,Arab World,true,1994,2.74309358024757
ARB,Arab World,true,1995,2.52257722068187
ARB,Arab World,true,1996,2.44150862810139
ARB,Arab World,true,1997,2.40563252454035
ARB,Arab World,true,1998,2.41979841334517
ARB,Arab World,true,1999,2.3935256711417
ARB,Arab World,true,2000,2.41543527490979
ARB,Arab World,true,2001,2.42446364867946
ARB,Arab World,true,2002,2.39338192520223
ARB,Arab World,true,2003,2.34144421249202
ARB,Arab World,true,2004,2.32646818002896
ARB,Arab World,true,2005,2.37373785357332
ARB,Arab World,true,2006,2.41849081690974
ARB,Arab World,true,2007,2.5160369697056
ARB,Arab World,true,2008,2.54491691477219
ARB,Arab World,true,2009,2.47204998946198
ARB,Arab World,true,2010,1.99515168852155
ARB,Arab World,true,2011,2.30736970092213
ARB,Arab World,true,2012,2.38370613008674
ARB,Arab World,true,2013,2.57120480453802
ARB,Arab World,true,2014,2.34512756475237
ARB,Arab World,true,2015,2.4580221910701
ARB,Arab World,true,2016,2.31761538561915
ARB,Arab World,true,2017,2.00626985832883
ARB,Arab World,true,2018,1.77768190401844
ARB,Arab World,true,2019,1.88201603418311
ARB,Arab World,true,2020,2.10294522896747
ARB,Arab World,true,2021,1.51437547360799
ARB,Arab World,true,2022,2.29741398218854
ARB,Arab World,true,2023,2.25586602644063
ARB,Arab World,true,2024,2.15591676300777
ARB,Arab World,true,2025,2.15748085841541
ARE,United Arab Emirates,false,1960,
ARE,United Arab Emirates,false,1961,4.94302750761822
ARE,United Arab Emirates,false,1962,4.91872874289777
ARE,United Arab Emirates,false,1963,4.8906456876335
ARE,United Arab Emirates,false,1964,4.7979243899545
ARE,United Arab Emirates,false,1965,4.53634287214408
ARE,United Arab Emirates,false,1966,4.03069699051328
ARE,United Arab Emirates,false,1967,3.23714351228271
ARE,United Arab Emirates,false,1968,10.4104301241277
ARE,United Arab Emirates,false,1969,18.3828157223581
ARE,United Arab Emirates,false,1970,17.8642930456826
ARE,United Arab Emirates,false,1971,15.634694288103
ARE,United Arab Emirates,false,1972,13.906857167078
ARE,United Arab Emirates,false,1973,12.5277265217573
ARE,United Arab Emirates,false,1974,11.3983425279883
ARE,United Arab Emirates,false,1975,10.4303703633327
ARE,United Arab Emirates,false,1976,12.6185316008578
ARE,United Arab Emirates,false,1977,14.2529885512947
ARE,United Arab Emirates,false,1978,13.0578256541173
ARE,United Arab Emirates,false,1979,11.9513405470009
ARE,United Arab Emirates,false,1980,10.7682354018958
ARE,United Arab Emirates,false,1981,7.96003229704081
ARE,United Arab Emirates,false,1982,5.87180088431517
ARE,United Arab Emirates,false,1983,5.74215413753345
ARE,United Arab Emirates,false,1984,5.56480649101998
ARE,United Arab Emirates,false,1985,5.36026160862263
ARE,United Arab Emirates,false,1986,6.29119579654771
ARE,United Arab Emirates,false,1987,7.02946149266028
ARE,United Arab Emirates,false,1988,6.60823561382132
ARE,United Arab Emirates,false,1989,6.22748629856082
ARE,United Arab Emirates,false,1990,5.8784228791753
ARE,United Arab Emirates,false,1991,5.55380997102418
ARE,United Arab Emirates,false,1992,5.24724401080608
ARE,United Arab Emirates,false,1993,4.95223997523987
ARE,United Arab Emirates,false,1994,4.66407380953512
ARE,United Arab Emirates,false,1995,4.4717655242434
ARE,United Arab Emirates,false,1996,6.47661448989632
ARE,United Arab Emirates,false,1997,8.12439404457886
ARE,United Arab Emirates,false,1998,7.61779694622865
ARE,United Arab Emirates,false,1999,7.15727575370797
ARE,United Arab Emirates,false,2000,6.73568170124179
ARE,United Arab Emirates,false,2001,6.37626894621745
ARE,United Arab Emirates,false,2002,6.07539320463732
ARE,United Arab Emirates,false,2003,5.78447695225097
ARE,United Arab Emirates,false,2004,5.48794157690806
ARE,United Arab Emirates,false,2005,5.18764431874288
ARE,United Arab Emirates,false,2006,7.12134410320015
ARE,United Arab Emirates,false,2007,11.5899798855336
ARE,United Arab Emirates,false,2008,11.3816344065238
ARE,United Arab Emirates,false,2009,6.2188003600278
ARE,United Arab Emirates,false,2010,2.39801204084647
ARE,United Arab Emirates,false,2011,3.35932096341285
ARE,United Arab Emirates,false,2012,3.95899214220379
ARE,United Arab Emirates,false,2013,3.99911978796443
ARE,United Arab Emirates,false,2014,4.65292210905658
ARE,United Arab Emirates,false,2015,5.38380162241984
ARE,United Arab Emirates,false,2016,4.93046894788046
ARE,United Arab Emirates,false,2017,3.17379785893425
ARE,United Arab Emirates,false,2018,1.32986873264335
ARE,United Arab Emirates,false,2019,1.0545163442516
ARE,United Arab Emirates,false,2020,-0.474850154644905
ARE,United Arab Emirates,false,2021,1.83513009029147
ARE,United Arab Emirates,false,2022,5.08834153373914
ARE,United Arab Emirates,false,2023,3.97717097504667
ARE,United Arab Emirates,false,2024,4.68316095317394
ARE,United Arab Emirates,false,2025,4.68316292656212
ARG,Argentina,false,1960,
ARG,Argentina,false,1961,1.65516691395024
ARG,Argentina,false,1962,1.65684089054911
ARG,Argentina,false,1963,1.64339841718671
ARG,Argentina,false,1964,1.61030882522813
ARG,Argentina,false,1965,1.56411446631364
ARG,Argentina,false,1966,1.53151134539948
ARG,Argentina,false,1967,1.52552564515699
ARG,Argentina,false,1968,1.5300700621594
ARG,Argentina,false,1969,1.53510695155484
ARG,Argentina,false,1970,1.56001941277121
ARG,Argentina,false,1971,1.57425828869798
ARG,Argentina,false,1972,1.58329622607322
ARG,Argentina,false,1973,1.61675611830692
ARG,Argentina,false,1974,1.64473215761616
ARG,Argentina,false,1975,1.60810835620248
ARG,Argentina,false,1976,1.56523230766791
ARG,Argentina,false,1977,1.58361041281169
ARG,Argentina,false,1978,1.59885003313826
ARG,Argentina,false,1979,1.59684779867466
ARG,Argentina,false,1980,1.59304228632554
ARG,Argentina,false,1981,1.60201232076144
ARG,Argentina,false,1982,1.60420679867482
ARG,Argentina,false,1983,1.6019042448548
ARG,Argentina,false,1984,1.59235691940308
ARG,Argentina,false,1985,1.57262930146869
ARG,Argentina,false,1986,1.55539122422629
ARG,Argentina,false,1987,1.54512926233209
ARG,Argentina,false,1988,1.54990330404865
ARG,Argentina,false,1989,1.53134817062707
ARG,Argentina,false,1990,1.49157462934909
ARG,Argentina,false,1991,1.43788006980649
ARG,Argentina,false,1992,1.38438120034139
ARG,Argentina,false,1993,1.35364018555542
ARG,Argentina,false,1994,1.3401375748685
ARG,Argentina,false,1995,1.3103115077878
ARG,Argentina,false,1996,1.25745217924583
ARG,Argentina,false,1997,1.21464795933597
ARG,Argentina,false,1998,1.17552563201514
ARG,Argentina,false,1999,1.15304317167294
ARG,Argentina,false,2000,1.13312807570195
ARG,Argentina,false,2001,1.09794672757946
ARG,Argentina,false,2002,1.06941318335345
ARG,Argentina,false,2003,1.0331399769648
ARG,Argentina,false,2004,1.01407652046238
ARG,Argentina,false,2005,1.02745772191722
ARG,Argentina,false,2006,1.02824760534561
ARG,Argentina,false,2007,0.991101935066697
ARG,Argentina,false,2008,1.01288878477428
ARG,Argentina,false,2009,1.05977470732485
ARG,Argentina,false,2010,1.05636332156278
ARG,Argentina,false,2011,1.06474009749784
ARG,Argentina,false,2012,1.0276613644946
ARG,Argentina,false,2013,0.992958989681133
ARG,Argentina,false,2014,1.0317435786984
ARG,Argentina,false,2015,1.04725888735726
ARG,Argentina,false,2016,0.968911125580978
ARG,Argentina,false,2017,0.881249595012674
ARG,Argentina,false,2018,0.822969480473088
ARG,Argentina,false,2019,0.710900853077743
ARG,Argentina,false,2020,0.484665636741261
ARG,Argentina,false,2021,0.265879395046274
ARG,Argentina,false,2022,0.210808731072658
ARG,Argentina,false,2023,0.286976121920089
ARG,Argentina,false,2024,0.345829819817895
ARG,Argentina,false,2025,0.339100654860035
ARM,Armenia,false,1960,
ARM,Armenia,false,1961,3.36490835768791
ARM,Armenia,false,1962,3.27674969627335
ARM,Armenia,false,1963,3.17905118250589
ARM,Armenia,false,1964,3.07062316009917
ARM,Armenia,false,1965,2.95111534719046
ARM,Armenia,false,1966,2.82307269569433
ARM,Armenia,false,1967,2.69395741026658
ARM,Armenia,false,1968,2.55968707686785
ARM,Armenia,false,1969,2.36733531661478
ARM,Armenia,false,1970,2.10646765279109
ARM,Armenia,false,1971,1.98815661611428
ARM,Armenia,false,1972,2.02788999445074
ARM,Armenia,false,1973,2.06542019341191
ARM,Armenia,false,1974,2.09079693073421
ARM,Armenia,false,1975,2.10740372379002
ARM,Armenia,false,1976,2.67931684460038
ARM,Armenia,false,1977,3.30381233405675
ARM,Armenia,false,1978,3.37481150705253
ARM,Armenia,false,1979,2.15705878644719
ARM,Armenia,false,1980,0.93484006482305
ARM,Armenia,false,1981,0.894930080198063
ARM,Armenia,false,1982,0.882597803339585
ARM,Armenia,false,1983,0.893677591237381
ARM,Armenia,false,1984,1.02892296667297
ARM,Armenia,false,1985,1.10672266713494
ARM,Armenia,false,1986,1.05000309488264
ARM,Armenia,false,1987,1.01680278677182
ARM,Armenia,false,1988,0.796126680053039
ARM,Armenia,false,1989,2.58832008188627
ARM,Armenia,false,1990,3.1174632144082
ARM,Armenia,false,1991,1.72619674936504
ARM,Armenia,false,1992,-1.17220795270319
ARM,Armenia,false,1993,-3.37471864205292
ARM,Armenia,false,1994,-2.60275046427601
ARM,Armenia,false,1995,-1.70949509169847
ARM,Armenia,false,1996,-0.87594292287609
ARM,Armenia,false,1997,-0.994517948945717
ARM,Armenia,false,1998,-1.1739815592385
ARM,Armenia,false,1999,-1.28976124297341
ARM,Armenia,false,2000,1.68478463633775
ARM,Armenia,false,2001,-0.289138848080883
ARM,Armenia,false,2002,-0.374321979277905
ARM,Armenia,false,2003,-0.542125640304999
ARM,Armenia,false,2004,-0.554559192905497
ARM,Armenia,false,2005,-0.586251738490671
ARM,Armenia,false,2006,-0.615288463799411
ARM,Armenia,false,2007,-0.631969382170487
ARM,Armenia,false,2008,-0.655422477046795
ARM,Armenia,false,2009,-0.685835845567342
ARM,Armenia,false,2010,-0.693856288987436
ARM,Armenia,false,2011,-0.556590762896162
ARM,Armenia,false,2012,-0.125578337719131
ARM,Armenia,false,2013,-0.0694662703047376
ARM,Armenia,false,2014,-0.271712284863074
ARM,Armenia,false,2015,-0.305729335573084
ARM,Armenia,false,2016,-0.410212518071397
ARM,Armenia,false,2017,-0.432038450211669
ARM,Armenia,false,2018,-0.349674218173286
ARM,Armenia,false,2019,-0.219168932037313
ARM,Armenia,false,2020,-0.0337609726366775
ARM,Armenia,false,2021,0.0270096898904032
ARM,Armenia,false,2022,0.2326562627468
ARM,Armenia,false,2023,-0.165163937436499
ARM,Armenia,false,2024,2.30761515133256
ARM,Armenia,false,2025,1.73854906675217
ASM,American Samoa,false,1960,
ASM,American Samoa,false,1961,2.61295779479513
ASM,American Samoa,false,1962,3.01233338010289
ASM,American Samoa,false,1963,3.08826317729621
ASM,American Samoa,false,1964,3.16789858783513
ASM,American Samoa,false,1965,3.18176105080689
ASM,American Samoa,false,1966,3.07121021041855
ASM,American Samoa,false,1967,2.96762527294609
ASM,American Samoa,false,1968,2.97583224176592
ASM,American Samoa,false,1969,2.92775147923506
ASM,American Samoa,false,1970,2.43827738196638
ASM,American Samoa,false,1971,1.85859196321134
ASM,American Samoa,false,1972,1.66406375528489
ASM,American Samoa,false,1973,1.56300252663801
ASM,American Samoa,false,1974,1.53202207747209
ASM,American Samoa,false,1975,1.76783115888683
ASM,American Samoa,false,1976,1.91752998240242
ASM,American Samoa,false,1977,1.85851910243699
ASM,American Samoa,false,1978,1.80208458089542
ASM,American Samoa,false,1979,1.70693441973258
ASM,American Samoa,false,1980,2.47458498189466
ASM,American Samoa,false,1981,3.57987519738303
ASM,American Samoa,false,1982,3.86949125410215
ASM,American Samoa,false,1983,3.82738482907523
ASM,American Samoa,false,1984,3.77658556525449
ASM,American Samoa,false,1985,3.74148108281199
ASM,American Samoa,false,1986,3.68543352791023
ASM,American Samoa,false,1987,3.63289106172249
ASM,American Samoa,false,1988,3.60186915981387
ASM,American Samoa,false,1989,3.54968240827236
ASM,American Samoa,false,1990,3.15605900743314
ASM,American Samoa,false,1991,2.62811088695503
ASM,American Samoa,false,1992,2.38558568502606
ASM,American Samoa,false,1993,2.26024521597422
ASM,American Samoa,false,1994,2.15371701014893
ASM,American Samoa,false,1995,2.05671216036268
ASM,American Samoa,false,1996,1.96279569672393
ASM,American Samoa,false,1997,1.87351717706436
ASM,American Samoa,false,1998,1.77221674438368
ASM,American Samoa,false,1999,1.63829370882346
ASM,American Samoa,false,2000,1.07336821798259
ASM,American Samoa,false,2001,0.347649330019057
ASM,American Samoa,false,2002,0.015773561790571
ASM,American Samoa,false,2003,-0.159602955841036
ASM,American Samoa,false,2004,-0.268918950346124
ASM,American Samoa,false,2005,-0.354388346392294
ASM,American Samoa,false,2006,-0.43012341626739
ASM,American Samoa,false,2007,-0.464054456743541
ASM,American Samoa,false,2008,-0.509197909248079
ASM,American Samoa,false,2009,-0.538813760911533
ASM,American Samoa,false,2010,-0.541732698337665
ASM,American Samoa,false,2011,-0.604780136721016
ASM,American Samoa,false,2012,-0.742342325127959
ASM,American Samoa,false,2013,-0.890369493241287
ASM,American Samoa,false,2014,-1.00492136443654
ASM,American Samoa,false,2015,-1.10585645130594
ASM,American Samoa,false,2016,-1.20431808595042
ASM,American Samoa,false,2017,-1.26938746413556
ASM,American Samoa,false,2018,-1.32302357149178
ASM,American Samoa,false,2019,-1.38257886328442
ASM,American Samoa,false,2020,-0.896274880494128
ASM,American Samoa,false,2021,-1.0829920166826
ASM,American Samoa,false,2022,-1.81008765020754
ASM,American Samoa,false,2023,-1.71290294190977
ASM,American Samoa,false,2024,-1.60366587175019
ASM,American Samoa,false,2025,-1.5863427255336
ATG,Antigua and Barbuda,false,1960,
ATG,Antigua and Barbuda,false,1961,1.67111956299929
ATG,Antigua and Barbuda,false,1962,1.39803464261739
ATG,Antigua and Barbuda,false,1963,1.38907961226255
ATG,Antigua and Barbuda,false,1964,1.50568747005497
ATG,Antigua and Barbuda,false,1965,1.5968067665625
ATG,Antigua and Barbuda,false,1966,1.53887375354329
ATG,Antigua and Barbuda,false,1967,1.5268716096776
ATG,Antigua and Barbuda,false,1968,1.55964844952384
ATG,Antigua and Barbuda,false,1969,1.59525763502134
ATG,Antigua and Barbuda,false,1970,1.10482864729335
ATG,Antigua and Barbuda,false,1971,0.311008551980252
ATG,Antigua and Barbuda,false,1972,-0.176274167366029
ATG,Antigua and Barbuda,false,1973,-0.423397578772618
ATG,Antigua and Barbuda,false,1974,-0.442368322635836
ATG,Antigua and Barbuda,false,1975,-0.342463410460183
ATG,Antigua and Barbuda,false,1976,-0.120688723985499
ATG,Antigua and Barbuda,false,1977,0.156710368684746
ATG,Antigua and Barbuda,false,1978,0.275215185442218
ATG,Antigua and Barbuda,false,1979,0.367853772246065
ATG,Antigua and Barbuda,false,1980,0.371155899842966
ATG,Antigua and Barbuda,false,1981,0.235334298643463
ATG,Antigua and Barbuda,false,1982,0.185399821356646
ATG,Antigua and Barbuda,false,1983,0.229727434729787
ATG,Antigua and Barbuda,false,1984,-0.0801133955462988
ATG,Antigua and Barbuda,false,1985,-0.449515327527935
ATG,Antigua and Barbuda,false,1986,-0.488877101782305
ATG,Antigua and Barbuda,false,1987,-0.514733397721861
ATG,Antigua and Barbuda,false,1988,-0.506393701034133
ATG,Antigua and Barbuda,false,1989,-0.469484430420773
ATG,Antigua and Barbuda,false,1990,-0.409839881846658
ATG,Antigua and Barbuda,false,1991,0.507699603022036
ATG,Antigua and Barbuda,false,1992,1.59169498831994
ATG,Antigua and Barbuda,false,1993,1.820176259723
ATG,Antigua and Barbuda,false,1994,1.89690804434566
ATG,Antigua and Barbuda,false,1995,1.99366754947741
ATG,Antigua and Barbuda,false,1996,2.06537047537748
ATG,Antigua and Barbuda,false,1997,2.04891111658493
ATG,Antigua and Barbuda,false,1998,1.89459540759207
ATG,Antigua and Barbuda,false,1999,1.71693315212405
ATG,Antigua and Barbuda,false,2000,1.67727282735622
ATG,Antigua and Barbuda,false,2001,1.53267318275276
ATG,Antigua and Barbuda,false,2002,1.25800968019549
ATG,Antigua and Barbuda,false,2003,1.09996203153919
ATG,Antigua and Barbuda,false,2004,1.06640091579038
ATG,Antigua and Barbuda,false,2005,1.12677248463423
ATG,Antigua and Barbuda,false,2006,1.23960018151071
ATG,Antigua and Barbuda,false,2007,1.35546842030699
ATG,Antigua and Barbuda,false,2008,1.46768441039016
ATG,Antigua and Barbuda,false,2009,1.50944003614049
ATG,Antigua and Barbuda,false,2010,1.35346888620455
ATG,Antigua and Barbuda,false,2011,1.17914352935743
ATG,Antigua and Barbuda,false,2012,1.06918387987395
ATG,Antigua and Barbuda,false,2013,0.917165517536032
ATG,Antigua and Barbuda,false,2014,0.792860528793727
ATG,Antigua and Barbuda,false,2015,0.722892009464778
ATG,Antigua and Barbuda,false,2016,0.624381829779871
ATG,Antigua and Barbuda,false,2017,0.553103046635761
ATG,Antigua and Barbuda,false,2018,0.504979187034594
ATG,Antigua and Barbuda,false,2019,0.480553889847623
ATG,Antigua and Barbuda,false,2020,0.526173366134419
ATG,Antigua and Barbuda,false,2021,0.546161676855974
ATG,Antigua and Barbuda,false,2022,0.530270318994476
ATG,Antigua and Barbuda,false,2023,0.511400156215609
ATG,Antigua and Barbuda,false,2024,0.487472101887911
ATG,Antigua and Barbuda,false,2025,0.464941443253073
AUS,Australia,false,1960,
AUS,Australia,false,1961,1.9897400460104
AUS,Australia,false,1962,2.4406394012832
AUS,Australia,false,1963,1.91781647792421
AUS,Australia,false,1964,1.96235442011452
AUS,Australia,false,1965,1.95971689521361
AUS,Australia,false,1966,2.2831843822013
AUS,Australia,false,1967,1.26227688799781
AUS,Australia,false,1968,1.76415865607642
AUS,Australia,false,1969,2.09302301013426
AUS,Australia,false,1970,1.97018887868806
AUS,Australia,false,1971,3.38029353689954
AUS,Australia,false,1972,1.83814626273502
AUS,Australia,false,1973,1.52881691369673
AUS,Australia,false,1974,2.53122025874137
AUS,Australia,false,1975,1.23118588792285
AUS,Australia,false,1976,1.0026582602274
AUS,Australia,false,1977,1.1266726798225
AUS,Australia,false,1978,1.16288525870675
AUS,Australia,false,1979,1.08064227016539
AUS,Australia,false,1980,1.21894271014757
AUS,Australia,false,1981,1.56179416103558
AUS,Australia,false,1982,1.73374392907748
AUS,Australia,false,1983,1.36850145877848
AUS,Australia,false,1984,1.20054276571915
AUS,Australia,false,1985,1.33209683462492
AUS,Australia,false,1986,1.44650206312761
AUS,Australia,false,1987,1.52113890433154
AUS,Australia,false,1988,1.63614876307642
AUS,Australia,false,1989,1.69287969389346
AUS,Australia,false,1990,1.48004693689661
AUS,Australia,false,1991,1.2746217855676
AUS,Australia,false,1992,1.11959770147047
AUS,Australia,false,1993,0.889539825558206
AUS,Australia,false,1994,0.963092494678111
AUS,Australia,false,1995,1.11373422085118
AUS,Australia,false,1996,1.21385498322201
AUS,Australia,false,1997,1.0820399195962
AUS,Australia,false,1998,0.996734717801419
AUS,Australia,false,1999,1.09397580294231
AUS,Australia,false,2000,1.14447285147721
AUS,Australia,false,2001,1.28396809127349
AUS,Australia,false,2002,1.1375387361946
AUS,Australia,false,2003,1.15019273319182
AUS,Australia,false,2004,1.06919812205752
AUS,Australia,false,2005,1.21729073052406
AUS,Australia,false,2006,1.34945083098893
AUS,Australia,false,2007,1.82499679529254
AUS,Australia,false,2008,2.00391140524272
AUS,Australia,false,2009,2.06083316277243
AUS,Australia,false,2010,1.55570626204128
AUS,Australia,false,2011,1.38952731561803
AUS,Australia,false,2012,1.74582000067359
AUS,Australia,false,2013,1.721151439989
AUS,Australia,false,2014,1.49156648912847
AUS,Australia,false,2015,1.43921665259925
AUS,Australia,false,2016,1.56194049810399
AUS,Australia,false,2017,1.64682779735017
AUS,Australia,false,2018,1.49599671041328
AUS,Australia,false,2019,1.47749071058438
AUS,Australia,false,2020,1.23342825131378
AUS,Australia,false,2021,0.14089508329287
AUS,Australia,false,2022,1.28931130985537
AUS,Australia,false,2023,2.43450716351535
AUS,Australia,false,2024,1.98454886891555
AUS,Australia,false,2025,1.53308964338105
AUT,Austria,false,1960,
AUT,Austria,false,1961,0.548472356417754
AUT,Austria,false,1962,0.612895847822874
AUT,Austria,false,1963,0.642362670652079
AUT,Austria,false,1964,0.666548205291217
AUT,Austria,false,1965,0.649729875576735
AUT,Austria,false,1966,0.701396116235274
AUT,Austria,false,1967,0.747425220117069
AUT,Austria,false,1968,0.519254261579197
AUT,Austria,false,1969,0.345331646244521
AUT,Austria,false,1970,0.349218946276921
AUT,Austria,false,1971,0.446245581370136
AUT,Austria,false,1972,0.581190352265189
AUT,Austria,false,1973,0.554041398958361
AUT,Austria,false,1974,0.170205767697282
AUT,Austria,false,1975,-0.265319410736808
AUT,Austria,false,1976,-0.176672284747108
AUT,Austria,false,1977,0.0383904939016918
AUT,Austria,false,1978,-0.080961041675265
AUT,Austria,false,1979,-0.170463648025429
AUT,Austria,false,1980,0.000105968279182431
AUT,Austria,false,1981,0.255018231368981
AUT,Austria,false,1982,0.0717170180347239
AUT,Austria,false,1983,-0.161600981253917
AUT,Austria,false,1984,-0.00629490409206624
AUT,Austria,false,1985,0.0469509679089439
AUT,Austria,false,1986,0.0635489974692431
AUT,Austria,false,1987,0.0632842039083754
AUT,Austria,false,1988,0.141570850318539
AUT,Austria,false,1989,0.450513899730364
AUT,Austria,false,1990,0.762001611316115
AUT,Austria,false,1991,0.998418103144403
AUT,Austria,false,1992,1.10055228652823
AUT,Austria,false,1993,0.824627940995206
AUT,Austria,false,1994,0.384869546678302
AUT,Austria,false,1995,0.153106260702748
AUT,Austria,false,1996,0.135019833748789
AUT,Austria,false,1997,0.113316608322994
AUT,Austria,false,1998,0.109728368100981
AUT,Austria,false,1999,0.194563153264961
AUT,Austria,false,2000,0.240466652446524
AUT,Austria,false,2001,0.382799394483217
AUT,Austria,false,2002,0.49198046425522
AUT,Austria,false,2003,0.487133894826838
AUT,Austria,false,2004,0.620413127334181
AUT,Austria,false,2005,0.681267248299787
AUT,Austria,false,2006,0.494797775098466
AUT,Austria,false,2007,0.324146535285463
AUT,Austria,false,2008,0.313041437661508
AUT,Austria,false,2009,0.261953189906348
AUT,Austria,false,2010,0.240394299500766
AUT,Austria,false,2011,0.337080841831645
AUT,Austria,false,2012,0.45593747231891
AUT,Austria,false,2013,0.589387254692989
AUT,Austria,false,2014,0.781541632525841
AUT,Austria,false,2015,1.12099250236958
AUT,Austria,false,2016,1.08139629872802
AUT,Austria,false,2017,0.694621103604983
AUT,Austria,false,2018,0.487071924768999
AUT,Austria,false,2019,0.444673639004876
AUT,Austria,false,2020,0.415176731565556
AUT,Austria,false,2021,0.435671684056384
AUT,Austria,false,2022,0.956287797076634
AUT,Austria,false,2023,0.989464653969154
AUT,Austria,false,2024,0.504879813795986
AUT,Austria,false,2025,0.328301850203979
AZE,Azerbaijan,false,1960,
AZE,Azerbaijan,false,1961,3.81016460369916
AZE,Azerbaijan,false,1962,2.98053448723233
AZE,Azerbaijan,false,1963,2.96416042860687
AZE,Azerbaijan,false,1964,3.33715466835575
AZE,Azerbaijan,false,1965,3.00447498119537
AZE,Azerbaijan,false,1966,2.87648564844311
AZE,Azerbaijan,false,1967,2.59654110793219
AZE,Azerbaijan,false,1968,2.38240397220949
AZE,Azerbaijan,false,1969,2.29339442848205
AZE,Azerbaijan,false,1970,2.12506836635144
AZE,Azerbaijan,false,1971,2.12155255149328
AZE,Azerbaijan,false,1972,2.03297116221139
AZE,Azerbaijan,false,1973,1.88240203928851
AZE,Azerbaijan,false,1974,1.8074085083145
AZE,Azerbaijan,false,1975,1.68308037047098
AZE,Azerbaijan,false,1976,1.6033403479609
AZE,Azerbaijan,false,1977,1.63251074552443
AZE,Azerbaijan,false,1978,1.68747623615293
AZE,Azerbaijan,false,1979,1.57962022631322
AZE,Azerbaijan,false,1980,1.45851929023408
AZE,Azerbaijan,false,1981,1.5662752500675
AZE,Azerbaijan,false,1982,1.58223874266506
AZE,Azerbaijan,false,1983,1.59552745530139
AZE,Azerbaijan,false,1984,1.65881763239744
AZE,Azerbaijan,false,1985,1.54558145433863
AZE,Azerbaijan,false,1986,1.49030506583321
AZE,Azerbaijan,false,1987,1.53971522591019
AZE,Azerbaijan,false,1988,1.43324270450177
AZE,Azerbaijan,false,1989,1.45115224138506
AZE,Azerbaijan,false,1990,1.38441350150675
AZE,Azerbaijan,false,1991,1.33044567943037
AZE,Azerbaijan,false,1992,1.51162852010951
AZE,Azerbaijan,false,1993,1.51580689251655
AZE,Azerbaijan,false,1994,1.34847501163452
AZE,Azerbaijan,false,1995,1.15566613988888
AZE,Azerbaijan,false,1996,1.01179991660887
AZE,Azerbaijan,false,1997,0.964673773704232
AZE,Azerbaijan,false,1998,0.949138146647058
AZE,Azerbaijan,false,1999,0.877598699856844
AZE,Azerbaijan,false,2000,0.821519963674211
AZE,Azerbaijan,false,2001,0.774765939386613
AZE,Azerbaijan,false,2002,0.746173582716985
AZE,Azerbaijan,false,2003,0.757650955616913
AZE,Azerbaijan,false,2004,0.875427280482454
AZE,Azerbaijan,false,2005,1.02226559239828
AZE,Azerbaijan,false,2006,1.09858657441812
AZE,Azerbaijan,false,2007,1.13385546615645
AZE,Azerbaijan,false,2008,2.09985403259251
AZE,Azerbaijan,false,2009,2.07614826384645
AZE,Azerbaijan,false,2010,1.18978770786007
AZE,Azerbaijan,false,2011,1.30300085487651
AZE,Azerbaijan,false,2012,1.32876382733755
AZE,Azerbaijan,false,2013,1.29344702700591
AZE,Azerbaijan,false,2014,1.24820899735588
AZE,Azerbaijan,false,2015,1.19120985807018
AZE,Azerbaijan,false,2016,1.11785721013911
AZE,Azerbaijan,false,2017,0.98126180450475
AZE,Azerbaijan,false,2018,0.866316916370841
AZE,Azerbaijan,false,2019,0.846646726414021
AZE,Azerbaijan,false,2020,0.684365325388407
AZE,Azerbaijan,false,2021,0.441197735816311
AZE,Azerbaijan,false,2022,0.039507866238038
AZE,Azerbaijan,false,2023,0.120242150339289
AZE,Azerbaijan,false,2024,0.480155257252915
AZE,Azerbaijan,false,2025,0.431945667113889
BDI,Burundi,false,1960,
BDI,Burundi,false,1961,2.53116670769937
BDI,Burundi,false,1962,2.53620467713375
BDI,Burundi,false,1963,2.10624576492485
BDI,Burundi,false,1964,2.84839199215345
BDI,Burundi,false,1965,2.76657195516392
BDI,Burundi,false,1966,2.40895629109634
BDI,Burundi,false,1967,2.53839191129261
BDI,Burundi,false,1968,2.38586624569937
BDI,Burundi,false,1969,2.17135815996594
BDI,Burundi,false,1970,2.17164614791111
BDI,Burundi,false,1971,2.4304607187259
BDI,Burundi,false,1972,-0.00445094608250469
BDI,Burundi,false,1973,-0.14211969299836
BDI,Burundi,false,1974,2.50434756552252
BDI,Burundi,false,1975,2.48064705795536
BDI,Burundi,false,1976,2.24026387382085
BDI,Burundi,false,1977,2.56696857089126
BDI,Burundi,false,1978,2.88879947975602
BDI,Burundi,false,1979,2.48552391407223
BDI,Burundi,false,1980,4.19698368756945
BDI,Burundi,false,1981,4.07461288907864
BDI,Burundi,false,1982,2.49544601343113
BDI,Burundi,false,1983,2.67959337969211
BDI,Burundi,false,1984,2.42306841447801
BDI,Burundi,false,1985,2.16015476241538
BDI,Burundi,false,1986,1.87681826943276
BDI,Burundi,false,1987,2.28150412894344
BDI,Burundi,false,1988,2.21508609031534
BDI,Burundi,false,1989,1.96331259756422
BDI,Burundi,false,1990,2.0861326947595
BDI,Burundi,false,1991,2.06908349172423
BDI,Burundi,false,1992,2.67351109579947
BDI,Burundi,false,1993,-3.14824552751545
BDI,Burundi,false,1994,0.649848385023095
BDI,Burundi,false,1995,5.98577493416484
BDI,Burundi,false,1996,0.0690460841637087
BDI,Burundi,false,1997,-0.00764380652711988
BDI,Burundi,false,1998,1.91022480299428
BDI,Burundi,false,1999,2.39621572131493
BDI,Burundi,false,2000,2.07761630416467
BDI,Burundi,false,2001,2.50568660000274
BDI,Burundi,false,2002,2.82021948884885
BDI,Burundi,false,2003,3.15909277106132
BDI,Burundi,false,2004,3.72769286109058
BDI,Burundi,false,2005,3.71426552783148
BDI,Burundi,false,2006,3.6016417629351
BDI,Burundi,false,2007,3.69817167466282
BDI,Burundi,false,2008,4.12553206908571
BDI,Burundi,false,2009,5.06613607694958
BDI,Burundi,false,2010,4.68101057302388
BDI,Burundi,false,2011,3.57769854786004
BDI,Burundi,false,2012,3.56852147814432
BDI,Burundi,false,2013,3.59186709345175
BDI,Burundi,false,2014,3.39447686677984
BDI,Burundi,false,2015,2.26851729292704
BDI,Burundi,false,2016,1.72186004024144
BDI,Burundi,false,2017,2.35048627086438
BDI,Burundi,false,2018,3.01898182778662
BDI,Burundi,false,2019,3.28367531420808
BDI,Burundi,false,2020,2.9086530249822
BDI,Burundi,false,2021,2.72425539520386
BDI,Burundi,false,2022,2.70585008916716
BDI,Burundi,false,2023,2.72764441044431
BDI,Burundi,false,2024,2.5839340108674
BDI,Burundi,false,2025,2.40689260858279
BEL,Belgium,false,1960,
BEL,Belgium,false,1961,0.332205945818093
BEL,Belgium,false,1962,0.398054786807546
BEL,Belgium,false,1963,0.747606930682632
BEL,Belgium,false,1964,0.94647753571233
BEL,Belgium,false,1965,0.908137001686598
BEL,Belgium,false,1966,0.675463567135343
BEL,Belgium,false,1967,0.556645554862671
BEL,Belgium,false,1968,0.393391107738732
BEL,Belgium,false,1969,0.283169669202288
BEL,Belgium,false,1970,0.0986136915027669
BEL,Belgium,false,1971,0.182247071467749
BEL,Belgium,false,1972,0.391585907459382
BEL,Belgium,false,1973,0.314658765693604
BEL,Belgium,false,1974,0.314633664597999
BEL,Belgium,false,1975,0.288978161128393
BEL,Belgium,false,1976,0.178674447005659
BEL,Belgium,false,1977,0.123479645392964
BEL,Belgium,false,1978,0.0932999598130252
BEL,Belgium,false,1979,0.0898825512632337
BEL,Belgium,false,1980,0.110211165985901
BEL,Belgium,false,1981,-0.0026371543402261
BEL,Belgium,false,1982,-0.027176883483947
BEL,Belgium,false,1983,-0.00794447069062125
BEL,Belgium,false,1984,-0.00150170778678296
BEL,Belgium,false,1985,0.029786422643661
BEL,Belgium,false,1986,0.0356488507832359
BEL,Belgium,false,1987,0.0852521408125053
BEL,Belgium,false,1988,0.317926245358661
BEL,Belgium,false,1989,0.363247985870165
BEL,Belgium,false,1990,0.298235706313592
BEL,Belgium,false,1991,0.371593165668169
BEL,Belgium,false,1992,0.405713495856337
BEL,Belgium,false,1993,0.390638517826929
BEL,Belgium,false,1994,0.308197073686726
BEL,Belgium,false,1995,0.209436838020324
BEL,Belgium,false,1996,0.1953931762382
BEL,Belgium,false,1997,0.241991884983082
BEL,Belgium,false,1998,0.213527650670943
BEL,Belgium,false,1999,0.229189103029716
BEL,Belgium,false,2000,0.242517956221334
BEL,Belgium,false,2001,0.343951157623668
BEL,Belgium,false,2002,0.448268894821562
BEL,Belgium,false,2003,0.418641508069053
BEL,Belgium,false,2004,0.432788248129175
BEL,Belgium,false,2005,0.550055708089009
BEL,Belgium,false,2006,0.659558214980699
BEL,Belgium,false,2007,0.734330830765919
BEL,Belgium,false,2008,0.789976845480149
BEL,Belgium,false,2009,0.804599572619861
BEL,Belgium,false,2010,0.913639391631709
BEL,Belgium,false,2011,1.3010029017038
BEL,Belgium,false,2012,0.620163579337378
BEL,Belgium,false,2013,0.471340143966627
BEL,Belgium,false,2014,0.44392928847521
BEL,Belgium,false,2015,0.579446241677791
BEL,Belgium,false,2016,0.506300002451376
BEL,Belgium,false,2017,0.385228018372369
BEL,Belgium,false,2018,0.455184695275022
BEL,Belgium,false,2019,0.540461327098122
BEL,Belgium,false,2020,0.430996815099722
BEL,Belgium,false,2021,0.411601996532257
BEL,Belgium,false,2022,0.808165350001861
BEL,Belgium,false,2023,0.850263748167955
BEL,Belgium,false,2024,0.66555918543206
BEL,Belgium,false,2025,0.698907329339411
BEN,Benin,false,1960,
BEN,Benin,false,1961,1.65223597640713
BEN,Benin,false,1962,1.75980677292952
BEN,Benin,false,1963,1.83546323054076
BEN,Benin,false,1964,1.90768708165735
BEN,Benin,false,1965,1.97493062331323
BEN,Benin,false,1966,2.02370294974179
BEN,Benin,false,1967,2.06361324138353
BEN,Benin,false,1968,2.10985338214381
BEN,Benin,false,1969,2.15651766917497
BEN,Benin,false,1970,2.2046719973742
BEN,Benin,false,1971,2.24886828749227
BEN,Benin,false,1972,2.29503743434992
BEN,Benin,false,1973,2.34034849385799
BEN,Benin,false,1974,2.38155896131934
BEN,Benin,false,1975,2.43177416734328
BEN,Benin,false,1976,2.48777341182847
BEN,Benin,false,1977,2.54383914171627
BEN,Benin,false,1978,2.59097540280167
BEN,Benin,false,1979,2.65970887557255
BEN,Benin,false,1980,2.75652901926142
BEN,Benin,false,1981,2.83952465028822
BEN,Benin,false,1982,2.88709253402082
BEN,Benin,false,1983,2.90177259558927
BEN,Benin,false,1984,2.92292209235418
BEN,Benin,false,1985,2.95456137340361
BEN,Benin,false,1986,2.98299675866442
BEN,Benin,false,1987,3.01407725589672
BEN,Benin,false,1988,3.04249160427487
BEN,Benin,false,1989,3.0593332626888
BEN,Benin,false,1990,3.07281526239198
BEN,Benin,false,1991,3.0846342257467
BEN,Benin,false,1992,3.08954460200877
BEN,Benin,false,1993,4.43675552850148
BEN,Benin,false,1994,3.74003044963406
BEN,Benin,false,1995,2.11424008856257
BEN,Benin,false,1996,2.6166771873555
BEN,Benin,false,1997,2.95210198459104
BEN,Benin,false,1998,3.0829668212606
BEN,Benin,false,1999,3.09369584671073
BEN,Benin,false,2000,3.07665265205002
BEN,Benin,false,2001,3.05435506649292
BEN,Benin,false,2002,3.04010801597376
BEN,Benin,false,2003,3.04920259714654
BEN,Benin,false,2004,3.06173106096489
BEN,Benin,false,2005,3.22061199704122
BEN,Benin,false,2006,3.12066888297415
BEN,Benin,false,2007,2.95509554727715
BEN,Benin,false,2008,3.01959398464251
BEN,Benin,false,2009,2.99903642214246
BEN,Benin,false,2010,2.98424162798508
BEN,Benin,false,2011,2.97782202797765
BEN,Benin,false,2012,2.96766540040992
BEN,Benin,false,2013,2.94885160135819
BEN,Benin,false,2014,2.9550187594558
BEN,Benin,false,2015,2.95391627666724
BEN,Benin,false,2016,2.92460216679542
BEN,Benin,false,2017,2.88117869411855
BEN,Benin,false,2018,2.8136418840483
BEN,Benin,false,2019,2.73538842831436
BEN,Benin,false,2020,2.66259875153288
BEN,Benin,false,2021,2.59230167510348
BEN,Benin,false,2022,2.54740926342667
BEN,Benin,false,2023,2.52274772277722
BEN,Benin,false,2024,2.46175361912328
BEN,Benin,false,2025,2.40291500851022
BFA,Burkina Faso,false,1960,
BFA,Burkina Faso,false,1961,1.44604411628792
BFA,Burkina Faso,false,1962,1.46294092951544
BFA,Burkina Faso,false,1963,1.4919836804088
BFA,Burkina Faso,false,1964,1.53830431630421
BFA,Burkina Faso,false,1965,1.60019189327262
BFA,Burkina Faso,false,1966,1.63802943469703
BFA,Burkina Faso,false,1967,1.67388702374135
BFA,Burkina Faso,false,1968,1.71797745488774
BFA,Burkina Faso,false,1969,1.72954453752505
BFA,Burkina Faso,false,1970,1.74638619911466
BFA,Burkina Faso,false,1971,1.72636174071191
BFA,Burkina Faso,false,1972,1.72358573504286
BFA,Burkina Faso,false,1973,1.78674540301221
BFA,Burkina Faso,false,1974,1.89297098374055
BFA,Burkina Faso,false,1975,2.01551734802293
BFA,Burkina Faso,false,1976,2.1414370897999
BFA,Burkina Faso,false,1977,2.33065392660895
BFA,Burkina Faso,false,1978,2.49250252307762
BFA,Burkina Faso,false,1979,2.5897435791745
BFA,Burkina Faso,false,1980,2.68393653376526
BFA,Burkina Faso,false,1981,2.73112751689755
BFA,Burkina Faso,false,1982,2.76149506900293
BFA,Burkina Faso,false,1983,2.83314070020022
BFA,Burkina Faso,false,1984,2.88633812219102
BFA,Burkina Faso,false,1985,2.88729469195998
BFA,Burkina Faso,false,1986,2.8212491022274
BFA,Burkina Faso,false,1987,2.73614817791528
BFA,Burkina Faso,false,1988,2.68703394002769
BFA,Burkina Faso,false,1989,2.65499355256176
BFA,Burkina Faso,false,1990,2.6348206163474
BFA,Burkina Faso,false,1991,2.53625917894951
BFA,Burkina Faso,false,1992,2.46694750828756
BFA,Burkina Faso,false,1993,2.48654572072589
BFA,Burkina Faso,false,1994,2.52154952786592
BFA,Burkina Faso,false,1995,2.56393697670826
BFA,Burkina Faso,false,1996,2.55894111772828
BFA,Burkina Faso,false,1997,2.57799245224128
BFA,Burkina Faso,false,1998,2.76403220911076
BFA,Burkina Faso,false,1999,2.9303462196778
BFA,Burkina Faso,false,2000,2.98414422391968
BFA,Burkina Faso,false,2001,3.05099351122556
BFA,Burkina Faso,false,2002,3.09039308299234
BFA,Burkina Faso,false,2003,3.11812174449527
BFA,Burkina Faso,false,2004,3.14512608695879
BFA,Burkina Faso,false,2005,3.14680149143287
BFA,Burkina Faso,false,2006,3.12034537509581
BFA,Burkina Faso,false,2007,3.03277637197036
BFA,Burkina Faso,false,2008,2.93816522811728
BFA,Burkina Faso,false,2009,2.91916025918168
BFA,Burkina Faso,false,2010,2.92577947499021
BFA,Burkina Faso,false,2011,2.95657078370668
BFA,Burkina Faso,false,2012,3.0171707485343
BFA,Burkina Faso,false,2013,3.00083639274971
BFA,Burkina Faso,false,2014,2.9733794200807
BFA,Burkina Faso,false,2015,2.96196306547686
BFA,Burkina Faso,false,2016,2.92508251378454
BFA,Burkina Faso,false,2017,2.85291595529266
BFA,Burkina Faso,false,2018,2.69713675384815
BFA,Burkina Faso,false,2019,2.52989803984158
BFA,Burkina Faso,false,2020,2.43522959287393
BFA,Burkina Faso,false,2021,2.37649218888363
BFA,Burkina Faso,false,2022,2.30907147387783
BFA,Burkina Faso,false,2023,2.26973666268599
BFA,Burkina Faso,false,2024,2.24597728439097
BFA,Burkina Faso,false,2025,2.20824551344995
BGD,Bangladesh,false,1960,
BGD,Bangladesh,false,1961,2.8187180554552
BGD,Bangladesh,false,1962,2.90394064545035
BGD,Bangladesh,false,1963,2.91486814980727
BGD,Bangladesh,false,1964,2.91951583062664
BGD,Bangladesh,false,1965,2.92048527314111
BGD,Bangladesh,false,1966,2.90758855629955
BGD,Bangladesh,false,1967,2.94175581030493
BGD,Bangladesh,false,1968,2.94367934740019
BGD,Bangladesh,false,1969,2.84242612307535
BGD,Bangladesh,false,1970,2.5886620743881
BGD,Bangladesh,false,1971,1.74814557140031
BGD,Bangladesh,false,1972,1.92336477179015
BGD,Bangladesh,false,1973,2.86304698541463
BGD,Bangladesh,false,1974,2.83120108031118
BGD,Bangladesh,false,1975,2.62225253859974
BGD,Bangladesh,false,1976,2.53766860687182
BGD,Bangladesh,false,1977,2.48827316770837
BGD,Bangladesh,false,1978,2.44031003262387
BGD,Bangladesh,false,1979,2.40897300494193
BGD,Bangladesh,false,1980,2.39314899487113
BGD,Bangladesh,false,1981,2.56483208942694
BGD,Bangladesh,false,1982,2.74311077918066
BGD,Bangladesh,false,1983,2.67956773551459
BGD,Bangladesh,false,1984,2.5678961557477
BGD,Bangladesh,false,1985,2.4627628154011
BGD,Bangladesh,false,1986,2.34793582288977
BGD,Bangladesh,false,1987,2.23879919175218
BGD,Bangladesh,false,1988,2.12729956278453
BGD,Bangladesh,false,1989,2.04742252381831
BGD,Bangladesh,false,1990,1.9903336888239
BGD,Bangladesh,false,1991,1.91061096227259
BGD,Bangladesh,false,1992,1.8848730627462
BGD,Bangladesh,false,1993,1.86277225280699
BGD,Bangladesh,false,1994,1.85417955110796
BGD,Bangladesh,false,1995,1.85825551797916
BGD,Bangladesh,false,1996,1.82805195849607
BGD,Bangladesh,false,1997,1.85349089461291
BGD,Bangladesh,false,1998,1.88796139153147
BGD,Bangladesh,false,1999,1.89951780093278
BGD,Bangladesh,false,2000,1.82732806740512
BGD,Bangladesh,false,2001,1.66689324749509
BGD,Bangladesh,false,2002,1.54340635736975
BGD,Bangladesh,false,2003,1.45530530506763
BGD,Bangladesh,false,2004,1.36154790691024
BGD,Bangladesh,false,2005,1.2606651625389
BGD,Bangladesh,false,2006,1.16116775095831
BGD,Bangladesh,false,2007,1.07564253185597
BGD,Bangladesh,false,2008,0.9984405660693
BGD,Bangladesh,false,2009,0.931892491457971
BGD,Bangladesh,false,2010,0.876530534249878
BGD,Bangladesh,false,2011,0.908525895582217
BGD,Bangladesh,false,2012,0.958355912717609
BGD,Bangladesh,false,2013,0.938408350120779
BGD,Bangladesh,false,2014,0.911167733810249
BGD,Bangladesh,false,2015,0.89381937776758
BGD,Bangladesh,false,2016,0.892432416039535
BGD,Bangladesh,false,2017,0.850917315689336
BGD,Bangladesh,false,2018,0.820955197842845
BGD,Bangladesh,false,2019,0.84641125179804
BGD,Bangladesh,false,2020,0.836310836229073
BGD,Bangladesh,false,2021,0.814977993693211
BGD,Bangladesh,false,2022,1.02423384746683
BGD,Bangladesh,false,2023,1.22171475464107
BGD,Bangladesh,false,2024,1.21462115417186
BGD,Bangladesh,false,2025,1.21664463269168
BGR,Bulgaria,false,1960,
BGR,Bulgaria,false,1961,0.958155881300658
BGR,Bulgaria,false,1962,0.875259033561633
BGR,Bulgaria,false,1963,0.810378324356217
BGR,Bulgaria,false,1964,0.816094049550123
BGR,Bulgaria,false,1965,0.731911035292208
BGR,Bulgaria,false,1966,0.6547012021586
BGR,Bulgaria,false,1967,0.629747480901394
BGR,Bulgaria,false,1968,0.711964742744789
BGR,Bulgaria,false,1969,0.76850966869777
BGR,Bulgaria,false,1970,0.654727362472727
BGR,Bulgaria,false,1971,0.54999651445838
BGR,Bulgaria,false,1972,0.465213742153797
BGR,Bulgaria,false,1973,0.52063344062239
BGR,Bulgaria,false,1974,0.667967360708252
BGR,Bulgaria,false,1975,0.482739307856323
BGR,Bulgaria,false,1976,0.433163460713304
BGR,Bulgaria,false,1977,0.519098880350645
BGR,Bulgaria,false,1978,0.111804754635587
BGR,Bulgaria,false,1979,0.135011572680936
BGR,Bulgaria,false,1980,0.40248874474625
BGR,Bulgaria,false,1981,0.333268825188891
BGR,Bulgaria,false,1982,0.295812783296283
BGR,Bulgaria,false,1983,0.249546600825385
BGR,Bulgaria,false,1984,0.233972309730169
BGR,Bulgaria,false,1985,-0.0014731135024134
BGR,Bulgaria,false,1986,-0.0265197545262494
BGR,Bulgaria,false,1987,0.147109292640267
BGR,Bulgaria,false,1988,0.112372423824029
BGR,Bulgaria,false,1989,-1.17003859875014
BGR,Bulgaria,false,1990,-1.80375047906806
BGR,Bulgaria,false,1991,-0.990425980099359
BGR,Bulgaria,false,1992,-1.07385319076042
BGR,Bulgaria,false,1993,-0.797665851516421
BGR,Bulgaria,false,1994,-0.339586079485037
BGR,Bulgaria,false,1995,-0.44539850047226
BGR,Bulgaria,false,1996,-0.515729879636827
BGR,Bulgaria,false,1997,-0.608797354537911
BGR,Bulgaria,false,1998,-0.66730270106626
BGR,Bulgaria,false,1999,-0.560648224779443
BGR,Bulgaria,false,2000,-0.493896416633318
BGR,Bulgaria,false,2001,-1.99063220438276
BGR,Bulgaria,false,2002,-2.17069878030004
BGR,Bulgaria,false,2003,-0.79211363763553
BGR,Bulgaria,false,2004,-0.754796951273604
BGR,Bulgaria,false,2005,-0.752977445493645
BGR,Bulgaria,false,2006,-0.759505915531059
BGR,Bulgaria,false,2007,-0.735282283991309
BGR,Bulgaria,false,2008,-0.70192274454598
BGR,Bulgaria,false,2009,-0.644281362547054
BGR,Bulgaria,false,2010,-0.658275446635908
BGR,Bulgaria,false,2011,-0.641228920515067
BGR,Bulgaria,false,2012,-0.579220596364389
BGR,Bulgaria,false,2013,-2.01699190933907
BGR,Bulgaria,false,2014,-1.21450935947823
BGR,Bulgaria,false,2015,-1.2711551188344
BGR,Bulgaria,false,2016,-1.29824041616821
BGR,Bulgaria,false,2017,-1.32391481752631
BGR,Bulgaria,false,2018,-1.3714611289258
BGR,Bulgaria,false,2019,-1.41171852077109
BGR,Bulgaria,false,2020,-1.00293821352921
BGR,Bulgaria,false,2021,-0.664652622488209
BGR,Bulgaria,false,2022,-0.650676134087796
BGR,Bulgaria,false,2023,-0.286577641861364
BGR,Bulgaria,false,2024,-0.0803071609561488
BGR,Bulgaria,false,2025,-0.126123118551665
BHR,Bahrain,false,1960,
BHR,Bahrain,false,1961,4.06718717565394
BHR,Bahrain,false,1962,3.9829544166382
BHR,Bahrain,false,1963,3.91029727270344
BHR,Bahrain,false,1964,3.84726543885663
BHR,Bahrain,false,1965,3.57287636830155
BHR,Bahrain,false,1966,3.27005280460978
BHR,Bahrain,false,1967,3.15202557026399
BHR,Bahrain,false,1968,2.37505570225929
BHR,Bahrain,false,1969,1.41784062141488
BHR,Bahrain,false,1970,1.04633867484704
BHR,Bahrain,false,1971,2.6010045057598
BHR,Bahrain,false,1972,4.81433614589664
BHR,Bahrain,false,1973,5.31131010659703
BHR,Bahrain,false,1974,5.23349731776921
BHR,Bahrain,false,1975,5.14525528862653
BHR,Bahrain,false,1976,5.03284628010205
BHR,Bahrain,false,1977,4.90038861269315
BHR,Bahrain,false,1978,4.751630707356
BHR,Bahrain,false,1979,4.59080794226543
BHR,Bahrain,false,1980,4.41991833974734
BHR,Bahrain,false,1981,3.97211542631363
BHR,Bahrain,false,1982,3.53985048797655
BHR,Bahrain,false,1983,3.48497225016547
BHR,Bahrain,false,1984,3.54190488152731
BHR,Bahrain,false,1985,3.59678847095751
BHR,Bahrain,false,1986,3.63425816660654
BHR,Bahrain,false,1987,3.6451667475628
BHR,Bahrain,false,1988,3.6226506709969
BHR,Bahrain,false,1989,3.56095811355396
BHR,Bahrain,false,1990,3.45248907691035
BHR,Bahrain,false,1991,-2.30791037210701
BHR,Bahrain,false,1992,2.63004242215019
BHR,Bahrain,false,1993,2.6307476061814
BHR,Bahrain,false,1994,2.63203699876798
BHR,Bahrain,false,1995,2.63111770149598
BHR,Bahrain,false,1996,2.63339695459039
BHR,Bahrain,false,1997,2.63544494635445
BHR,Bahrain,false,1998,2.63458561251159
BHR,Bahrain,false,1999,2.6346101512442
BHR,Bahrain,false,2000,2.63695278007044
BHR,Bahrain,false,2001,3.65488929440491
BHR,Bahrain,false,2002,7.18117509546341
BHR,Bahrain,false,2003,7.32007217674901
BHR,Bahrain,false,2004,7.46118982341814
BHR,Bahrain,false,2005,7.60408303822153
BHR,Bahrain,false,2006,7.74778631282051
BHR,Bahrain,false,2007,7.89230240298341
BHR,Bahrain,false,2008,5.99407232077657
BHR,Bahrain,false,2009,6.56869933315068
BHR,Bahrain,false,2010,4.16585991920366
BHR,Bahrain,false,2011,-2.76659927564461
BHR,Bahrain,false,2012,1.1600872869288
BHR,Bahrain,false,2013,3.59293039406627
BHR,Bahrain,false,2014,4.78104318433597
BHR,Bahrain,false,2015,4.15422184212278
BHR,Bahrain,false,2016,3.82316300255316
BHR,Bahrain,false,2017,5.29314527321994
BHR,Bahrain,false,2018,0.131482303617889
BHR,Bahrain,false,2019,-1.29469437720599
BHR,Bahrain,false,2020,-0.781611308056263
BHR,Bahrain,false,2021,2.16102845934147
BHR,Bahrain,false,2022,1.34221960637543
BHR,Bahrain,false,2023,3.37686417721007
BHR,Bahrain,false,2024,0.733546811160036
BHR,Bahrain,false,2025,0.733516488465226
BHS,"Bahamas, The",false,1960,
BHS,"Bahamas, The",false,1961,4.93152739869518
BHS,"Bahamas, The",false,1962,5.02399316253286
BHS,"Bahamas, The",false,1963,5.00445871744217
BHS,"Bahamas, The",false,1964,4.65785620485884
BHS,"Bahamas, The",false,1965,4.43903194689701
BHS,"Bahamas, The",false,1966,4.57239862731623
BHS,"Bahamas, The",false,1967,4.66312435664248
BHS,"Bahamas, The",false,1968,4.70787027934457
BHS,"Bahamas, The",false,1969,4.53549735534489
BHS,"Bahamas, The",false,1970,3.85817200255742
BHS,"Bahamas, The",false,1971,3.12659334906651
BHS,"Bahamas, The",false,1972,2.68707755731595
BHS,"Bahamas, The",false,1973,2.38693339848012
BHS,"Bahamas, The",false,1974,2.24123156709298
BHS,"Bahamas, The",false,1975,2.18876444074315
BHS,"Bahamas, The",false,1976,2.17498741875411
BHS,"Bahamas, The",false,1977,2.14739675853464
BHS,"Bahamas, The",false,1978,2.07901500105129
BHS,"Bahamas, The",false,1979,1.977537445806
BHS,"Bahamas, The",false,1980,1.86481543163344
BHS,"Bahamas, The",false,1981,1.74280746592293
BHS,"Bahamas, The",false,1982,1.67638683200549
BHS,"Bahamas, The",false,1983,1.68308074304239
BHS,"Bahamas, The",false,1984,1.68777471036623
BHS,"Bahamas, The",false,1985,1.70954549541466
BHS,"Bahamas, The",false,1986,1.71615169574727
BHS,"Bahamas, The",false,1987,1.69368652211207
BHS,"Bahamas, The",false,1988,1.70827212376845
BHS,"Bahamas, The",false,1989,1.75963292158907
BHS,"Bahamas, The",false,1990,1.7426138665052
BHS,"Bahamas, The",false,1991,1.71953449633695
BHS,"Bahamas, The",false,1992,1.83396180238937
BHS,"Bahamas, The",false,1993,1.87510041150555
BHS,"Bahamas, The",false,1994,1.75900345094607
BHS,"Bahamas, The",false,1995,1.65630824579208
BHS,"Bahamas, The",false,1996,1.58198810753699
BHS,"Bahamas, The",false,1997,1.50236472132864
BHS,"Bahamas, The",false,1998,1.42560280610243
BHS,"Bahamas, The",false,1999,1.33738067724252
BHS,"Bahamas, The",false,2000,1.31201091278679
BHS,"Bahamas, The",false,2001,1.22793565259293
BHS,"Bahamas, The",false,2002,1.14581585690751
BHS,"Bahamas, The",false,2003,1.20019665232897
BHS,"Bahamas, The",false,2004,1.23306270632529
BHS,"Bahamas, The",false,2005,1.20292348556941
BHS,"Bahamas, The",false,2006,1.2946015448339
BHS,"Bahamas, The",false,2007,1.41342994265638
BHS,"Bahamas, The",false,2008,1.34543405372794
BHS,"Bahamas, The",false,2009,1.30111554909733
BHS,"Bahamas, The",false,2010,1.27841716584672
BHS,"Bahamas, The",false,2011,1.15016412529445
BHS,"Bahamas, The",false,2012,1.00108170366546
BHS,"Bahamas, The",false,2013,0.923627563339724
BHS,"Bahamas, The",false,2014,0.878822235669929
BHS,"Bahamas, The",false,2015,0.794122280116855
BHS,"Bahamas, The",false,2016,0.700545015838571
BHS,"Bahamas, The",false,2017,0.624247409539043
BHS,"Bahamas, The",false,2018,0.569969444023085
BHS,"Bahamas, The",false,2019,0.497339072752345
BHS,"Bahamas, The",false,2020,0.300555038290333
BHS,"Bahamas, The",false,2021,0.128749531818761
BHS,"Bahamas, The",false,2022,0.293483989063331
BHS,"Bahamas, The",false,2023,0.477303918283875
BHS,"Bahamas, The",false,2024,0.460334786075668
BHS,"Bahamas, The",false,2025,0.43515303971882
BIH,Bosnia and Herzegovina,false,1960,
BIH,Bosnia and Herzegovina,false,1961,2.01092362045892
BIH,Bosnia and Herzegovina,false,1962,1.76146690186357
BIH,Bosnia and Herzegovina,false,1963,1.58414276982884
BIH,Bosnia and Herzegovina,false,1964,1.47661958449438
BIH,Bosnia and Herzegovina,false,1965,1.39603964492224
BIH,Bosnia and Herzegovina,false,1966,1.3307143312417
BIH,Bosnia and Herzegovina,false,1967,1.25672084568955
BIH,Bosnia and Herzegovina,false,1968,1.15761732169287
BIH,Bosnia and Herzegovina,false,1969,1.04810186410314
BIH,Bosnia and Herzegovina,false,1970,0.944806477318341
BIH,Bosnia and Herzegovina,false,1971,0.952949221119715
BIH,Bosnia and Herzegovina,false,1972,1.0158560321359
BIH,Bosnia and Herzegovina,false,1973,1.01104233714416
BIH,Bosnia and Herzegovina,false,1974,1.00069328841204
BIH,Bosnia and Herzegovina,false,1975,0.995191441644305
BIH,Bosnia and Herzegovina,false,1976,0.973848689764221
BIH,Bosnia and Herzegovina,false,1977,0.933858230438419
BIH,Bosnia and Herzegovina,false,1978,0.8895226406038
BIH,Bosnia and Herzegovina,false,1979,0.856010324943476
BIH,Bosnia and Herzegovina,false,1980,0.850335914183728
BIH,Bosnia and Herzegovina,false,1981,0.859060447204101
BIH,Bosnia and Herzegovina,false,1982,0.877616792573986
BIH,Bosnia and Herzegovina,false,1983,0.887476655645077
BIH,Bosnia and Herzegovina,false,1984,0.86058197798987
BIH,Bosnia and Herzegovina,false,1985,0.807525922174009
BIH,Bosnia and Herzegovina,false,1986,0.73054283388088
BIH,Bosnia and Herzegovina,false,1987,0.642823047846787
BIH,Bosnia and Herzegovina,false,1988,0.548756864231564
BIH,Bosnia and Herzegovina,false,1989,0.442544657096482
BIH,Bosnia and Herzegovina,false,1990,0.330285176304849
BIH,Bosnia and Herzegovina,false,1991,0.217604339601392
BIH,Bosnia and Herzegovina,false,1992,-5.14845213063333
BIH,Bosnia and Herzegovina,false,1993,-8.11675269849187
BIH,Bosnia and Herzegovina,false,1994,-4.6947674302463
BIH,Bosnia and Herzegovina,false,1995,-0.264696613722251
BIH,Bosnia and Herzegovina,false,1996,4.20786610562907
BIH,Bosnia and Herzegovina,false,1997,3.62316159046938
BIH,Bosnia and Herzegovina,false,1998,1.7546739878352
BIH,Bosnia and Herzegovina,false,1999,0.99637536807999
BIH,Bosnia and Herzegovina,false,2000,0.710877055593974
BIH,Bosnia and Herzegovina,false,2001,0.471676305567227
BIH,Bosnia and Herzegovina,false,2002,0.204698282637517
BIH,Bosnia and Herzegovina,false,2003,-0.226593575129443
BIH,Bosnia and Herzegovina,false,2004,-0.902366959162245
BIH,Bosnia and Herzegovina,false,2005,-1.08029233976901
BIH,Bosnia and Herzegovina,false,2006,-0.814268145096121
BIH,Bosnia and Herzegovina,false,2007,-1.23438180520165
BIH,Bosnia and Herzegovina,false,2008,-1.65511289388464
BIH,Bosnia and Herzegovina,false,2009,-1.73115539384589
BIH,Bosnia and Herzegovina,false,2010,-1.77665932121615
BIH,Bosnia and Herzegovina,false,2011,-1.84492216631166
BIH,Bosnia and Herzegovina,false,2012,-1.93437927837206
BIH,Bosnia and Herzegovina,false,2013,-1.62767576055568
BIH,Bosnia and Herzegovina,false,2014,-1.2829607801223
BIH,Bosnia and Herzegovina,false,2015,-1.30696713269434
BIH,Bosnia and Herzegovina,false,2016,-1.30267774814121
BIH,Bosnia and Herzegovina,false,2017,-1.28437067954589
BIH,Bosnia and Herzegovina,false,2018,-1.22313569369776
BIH,Bosnia and Herzegovina,false,2019,-1.23185506471358
BIH,Bosnia and Herzegovina,false,2020,-1.39008469041609
BIH,Bosnia and Herzegovina,false,2021,-1.66384860150923
BIH,Bosnia and Herzegovina,false,2022,-1.24363802761194
BIH,Bosnia and Herzegovina,false,2023,-0.617510129445164
BIH,Bosnia and Herzegovina,false,2024,-0.655819991673837
BIH,Bosnia and Herzegovina,false,2025,-0.766395454237064
BLR,Belarus,false,1960,
BLR,Belarus,false,1961,0.889131362938781
BLR,Belarus,false,1962,0.971087470193567
BLR,Belarus,false,1963,1.01618823177623
BLR,Belarus,false,1964,1.02576999022331
BLR,Belarus,false,1965,1.00123258061745
BLR,Belarus,false,1966,0.999586747117145
BLR,Belarus,false,1967,1.01992951024392
BLR,Belarus,false,1968,1.00683742008887
BLR,Belarus,false,1969,0.961629976856794
BLR,Belarus,false,1970,0.885501942137846
BLR,Belarus,false,1971,0.83254242697463
BLR,Belarus,false,1972,0.801903541421469
BLR,Belarus,false,1973,0.740577073484473
BLR,Belarus,false,1974,0.649396280155014
BLR,Belarus,false,1975,0.528950660255249
BLR,Belarus,false,1976,0.468634364965726
BLR,Belarus,false,1977,0.551023964944481
BLR,Belarus,false,1978,0.653046348666908
BLR,Belarus,false,1979,0.617512036032895
BLR,Belarus,false,1980,0.613722215515372
BLR,Belarus,false,1981,0.692401877498625
BLR,Belarus,false,1982,0.677412012600594
BLR,Belarus,false,1983,0.683014021783473
BLR,Belarus,false,1984,0.678380569482227
BLR,Belarus,false,1985,0.653761443403052
BLR,Belarus,false,1986,0.67939116352749
BLR,Belarus,false,1987,0.674806569806003
BLR,Belarus,false,1988,0.286405805377518
BLR,Belarus,false,1989,0.295421189743138
BLR,Belarus,false,1990,0.19006508287506
BLR,Belarus,false,1991,0.0461355862589733
BLR,Belarus,false,1992,0.219690718485616
BLR,Belarus,false,1993,0.220771793347495
BLR,Belarus,false,1994,-0.118196017328142
BLR,Belarus,false,1995,-0.324414829587043
BLR,Belarus,false,1996,-0.336671341030207
BLR,Belarus,false,1997,-0.415604443400529
BLR,Belarus,false,1998,-0.450435237181926
BLR,Belarus,false,1999,-0.450029843493719
BLR,Belarus,false,2000,-0.471131334643547
BLR,Belarus,false,2001,-0.512966688341309
BLR,Belarus,false,2002,-0.636565666436346
BLR,Belarus,false,2003,-0.699809190918934
BLR,Belarus,false,2004,-0.682169472243919
BLR,Belarus,false,2005,-0.683005560010688
BLR,Belarus,false,2006,-0.612296198031047
BLR,Belarus,false,2007,-0.458847535622636
BLR,Belarus,false,2008,-0.345415054298517
BLR,Belarus,false,2009,-0.245915441295321
BLR,Belarus,false,2010,-0.218522755959381
BLR,Belarus,false,2011,-0.234282914157686
BLR,Belarus,false,2012,-0.156617600248906
BLR,Belarus,false,2013,-0.0383800002667846
BLR,Belarus,false,2014,0.056151567510169
BLR,Belarus,false,2015,0.132853236725342
BLR,Belarus,false,2016,0.0877210878706449
BLR,Belarus,false,2017,-0.109782322950581
BLR,Belarus,false,2018,-0.213824206997671
BLR,Belarus,false,2019,-0.201786600970723
BLR,Belarus,false,2020,-0.42347525027949
BLR,Belarus,false,2021,-0.82823272086807
BLR,Belarus,false,2022,-0.804228426880244
BLR,Belarus,false,2023,-0.540824986374776
BLR,Belarus,false,2024,-0.49881794290787
BLR,Belarus,false,2025,-0.511982816210923
BLZ,Belize,false,1960,
BLZ,Belize,false,1961,2.50242849833413
BLZ,Belize,false,1962,2.54133903949565
BLZ,Belize,false,1963,2.73398766746674
BLZ,Belize,false,1964,2.8947589800224
BLZ,Belize,false,1965,2.97872496377002
BLZ,Belize,false,1966,3.04001658564265
BLZ,Belize,false,1967,3.07171765431955
BLZ,Belize,false,1968,3.04557025536975
BLZ,Belize,false,1969,2.85901932162121
BLZ,Belize,false,1970,2.25827937071612
BLZ,Belize,false,1971,1.69913877146212
BLZ,Belize,false,1972,1.51206407577191
BLZ,Belize,false,1973,1.40890587592751
BLZ,Belize,false,1974,1.36671019472854
BLZ,Belize,false,1975,1.70324183105153
BLZ,Belize,false,1976,2.05862609535167
BLZ,Belize,false,1977,2.07304457842122
BLZ,Belize,false,1978,2.05833923889542
BLZ,Belize,false,1979,2.11498266584783
BLZ,Belize,false,1980,2.36043601820611
BLZ,Belize,false,1981,2.53477947125798
BLZ,Belize,false,1982,2.49702686700288
BLZ,Belize,false,1983,2.42787427641134
BLZ,Belize,false,1984,2.36907340429967
BLZ,Belize,false,1985,2.31729736681176
BLZ,Belize,false,1986,2.26839362725832
BLZ,Belize,false,1987,2.23325264012526
BLZ,Belize,false,1988,2.21758029647318
BLZ,Belize,false,1989,2.21693758783925
BLZ,Belize,false,1990,2.19179745611304
BLZ,Belize,false,1991,2.14211305492924
BLZ,Belize,false,1992,2.08619211260685
BLZ,Belize,false,1993,2.03124492836904
BLZ,Belize,false,1994,2.12952750179899
BLZ,Belize,false,1995,2.50432809859251
BLZ,Belize,false,1996,2.97472085581548
BLZ,Belize,false,1997,3.33679111455288
BLZ,Belize,false,1998,3.4918451808564
BLZ,Belize,false,1999,3.44226447456504
BLZ,Belize,false,2000,3.26709202067925
BLZ,Belize,false,2001,3.09932448206021
BLZ,Belize,false,2002,3.02567946888712
BLZ,Belize,false,2003,2.99028222861427
BLZ,Belize,false,2004,2.95389266992451
BLZ,Belize,false,2005,2.91740780047982
BLZ,Belize,false,2006,2.87083521745194
BLZ,Belize,false,2007,2.81604558312441
BLZ,Belize,false,2008,2.75172617782414
BLZ,Belize,false,2009,2.67547057673273
BLZ,Belize,false,2010,2.41171251993503
BLZ,Belize,false,2011,2.17847430341063
BLZ,Belize,false,2012,2.15086754763262
BLZ,Belize,false,2013,2.13397522406827
BLZ,Belize,false,2014,2.11317688838933
BLZ,Belize,false,2015,2.10144194153298
BLZ,Belize,false,2016,2.32231207163985
BLZ,Belize,false,2017,2.30310203964335
BLZ,Belize,false,2018,1.86459847610366
BLZ,Belize,false,2019,1.46284533510266
BLZ,Belize,false,2020,1.28323598131052
BLZ,Belize,false,2021,1.1534704907648
BLZ,Belize,false,2022,1.85124805102003
BLZ,Belize,false,2023,2.05772774277288
BLZ,Belize,false,2024,1.44077799785791
BLZ,Belize,false,2025,1.39336251081714
BMU,Bermuda,false,1960,
BMU,Bermuda,false,1961,2.14467209295879
BMU,Bermuda,false,1962,2.55502555158133
BMU,Bermuda,false,1963,2.45828920990774
BMU,Bermuda,false,1964,2.33253081737015
BMU,Bermuda,false,1965,2.23933679076084
BMU,Bermuda,false,1966,2.23562621031776
BMU,Bermuda,false,1967,1.99908746052233
BMU,Bermuda,false,1968,1.78150791383529
BMU,Bermuda,false,1969,1.77371673944264
BMU,Bermuda,false,1970,1.58177908807863
BMU,Bermuda,false,1971,0.922369545457602
BMU,Bermuda,false,1972,0.371881654270663
BMU,Bermuda,false,1973,0.270451894889827
BMU,Bermuda,false,1974,0.207543328398923
BMU,Bermuda,false,1975,0.137495901493842
BMU,Bermuda,false,1976,0.152343008050969
BMU,Bermuda,false,1977,0.210265537611529
BMU,Bermuda,false,1978,0.204209788725352
BMU,Bermuda,false,1979,0.160825856559367
BMU,Bermuda,false,1980,0.291072133855533
BMU,Bermuda,false,1981,0.601840768965631
BMU,Bermuda,false,1982,0.719666525018909
BMU,Bermuda,false,1983,0.714524310706463
BMU,Bermuda,false,1984,0.713080350435613
BMU,Bermuda,false,1985,0.682830789969295
BMU,Bermuda,false,1986,0.613807160635931
BMU,Bermuda,false,1987,0.670509136884608
BMU,Bermuda,false,1988,0.768390169191453
BMU,Bermuda,false,1989,0.755529475091452
BMU,Bermuda,false,1990,0.749864004764586
BMU,Bermuda,false,1991,0.735660172807902
BMU,Bermuda,false,1992,0.726863524436884
BMU,Bermuda,false,1993,0.69781810683388
BMU,Bermuda,false,1994,0.640625866899154
BMU,Bermuda,false,1995,0.559300649360705
BMU,Bermuda,false,1996,0.480983673904791
BMU,Bermuda,false,1997,0.606719087580199
BMU,Bermuda,false,1998,0.764803092230042
BMU,Bermuda,false,1999,0.796633731004024
BMU,Bermuda,false,2000,0.694526488745174
BMU,Bermuda,false,2001,0.513706697004768
BMU,Bermuda,false,2002,0.443516923428655
BMU,Bermuda,false,2003,0.391880239398635
BMU,Bermuda,false,2004,0.270527854058021
BMU,Bermuda,false,2005,0.249070107845201
BMU,Bermuda,false,2006,0.19594573954294
BMU,Bermuda,false,2007,0.279711571071929
BMU,Bermuda,false,2008,0.459188519616631
BMU,Bermuda,false,2009,0.417767525195533
BMU,Bermuda,false,2010,0.251394586009326
BMU,Bermuda,false,2011,0.0125531547811924
BMU,Bermuda,false,2012,-0.136600245767712
BMU,Bermuda,false,2013,-0.113189762124124
BMU,Bermuda,false,2014,-0.0708087171509757
BMU,Bermuda,false,2015,-0.102367855986115
BMU,Bermuda,false,2016,-0.0236382404794606
BMU,Bermuda,false,2017,0.203106496014494
BMU,Bermuda,false,2018,0.397146720463835
BMU,Bermuda,false,2019,0.431459657274573
BMU,Bermuda,false,2020,0.428052860400885
BMU,Bermuda,false,2021,0.412307799470137
BMU,Bermuda,false,2022,0.156108751379667
BMU,Bermuda,false,2023,-0.0787967316952785
BMU,Bermuda,false,2024,-0.0958758017988935
BMU,Bermuda,false,2025,-0.125395748331922
BOL,Bolivia,false,1960,
BOL,Bolivia,false,1961,2.04277785008297
BOL,Bolivia,false,1962,2.06292516256145
BOL,Bolivia,false,1963,2.08873063140438
BOL,Bolivia,false,1964,2.1122101763499
BOL,Bolivia,false,1965,2.13464935555044
BOL,Bolivia,false,1966,2.1603984452186
BOL,Bolivia,false,1967,2.19087103988973
BOL,Bolivia,false,1968,2.22025643631731
BOL,Bolivia,false,1969,2.23702088349277
BOL,Bolivia,false,1970,2.24233424303461
BOL,Bolivia,false,1971,2.24757510243244
BOL,Bolivia,false,1972,2.24616934159906
BOL,Bolivia,false,1973,2.2495027014778
BOL,Bolivia,false,1974,2.26081659193568
BOL,Bolivia,false,1975,2.26513309406479
BOL,Bolivia,false,1976,2.28904740364258
BOL,Bolivia,false,1977,2.3068698498868
BOL,Bolivia,false,1978,2.2964104195355
BOL,Bolivia,false,1979,2.2762782306985
BOL,Bolivia,false,1980,2.24862541760114
BOL,Bolivia,false,1981,2.2188409235426
BOL,Bolivia,false,1982,2.18347074157265
BOL,Bolivia,false,1983,2.15296237086898
BOL,Bolivia,false,1984,2.136816387136
BOL,Bolivia,false,1985,2.11563158338423
BOL,Bolivia,false,1986,2.10197470135512
BOL,Bolivia,false,1987,2.10935395144755
BOL,Bolivia,false,1988,2.11937999087102
BOL,Bolivia,false,1989,2.11711026191502
BOL,Bolivia,false,1990,2.10292567074217
BOL,Bolivia,false,1991,2.08394091464415
BOL,Bolivia,false,1992,2.04005205570035
BOL,Bolivia,false,1993,1.98359137070415
BOL,Bolivia,false,1994,1.93553666553041
BOL,Bolivia,false,1995,1.88896808659587
BOL,Bolivia,false,1996,1.85028162992902
BOL,Bolivia,false,1997,1.80569805808475
BOL,Bolivia,false,1998,1.76561111828867
BOL,Bolivia,false,1999,1.74582928419343
BOL,Bolivia,false,2000,1.71712723342906
BOL,Bolivia,false,2001,1.68688229604066
BOL,Bolivia,false,2002,1.67248263752338
BOL,Bolivia,false,2003,1.67509392038728
BOL,Bolivia,false,2004,1.68272509947837
BOL,Bolivia,false,2005,1.68564890189224
BOL,Bolivia,false,2006,1.70464062326774
BOL,Bolivia,false,2007,1.71051652675101
BOL,Bolivia,false,2008,1.68811436886035
BOL,Bolivia,false,2009,1.66527120616965
BOL,Bolivia,false,2010,1.64440681785103
BOL,Bolivia,false,2011,1.62276978666345
BOL,Bolivia,false,2012,1.59965176170266
BOL,Bolivia,false,2013,1.57374447646261
BOL,Bolivia,false,2014,1.54455877769864
BOL,Bolivia,false,2015,1.51686119793977
BOL,Bolivia,false,2016,1.48970583998181
BOL,Bolivia,false,2017,1.46124572329841
BOL,Bolivia,false,2018,1.43337090655267
BOL,Bolivia,false,2019,1.40657823805422
BOL,Bolivia,false,2020,1.23396442673807
BOL,Bolivia,false,2021,1.01931284088344
BOL,Bolivia,false,2022,1.16425907336882
BOL,Bolivia,false,2023,1.37334382280772
BOL,Bolivia,false,2024,1.37206798819615
BOL,Bolivia,false,2025,1.34850560934918
BRA,Brazil,false,1960,
BRA,Brazil,false,1961,3.01712402135294
BRA,Brazil,false,1962,2.98413178984127
BRA,Brazil,false,1963,2.94697800169989
BRA,Brazil,false,1964,2.89384532588109
BRA,Brazil,false,1965,2.81797346768923
BRA,Brazil,false,1966,2.73236317426946
BRA,Brazil,false,1967,2.64271600538347
BRA,Brazil,false,1968,2.56183412825181
BRA,Brazil,false,1969,2.50796582962001
BRA,Brazil,false,1970,2.47317174130758
BRA,Brazil,false,1971,2.44801384438618
BRA,Brazil,false,1972,2.43336258601704
BRA,Brazil,false,1973,2.42103657885576
BRA,Brazil,false,1974,2.39665879234277
BRA,Brazil,false,1975,2.37884287680594
BRA,Brazil,false,1976,2.38155616304412
BRA,Brazil,false,1977,2.38655749823333
BRA,Brazil,false,1978,2.38605063277526
BRA,Brazil,false,1979,2.37626195376506
BRA,Brazil,false,1980,2.35969066147983
BRA,Brazil,false,1981,2.328674853913
BRA,Brazil,false,1982,2.27914448988333
BRA,Brazil,false,1983,2.23365283811212
BRA,Brazil,false,1984,2.18625478508242
BRA,Brazil,false,1985,2.13058251317121
BRA,Brazil,false,1986,2.0601457180807
BRA,Brazil,false,1987,1.98157140954846
BRA,Brazil,false,1988,1.91028205578332
BRA,Brazil,false,1989,1.84389971585717
BRA,Brazil,false,1990,1.78613575086263
BRA,Brazil,false,1991,1.71576956519978
BRA,Brazil,false,1992,1.66724681782032
BRA,Brazil,false,1993,1.61992855794359
BRA,Brazil,false,1994,1.56329973533197
BRA,Brazil,false,1995,1.53901255207011
BRA,Brazil,false,1996,1.51410759163045
BRA,Brazil,false,1997,1.48650426533337
BRA,Brazil,false,1998,1.48772098102752
BRA,Brazil,false,1999,1.45652767159292
BRA,Brazil,false,2000,1.37521128317928
BRA,Brazil,false,2001,1.30335503159977
BRA,Brazil,false,2002,1.24142062598122
BRA,Brazil,false,2003,1.18021395482771
BRA,Brazil,false,2004,1.12991417032023
BRA,Brazil,false,2005,1.09590612526605
BRA,Brazil,false,2006,1.05833842529955
BRA,Brazil,false,2007,1.01236820635667
BRA,Brazil,false,2008,0.957984635895359
BRA,Brazil,false,2009,0.895632239477021
BRA,Brazil,false,2010,0.84088322514573
BRA,Brazil,false,2011,0.81381388423754
BRA,Brazil,false,2012,0.811598483382088
BRA,Brazil,false,2013,0.810511647523289
BRA,Brazil,false,2014,0.806314177734439
BRA,Brazil,false,2015,0.791721773592796
BRA,Brazil,false,2016,0.761972670496742
BRA,Brazil,false,2017,0.72824666001736
BRA,Brazil,false,2018,0.683439571425594
BRA,Brazil,false,2019,0.651994346081362
BRA,Brazil,false,2020,0.579350709708032
BRA,Brazil,false,2021,0.425360907216456
BRA,Brazil,false,2022,0.360180890872169
BRA,Brazil,false,2023,0.395928695574996
BRA,Brazil,false,2024,0.405467027627251
BRA,Brazil,false,2025,0.383150642409967
BRB,Barbados,false,1960,
BRB,Barbados,false,1961,0.971904530224969
BRB,Barbados,false,1962,0.886480658601227
BRB,Barbados,false,1963,0.986934304431455
BRB,Barbados,false,1964,1.00563133484016
BRB,Barbados,false,1965,1.01954757215215
BRB,Barbados,false,1966,1.05825001316094
BRB,Barbados,false,1967,0.851480594940187
BRB,Barbados,false,1968,0.584710854761123
BRB,Barbados,false,1969,0.363064272350575
BRB,Barbados,false,1970,-0.0228534314218928
BRB,Barbados,false,1971,-0.0878539034152295
BRB,Barbados,false,1972,0.19646135430176
BRB,Barbados,false,1973,0.265610780579842
BRB,Barbados,false,1974,0.181600891258978
BRB,Barbados,false,1975,0.158580933398902
BRB,Barbados,false,1976,0.106243929320066
BRB,Barbados,false,1977,0.0731511478388626
BRB,Barbados,false,1978,-0.0298105837728722
BRB,Barbados,false,1979,-0.112167387759663
BRB,Barbados,false,1980,0.101433401763186
BRB,Barbados,false,1981,0.296153009064281
BRB,Barbados,false,1982,0.32649698054942
BRB,Barbados,false,1983,0.353785814112265
BRB,Barbados,false,1984,0.364699998656031
BRB,Barbados,false,1985,0.352430172515372
BRB,Barbados,false,1986,0.311452564043978
BRB,Barbados,false,1987,0.257250135544059
BRB,Barbados,false,1988,0.187945892751294
BRB,Barbados,false,1989,0.134141822732305
BRB,Barbados,false,1990,0.183088202476835
BRB,Barbados,false,1991,0.30543217651289
BRB,Barbados,false,1992,0.34408470557972
BRB,Barbados,false,1993,0.291582308049379
BRB,Barbados,false,1994,0.226921901192945
BRB,Barbados,false,1995,0.160027838504736
BRB,Barbados,false,1996,0.0934538510922293
BRB,Barbados,false,1997,0.0411682644242812
BRB,Barbados,false,1998,0.0167673981201888
BRB,Barbados,false,1999,0.0308599057983595
BRB,Barbados,false,2000,-0.173090896850965
BRB,Barbados,false,2001,0.138039405089234
BRB,Barbados,false,2002,0.65442252041875
BRB,Barbados,false,2003,0.614429662267209
BRB,Barbados,false,2004,0.57102921384559
BRB,Barbados,false,2005,0.525370422072861
BRB,Barbados,false,2006,0.481152127044188
BRB,Barbados,false,2007,0.475162083022934
BRB,Barbados,false,2008,0.524263979237198
BRB,Barbados,false,2009,0.515328376885536
BRB,Barbados,false,2010,0.407743308362451
BRB,Barbados,false,2011,0.325001827653213
BRB,Barbados,false,2012,0.288929228963865
BRB,Barbados,false,2013,0.26216966601587
BRB,Barbados,false,2014,0.245677832545378
BRB,Barbados,false,2015,0.230380947989644
BRB,Barbados,false,2016,0.217691837314076
BRB,Barbados,false,2017,0.204727378663704
BRB,Barbados,false,2018,0.192553930005438
BRB,Barbados,false,2019,0.176538259610281
BRB,Barbados,false,2020,0.174452216457154
BRB,Barbados,false,2021,0.159263661079578
BRB,Barbados,false,2022,0.0605883465692588
BRB,Barbados,false,2023,0.00637558575909917
BRB,Barbados,false,2024,0.0463878564204179
BRB,Barbados,false,2025,0.0552124454380577
BRN,Brunei Darussalam,false,1960,
BRN,Brunei Darussalam,false,1961,4.61201690841858
BRN,Brunei Darussalam,false,1962,4.44174557138531
BRN,Brunei Darussalam,false,1963,4.48836692928883
BRN,Brunei Darussalam,false,1964,4.60094377629245
BRN,Brunei Darussalam,false,1965,4.53667016188967
BRN,Brunei Darussalam,false,1966,4.44337180550127
BRN,Brunei Darussalam,false,1967,4.34276377363215
BRN,Brunei Darussalam,false,1968,4.21112297840576
BRN,Brunei Darussalam,false,1969,4.05538595117218
BRN,Brunei Darussalam,false,1970,2.77003576556272
BRN,Brunei Darussalam,false,1971,2.0384578921848
BRN,Brunei Darussalam,false,1972,3.04761010710298
BRN,Brunei Darussalam,false,1973,3.57824870203927
BRN,Brunei Darussalam,false,1974,3.52473784489235
BRN,Brunei Darussalam,false,1975,3.48509488798141
BRN,Brunei Darussalam,false,1976,3.44292376500563
BRN,Brunei Darussalam,false,1977,3.40692158563333
BRN,Brunei Darussalam,false,1978,3.25864705980369
BRN,Brunei Darussalam,false,1979,3.11756544188593
BRN,Brunei Darussalam,false,1980,3.10447184952538
BRN,Brunei Darussalam,false,1981,3.10323032776763
BRN,Brunei Darussalam,false,1982,3.17244438129069
BRN,Brunei Darussalam,false,1983,3.26457487247004
BRN,Brunei Darussalam,false,1984,3.3240172489544
BRN,Brunei Darussalam,false,1985,3.37158601739359
BRN,Brunei Darussalam,false,1986,3.4021071237636
BRN,Brunei Darussalam,false,1987,3.19997760879289
BRN,Brunei Darussalam,false,1988,2.97132267531724
BRN,Brunei Darussalam,false,1989,2.92509049228469
BRN,Brunei Darussalam,false,1990,2.87212106847642
BRN,Brunei Darussalam,false,1991,2.82087413872675
BRN,Brunei Darussalam,false,1992,2.72087553865121
BRN,Brunei Darussalam,false,1993,2.60873227190994
BRN,Brunei Darussalam,false,1994,2.53818018062453
BRN,Brunei Darussalam,false,1995,2.46985364733686
BRN,Brunei Darussalam,false,1996,2.40260865216409
BRN,Brunei Darussalam,false,1997,2.34099524940066
BRN,Brunei Darussalam,false,1998,2.28072165867432
BRN,Brunei Darussalam,false,1999,2.22422733142457
BRN,Brunei Darussalam,false,2000,2.17184750364769
BRN,Brunei Darussalam,false,2001,2.09808399029796
BRN,Brunei Darussalam,false,2002,2.00587619956124
BRN,Brunei Darussalam,false,2003,1.90413711851639
BRN,Brunei Darussalam,false,2004,1.79377776163247
BRN,Brunei Darussalam,false,2005,1.68724773243682
BRN,Brunei Darussalam,false,2006,1.58852615956489
BRN,Brunei Darussalam,false,2007,1.68860465252749
BRN,Brunei Darussalam,false,2008,1.84867406299599
BRN,Brunei Darussalam,false,2009,1.87722246166003
BRN,Brunei Darussalam,false,2010,1.89897689252094
BRN,Brunei Darussalam,false,2011,1.78274591747739
BRN,Brunei Darussalam,false,2012,1.53255515873327
BRN,Brunei Darussalam,false,2013,1.38231470645459
BRN,Brunei Darussalam,false,2014,1.34019436885468
BRN,Brunei Darussalam,false,2015,1.30210359279592
BRN,Brunei Darussalam,false,2016,1.25964272152269
BRN,Brunei Darussalam,false,2017,1.2107045656128
BRN,Brunei Darussalam,false,2018,1.15739958778106
BRN,Brunei Darussalam,false,2019,1.10621350885567
BRN,Brunei Darussalam,false,2020,1.06148281648515
BRN,Brunei Darussalam,false,2021,0.96027430523198
BRN,Brunei Darussalam,false,2022,0.804554269312164
BRN,Brunei Darussalam,false,2023,0.782881746925984
BRN,Brunei Darussalam,false,2024,0.81851878860359
BRN,Brunei Darussalam,false,2025,0.776925734682091
BTN,Bhutan,false,1960,
BTN,Bhutan,false,1961,2.86722992641214
BTN,Bhutan,false,1962,3.00468103385092
BTN,Bhutan,false,1963,3.11546514463352
BTN,Bhutan,false,1964,3.14433613990597
BTN,Bhutan,false,1965,3.19482933941373
BTN,Bhutan,false,1966,3.2468672608395
BTN,Bhutan,false,1967,3.29261051140354
BTN,Bhutan,false,1968,3.33585834917434
BTN,Bhutan,false,1969,3.37715909689562
BTN,Bhutan,false,1970,3.40012513918434
BTN,Bhutan,false,1971,3.40397251575147
BTN,Bhutan,false,1972,3.40400084963263
BTN,Bhutan,false,1973,3.40554571018578
BTN,Bhutan,false,1974,3.40431842902805
BTN,Bhutan,false,1975,3.40711560223336
BTN,Bhutan,false,1976,3.41275204036644
BTN,Bhutan,false,1977,3.41508446680484
BTN,Bhutan,false,1978,3.41463900612316
BTN,Bhutan,false,1979,3.38612458283256
BTN,Bhutan,false,1980,3.3322185402167
BTN,Bhutan,false,1981,3.27567755569122
BTN,Bhutan,false,1982,3.21870300281931
BTN,Bhutan,false,1983,3.18662627843006
BTN,Bhutan,false,1984,3.15905573813554
BTN,Bhutan,false,1985,3.11818593905043
BTN,Bhutan,false,1986,3.08570103000375
BTN,Bhutan,false,1987,3.0490275578009
BTN,Bhutan,false,1988,2.99400155331813
BTN,Bhutan,false,1989,2.93677767736149
BTN,Bhutan,false,1990,2.70054497941616
BTN,Bhutan,false,1991,1.76562588713205
BTN,Bhutan,false,1992,-3.73868016502051
BTN,Bhutan,false,1993,-4.0804037833298
BTN,Bhutan,false,1994,-0.0317354420831988
BTN,Bhutan,false,1995,-1.18061827424054
BTN,Bhutan,false,1996,0.144970771387412
BTN,Bhutan,false,1997,1.79023653749442
BTN,Bhutan,false,1998,1.9037354324329
BTN,Bhutan,false,1999,2.28201573945798
BTN,Bhutan,false,2000,2.42228077592733
BTN,Bhutan,false,2001,2.30721437926679
BTN,Bhutan,false,2002,2.2045852261164
BTN,Bhutan,false,2003,2.10043282502438
BTN,Bhutan,false,2004,1.99990053168434
BTN,Bhutan,false,2005,1.72526717067528
BTN,Bhutan,false,2006,1.34079315421153
BTN,Bhutan,false,2007,1.16227298430616
BTN,Bhutan,false,2008,1.12968896454968
BTN,Bhutan,false,2009,1.10655106118336
BTN,Bhutan,false,2010,1.0954380761045
BTN,Bhutan,false,2011,1.0978069996978
BTN,Bhutan,false,2012,1.10777662014052
BTN,Bhutan,false,2013,1.10832494505463
BTN,Bhutan,false,2014,1.07871798585886
BTN,Bhutan,false,2015,1.01496572424441
BTN,Bhutan,false,2016,0.973884473914115
BTN,Bhutan,false,2017,0.86127488782821
BTN,Bhutan,false,2018,0.716471130925301
BTN,Bhutan,false,2019,0.66444642692507
BTN,Bhutan,false,2020,0.675256502719854
BTN,Bhutan,false,2021,0.703488233671584
BTN,Bhutan,false,2022,0.703183917780367
BTN,Bhutan,false,2023,0.698146584889649
BTN,Bhutan,false,2024,0.651370664586926
BTN,Bhutan,false,2025,0.649540189970473
BWA,Botswana,false,1960,
BWA,Botswana,false,1961,2.25599473789155
BWA,Botswana,false,1962,2.29270955077689
BWA,Botswana,false,1963,2.3382992115817
BWA,Botswana,false,1964,2.37674156574765
BWA,Botswana,false,1965,1.47215897048438
BWA,Botswana,false,1966,0.55564857111754
BWA,Botswana,false,1967,0.52934239010004
BWA,Botswana,false,1968,0.520733016963454
BWA,Botswana,false,1969,0.529448766813059
BWA,Botswana,false,1970,0.555122879609001
BWA,Botswana,false,1971,1.704252230016
BWA,Botswana,false,1972,3.58632188678464
BWA,Botswana,false,1973,4.70759134998022
BWA,Botswana,false,1974,4.94025059990487
BWA,Botswana,false,1975,4.97062114757515
BWA,Botswana,false,1976,5.15744953032927
BWA,Botswana,false,1977,5.27257399739864
BWA,Botswana,false,1978,6.02615685121168
BWA,Botswana,false,1979,5.99877937542467
BWA,Botswana,false,1980,3.887230961075
BWA,Botswana,false,1981,3.40911900610212
BWA,Botswana,false,1982,3.96896376390478
BWA,Botswana,false,1983,3.58780257751429
BWA,Botswana,false,1984,3.52398684718508
BWA,Botswana,false,1985,3.47195856096711
BWA,Botswana,false,1986,3.39164067201576
BWA,Botswana,false,1987,3.26469560707317
BWA,Botswana,false,1988,2.982917184193
BWA,Botswana,false,1989,2.77763043077559
BWA,Botswana,false,1990,2.75036067045791
BWA,Botswana,false,1991,2.72429719004269
BWA,Botswana,false,1992,2.81282080899369
BWA,Botswana,false,1993,2.86304423228008
BWA,Botswana,false,1994,2.77143347713386
BWA,Botswana,false,1995,2.62366178434921
BWA,Botswana,false,1996,2.44368367103611
BWA,Botswana,false,1997,2.30264662254376
BWA,Botswana,false,1998,2.21541249490062
BWA,Botswana,false,1999,2.16069492392568
BWA,Botswana,false,2000,2.13210606291764
BWA,Botswana,false,2001,2.05763865830609
BWA,Botswana,false,2002,1.88080986109573
BWA,Botswana,false,2003,1.75962550604573
BWA,Botswana,false,2004,1.75338203751141
BWA,Botswana,false,2005,1.79499163132533
BWA,Botswana,false,2006,1.86517712065057
BWA,Botswana,false,2007,1.9381347493906
BWA,Botswana,false,2008,2.0082147581123
BWA,Botswana,false,2009,2.06587846755776
BWA,Botswana,false,2010,2.10943597528371
BWA,Botswana,false,2011,1.96877479635498
BWA,Botswana,false,2012,1.67774021157009
BWA,Botswana,false,2013,1.50921875015756
BWA,Botswana,false,2014,1.45441898422222
BWA,Botswana,false,2015,1.42753223737773
BWA,Botswana,false,2016,1.41970172619868
BWA,Botswana,false,2017,1.42047647332447
BWA,Botswana,false,2018,1.41898108514606
BWA,Botswana,false,2019,1.42262847077389
BWA,Botswana,false,2020,1.4394103578493
BWA,Botswana,false,2021,1.49130106425067
BWA,Botswana,false,2022,1.58848021878269
BWA,Botswana,false,2023,1.64031664035479
BWA,Botswana,false,2024,1.63538411022867
BWA,Botswana,false,2025,1.61250378521521
CAF,Central African Republic,false,1960,
CAF,Central African Republic,false,1961,1.87580094287151
CAF,Central African Republic,false,1962,1.91486981829662
CAF,Central African Republic,false,1963,1.95728780254881
CAF,Central African Republic,false,1964,2.00520301270958
CAF,Central African Republic,false,1965,2.05907199834094
CAF,Central African Republic,false,1966,2.11960929299757
CAF,Central African Republic,false,1967,2.18452497855469
CAF,Central African Republic,false,1968,2.25229566260353
CAF,Central African Republic,false,1969,2.28846097699812
CAF,Central African Republic,false,1970,2.21699985501069
CAF,Central African Republic,false,1971,2.07346265336313
CAF,Central African Republic,false,1972,1.95691133776892
CAF,Central African Republic,false,1973,1.91575636793517
CAF,Central African Republic,false,1974,1.92783122677979
CAF,Central African Republic,false,1975,1.94531683296425
CAF,Central African Republic,false,1976,1.48636017998042
CAF,Central African Republic,false,1977,1.03205493589366
CAF,Central African Republic,false,1978,1.0493314426646
CAF,Central African Republic,false,1979,1.07152881773075
CAF,Central African Republic,false,1980,1.09722869674794
CAF,Central African Republic,false,1981,1.1307629587486
CAF,Central African Republic,false,1982,1.16223915103428
CAF,Central African Republic,false,1983,1.19031514573574
CAF,Central African Republic,false,1984,1.22253559405354
CAF,Central African Republic,false,1985,1.25049457732926
CAF,Central African Republic,false,1986,1.27317060765072
CAF,Central African Republic,false,1987,1.31603945108177
CAF,Central African Republic,false,1988,1.66487223139615
CAF,Central African Republic,false,1989,2.54673013168479
CAF,Central African Republic,false,1990,3.10993470955643
CAF,Central African Republic,false,1991,3.12894145604828
CAF,Central African Republic,false,1992,3.17660886218298
CAF,Central African Republic,false,1993,3.18551160699761
CAF,Central African Republic,false,1994,3.12114580888137
CAF,Central African Republic,false,1995,2.7279293178596
CAF,Central African Republic,false,1996,2.59191336397251
CAF,Central African Republic,false,1997,2.74815236149256
CAF,Central African Republic,false,1998,2.7130114137794
CAF,Central African Republic,false,1999,2.73513141405881
CAF,Central African Republic,false,2000,2.74955419856204
CAF,Central African Republic,false,2001,2.2204466205594
CAF,Central African Republic,false,2002,2.18516803355959
CAF,Central African Republic,false,2003,2.39269152862068
CAF,Central African Republic,false,2004,2.16355960798951
CAF,Central African Republic,false,2005,2.2634335589763
CAF,Central African Republic,false,2006,2.04865266623958
CAF,Central African Republic,false,2007,1.92738176317224
CAF,Central African Republic,false,2008,2.1330142206447
CAF,Central African Republic,false,2009,-0.65882495965577
CAF,Central African Republic,false,2010,-0.799202484181735
CAF,Central African Republic,false,2011,1.59035970102042
CAF,Central African Republic,false,2012,0.998867377606297
CAF,Central African Republic,false,2013,0.682377856508138
CAF,Central African Republic,false,2014,-0.415235398986532
CAF,Central African Republic,false,2015,0.132677645471712
CAF,Central African Republic,false,2016,1.80553237158984
CAF,Central African Republic,false,2017,1.67978155291511
CAF,Central African Republic,false,2018,1.76068487647458
CAF,Central African Republic,false,2019,1.34469255324203
CAF,Central African Republic,false,2020,1.64324789708014
CAF,Central African Republic,false,2021,1.68608971248183
CAF,Central African Republic,false,2022,-0.275432271573156
CAF,Central African Republic,false,2023,1.06107453184959
CAF,Central African Republic,false,2024,3.40139844069992
CAF,Central African Republic,false,2025,3.36794044132968
CAN,Canada,false,1960,
CAN,Canada,false,1961,1.99918455690026
CAN,Canada,false,1962,1.85988823339904
CAN,Canada,false,1963,1.86284592763531
CAN,Canada,false,1964,1.88571494336137
CAN,Canada,false,1965,1.81016659700882
CAN,Canada,false,1966,1.86281377101388
CAN,Canada,false,1967,1.79935650480125
CAN,Canada,false,1968,1.61340850346382
CAN,Canada,false,1969,1.35978347208384
CAN,Canada,false,1970,1.39783160033129
CAN,Canada,false,1971,2.94819452761436
CAN,Canada,false,1972,1.16084656651465
CAN,Canada,false,1973,1.22261658426849
CAN,Canada,false,1974,1.39602166927373
CAN,Canada,false,1975,1.45942491323998
CAN,Canada,false,1976,1.31580656558804
CAN,Canada,false,1977,1.17025687783266
CAN,Canada,false,1978,0.99545694441135
CAN,Canada,false,1979,0.989698733234704
CAN,Canada,false,1980,1.28959497847156
CAN,Canada,false,1981,1.23339725480528
CAN,Canada,false,1982,1.18962434077573
CAN,Canada,false,1983,0.988487567147771
CAN,Canada,false,1984,0.944034716041094
CAN,Canada,false,1985,0.91377427539001
CAN,Canada,false,1986,0.994040150630969
CAN,Canada,false,1987,1.31816778174498
CAN,Canada,false,1988,1.29662488995999
CAN,Canada,false,1989,1.79419351491939
CAN,Canada,false,1990,1.50766067284807
CAN,Canada,false,1991,1.24276123131684
CAN,Canada,false,1992,1.18367554138942
CAN,Canada,false,1993,1.09893087887878
CAN,Canada,false,1994,1.09525810706129
CAN,Canada,false,1995,1.03476948386834
CAN,Canada,false,1996,1.04531178311831
CAN,Canada,false,1997,0.993788591465188
CAN,Canada,false,1998,0.829909353323744
CAN,Canada,false,1999,0.812842623716166
CAN,Canada,false,2000,0.931281553452429
CAN,Canada,false,2001,1.0861994547665
CAN,Canada,false,2002,1.08479328329522
CAN,Canada,false,2003,0.899226809998674
CAN,Canada,false,2004,0.932186964148048
CAN,Canada,false,2005,0.94708626967041
CAN,Canada,false,2006,1.01355939144957
CAN,Canada,false,2007,0.970654173316653
CAN,Canada,false,2008,1.083871149194
CAN,Canada,false,2009,1.14470768476526
CAN,Canada,false,2010,1.11135202971694
CAN,Canada,false,2011,0.97540725097113
CAN,Canada,false,2012,1.08374652233653
CAN,Canada,false,2013,1.05338098055318
CAN,Canada,false,2014,1.00142284689661
CAN,Canada,false,2015,0.760300145238936
CAN,Canada,false,2016,1.13153974027004
CAN,Canada,false,2017,1.19543575451553
CAN,Canada,false,2018,1.43322615679352
CAN,Canada,false,2019,1.46171259938134
CAN,Canada,false,2020,1.08436897113225
CAN,Canada,false,2021,0.553902422386893
CAN,Canada,false,2022,1.84036295796994
CAN,Canada,false,2023,2.78237404482922
CAN,Canada,false,2024,2.9844051252484
CAN,Canada,false,2025,0.939110272846239
CEB,Central Europe and the Baltics,true,1960,
CEB,Central Europe and the Baltics,true,1961,0.90405654971496
CEB,Central Europe and the Baltics,true,1962,0.839147820980055
CEB,Central Europe and the Baltics,true,1963,0.88995311206692
CEB,Central Europe and the Baltics,true,1964,0.928940129868489
CEB,Central Europe and the Baltics,true,1965,0.762735364285055
CEB,Central Europe and the Baltics,true,1966,0.736323439468397
CEB,Central Europe and the Baltics,true,1967,0.928559732799261
CEB,Central Europe and the Baltics,true,1968,0.862636734985048
CEB,Central Europe and the Baltics,true,1969,0.735517186504809
CEB,Central Europe and the Baltics,true,1970,0.533949741368312
CEB,Central Europe and the Baltics,true,1971,0.503809979170987
CEB,Central Europe and the Baltics,true,1972,0.72193350027965
CEB,Central Europe and the Baltics,true,1973,0.750010560232411
CEB,Central Europe and the Baltics,true,1974,0.814804235961677
CEB,Central Europe and the Baltics,true,1975,0.899081066861986
CEB,Central Europe and the Baltics,true,1976,0.886099381612044
CEB,Central Europe and the Baltics,true,1977,0.806956813662454
CEB,Central Europe and the Baltics,true,1978,0.678760044855757
CEB,Central Europe and the Baltics,true,1979,0.586166789618135
CEB,Central Europe and the Baltics,true,1980,0.557863171723132
CEB,Central Europe and the Baltics,true,1981,0.550452132988816
CEB,Central Europe and the Baltics,true,1982,0.559424932608737
CEB,Central Europe and the Baltics,true,1983,0.525355727158607
CEB,Central Europe and the Baltics,true,1984,0.497602736207638
CEB,Central Europe and the Baltics,true,1985,0.458539945423265
CEB,Central Europe and the Baltics,true,1986,0.443398760898813
CEB,Central Europe and the Baltics,true,1987,0.42909181958508
CEB,Central Europe and the Baltics,true,1988,0.353253521270404
CEB,Central Europe and the Baltics,true,1989,0.103752630550742
CEB,Central Europe and the Baltics,true,1990,-0.052821830900083
CEB,Central Europe and the Baltics,true,1991,-0.247419130546434
CEB,Central Europe and the Baltics,true,1992,-0.324609501806508
CEB,Central Europe and the Baltics,true,1993,-0.0631650560563044
CEB,Central Europe and the Baltics,true,1994,-0.0184764837376054
CEB,Central Europe and the Baltics,true,1995,-0.143117925972543
CEB,Central Europe and the Baltics,true,1996,-0.216913404828966
CEB,Central Europe and the Baltics,true,1997,-0.186425684036871
CEB,Central Europe and the Baltics,true,1998,-0.167998487772591
CEB,Central Europe and the Baltics,true,1999,-0.162519116055211
CEB,Central Europe and the Baltics,true,2000,-0.563773690484113
CEB,Central Europe and the Baltics,true,2001,-0.729067856444102
CEB,Central Europe and the Baltics,true,2002,-0.652588914336905
CEB,Central Europe and the Baltics,true,2003,-0.314241146330712
CEB,Central Europe and the Baltics,true,2004,-0.274658938488359
CEB,Central Europe and the Baltics,true,2005,-0.272920120995345
CEB,Central Europe and the Baltics,true,2006,-0.254402113821936
CEB,Central Europe and the Baltics,true,2007,-0.372939772327643
CEB,Central Europe and the Baltics,true,2008,-0.358270056820759
CEB,Central Europe and the Baltics,true,2009,-0.191997901063799
CEB,Central Europe and the Baltics,true,2010,-0.362321893446287
CEB,Central Europe and the Baltics,true,2011,-0.237214258031937
CEB,Central Europe and the Baltics,true,2012,-0.235021587775693
CEB,Central Europe and the Baltics,true,2013,-0.346441569732424
CEB,Central Europe and the Baltics,true,2014,-0.279993650668035
CEB,Central Europe and the Baltics,true,2015,-0.297993499615906
CEB,Central Europe and the Baltics,true,2016,-0.316337439806704
CEB,Central Europe and the Baltics,true,2017,-0.302888085449285
CEB,Central Europe and the Baltics,true,2018,-0.257617487691325
CEB,Central Europe and the Baltics,true,2019,-0.205872946873443
CEB,Central Europe and the Baltics,true,2020,-0.63867745350422
CEB,Central Europe and the Baltics,true,2021,-1.00291129900562
CEB,Central Europe and the Baltics,true,2022,-0.13367547636684
CEB,Central Europe and the Baltics,true,2023,0.111693279901196
CEB,Central Europe and the Baltics,true,2024,-0.121594654206648
CEB,Central Europe and the Baltics,true,2025,-0.247519896811324
CHE,Switzerland,false,1960,
CHE,Switzerland,false,1961,1.97861505905873
CHE,Switzerland,false,1962,2.53501253675864
CHE,Switzerland,false,1963,2.13766282113072
CHE,Switzerland,false,1964,1.65425824514532
CHE,Switzerland,false,1965,1.15484251419216
CHE,Switzerland,false,1966,1.04515174261587
CHE,Switzerland,false,1967,1.23904724663021
CHE,Switzerland,false,1968,1.25925634808891
CHE,Switzerland,false,1969,1.125420460311
CHE,Switzerland,false,1970,0.722403830625566
CHE,Switzerland,false,1971,0.524791841648688
CHE,Switzerland,false,1972,0.762479990409525
CHE,Switzerland,false,1973,0.738225529466449
CHE,Switzerland,false,1974,0.538520832855669
CHE,Switzerland,false,1975,-0.0437380434174903
CHE,Switzerland,false,1976,-0.57159575476383
CHE,Switzerland,false,1977,-0.339010906485653
CHE,Switzerland,false,1978,0.00897881001440717
CHE,Switzerland,false,1979,0.200809491511636
CHE,Switzerland,false,1980,0.397074418637607
CHE,Switzerland,false,1981,0.547064910132262
CHE,Switzerland,false,1982,0.584291675385673
CHE,Switzerland,false,1983,0.428787920002408
CHE,Switzerland,false,1984,0.359111652414513
CHE,Switzerland,false,1985,0.441442667641394
CHE,Switzerland,false,1986,0.520391611336159
CHE,Switzerland,false,1987,0.628115754543019
CHE,Switzerland,false,1988,0.734943056123237
CHE,Switzerland,false,1989,0.808536055550948
CHE,Switzerland,false,1990,1.02687307219521
CHE,Switzerland,false,1991,1.24982602441627
CHE,Switzerland,false,1992,1.10252107229095
CHE,Switzerland,false,1993,0.910715565788466
CHE,Switzerland,false,1994,0.797158411024818
CHE,Switzerland,false,1995,0.668242326234317
CHE,Switzerland,false,1996,0.441636406706345
CHE,Switzerland,false,1997,0.240891210155647
CHE,Switzerland,false,1998,0.297135765740057
CHE,Switzerland,false,1999,0.476919931285641
CHE,Switzerland,false,2000,0.561954617400164
CHE,Switzerland,false,2001,0.632771238018431
CHE,Switzerland,false,2002,0.756469145838096
CHE,Switzerland,false,2003,0.74191960337232
CHE,Switzerland,false,2004,0.687425960233006
CHE,Switzerland,false,2005,0.640601540243491
CHE,Switzerland,false,2006,0.627558473346134
CHE,Switzerland,false,2007,0.893690977823134
CHE,Switzerland,false,2008,1.27061807385776
CHE,Switzerland,false,2009,1.24948463127384
CHE,Switzerland,false,2010,1.0415580576588
CHE,Switzerland,false,2011,1.11187894263206
CHE,Switzerland,false,2012,1.06181932886789
CHE,Switzerland,false,2013,1.14987975781229
CHE,Switzerland,false,2014,1.22010397343287
CHE,Switzerland,false,2015,1.13833715247736
CHE,Switzerland,false,2016,1.09203117387253
CHE,Switzerland,false,2017,0.933155888738653
CHE,Switzerland,false,2018,0.736633975172522
CHE,Switzerland,false,2019,0.713313668444329
CHE,Switzerland,false,2020,0.730676195047382
CHE,Switzerland,false,2021,0.765501039496593
CHE,Switzerland,false,2022,0.829927183900371
CHE,Switzerland,false,2023,1.26498425447772
CHE,Switzerland,false,2024,1.30500749907811
CHE,Switzerland,false,2025,0.95982517858888
CHI,Channel Islands,false,1960,
CHI,Channel Islands,false,1961,0.875157209711325
CHI,Channel Islands,false,1962,1.04212570163464
CHI,Channel Islands,false,1963,1.12771732173372
CHI,Channel Islands,false,1964,1.15495528703249
CHI,Channel Islands,false,1965,1.13406825482138
CHI,Channel Islands,false,1966,1.11204430184881
CHI,Channel Islands,false,1967,1.10985568598176
CHI,Channel Islands,false,1968,1.07201253014145
CHI,Channel Islands,false,1969,1.02623289783012
CHI,Channel Islands,false,1970,1.01824160529215
CHI,Channel Islands,false,1971,1.02243035896162
CHI,Channel Islands,false,1972,0.965974936816031
CHI,Channel Islands,false,1973,0.877945133415487
CHI,Channel Islands,false,1974,0.800739070401998
CHI,Channel Islands,false,1975,0.69193104317896
CHI,Channel Islands,false,1976,0.472554060971176
CHI,Channel Islands,false,1977,0.258570596793966
CHI,Channel Islands,false,1978,0.196375208944577
CHI,Channel Islands,false,1979,0.183704188080166
CHI,Channel Islands,false,1980,0.185666881118691
CHI,Channel Islands,false,1981,0.471056923651187
CHI,Channel Islands,false,1982,0.831153882574751
CHI,Channel Islands,false,1983,0.934547532565682
CHI,Channel Islands,false,1984,0.980092875629562
CHI,Channel Islands,false,1985,0.995569555614893
CHI,Channel Islands,false,1986,0.978478525725791
CHI,Channel Islands,false,1987,0.963231132590497
CHI,Channel Islands,false,1988,0.965463401086215
CHI,Channel Islands,false,1989,1.00288492818403
CHI,Channel Islands,false,1990,1.11460526770246
CHI,Channel Islands,false,1991,0.822677561252511
CHI,Channel Islands,false,1992,0.32110532016154
CHI,Channel Islands,false,1993,0.173272581725528
CHI,Channel Islands,false,1994,0.123385747713563
CHI,Channel Islands,false,1995,0.057849249228729
CHI,Channel Islands,false,1996,0.218698077621589
CHI,Channel Islands,false,1997,0.444857971479324
CHI,Channel Islands,false,1998,0.47216244923927
CHI,Channel Islands,false,1999,0.440128401854177
CHI,Channel Islands,false,2000,0.376103046296504
CHI,Channel Islands,false,2001,0.498384652290452
CHI,Channel Islands,false,2002,0.690255844571338
CHI,Channel Islands,false,2003,0.717325515279559
CHI,Channel Islands,false,2004,0.712216582260157
CHI,Channel Islands,false,2005,0.712404500701567
CHI,Channel Islands,false,2006,0.70801362983327
CHI,Channel Islands,false,2007,0.707543263751395
CHI,Channel Islands,false,2008,0.705129687243067
CHI,Channel Islands,false,2009,0.702731939855193
CHI,Channel Islands,false,2010,0.70224119137965
CHI,Channel Islands,false,2011,0.681691594926131
CHI,Channel Islands,false,2012,0.662148684316799
CHI,Channel Islands,false,2013,0.626273191358049
CHI,Channel Islands,false,2014,0.584896106024657
CHI,Channel Islands,false,2015,0.446380040967648
CHI,Channel Islands,false,2016,0.262115340226344
CHI,Channel Islands,false,2017,0.265690188653133
CHI,Channel Islands,false,2018,0.38266747377841
CHI,Channel Islands,false,2019,0.417438625700863
CHI,Channel Islands,false,2020,0.359172843142478
CHI,Channel Islands,false,2021,0.30392604241618
CHI,Channel Islands,false,2022,0.283869921965387
CHI,Channel Islands,false,2023,0.284259058075622
CHI,Channel Islands,false,2024,0.25906981677504
CHI,Channel Islands,false,2025,0.202025072
CHL,Chile,false,1960,
CHL,Chile,false,1961,2.08103660573373
CHL,Chile,false,1962,2.04808518245749
CHL,Chile,false,1963,2.01652960266026
CHL,Chile,false,1964,1.96870696971751
CHL,Chile,false,1965,1.9088631249751
CHL,Chile,false,1966,1.85536681425097
CHL,Chile,false,1967,1.80480921853874
CHL,Chile,false,1968,1.757679176774
CHL,Chile,false,1969,1.72513804019296
CHL,Chile,false,1970,1.69076199798083
CHL,Chile,false,1971,1.65560696757742
CHL,Chile,false,1972,1.63473618851234
CHL,Chile,false,1973,1.61527935023774
CHL,Chile,false,1974,1.58742256234927
CHL,Chile,false,1975,1.56530614688584
CHL,Chile,false,1976,1.54994708992363
CHL,Chile,false,1977,1.53152381178279
CHL,Chile,false,1978,1.5075980994135
CHL,Chile,false,1979,1.4843954331358
CHL,Chile,false,1980,1.4773427813477
CHL,Chile,false,1981,1.46778880891447
CHL,Chile,false,1982,1.45778010136388
CHL,Chile,false,1983,1.47365211989337
CHL,Chile,false,1984,1.49871557098637
CHL,Chile,false,1985,1.52456675319995
CHL,Chile,false,1986,1.55013144694725
CHL,Chile,false,1987,1.58587580343349
CHL,Chile,false,1988,1.62297053532028
CHL,Chile,false,1989,1.64478776264933
CHL,Chile,false,1990,1.66722675551771
CHL,Chile,false,1991,1.66290007957355
CHL,Chile,false,1992,1.61244609996212
CHL,Chile,false,1993,1.55575470326431
CHL,Chile,false,1994,1.50594720365816
CHL,Chile,false,1995,1.46395387384967
CHL,Chile,false,1996,1.41256567140629
CHL,Chile,false,1997,1.33747554386278
CHL,Chile,false,1998,1.29984189219994
CHL,Chile,false,1999,1.25802753178631
CHL,Chile,false,2000,1.19601925947085
CHL,Chile,false,2001,1.15569441781061
CHL,Chile,false,2002,1.10379186272101
CHL,Chile,false,2003,1.04651515030085
CHL,Chile,false,2004,1.00938163923532
CHL,Chile,false,2005,0.992481122862039
CHL,Chile,false,2006,0.976434392610197
CHL,Chile,false,2007,0.978803488234499
CHL,Chile,false,2008,0.999137869915681
CHL,Chile,false,2009,1.00886800592722
CHL,Chile,false,2010,1.00455362363927
CHL,Chile,false,2011,0.986604121119825
CHL,Chile,false,2012,0.959562935237505
CHL,Chile,false,2013,0.95374468290385
CHL,Chile,false,2014,0.996818460180589
CHL,Chile,false,2015,1.0215666887643
CHL,Chile,false,2016,1.2094154366484
CHL,Chile,false,2017,1.58394825779579
CHL,Chile,false,2018,1.78538584857741
CHL,Chile,false,2019,1.59911795256016
CHL,Chile,false,2020,0.896491953505063
CHL,Chile,false,2021,0.441498091207504
CHL,Chile,false,2022,0.495789591494285
CHL,Chile,false,2023,0.53962870957127
CHL,Chile,false,2024,0.537425495656651
CHL,Chile,false,2025,0.480257021978241
CHN,China,false,1960,
CHN,China,false,1961,-1.01552778731319
CHN,China,false,1962,0.820455548748518
CHN,China,false,1963,2.45764740395145
CHN,China,false,1964,2.32068298706855
CHN,China,false,1965,2.38136810251949
CHN,China,false,1966,2.78733183821693
CHN,China,false,1967,2.5706976197388
CHN,China,false,1968,2.61090262648529
CHN,China,false,1969,2.74000210569558
CHN,China,false,1970,2.76167556645304
CHN,China,false,1971,2.74691554961857
CHN,China,false,1972,2.45735692952286
CHN,China,false,1973,2.28339536396383
CHN,China,false,1974,2.06595501335632
CHN,China,false,1975,1.76639178162482
CHN,China,false,1976,1.54733797287665
CHN,China,false,1977,1.36277947570678
CHN,China,false,1978,1.33818233834084
CHN,China,false,1979,1.33392795351687
CHN,China,false,1980,1.25422105193987
CHN,China,false,1981,1.28095234429252
CHN,China,false,1982,1.47267476016581
CHN,China,false,1983,1.4449496950092
CHN,China,false,1984,1.31206876113779
CHN,China,false,1985,1.36169911825369
CHN,China,false,1986,1.48739892914903
CHN,China,false,1987,1.6036050865576
CHN,China,false,1988,1.61007108578698
CHN,China,false,1989,1.53316999599862
CHN,China,false,1990,1.46730321087928
CHN,China,false,1991,1.36443400840349
CHN,China,false,1992,1.2255362283362
CHN,China,false,1993,1.14961943083465
CHN,China,false,1994,1.13026063215591
CHN,China,false,1995,1.08650915088974
CHN,China,false,1996,1.04814151412165
CHN,China,false,1997,1.02345002419879
CHN,China,false,1998,0.959550406298151
CHN,China,false,1999,0.865851392993279
CHN,China,false,2000,0.787956592953992
CHN,China,false,2001,0.726380637838525
CHN,China,false,2002,0.669999567758626
CHN,China,false,2003,0.622860936133583
CHN,China,false,2004,0.593932815112141
CHN,China,false,2005,0.588124989556992
CHN,China,false,2006,0.558374367373002
CHN,China,false,2007,0.522271866392275
CHN,China,false,2008,0.51238693163744
CHN,China,false,2009,0.497381400884935
CHN,China,false,2010,0.482959688678361
CHN,China,false,2011,0.546457594880274
CHN,China,false,2012,0.678345458846803
CHN,China,false,2013,0.666072977690069
CHN,China,false,2014,0.630326389541893
CHN,China,false,2015,0.581456146657648
CHN,China,false,2016,0.573050906069647
CHN,China,false,2017,0.605245013482969
CHN,China,false,2018,0.467672053461959
CHN,China,false,2019,0.354740890170827
CHN,China,false,2020,0.238040870229883
CHN,China,false,2021,0.0892522000412526
CHN,China,false,2022,-0.0130995013525784
CHN,China,false,2023,-0.103794531589067
CHN,China,false,2024,-0.123063407363995
CHN,China,false,2025,-0.169770885652674
CIV,Cote d'Ivoire,false,1960,
CIV,Cote d'Ivoire,false,1961,3.64787473296497
CIV,Cote d'Ivoire,false,1962,3.7801925666292
CIV,Cote d'Ivoire,false,1963,3.84536161076973
CIV,Cote d'Ivoire,false,1964,3.861456346347
CIV,Cote d'Ivoire,false,1965,3.86506674136101
CIV,Cote d'Ivoire,false,1966,3.86679543132556
CIV,Cote d'Ivoire,false,1967,3.87050352947213
CIV,Cote d'Ivoire,false,1968,3.88775350131665
CIV,Cote d'Ivoire,false,1969,3.97214258098608
CIV,Cote d'Ivoire,false,1970,4.13771557355301
CIV,Cote d'Ivoire,false,1971,4.32704619605154
CIV,Cote d'Ivoire,false,1972,4.47886144405413
CIV,Cote d'Ivoire,false,1973,4.55201755223105
CIV,Cote d'Ivoire,false,1974,4.56850082736934
CIV,Cote d'Ivoire,false,1975,4.56278276441697
CIV,Cote d'Ivoire,false,1976,4.07249869830984
CIV,Cote d'Ivoire,false,1977,3.6720911398285
CIV,Cote d'Ivoire,false,1978,3.76833186744558
CIV,Cote d'Ivoire,false,1979,3.85896757186992
CIV,Cote d'Ivoire,false,1980,3.95073862771663
CIV,Cote d'Ivoire,false,1981,4.00453809033992
CIV,Cote d'Ivoire,false,1982,4.02401173029707
CIV,Cote d'Ivoire,false,1983,4.01367795897404
CIV,Cote d'Ivoire,false,1984,3.99320410180932
CIV,Cote d'Ivoire,false,1985,3.96138352522369
CIV,Cote d'Ivoire,false,1986,3.9107193170073
CIV,Cote d'Ivoire,false,1987,3.85686016010409
CIV,Cote d'Ivoire,false,1988,3.83036325504084
CIV,Cote d'Ivoire,false,1989,3.86725967111319
CIV,Cote d'Ivoire,false,1990,3.93204869696274
CIV,Cote d'Ivoire,false,1991,3.97333758123589
CIV,Cote d'Ivoire,false,1992,3.99092066742327
CIV,Cote d'Ivoire,false,1993,3.97762421552749
CIV,Cote d'Ivoire,false,1994,3.93475451975512
CIV,Cote d'Ivoire,false,1995,3.90104410052876
CIV,Cote d'Ivoire,false,1996,3.87367317960594
CIV,Cote d'Ivoire,false,1997,3.84212357223658
CIV,Cote d'Ivoire,false,1998,3.7715073412938
CIV,Cote d'Ivoire,false,1999,3.25878249601035
CIV,Cote d'Ivoire,false,2000,2.76729583954346
CIV,Cote d'Ivoire,false,2001,2.67539291726228
CIV,Cote d'Ivoire,false,2002,2.58396350857445
CIV,Cote d'Ivoire,false,2003,2.49227881118865
CIV,Cote d'Ivoire,false,2004,2.42497124712807
CIV,Cote d'Ivoire,false,2005,2.38748971138117
CIV,Cote d'Ivoire,false,2006,2.35559796287643
CIV,Cote d'Ivoire,false,2007,2.3271214491968
CIV,Cote d'Ivoire,false,2008,2.27477682329573
CIV,Cote d'Ivoire,false,2009,2.22245214914258
CIV,Cote d'Ivoire,false,2010,2.20359114199838
CIV,Cote d'Ivoire,false,2011,2.17265768049368
CIV,Cote d'Ivoire,false,2012,2.08872019159152
CIV,Cote d'Ivoire,false,2013,1.99427988380631
CIV,Cote d'Ivoire,false,2014,2.42493545476417
CIV,Cote d'Ivoire,false,2015,2.88906178023194
CIV,Cote d'Ivoire,false,2016,2.90076810314127
CIV,Cote d'Ivoire,false,2017,2.82237176165589
CIV,Cote d'Ivoire,false,2018,2.69696827034562
CIV,Cote d'Ivoire,false,2019,2.61916841176218
CIV,Cote d'Ivoire,false,2020,2.53019803537112
CIV,Cote d'Ivoire,false,2021,2.47398737434864
CIV,Cote d'Ivoire,false,2022,2.51622934953513
CIV,Cote d'Ivoire,false,2023,2.50384681190665
CIV,Cote d'Ivoire,false,2024,2.43618201263834
CIV,Cote d'Ivoire,false,2025,2.40496595908985
CMR,Cameroon,false,1960,
CMR,Cameroon,false,1961,1.54289373952713
CMR,Cameroon,false,1962,1.8784444358221
CMR,Cameroon,false,1963,2.18629076316111
CMR,Cameroon,false,1964,2.20462617661087
CMR,Cameroon,false,1965,2.24115803546964
CMR,Cameroon,false,1966,2.29795622451281
CMR,Cameroon,false,1967,2.37044677699534
CMR,Cameroon,false,1968,2.45476720894829
CMR,Cameroon,false,1969,2.54014580050417
CMR,Cameroon,false,1970,2.61269347996024
CMR,Cameroon,false,1971,2.67129721195789
CMR,Cameroon,false,1972,2.71716807278259
CMR,Cameroon,false,1973,2.75002022124569
CMR,Cameroon,false,1974,2.77564862932945
CMR,Cameroon,false,1975,2.79013566445775
CMR,Cameroon,false,1976,2.67893181696247
CMR,Cameroon,false,1977,2.57949898686854
CMR,Cameroon,false,1978,2.72555142397973
CMR,Cameroon,false,1979,2.802621746583
CMR,Cameroon,false,1980,3.2545885640674
CMR,Cameroon,false,1981,3.51083540023575
CMR,Cameroon,false,1982,2.3794941171167
CMR,Cameroon,false,1983,2.04697163001176
CMR,Cameroon,false,1984,2.77893109991594
CMR,Cameroon,false,1985,2.98046556911309
CMR,Cameroon,false,1986,3.0131521301888
CMR,Cameroon,false,1987,3.0388087095108
CMR,Cameroon,false,1988,2.9848646701323
CMR,Cameroon,false,1989,2.93068932075988
CMR,Cameroon,false,1990,2.94699987458872
CMR,Cameroon,false,1991,2.91649859858171
CMR,Cameroon,false,1992,2.86561545097735
CMR,Cameroon,false,1993,2.84736268467474
CMR,Cameroon,false,1994,2.8078428743676
CMR,Cameroon,false,1995,2.74525060356896
CMR,Cameroon,false,1996,2.69148816728723
CMR,Cameroon,false,1997,2.65155206464138
CMR,Cameroon,false,1998,2.64804169057659
CMR,Cameroon,false,1999,2.65296340314705
CMR,Cameroon,false,2000,2.63276307164066
CMR,Cameroon,false,2001,2.62643255915311
CMR,Cameroon,false,2002,2.68124815756453
CMR,Cameroon,false,2003,2.72747133462562
CMR,Cameroon,false,2004,2.74741504067453
CMR,Cameroon,false,2005,2.75573848394242
CMR,Cameroon,false,2006,2.74855128044116
CMR,Cameroon,false,2007,2.80627824632764
CMR,Cameroon,false,2008,2.86258453269924
CMR,Cameroon,false,2009,2.86539222671372
CMR,Cameroon,false,2010,2.85766146651935
CMR,Cameroon,false,2011,2.82842297078772
CMR,Cameroon,false,2012,2.8130471843416
CMR,Cameroon,false,2013,2.80909371019789
CMR,Cameroon,false,2014,3.02592195035823
CMR,Cameroon,false,2015,3.13934346036401
CMR,Cameroon,false,2016,2.98933225067819
CMR,Cameroon,false,2017,2.83499798189177
CMR,Cameroon,false,2018,2.77030987519388
CMR,Cameroon,false,2019,2.78164441246944
CMR,Cameroon,false,2020,2.7244863481235
CMR,Cameroon,false,2021,2.65496076580698
CMR,Cameroon,false,2022,2.62905090961273
CMR,Cameroon,false,2023,2.64245336134821
CMR,Cameroon,false,2024,2.61268294319567
CMR,Cameroon,false,2025,2.56133847709635
COD,"Congo, Dem. Rep.",false,1960,
COD,"Congo, Dem. Rep.",false,1961,2.57087377987403
COD,"Congo, Dem. Rep.",false,1962,2.60490324926214
COD,"Congo, Dem. Rep.",false,1963,2.651051235286
COD,"Congo, Dem. Rep.",false,1964,2.67612413952612
COD,"Congo, Dem. Rep.",false,1965,2.74846854245951
COD,"Congo, Dem. Rep.",false,1966,2.85161197207404
COD,"Congo, Dem. Rep.",false,1967,2.91740550621487
COD,"Congo, Dem. Rep.",false,1968,2.93233778468715
COD,"Congo, Dem. Rep.",false,1969,2.89402202433216
COD,"Congo, Dem. Rep.",false,1970,2.85600503123147
COD,"Congo, Dem. Rep.",false,1971,2.73390490388062
COD,"Congo, Dem. Rep.",false,1972,2.64918627292049
COD,"Congo, Dem. Rep.",false,1973,2.67667198299792
COD,"Congo, Dem. Rep.",false,1974,2.67251698428922
COD,"Congo, Dem. Rep.",false,1975,2.65078583369809
COD,"Congo, Dem. Rep.",false,1976,2.5853226539928
COD,"Congo, Dem. Rep.",false,1977,2.52883238006514
COD,"Congo, Dem. Rep.",false,1978,3.10305616330174
COD,"Congo, Dem. Rep.",false,1979,3.51491488442542
COD,"Congo, Dem. Rep.",false,1980,3.1346680970209
COD,"Congo, Dem. Rep.",false,1981,2.9125559856151
COD,"Congo, Dem. Rep.",false,1982,3.0005633127695
COD,"Congo, Dem. Rep.",false,1983,3.17021313152414
COD,"Congo, Dem. Rep.",false,1984,3.34210634710717
COD,"Congo, Dem. Rep.",false,1985,3.31598161429199
COD,"Congo, Dem. Rep.",false,1986,3.14957502364655
COD,"Congo, Dem. Rep.",false,1987,3.15353574685505
COD,"Congo, Dem. Rep.",false,1988,3.20305597579918
COD,"Congo, Dem. Rep.",false,1989,3.16076129040859
COD,"Congo, Dem. Rep.",false,1990,3.31797538712724
COD,"Congo, Dem. Rep.",false,1991,3.32896574554935
COD,"Congo, Dem. Rep.",false,1992,3.37819074562411
COD,"Congo, Dem. Rep.",false,1993,3.57407160295395
COD,"Congo, Dem. Rep.",false,1994,4.73302553589306
COD,"Congo, Dem. Rep.",false,1995,4.15133342018812
COD,"Congo, Dem. Rep.",false,1996,1.92231853470865
COD,"Congo, Dem. Rep.",false,1997,1.60697628662433
COD,"Congo, Dem. Rep.",false,1998,2.7168325472246
COD,"Congo, Dem. Rep.",false,1999,3.35830626776397
COD,"Congo, Dem. Rep.",false,2000,3.20780748301006
COD,"Congo, Dem. Rep.",false,2001,3.1670663452371
COD,"Congo, Dem. Rep.",false,2002,3.05620605844951
COD,"Congo, Dem. Rep.",false,2003,2.92124332432638
COD,"Congo, Dem. Rep.",false,2004,2.94457864295254
COD,"Congo, Dem. Rep.",false,2005,3.07172770424984
COD,"Congo, Dem. Rep.",false,2006,3.08284543640824
COD,"Congo, Dem. Rep.",false,2007,3.02531584938763
COD,"Congo, Dem. Rep.",false,2008,3.01581282864875
COD,"Congo, Dem. Rep.",false,2009,3.09097719189927
COD,"Congo, Dem. Rep.",false,2010,3.18751592835336
COD,"Congo, Dem. Rep.",false,2011,3.28016564590395
COD,"Congo, Dem. Rep.",false,2012,3.33860489598034
COD,"Congo, Dem. Rep.",false,2013,3.40170849300578
COD,"Congo, Dem. Rep.",false,2014,3.39069033335839
COD,"Congo, Dem. Rep.",false,2015,3.3022434270539
COD,"Congo, Dem. Rep.",false,2016,3.54100823238224
COD,"Congo, Dem. Rep.",false,2017,3.65684620577994
COD,"Congo, Dem. Rep.",false,2018,3.34726508426912
COD,"Congo, Dem. Rep.",false,2019,3.1695285579572
COD,"Congo, Dem. Rep.",false,2020,3.22098049233111
COD,"Congo, Dem. Rep.",false,2021,3.23790848096045
COD,"Congo, Dem. Rep.",false,2022,3.2234019442495
COD,"Congo, Dem. Rep.",false,2023,3.25963514299902
COD,"Congo, Dem. Rep.",false,2024,3.24257627586721
COD,"Congo, Dem. Rep.",false,2025,3.20249618590858
COG,"Congo, Rep.",false,1960,
COG,"Congo, Rep.",false,1961,2.58355677698672
COG,"Congo, Rep.",false,1962,2.6199597905475
COG,"Congo, Rep.",false,1963,2.66701619445204
COG,"Congo, Rep.",false,1964,2.7225085006483
COG,"Congo, Rep.",false,1965,2.77552172409103
COG,"Congo, Rep.",false,1966,2.8286085969407
COG,"Congo, Rep.",false,1967,2.86840556124776
COG,"Congo, Rep.",false,1968,2.91542336448495
COG,"Congo, Rep.",false,1969,2.96822667441284
COG,"Congo, Rep.",false,1970,3.0110270134921
COG,"Congo, Rep.",false,1971,3.05807122539201
COG,"Congo, Rep.",false,1972,3.1038454957616
COG,"Congo, Rep.",false,1973,3.1267240082379
COG,"Congo, Rep.",false,1974,3.12100405043487
COG,"Congo, Rep.",false,1975,2.78773794102795
COG,"Congo, Rep.",false,1976,2.44030715217342
COG,"Congo, Rep.",false,1977,2.39095683083611
COG,"Congo, Rep.",false,1978,2.34530552946296
COG,"Congo, Rep.",false,1979,2.28675074241471
COG,"Congo, Rep.",false,1980,2.23704694790984
COG,"Congo, Rep.",false,1981,2.20483773835373
COG,"Congo, Rep.",false,1982,2.1518802054642
COG,"Congo, Rep.",false,1983,2.06656268022102
COG,"Congo, Rep.",false,1984,2.49171782949181
COG,"Congo, Rep.",false,1985,2.94603081282752
COG,"Congo, Rep.",false,1986,2.93285498025808
COG,"Congo, Rep.",false,1987,2.92167177603216
COG,"Congo, Rep.",false,1988,2.89698322874559
COG,"Congo, Rep.",false,1989,2.89000386043635
COG,"Congo, Rep.",false,1990,2.85491548331506
COG,"Congo, Rep.",false,1991,2.84375270288645
COG,"Congo, Rep.",false,1992,2.82732962442827
COG,"Congo, Rep.",false,1993,2.95877222797506
COG,"Congo, Rep.",false,1994,2.96210080829983
COG,"Congo, Rep.",false,1995,2.81495847083628
COG,"Congo, Rep.",false,1996,2.77351309990398
COG,"Congo, Rep.",false,1997,2.13764124883637
COG,"Congo, Rep.",false,1998,2.19871345259958
COG,"Congo, Rep.",false,1999,2.70071143354333
COG,"Congo, Rep.",false,2000,3.83186610159414
COG,"Congo, Rep.",false,2001,3.77361792459761
COG,"Congo, Rep.",false,2002,2.36249435317099
COG,"Congo, Rep.",false,2003,2.79519896193446
COG,"Congo, Rep.",false,2004,3.41769832826944
COG,"Congo, Rep.",false,2005,3.60380377830421
COG,"Congo, Rep.",false,2006,3.74399199815897
COG,"Congo, Rep.",false,2007,3.65924543843284
COG,"Congo, Rep.",false,2008,3.28885266905607
COG,"Congo, Rep.",false,2009,3.99594017742806
COG,"Congo, Rep.",false,2010,4.14243050486562
COG,"Congo, Rep.",false,2011,3.25058981932031
COG,"Congo, Rep.",false,2012,2.79640825415116
COG,"Congo, Rep.",false,2013,2.43092781986762
COG,"Congo, Rep.",false,2014,2.41608932821437
COG,"Congo, Rep.",false,2015,2.41638740919909
COG,"Congo, Rep.",false,2016,2.42169941927317
COG,"Congo, Rep.",false,2017,2.43024073423953
COG,"Congo, Rep.",false,2018,2.43884022378671
COG,"Congo, Rep.",false,2019,2.40634419722279
COG,"Congo, Rep.",false,2020,2.39477691216791
COG,"Congo, Rep.",false,2021,2.39414288318435
COG,"Congo, Rep.",false,2022,2.39665300284304
COG,"Congo, Rep.",false,2023,2.41919038084212
COG,"Congo, Rep.",false,2024,2.39829082784283
COG,"Congo, Rep.",false,2025,2.36370989746216
COL,Colombia,false,1960,
COL,Colombia,false,1961,3.08524293939335
COL,Colombia,false,1962,3.08229223919086
COL,Colombia,false,1963,3.05422998569024
COL,Colombia,false,1964,3.01357715669246
COL,Colombia,false,1965,2.96973259570532
COL,Colombia,false,1966,2.89476597893338
COL,Colombia,false,1967,2.80964077738019
COL,Colombia,false,1968,2.72398956960806
COL,Colombia,false,1969,2.62203011152389
COL,Colombia,false,1970,2.52954072159871
COL,Colombia,false,1971,2.40839282506595
COL,Colombia,false,1972,2.32037558089265
COL,Colombia,false,1973,2.29169264351744
COL,Colombia,false,1974,2.25035190464204
COL,Colombia,false,1975,2.21401806002691
COL,Colombia,false,1976,2.17859623709254
COL,Colombia,false,1977,2.21629162408511
COL,Colombia,false,1978,2.25708717200333
COL,Colombia,false,1979,2.24037196821274
COL,Colombia,false,1980,2.28165878425913
COL,Colombia,false,1981,2.30526967372708
COL,Colombia,false,1982,2.31294499637689
COL,Colombia,false,1983,2.34922447389747
COL,Colombia,false,1984,2.31162341777435
COL,Colombia,false,1985,2.16125651239525
COL,Colombia,false,1986,2.06488135607345
COL,Colombia,false,1987,2.05495671033332
COL,Colombia,false,1988,2.04796088983437
COL,Colombia,false,1989,2.05312510865196
COL,Colombia,false,1990,2.06742882129527
COL,Colombia,false,1991,2.00897406347511
COL,Colombia,false,1992,1.98094862084333
COL,Colombia,false,1993,1.99678655879278
COL,Colombia,false,1994,1.97202887200902
COL,Colombia,false,1995,1.9096370992151
COL,Colombia,false,1996,1.82129460113512
COL,Colombia,false,1997,1.78958066993845
COL,Colombia,false,1998,1.79149449060697
COL,Colombia,false,1999,1.73833578882204
COL,Colombia,false,2000,1.63798274950516
COL,Colombia,false,2001,1.57194688390217
COL,Colombia,false,2002,1.53792282248162
COL,Colombia,false,2003,1.5081090586904
COL,Colombia,false,2004,1.46883725533231
COL,Colombia,false,2005,1.4002642115634
COL,Colombia,false,2006,1.32542990992624
COL,Colombia,false,2007,1.26689099629201
COL,Colombia,false,2008,1.20339154806457
COL,Colombia,false,2009,1.16491370094378
COL,Colombia,false,2010,1.13596836363633
COL,Colombia,false,2011,1.07133727666266
COL,Colombia,false,2012,1.00290782655336
COL,Colombia,false,2013,0.948709328751527
COL,Colombia,false,2014,0.892711563926366
COL,Colombia,false,2015,0.864942376762699
COL,Colombia,false,2016,0.990548549326914
COL,Colombia,false,2017,1.45147726169193
COL,Colombia,false,2018,1.83913784861099
COL,Colombia,false,2019,1.78615507724394
COL,Colombia,false,2020,1.43632167326968
COL,Colombia,false,2021,1.09642825395961
COL,Colombia,false,2022,1.06829295530618
COL,Colombia,false,2023,1.12092864340999
COL,Colombia,false,2024,1.07447920962035
COL,Colombia,false,2025,1.01451696044498
COM,Comoros,false,1960,
COM,Comoros,false,1961,1.75536782155881
COM,Comoros,false,1962,1.72508546230556
COM,Comoros,false,1963,1.68718444606979
COM,Comoros,false,1964,1.64785104003151
COM,Comoros,false,1965,1.55789100987962
COM,Comoros,false,1966,1.70472038676829
COM,Comoros,false,1967,2.34846575307993
COM,Comoros,false,1968,2.81232267904562
COM,Comoros,false,1969,2.89247443715498
COM,Comoros,false,1970,2.98617741930706
COM,Comoros,false,1971,3.09670949509594
COM,Comoros,false,1972,3.20845113372453
COM,Comoros,false,1973,3.30642696262146
COM,Comoros,false,1974,3.38488508350908
COM,Comoros,false,1975,3.39996019496593
COM,Comoros,false,1976,3.36514844934476
COM,Comoros,false,1977,3.31900168986091
COM,Comoros,false,1978,3.23378042597702
COM,Comoros,false,1979,3.13064410875227
COM,Comoros,false,1980,2.98439006626216
COM,Comoros,false,1981,2.8204928163414
COM,Comoros,false,1982,2.77000227495207
COM,Comoros,false,1983,2.78714622467208
COM,Comoros,false,1984,2.79368927696612
COM,Comoros,false,1985,2.79787280869172
COM,Comoros,false,1986,2.78459470952494
COM,Comoros,false,1987,2.74692266401265
COM,Comoros,false,1988,2.70360140934392
COM,Comoros,false,1989,2.671224232856
COM,Comoros,false,1990,2.61904296351893
COM,Comoros,false,1991,2.43526463269378
COM,Comoros,false,1992,2.07617358522542
COM,Comoros,false,1993,1.82558236566461
COM,Comoros,false,1994,1.77024659975985
COM,Comoros,false,1995,1.73619184593212
COM,Comoros,false,1996,1.72199066913724
COM,Comoros,false,1997,1.72218731995402
COM,Comoros,false,1998,1.72206986217565
COM,Comoros,false,1999,1.78213857663893
COM,Comoros,false,2000,1.91989444545768
COM,Comoros,false,2001,2.05675116831034
COM,Comoros,false,2002,2.11608023442771
COM,Comoros,false,2003,1.92701943618421
COM,Comoros,false,2004,1.89592485384757
COM,Comoros,false,2005,2.04084019817184
COM,Comoros,false,2006,2.0170547631074
COM,Comoros,false,2007,1.99305922756432
COM,Comoros,false,2008,1.98685114604965
COM,Comoros,false,2009,1.98865318234701
COM,Comoros,false,2010,1.98790768401212
COM,Comoros,false,2011,1.99871797531046
COM,Comoros,false,2012,2.01149862727803
COM,Comoros,false,2013,2.11384957294193
COM,Comoros,false,2014,2.17541496047092
COM,Comoros,false,2015,2.11093338446849
COM,Comoros,false,2016,2.05111578193354
COM,Comoros,false,2017,1.99257798738542
COM,Comoros,false,2018,1.95274153616222
COM,Comoros,false,2019,1.92385702700328
COM,Comoros,false,2020,1.96199379762606
COM,Comoros,false,2021,1.97631988078353
COM,Comoros,false,2022,1.93837687010445
COM,Comoros,false,2023,1.92327433672711
COM,Comoros,false,2024,1.89182789744612
COM,Comoros,false,2025,1.85420936957363
CPV,Cabo Verde,false,1960,
CPV,Cabo Verde,false,1961,2.38207875396116
CPV,Cabo Verde,false,1962,3.1269852986783
CPV,Cabo Verde,false,1963,3.30370489967376
CPV,Cabo Verde,false,1964,3.27359578455994
CPV,Cabo Verde,false,1965,3.25848253765739
CPV,Cabo Verde,false,1966,3.26243399208442
CPV,Cabo Verde,false,1967,3.27724807240761
CPV,Cabo Verde,false,1968,3.29620787167029
CPV,Cabo Verde,false,1969,3.30710938739121
CPV,Cabo Verde,false,1970,3.04608189542175
CPV,Cabo Verde,false,1971,2.11751228480238
CPV,Cabo Verde,false,1972,1.12947405863466
CPV,Cabo Verde,false,1973,0.835477102543294
CPV,Cabo Verde,false,1974,0.892692636307458
CPV,Cabo Verde,false,1975,1.07723212511223
CPV,Cabo Verde,false,1976,1.17277088432815
CPV,Cabo Verde,false,1977,1.08600126624057
CPV,Cabo Verde,false,1978,1.05345968766793
CPV,Cabo Verde,false,1979,1.04873787561232
CPV,Cabo Verde,false,1980,1.18891037797972
CPV,Cabo Verde,false,1981,1.39602081046734
CPV,Cabo Verde,false,1982,1.47693315494342
CPV,Cabo Verde,false,1983,1.47083850542897
CPV,Cabo Verde,false,1984,1.42645535984854
CPV,Cabo Verde,false,1985,1.40898441788629
CPV,Cabo Verde,false,1986,1.41410463314484
CPV,Cabo Verde,false,1987,1.4064215904602
CPV,Cabo Verde,false,1988,1.39712763091834
CPV,Cabo Verde,false,1989,1.49948298838424
CPV,Cabo Verde,false,1990,2.05192397342069
CPV,Cabo Verde,false,1991,2.41007225580579
CPV,Cabo Verde,false,1992,2.26976033226457
CPV,Cabo Verde,false,1993,2.14999857933375
CPV,Cabo Verde,false,1994,2.03480825423247
CPV,Cabo Verde,false,1995,1.90171027115883
CPV,Cabo Verde,false,1996,1.77250887678015
CPV,Cabo Verde,false,1997,1.6815812275736
CPV,Cabo Verde,false,1998,1.60125908365746
CPV,Cabo Verde,false,1999,1.51982553166013
CPV,Cabo Verde,false,2000,1.51097073984668
CPV,Cabo Verde,false,2001,1.52715832330257
CPV,Cabo Verde,false,2002,1.45645106544752
CPV,Cabo Verde,false,2003,1.34770321112892
CPV,Cabo Verde,false,2004,1.25679558194683
CPV,Cabo Verde,false,2005,1.19132344131983
CPV,Cabo Verde,false,2006,1.15040265762577
CPV,Cabo Verde,false,2007,1.10689150817132
CPV,Cabo Verde,false,2008,1.03555151023311
CPV,Cabo Verde,false,2009,0.950085360363308
CPV,Cabo Verde,false,2010,0.717181999615317
CPV,Cabo Verde,false,2011,0.325685661710053
CPV,Cabo Verde,false,2012,0.0992767342106355
CPV,Cabo Verde,false,2013,0.052725108136232
CPV,Cabo Verde,false,2014,0.0197159536864678
CPV,Cabo Verde,false,2015,0.0132719182020122
CPV,Cabo Verde,false,2016,0.0312210963482392
CPV,Cabo Verde,false,2017,0.0661175101881539
CPV,Cabo Verde,false,2018,0.101723857752759
CPV,Cabo Verde,false,2019,0.134109462358547
CPV,Cabo Verde,false,2020,0.11178257414313
CPV,Cabo Verde,false,2021,0.38203217521266
CPV,Cabo Verde,false,2022,0.596688345869947
CPV,Cabo Verde,false,2023,0.497087597239901
CPV,Cabo Verde,false,2024,0.486246288487151
CPV,Cabo Verde,false,2025,0.465500368710652
CRI,Costa Rica,false,1960,
CRI,Costa Rica,false,1961,3.72806548070635
CRI,Costa Rica,false,1962,3.67111412949859
CRI,Costa Rica,false,1963,3.58390276413584
CRI,Costa Rica,false,1964,3.47273422956429
CRI,Costa Rica,false,1965,3.34936351687592
CRI,Costa Rica,false,1966,3.22005388396616
CRI,Costa Rica,false,1967,3.08994395804472
CRI,Costa Rica,false,1968,2.92842629991701
CRI,Costa Rica,false,1969,2.8080565185329
CRI,Costa Rica,false,1970,2.7383144015176
CRI,Costa Rica,false,1971,2.66093014933661
CRI,Costa Rica,false,1972,2.59809579900607
CRI,Costa Rica,false,1973,2.55171563053986
CRI,Costa Rica,false,1974,2.54731639786761
CRI,Costa Rica,false,1975,2.56893848614398
CRI,Costa Rica,false,1976,2.59677795552429
CRI,Costa Rica,false,1977,2.63068897444961
CRI,Costa Rica,false,1978,2.66195532872331
CRI,Costa Rica,false,1979,2.70022940009079
CRI,Costa Rica,false,1980,2.71974904412354
CRI,Costa Rica,false,1981,2.72351570441093
CRI,Costa Rica,false,1982,2.73708866159473
CRI,Costa Rica,false,1983,2.74812463249292
CRI,Costa Rica,false,1984,2.7531843012899
CRI,Costa Rica,false,1985,2.74716050486768
CRI,Costa Rica,false,1986,2.71002407920195
CRI,Costa Rica,false,1987,2.64408130653172
CRI,Costa Rica,false,1988,2.57330518707329
CRI,Costa Rica,false,1989,2.5192577063029
CRI,Costa Rica,false,1990,2.52640419852885
CRI,Costa Rica,false,1991,2.5450931455096
CRI,Costa Rica,false,1992,2.53101725222341
CRI,Costa Rica,false,1993,2.50102787685133
CRI,Costa Rica,false,1994,2.45483655616742
CRI,Costa Rica,false,1995,2.40636903822296
CRI,Costa Rica,false,1996,2.34382507825926
CRI,Costa Rica,false,1997,2.25938084660032
CRI,Costa Rica,false,1998,2.16793763840442
CRI,Costa Rica,false,1999,2.07368143393479
CRI,Costa Rica,false,2000,1.93953648052985
CRI,Costa Rica,false,2001,1.79219125961783
CRI,Costa Rica,false,2002,1.65151245454059
CRI,Costa Rica,false,2003,1.53582870223889
CRI,Costa Rica,false,2004,1.47010716590985
CRI,Costa Rica,false,2005,1.44571011925289
CRI,Costa Rica,false,2006,1.40053416057494
CRI,Costa Rica,false,2007,1.35398044462869
CRI,Costa Rica,false,2008,1.35616451871952
CRI,Costa Rica,false,2009,1.33639622760454
CRI,Costa Rica,false,2010,1.24057536472066
CRI,Costa Rica,false,2011,1.17549258554055
CRI,Costa Rica,false,2012,1.16676672488044
CRI,Costa Rica,false,2013,1.11328546681261
CRI,Costa Rica,false,2014,1.07499865275958
CRI,Costa Rica,false,2015,1.06246520512643
CRI,Costa Rica,false,2016,1.01105286688192
CRI,Costa Rica,false,2017,0.944345948457895
CRI,Costa Rica,false,2018,0.904494518403601
CRI,Costa Rica,false,2019,0.838278384859255
CRI,Costa Rica,false,2020,0.6929953994471
CRI,Costa Rica,false,2021,0.508564932290693
CRI,Costa Rica,false,2022,0.429453043658398
CRI,Costa Rica,false,2023,0.46646444898736
CRI,Costa Rica,false,2024,0.476482848761595
CRI,Costa Rica,false,2025,0.448125104429705
CSS,Caribbean small states,true,1960,
CSS,Caribbean small states,true,1961,2.16185719552329
CSS,Caribbean small states,true,1962,2.11681977698599
CSS,Caribbean small states,true,1963,2.15221335346599
CSS,Caribbean small states,true,1964,2.05068529354264
CSS,Caribbean small states,true,1965,1.95202146077367
CSS,Caribbean small states,true,1966,1.90922194113223
CSS,Caribbean small states,true,1967,1.85944759738486
CSS,Caribbean small states,true,1968,1.81561205148415
CSS,Caribbean small states,true,1969,1.75418047276311
CSS,Caribbean small states,true,1970,1.57084950841421
CSS,Caribbean small states,true,1971,1.41543812563051
CSS,Caribbean small states,true,1972,1.17007853691227
CSS,Caribbean small states,true,1973,0.918883184162572
CSS,Caribbean small states,true,1974,0.860325658792524
CSS,Caribbean small states,true,1975,0.827025094193913
CSS,Caribbean small states,true,1976,0.812566731555556
CSS,Caribbean small states,true,1977,0.795032901393704
CSS,Caribbean small states,true,1978,0.769411216474909
CSS,Caribbean small states,true,1979,0.73958610322567
CSS,Caribbean small states,true,1980,0.763256642401435
CSS,Caribbean small states,true,1981,0.769795788751409
CSS,Caribbean small states,true,1982,0.742879365211176
CSS,Caribbean small states,true,1983,0.742722738184477
CSS,Caribbean small states,true,1984,0.739274203494063
CSS,Caribbean small states,true,1985,0.800574389136441
CSS,Caribbean small states,true,1986,0.826469634560163
CSS,Caribbean small states,true,1987,0.731836734745041
CSS,Caribbean small states,true,1988,0.683406148711322
CSS,Caribbean small states,true,1989,0.657005561939887
CSS,Caribbean small states,true,1990,0.563562781880641
CSS,Caribbean small states,true,1991,0.622309110450173
CSS,Caribbean small states,true,1992,0.778900968985098
CSS,Caribbean small states,true,1993,0.769534437046228
CSS,Caribbean small states,true,1994,0.764109470009934
CSS,Caribbean small states,true,1995,0.849533590652267
CSS,Caribbean small states,true,1996,0.872571027540678
CSS,Caribbean small states,true,1997,0.844878360381325
CSS,Caribbean small states,true,1998,0.823212927890087
CSS,Caribbean small states,true,1999,0.809205493589735
CSS,Caribbean small states,true,2000,0.786660535791513
CSS,Caribbean small states,true,2001,0.776959023973915
CSS,Caribbean small states,true,2002,0.79214662044116
CSS,Caribbean small states,true,2003,0.797894040767662
CSS,Caribbean small states,true,2004,0.727514378541612
CSS,Caribbean small states,true,2005,-0.765092501109744
CSS,Caribbean small states,true,2006,0.577688218040167
CSS,Caribbean small states,true,2007,0.634526976899091
CSS,Caribbean small states,true,2008,0.635011091350496
CSS,Caribbean small states,true,2009,0.530304868383527
CSS,Caribbean small states,true,2010,0.635465035251728
CSS,Caribbean small states,true,2011,0.663258562426195
CSS,Caribbean small states,true,2012,0.648625119003183
CSS,Caribbean small states,true,2013,0.689056755355642
CSS,Caribbean small states,true,2014,0.675639971237344
CSS,Caribbean small states,true,2015,0.642854099713262
CSS,Caribbean small states,true,2016,0.627162236860335
CSS,Caribbean small states,true,2017,0.569787976717434
CSS,Caribbean small states,true,2018,0.946415905583182
CSS,Caribbean small states,true,2019,0.801650066715792
CSS,Caribbean small states,true,2020,0.363226824115709
CSS,Caribbean small states,true,2021,0.444484009630739
CSS,Caribbean small states,true,2022,0.404234861975181
CSS,Caribbean small states,true,2023,0.501131442241158
CSS,Caribbean small states,true,2024,0.422918747707842
CSS,Caribbean small states,true,2025,0.384757178377881
CUB,Cuba,false,1960,
CUB,Cuba,false,1961,2.03814210409559
CUB,Cuba,false,1962,2.06302577033786
CUB,Cuba,false,1963,2.10680952802517
CUB,Cuba,false,1964,2.11163265544986
CUB,Cuba,false,1965,2.07315592406891
CUB,Cuba,false,1966,2.00512787518502
CUB,Cuba,false,1967,1.92408061286798
CUB,Cuba,false,1968,1.86099110790833
CUB,Cuba,false,1969,1.82954006305191
CUB,Cuba,false,1970,1.8037399613089
CUB,Cuba,false,1971,1.7379411988235
CUB,Cuba,false,1972,1.59983738092091
CUB,Cuba,false,1973,1.43030278639125
CUB,Cuba,false,1974,1.27600356923092
CUB,Cuba,false,1975,1.11959915033291
CUB,Cuba,false,1976,0.960756471271191
CUB,Cuba,false,1977,0.80332666433812
CUB,Cuba,false,1978,0.656393075521095
CUB,Cuba,false,1979,0.52759163495565
CUB,Cuba,false,1980,0.423556236398996
CUB,Cuba,false,1981,0.453076354744453
CUB,Cuba,false,1982,0.641242929933202
CUB,Cuba,false,1983,0.787244352233078
CUB,Cuba,false,1984,0.820096974222358
CUB,Cuba,false,1985,0.829731044669643
CUB,Cuba,false,1986,0.853070944320048
CUB,Cuba,false,1987,0.885300430136312
CUB,Cuba,false,1988,0.936479704291618
CUB,Cuba,false,1989,0.960217487261266
CUB,Cuba,false,1990,0.931316010174928
CUB,Cuba,false,1991,0.804156611215522
CUB,Cuba,false,1992,0.633956474992599
CUB,Cuba,false,1993,0.510755528742472
CUB,Cuba,false,1994,0.41413869035025
CUB,Cuba,false,1995,0.360738635076928
CUB,Cuba,false,1996,0.334878342165694
CUB,Cuba,false,1997,0.327177811070877
CUB,Cuba,false,1998,0.333850361499209
CUB,Cuba,false,1999,0.339423118944191
CUB,Cuba,false,2000,0.332523063476085
CUB,Cuba,false,2001,0.314767893063089
CUB,Cuba,false,2002,0.298241158634859
CUB,Cuba,false,2003,0.28557024938914
CUB,Cuba,false,2004,0.261696675732895
CUB,Cuba,false,2005,0.211525541164423
CUB,Cuba,false,2006,0.141927411231616
CUB,Cuba,false,2007,0.0773027495682228
CUB,Cuba,false,2008,0.0397714096996831
CUB,Cuba,false,2009,0.0261838045235437
CUB,Cuba,false,2010,0.023813604568028
CUB,Cuba,false,2011,0.0368335212213653
CUB,Cuba,false,2012,0.0141917100302061
CUB,Cuba,false,2013,-0.0443159532912746
CUB,Cuba,false,2014,-0.109741702698894
CUB,Cuba,false,2015,-0.0949432805207596
CUB,Cuba,false,2016,-0.0838750367097098
CUB,Cuba,false,2017,-0.157976772172404
CUB,Cuba,false,2018,-0.1843030451865
CUB,Cuba,false,2019,-0.216424863402489
CUB,Cuba,false,2020,-0.236755669324081
CUB,Cuba,false,2021,-0.486006262271645
CUB,Cuba,false,2022,-0.562151275082133
CUB,Cuba,false,2023,-0.361317873522215
CUB,Cuba,false,2024,-0.364986968189241
CUB,Cuba,false,2025,-0.388557565092683
CUW,Curacao,false,1960,
CUW,Curacao,false,1961,1.03527111034878
CUW,Curacao,false,1962,1.79859409061968
CUW,Curacao,false,1963,1.88686298616231
CUW,Curacao,false,1964,1.73332420521388
CUW,Curacao,false,1965,1.57819186815029
CUW,Curacao,false,1966,1.04138496835584
CUW,Curacao,false,1967,1.06106038020338
CUW,Curacao,false,1968,1.55010681784845
CUW,Curacao,false,1969,1.61415274319724
CUW,Curacao,false,1970,1.50218612026628
CUW,Curacao,false,1971,1.81432296308953
CUW,Curacao,false,1972,0.217554194766688
CUW,Curacao,false,1973,-0.541712398569686
CUW,Curacao,false,1974,0.974731946293873
CUW,Curacao,false,1975,0.523061566354982
CUW,Curacao,false,1976,0.180887604258723
CUW,Curacao,false,1977,0.0401528490494618
CUW,Curacao,false,1978,-0.750843017063698
CUW,Curacao,false,1979,-0.33086676683633
CUW,Curacao,false,1980,0.128425253885878
CUW,Curacao,false,1981,0.396400559512914
CUW,Curacao,false,1982,0.985513282103748
CUW,Curacao,false,1983,0.702386211025075
CUW,Curacao,false,1984,0.515344312241777
CUW,Curacao,false,1985,0.506154022821026
CUW,Curacao,false,1986,-0.0320919010001208
CUW,Curacao,false,1987,-0.793117356944721
CUW,Curacao,false,1988,-1.46456011402408
CUW,Curacao,false,1989,-1.56456290964139
CUW,Curacao,false,1990,-1.05153583877637
CUW,Curacao,false,1991,-0.688056323323484
CUW,Curacao,false,1992,-0.340600020579915
CUW,Curacao,false,1993,0.268553408849753
CUW,Curacao,false,1994,0.229122133675804
CUW,Curacao,false,1995,0.351314684120746
CUW,Curacao,false,1996,0.800841487823614
CUW,Curacao,false,1997,0.443290344067027
CUW,Curacao,false,1998,-1.70475050957122
CUW,Curacao,false,1999,-3.55373781613171
CUW,Curacao,false,2000,-4.07538613162288
CUW,Curacao,false,2001,-3.6617798581649
CUW,Curacao,false,2002,0.122361119924304
CUW,Curacao,false,2003,2.06210246711066
CUW,Curacao,false,2004,1.72502952808587
CUW,Curacao,false,2005,2.55007380740239
CUW,Curacao,false,2006,2.56811425717747
CUW,Curacao,false,2007,1.97486219793502
CUW,Curacao,false,2008,1.25822530732751
CUW,Curacao,false,2009,0.65115206175087
CUW,Curacao,false,2010,1.26551415533004
CUW,Curacao,false,2011,1.42089766276671
CUW,Curacao,false,2012,0.829929595036991
CUW,Curacao,false,2013,1.13367890654299
CUW,Curacao,false,2014,1.34764139563651
CUW,Curacao,false,2015,1.31959390251523
CUW,Curacao,false,2016,1.06031644056836
CUW,Curacao,false,2017,0.319536038312865
CUW,Curacao,false,2018,-0.525178744011738
CUW,Curacao,false,2019,-1.19643951751799
CUW,Curacao,false,2020,-1.25208156177086
CUW,Curacao,false,2021,-0.991508623687595
CUW,Curacao,false,2022,-0.408112025783182
CUW,Curacao,false,2023,0.865660085534404
CUW,Curacao,false,2024,0.845408275786684
CUW,Curacao,false,2025,0.189603874500038
CYM,Cayman Islands,false,1960,
CYM,Cayman Islands,false,1961,2.03189796273999
CYM,Cayman Islands,false,1962,2.0711820808516
CYM,Cayman Islands,false,1963,2.12953796928463
CYM,Cayman Islands,false,1964,2.16153100162275
CYM,Cayman Islands,false,1965,2.10511363026753
CYM,Cayman Islands,false,1966,2.10356046737023
CYM,Cayman Islands,false,1967,2.16263796074955
CYM,Cayman Islands,false,1968,2.04667731758503
CYM,Cayman Islands,false,1969,1.9269567233654
CYM,Cayman Islands,false,1970,3.40425484575815
CYM,Cayman Islands,false,1971,5.3771916365818
CYM,Cayman Islands,false,1972,5.82791087880391
CYM,Cayman Islands,false,1973,5.57122819899489
CYM,Cayman Islands,false,1974,5.29240591597302
CYM,Cayman Islands,false,1975,5.01182868131912
CYM,Cayman Islands,false,1976,4.71725442061704
CYM,Cayman Islands,false,1977,4.40546219778461
CYM,Cayman Islands,false,1978,4.03531656699531
CYM,Cayman Islands,false,1979,3.8910077043861
CYM,Cayman Islands,false,1980,4.35605810846052
CYM,Cayman Islands,false,1981,4.72303648133415
CYM,Cayman Islands,false,1982,4.61137489660239
CYM,Cayman Islands,false,1983,4.4233767797207
CYM,Cayman Islands,false,1984,4.27509421701943
CYM,Cayman Islands,false,1985,4.16547365766936
CYM,Cayman Islands,false,1986,4.01239456510089
CYM,Cayman Islands,false,1987,3.87059581315029
CYM,Cayman Islands,false,1988,3.73469738956829
CYM,Cayman Islands,false,1989,3.78130045928398
CYM,Cayman Islands,false,1990,4.42349945118073
CYM,Cayman Islands,false,1991,4.86088220725656
CYM,Cayman Islands,false,1992,4.74738163029526
CYM,Cayman Islands,false,1993,4.62563473725116
CYM,Cayman Islands,false,1994,4.48809994059442
CYM,Cayman Islands,false,1995,4.34111378801683
CYM,Cayman Islands,false,1996,4.18683881903638
CYM,Cayman Islands,false,1997,4.01856441263758
CYM,Cayman Islands,false,1998,3.80643482541395
CYM,Cayman Islands,false,1999,3.62244749852824
CYM,Cayman Islands,false,2000,3.56640069722567
CYM,Cayman Islands,false,2001,3.50443844716451
CYM,Cayman Islands,false,2002,3.40929876733717
CYM,Cayman Islands,false,2003,3.28550743410603
CYM,Cayman Islands,false,2004,3.17657692300086
CYM,Cayman Islands,false,2005,3.11724827664581
CYM,Cayman Islands,false,2006,3.03959413986438
CYM,Cayman Islands,false,2007,2.97206282837332
CYM,Cayman Islands,false,2008,2.90387130778235
CYM,Cayman Islands,false,2009,2.827622397931
CYM,Cayman Islands,false,2010,2.77574348652733
CYM,Cayman Islands,false,2011,2.74754077100958
CYM,Cayman Islands,false,2012,2.71432817487524
CYM,Cayman Islands,false,2013,2.6238432105591
CYM,Cayman Islands,false,2014,2.53348566839008
CYM,Cayman Islands,false,2015,2.43357767472909
CYM,Cayman Islands,false,2016,2.33773131582921
CYM,Cayman Islands,false,2017,2.24869427399836
CYM,Cayman Islands,false,2018,2.15526905432315
CYM,Cayman Islands,false,2019,2.08009420729087
CYM,Cayman Islands,false,2020,1.9954930548265
CYM,Cayman Islands,false,2021,2.05206347593734
CYM,Cayman Islands,false,2022,2.09324575309515
CYM,Cayman Islands,false,2023,2.00104859136332
CYM,Cayman Islands,false,2024,1.92419238887509
CYM,Cayman Islands,false,2025,1.84568216276921
CYP,Cyprus,false,1960,
CYP,Cyprus,false,1961,1.52692805249667
CYP,Cyprus,false,1962,0.994511028907358
CYP,Cyprus,false,1963,0.957385294946079
CYP,Cyprus,false,1964,0.863936613213311
CYP,Cyprus,false,1965,0.847795417696779
CYP,Cyprus,false,1966,0.911114441705689
CYP,Cyprus,false,1967,0.935789706819611
CYP,Cyprus,false,1968,0.934198921974894
CYP,Cyprus,false,1969,0.945205282709857
CYP,Cyprus,false,1970,0.971112715802076
CYP,Cyprus,false,1971,1.01484087217212
CYP,Cyprus,false,1972,1.06653443118851
CYP,Cyprus,false,1973,0.734592602532256
CYP,Cyprus,false,1974,-0.403704756337496
CYP,Cyprus,false,1975,-0.582011064829153
CYP,Cyprus,false,1976,0.397597987754961
CYP,Cyprus,false,1977,0.762756560265249
CYP,Cyprus,false,1978,0.768734886605108
CYP,Cyprus,false,1979,0.785306725576601
CYP,Cyprus,false,1980,0.812425231061799
CYP,Cyprus,false,1981,0.847983424867763
CYP,Cyprus,false,1982,1.09775245389537
CYP,Cyprus,false,1983,1.52853754173004
CYP,Cyprus,false,1984,1.69769225562539
CYP,Cyprus,false,1985,1.64665370077492
CYP,Cyprus,false,1986,1.60450327689436
CYP,Cyprus,false,1987,1.55955867726446
CYP,Cyprus,false,1988,1.50559707194302
CYP,Cyprus,false,1989,1.44918336664067
CYP,Cyprus,false,1990,1.39626772860371
CYP,Cyprus,false,1991,1.33474335456999
CYP,Cyprus,false,1992,1.41642910298543
CYP,Cyprus,false,1993,1.91807881710741
CYP,Cyprus,false,1994,2.23065319444484
CYP,Cyprus,false,1995,2.11187434623439
CYP,Cyprus,false,1996,2.01901883303889
CYP,Cyprus,false,1997,1.94374848704265
CYP,Cyprus,false,1998,1.87410706426377
CYP,Cyprus,false,1999,1.80806341864318
CYP,Cyprus,false,2000,1.74925863858297
CYP,Cyprus,false,2001,1.72198539478757
CYP,Cyprus,false,2002,1.77978522540643
CYP,Cyprus,false,2003,1.83243139832695
CYP,Cyprus,false,2004,1.8127204878139
CYP,Cyprus,false,2005,1.77957653069647
CYP,Cyprus,false,2006,1.74760698284514
CYP,Cyprus,false,2007,1.72029297747734
CYP,Cyprus,false,2008,1.69266521990115
CYP,Cyprus,false,2009,1.66746501269811
CYP,Cyprus,false,2010,1.64898311615441
CYP,Cyprus,false,2011,1.6424698555703
CYP,Cyprus,false,2012,1.63540837414934
CYP,Cyprus,false,2013,1.57480485967812
CYP,Cyprus,false,2014,1.50114149056878
CYP,Cyprus,false,2015,1.46213136863434
CYP,Cyprus,false,2016,1.43370522557944
CYP,Cyprus,false,2017,1.377808546931
CYP,Cyprus,false,2018,1.30393306995205
CYP,Cyprus,false,2019,1.24612155650882
CYP,Cyprus,false,2020,1.20329712567783
CYP,Cyprus,false,2021,1.1499785451605
CYP,Cyprus,false,2022,1.06174678712373
CYP,Cyprus,false,2023,1.0167681770201
CYP,Cyprus,false,2024,0.984449687113221
CYP,Cyprus,false,2025,0.914028750872649
CZE,Czechia,false,1960,
CZE,Czechia,false,1961,-0.160042500915763
CZE,Czechia,false,1962,0.395694490537776
CZE,Czechia,false,1963,0.477058972393582
CZE,Czechia,false,1964,0.58890323959932
CZE,Czechia,false,1965,0.528566072575263
CZE,Czechia,false,1966,0.425318535206866
CZE,Czechia,false,1967,0.323870353038585
CZE,Czechia,false,1968,0.237687869340698
CZE,Czechia,false,1969,0.204663761578724
CZE,Czechia,false,1970,-0.38987323824066
CZE,Czechia,false,1971,-0.317563701077064
CZE,Czechia,false,1972,0.414503219518839
CZE,Czechia,false,1973,0.552141691663197
CZE,Czechia,false,1974,0.664900387723116
CZE,Czechia,false,1975,0.699965181580971
CZE,Czechia,false,1976,0.667037110958035
CZE,Czechia,false,1977,0.59879976253946
CZE,Czechia,false,1978,0.541813437966295
CZE,Czechia,false,1979,0.489354496250338
CZE,Czechia,false,1980,0.115087337589653
CZE,Czechia,false,1981,-0.034962754636898
CZE,Czechia,false,1982,0.138100551275644
CZE,Czechia,false,1983,0.087505593392119
CZE,Czechia,false,1984,0.0615568796708922
CZE,Czechia,false,1985,0.0668204351778328
CZE,Czechia,false,1986,0.0494116240523893
CZE,Czechia,false,1987,0.049213263053871
CZE,Czechia,false,1988,0.0768792586277848
CZE,Czechia,false,1989,0.055917203835936
CZE,Czechia,false,1990,-0.267830773210837
CZE,Czechia,false,1991,-0.240064841789636
CZE,Czechia,false,1992,0.102241165106867
CZE,Czechia,false,1993,0.103947042476644
CZE,Czechia,false,1994,0.0361217655856125
CZE,Czechia,false,1995,-0.0613140627238111
CZE,Czechia,false,1996,-0.11638129923463
CZE,Czechia,false,1997,-0.107762749274352
CZE,Czechia,false,1998,-0.0947447516571582
CZE,Czechia,false,1999,-0.102175934295454
CZE,Czechia,false,2000,-0.280414108078884
CZE,Czechia,false,2001,-0.375719704335905
CZE,Czechia,false,2002,-0.192901617564167
CZE,Czechia,false,2003,-0.028620590719166
CZE,Czechia,false,2004,0.0304348483027166
CZE,Czechia,false,2005,0.138325980046718
CZE,Czechia,false,2006,0.270795629232185
CZE,Czechia,false,2007,0.583542205385113
CZE,Czechia,false,2008,0.829412602993033
CZE,Czechia,false,2009,0.569729451418061
CZE,Czechia,false,2010,0.29136167418042
CZE,Czechia,false,2011,0.206747667335417
CZE,Czechia,false,2012,0.139925655740972
CZE,Czechia,false,2013,0.0331699460503076
CZE,Czechia,false,2014,0.105277581527518
CZE,Czechia,false,2015,0.196588748472653
CZE,Czechia,false,2016,0.192048415842684
CZE,Czechia,false,2017,0.265642663548985
CZE,Czechia,false,2018,0.334427262299794
CZE,Czechia,false,2019,0.393788864202175
CZE,Czechia,false,2020,0.243222682211879
CZE,Czechia,false,2021,-1.81187141002542
CZE,Czechia,false,2022,1.5709725672011
CZE,Czechia,false,2023,1.78238907045946
CZE,Czechia,false,2024,0.376553049157494
CZE,Czechia,false,2025,-0.16657564691038
DEU,Germany,false,1960,
DEU,Germany,false,1961,0.769854344284138
DEU,Germany,false,1962,0.879431691508147
DEU,Germany,false,1963,0.925875063469895
DEU,Germany,false,1964,0.805140883333687
DEU,Germany,false,1965,0.85319043680184
DEU,Germany,false,1966,0.834560800634988
DEU,Germany,false,1967,0.457208526697556
DEU,Germany,false,1968,0.444717326246995
DEU,Germany,false,1969,0.792983738181533
DEU,Germany,false,1970,0.332661392813347
DEU,Germany,false,1971,0.183475313574861
DEU,Germany,false,1972,0.478481045657976
DEU,Germany,false,1973,0.314942451198579
DEU,Germany,false,1974,0.0389692231983959
DEU,Germany,false,1975,-0.372846359360899
DEU,Germany,false,1976,-0.428766874960255
DEU,Germany,false,1977,-0.226376662518719
DEU,Germany,false,1978,-0.0870314153537852
DEU,Germany,false,1979,0.0442074062989572
DEU,Germany,false,1980,0.207430406185115
DEU,Germany,false,1981,0.152308489359723
DEU,Germany,false,1982,-0.0951134365477742
DEU,Germany,false,1983,-0.262152572305171
DEU,Germany,false,1984,-0.345666402296961
DEU,Germany,false,1985,-0.223489901582361
DEU,Germany,false,1986,0.0457680639736539
DEU,Germany,false,1987,0.15361757528619
DEU,Germany,false,1988,0.390678960242038
DEU,Germany,false,1989,0.773336990610757
DEU,Germany,false,1990,0.861969448764933
DEU,Germany,false,1991,0.728605546561364
DEU,Germany,false,1992,0.760346946721127
DEU,Germany,false,1993,0.657391218087626
DEU,Germany,false,1994,0.346856648630233
DEU,Germany,false,1995,0.293904443716697
DEU,Germany,false,1996,0.289474899455448
DEU,Germany,false,1997,0.146313281561803
DEU,Germany,false,1998,0.0151436508552808
DEU,Germany,false,1999,0.0646345779052372
DEU,Germany,false,2000,0.135431600393084
DEU,Germany,false,2001,0.168225361337335
DEU,Germany,false,2002,0.168128319406931
DEU,Germany,false,2003,0.0553633035873241
DEU,Germany,false,2004,-0.021709727650009
DEU,Germany,false,2005,-0.0567782618352031
DEU,Germany,false,2006,-0.112797497644931
DEU,Germany,false,2007,-0.133718572600486
DEU,Germany,false,2008,-0.190142844695674
DEU,Germany,false,2009,-0.253383410163402
DEU,Germany,false,2010,-0.153198446937304
DEU,Germany,false,2011,-1.8537146287573
DEU,Germany,false,2012,0.187727800567293
DEU,Germany,false,2013,0.272900214681538
DEU,Germany,false,2014,0.416877359168292
DEU,Germany,false,2015,0.865702643950251
DEU,Germany,false,2016,0.807218538573871
DEU,Germany,false,2017,0.373724559895838
DEU,Germany,false,2018,0.300526701992065
DEU,Germany,false,2019,0.22551987421288
DEU,Germany,false,2020,0.0816931586494595
DEU,Germany,false,2021,0.0423270572552137
DEU,Germany,false,2022,-0.0219565701848977
DEU,Germany,false,2023,0.131511079477747
DEU,Germany,false,2024,0.274957829184881
DEU,Germany,false,2025,-0.0303506708320264
DJI,Djibouti,false,1960,
DJI,Djibouti,false,1961,3.8382492011536
DJI,Djibouti,false,1962,4.26290642202511
DJI,Djibouti,false,1963,4.80226191801968
DJI,Djibouti,false,1964,5.29889705145004
DJI,Djibouti,false,1965,5.5542089913012
DJI,Djibouti,false,1966,5.50769643634537
DJI,Djibouti,false,1967,5.38713216004184
DJI,Djibouti,false,1968,5.28416351592854
DJI,Djibouti,false,1969,5.92467666918025
DJI,Djibouti,false,1970,6.47116605154322
DJI,Djibouti,false,1971,6.63622403086263
DJI,Djibouti,false,1972,6.9226617543551
DJI,Djibouti,false,1973,7.07740769995858
DJI,Djibouti,false,1974,7.63801483802472
DJI,Djibouti,false,1975,8.5986344997494
DJI,Djibouti,false,1976,9.46091942801282
DJI,Djibouti,false,1977,9.84662115390561
DJI,Djibouti,false,1978,9.51555660197874
DJI,Djibouti,false,1979,8.3813467851289
DJI,Djibouti,false,1980,6.76159564458876
DJI,Djibouti,false,1981,5.15377283940028
DJI,Djibouti,false,1982,3.95321268022398
DJI,Djibouti,false,1983,3.48945763592646
DJI,Djibouti,false,1984,3.84863967177875
DJI,Djibouti,false,1985,4.73790213434161
DJI,Djibouti,false,1986,5.70799103076287
DJI,Djibouti,false,1987,6.37361711521884
DJI,Djibouti,false,1988,6.41892351240116
DJI,Djibouti,false,1989,7.70951082668141
DJI,Djibouti,false,1990,10.1971224309312
DJI,Djibouti,false,1991,8.52204178299047
DJI,Djibouti,false,1992,-0.808530681693408
DJI,Djibouti,false,1993,-1.89724740533846
DJI,Djibouti,false,1994,2.00900423413595
DJI,Djibouti,false,1995,1.01034052435923
DJI,Djibouti,false,1996,2.38402702915598
DJI,Djibouti,false,1997,3.55583927718347
DJI,Djibouti,false,1998,4.01682100112432
DJI,Djibouti,false,1999,3.49382600154796
DJI,Djibouti,false,2000,3.13983453232405
DJI,Djibouti,false,2001,3.16034601005493
DJI,Djibouti,false,2002,3.09696092483835
DJI,Djibouti,false,2003,2.23054155487864
DJI,Djibouti,false,2004,1.53756010632665
DJI,Djibouti,false,2005,1.56648498246787
DJI,Djibouti,false,2006,1.95849040506805
DJI,Djibouti,false,2007,2.16896750475782
DJI,Djibouti,false,2008,2.06043519210448
DJI,Djibouti,false,2009,2.08325510197307
DJI,Djibouti,false,2010,2.03332270229716
DJI,Djibouti,false,2011,1.94884944824561
DJI,Djibouti,false,2012,1.8993890613377
DJI,Djibouti,false,2013,1.85261177020025
DJI,Djibouti,false,2014,1.80056496059208
DJI,Djibouti,false,2015,1.73961273409176
DJI,Djibouti,false,2016,1.68519891610854
DJI,Djibouti,false,2017,1.64286125399062
DJI,Djibouti,false,2018,1.60259372935612
DJI,Djibouti,false,2019,1.55766086478885
DJI,Djibouti,false,2020,1.50228656339009
DJI,Djibouti,false,2021,1.44268944208775
DJI,Djibouti,false,2022,1.40352932560807
DJI,Djibouti,false,2023,1.38410272350128
DJI,Djibouti,false,2024,1.3592172957681
DJI,Djibouti,false,2025,1.30518794764358
DMA,Dominica,false,1960,
DMA,Dominica,false,1961,1.39991080391268
DMA,Dominica,false,1962,1.2199198805463
DMA,Dominica,false,1963,1.28947803807603
DMA,Dominica,false,1964,1.36417668206257
DMA,Dominica,false,1965,1.45610541477885
DMA,Dominica,false,1966,1.56551020885838
DMA,Dominica,false,1967,1.65732662222422
DMA,Dominica,false,1968,1.73375867263181
DMA,Dominica,false,1969,1.78520476216238
DMA,Dominica,false,1970,1.42356359690716
DMA,Dominica,false,1971,0.901479667517113
DMA,Dominica,false,1972,0.756493951004689
DMA,Dominica,false,1973,0.746563956682217
DMA,Dominica,false,1974,0.714308918233858
DMA,Dominica,false,1975,0.671524523200478
DMA,Dominica,false,1976,0.622621050681881
DMA,Dominica,false,1977,0.538696662875115
DMA,Dominica,false,1978,0.438228497095032
DMA,Dominica,false,1979,0.322618567476872
DMA,Dominica,false,1980,0.169814203856558
DMA,Dominica,false,1981,-0.132813963618067
DMA,Dominica,false,1982,-0.409133291713243
DMA,Dominica,false,1983,-0.445355192747964
DMA,Dominica,false,1984,-0.427916260812614
DMA,Dominica,false,1985,-0.433936703174703
DMA,Dominica,false,1986,-0.472232802133698
DMA,Dominica,false,1987,-0.537813118348987
DMA,Dominica,false,1988,-0.586031571767658
DMA,Dominica,false,1989,-0.646488139064486
DMA,Dominica,false,1990,-0.752614798747924
DMA,Dominica,false,1991,-0.476523867679645
DMA,Dominica,false,1992,0.0418407029570831
DMA,Dominica,false,1993,0.155666731732821
DMA,Dominica,false,1994,0.0633503728623354
DMA,Dominica,false,1995,-0.0115152649357831
DMA,Dominica,false,1996,-0.0849660546943118
DMA,Dominica,false,1997,-0.16004732741785
DMA,Dominica,false,1998,-0.252848288556863
DMA,Dominica,false,1999,-0.368132363513844
DMA,Dominica,false,2000,-0.522635323904246
DMA,Dominica,false,2001,-0.326026063827631
DMA,Dominica,false,2002,0.115619638945565
DMA,Dominica,false,2003,0.239594557194758
DMA,Dominica,false,2004,0.172036782480506
DMA,Dominica,false,2005,0.123741672326271
DMA,Dominica,false,2006,0.104696825035423
DMA,Dominica,false,2007,0.059570080147079
DMA,Dominica,false,2008,0.0101669559495206
DMA,Dominica,false,2009,0.0145224299184914
DMA,Dominica,false,2010,-0.00726095133303796
DMA,Dominica,false,2011,0.281339010328044
DMA,Dominica,false,2012,0.094086320276983
DMA,Dominica,false,2013,0.860031375499996
DMA,Dominica,false,2014,0.9394164226089
DMA,Dominica,false,2015,0.0525631657968539
DMA,Dominica,false,2016,-1.14845280097172
DMA,Dominica,false,2017,-1.60754211187345
DMA,Dominica,false,2018,-0.471208891199626
DMA,Dominica,false,2019,-0.432182012456847
DMA,Dominica,false,2020,-0.453294538586472
DMA,Dominica,false,2021,-0.550548598917183
DMA,Dominica,false,2022,-0.561078261856387
DMA,Dominica,false,2023,-0.473991407609536
DMA,Dominica,false,2024,-0.459632350460969
DMA,Dominica,false,2025,-0.505770483641074
DNK,Denmark,false,1960,
DNK,Denmark,false,1961,0.698142052204406
DNK,Denmark,false,1962,0.778454921649097
DNK,Denmark,false,1963,0.787727452841454
DNK,Denmark,false,1964,0.799212891013953
DNK,Denmark,false,1965,0.779239735049149
DNK,Denmark,false,1966,0.803006033242491
DNK,Denmark,false,1967,0.788419835109815
DNK,Denmark,false,1968,0.608832365935992
DNK,Denmark,false,1969,0.552993324651806
DNK,Denmark,false,1970,0.751422718375473
DNK,Denmark,false,1971,0.694895770618858
DNK,Denmark,false,1972,0.571991415170235
DNK,Denmark,false,1973,0.604488383151481
DNK,Denmark,false,1974,0.465594010478141
DNK,Denmark,false,1975,0.28826879589183
DNK,Denmark,false,1976,0.251350791765536
DNK,Denmark,false,1977,0.311445515827576
DNK,Denmark,false,1978,0.310596092763269
DNK,Denmark,false,1979,0.245630488836795
DNK,Denmark,false,1980,0.121603620045595
DNK,Denmark,false,1981,-0.0284052115613932
DNK,Denmark,false,1982,-0.0734810004992979
DNK,Denmark,false,1983,-0.0686662119157628
DNK,Denmark,false,1984,-0.0523767271552282
DNK,Denmark,false,1985,0.0405268892260381
DNK,Denmark,false,1986,0.133727781435023
DNK,Denmark,false,1987,0.126664340279044
DNK,Denmark,false,1988,0.0485933862498549
DNK,Denmark,false,1989,0.0599876651546732
DNK,Denmark,false,1990,0.162456320242469
DNK,Denmark,false,1991,0.259518212115074
DNK,Denmark,false,1992,0.330671401713551
DNK,Denmark,false,1993,0.333166395661953
DNK,Denmark,false,1994,0.337707376243322
DNK,Denmark,false,1995,0.520962181078711
DNK,Denmark,false,1996,0.565926341934592
DNK,Denmark,false,1997,0.415564969331455
DNK,Denmark,false,1998,0.363162523600756
DNK,Denmark,false,1999,0.330886246186545
DNK,Denmark,false,2000,0.334233618829261
DNK,Denmark,false,2001,0.358315678955486
DNK,Denmark,false,2002,0.319487125340996
DNK,Denmark,false,2003,0.272010444031566
DNK,Denmark,false,2004,0.258432282052875
DNK,Denmark,false,2005,0.275481733409308
DNK,Denmark,false,2006,0.328645158919929
DNK,Denmark,false,2007,0.443466054321374
DNK,Denmark,false,2008,0.587547590258978
DNK,Denmark,false,2009,0.535079062079429
DNK,Denmark,false,2010,0.444197154509531
DNK,Denmark,false,2011,0.411737855195019
DNK,Denmark,false,2012,0.376272242619955
DNK,Denmark,false,2013,0.416901360752097
DNK,Denmark,false,2014,0.507053283010163
DNK,Denmark,false,2015,0.706423849687002
DNK,Denmark,false,2016,0.780392644135167
DNK,Denmark,false,2017,0.643350903737356
DNK,Denmark,false,2018,0.495838925879129
DNK,Denmark,false,2019,0.358130915892652
DNK,Denmark,false,2020,0.291641177476633
DNK,Denmark,false,2021,0.433414489409722
DNK,Denmark,false,2022,0.787502464739957
DNK,Denmark,false,2023,0.741185515720057
DNK,Denmark,false,2024,0.503861198167737
DNK,Denmark,false,2025,0.536903805914283
DOM,Dominican Republic,false,1960,
DOM,Dominican Republic,false,1961,3.15906447757547
DOM,Dominican Republic,false,1962,3.11422711468007
DOM,Dominican Republic,false,1963,3.06610270366678
DOM,Dominican Republic,false,1964,3.02683544823473
DOM,Dominican Republic,false,1965,2.94136892819476
DOM,Dominican Republic,false,1966,2.920574269076
DOM,Dominican Republic,false,1967,2.94165939233897
DOM,Dominican Republic,false,1968,2.88598144891056
DOM,Dominican Republic,false,1969,2.84208878004539
DOM,Dominican Republic,false,1970,2.81831517499953
DOM,Dominican Republic,false,1971,2.80051167868184
DOM,Dominican Republic,false,1972,2.78238028130667
DOM,Dominican Republic,false,1973,2.76342537202179
DOM,Dominican Republic,false,1974,2.72220252480703
DOM,Dominican Republic,false,1975,2.66212607360024
DOM,Dominican Republic,false,1976,2.61334219366291
DOM,Dominican Republic,false,1977,2.57333118246605
DOM,Dominican Republic,false,1978,2.53445128336564
DOM,Dominican Republic,false,1979,2.4962959291061
DOM,Dominican Republic,false,1980,2.46236243177614
DOM,Dominican Republic,false,1981,2.40436018898195
DOM,Dominican Republic,false,1982,2.33533778820083
DOM,Dominican Republic,false,1983,2.30600684476113
DOM,Dominican Republic,false,1984,2.28039338580722
DOM,Dominican Republic,false,1985,2.22289309050961
DOM,Dominican Republic,false,1986,2.16603148951749
DOM,Dominican Republic,false,1987,2.12760128162918
DOM,Dominican Republic,false,1988,2.11116879404317
DOM,Dominican Republic,false,1989,2.11525700549723
DOM,Dominican Republic,false,1990,2.10374678686355
DOM,Dominican Republic,false,1991,2.0578790631895
DOM,Dominican Republic,false,1992,2.00207035295166
DOM,Dominican Republic,false,1993,1.95588671013188
DOM,Dominican Republic,false,1994,1.91867451075805
DOM,Dominican Republic,false,1995,1.87366695978571
DOM,Dominican Republic,false,1996,1.81876652347671
DOM,Dominican Republic,false,1997,1.74230660119003
DOM,Dominican Republic,false,1998,1.65352423438546
DOM,Dominican Republic,false,1999,1.62144133588108
DOM,Dominican Republic,false,2000,1.62045560357101
DOM,Dominican Republic,false,2001,1.57295522360966
DOM,Dominican Republic,false,2002,1.50182779865574
DOM,Dominican Republic,false,2003,1.43989527377933
DOM,Dominican Republic,false,2004,1.37429292476688
DOM,Dominican Republic,false,2005,1.31090240619311
DOM,Dominican Republic,false,2006,1.25120281923629
DOM,Dominican Republic,false,2007,1.21803887479734
DOM,Dominican Republic,false,2008,1.23469232350419
DOM,Dominican Republic,false,2009,1.26774062661765
DOM,Dominican Republic,false,2010,1.28013209833069
DOM,Dominican Republic,false,2011,1.26934108138221
DOM,Dominican Republic,false,2012,1.24691664021516
DOM,Dominican Republic,false,2013,1.21814094005704
DOM,Dominican Republic,false,2014,1.18674032060011
DOM,Dominican Republic,false,2015,1.14988204322301
DOM,Dominican Republic,false,2016,1.11122425240832
DOM,Dominican Republic,false,2017,1.08787494846018
DOM,Dominican Republic,false,2018,1.07428473724925
DOM,Dominican Republic,false,2019,1.0333133463082
DOM,Dominican Republic,false,2020,1.04334076460591
DOM,Dominican Republic,false,2021,1.04082961778304
DOM,Dominican Republic,false,2022,0.959629735113671
DOM,Dominican Republic,false,2023,0.891159203732232
DOM,Dominican Republic,false,2024,0.846199988604412
DOM,Dominican Republic,false,2025,0.809920950082305
DZA,Algeria,false,1960,
DZA,Algeria,false,1961,1.76948075825483
DZA,Algeria,false,1962,1.46729511141391
DZA,Algeria,false,1963,1.5250503398561
DZA,Algeria,false,1964,1.63645374073926
DZA,Algeria,false,1965,1.51689212029344
DZA,Algeria,false,1966,1.79594982522896
DZA,Algeria,false,1967,2.24659491499711
DZA,Algeria,false,1968,2.27656997261579
DZA,Algeria,false,1969,2.27673798425895
DZA,Algeria,false,1970,2.25807557630346
DZA,Algeria,false,1971,2.26112204807888
DZA,Algeria,false,1972,2.30071080498365
DZA,Algeria,false,1973,2.35693093480566
DZA,Algeria,false,1974,2.42352107497488
DZA,Algeria,false,1975,3.53855084053844
DZA,Algeria,false,1976,4.55438548106303
DZA,Algeria,false,1977,3.63134003810176
DZA,Algeria,false,1978,2.84455905408899
DZA,Algeria,false,1979,2.98067603263398
DZA,Algeria,false,1980,3.11411291253823
DZA,Algeria,false,1981,3.24408261021287
DZA,Algeria,false,1982,3.33411862917228
DZA,Algeria,false,1983,3.39265358294265
DZA,Algeria,false,1984,3.41344431204219
DZA,Algeria,false,1985,3.4040544976165
DZA,Algeria,false,1986,3.29365380679393
DZA,Algeria,false,1987,3.02312805978541
DZA,Algeria,false,1988,2.80088866145511
DZA,Algeria,false,1989,2.63992378375919
DZA,Algeria,false,1990,2.47896733157691
DZA,Algeria,false,1991,2.38357644702334
DZA,Algeria,false,1992,2.43525019358237
DZA,Algeria,false,1993,2.40609915355137
DZA,Algeria,false,1994,2.21250190534871
DZA,Algeria,false,1995,2.06869750539347
DZA,Algeria,false,1996,1.95770195001196
DZA,Algeria,false,1997,1.86401965879386
DZA,Algeria,false,1998,1.59253627896162
DZA,Algeria,false,1999,1.3885288478211
DZA,Algeria,false,2000,1.3996685583388
DZA,Algeria,false,2001,1.37329134127777
DZA,Algeria,false,2002,1.33039477696898
DZA,Algeria,false,2003,1.32961524189621
DZA,Algeria,false,2004,1.39644042529783
DZA,Algeria,false,2005,1.46330884553002
DZA,Algeria,false,2006,1.54127363754195
DZA,Algeria,false,2007,1.6690716779345
DZA,Algeria,false,2008,1.81885306168943
DZA,Algeria,false,2009,1.91588522187232
DZA,Algeria,false,2010,1.9470588317966
DZA,Algeria,false,2011,1.9568943735315
DZA,Algeria,false,2012,1.99280790148967
DZA,Algeria,false,2013,2.01953115835273
DZA,Algeria,false,2014,2.03786524232338
DZA,Algeria,false,2015,2.05624795728459
DZA,Algeria,false,2016,2.05569111181654
DZA,Algeria,false,2017,2.03200060784518
DZA,Algeria,false,2018,1.93780623340147
DZA,Algeria,false,2019,1.84041291439333
DZA,Algeria,false,2020,1.71191216459393
DZA,Algeria,false,2021,1.61936460233826
DZA,Algeria,false,2022,1.58758210690673
DZA,Algeria,false,2023,1.49897601193923
DZA,Algeria,false,2024,1.39838651912702
DZA,Algeria,false,2025,1.31780475504384
EAP,East Asia & Pacific (excluding high income),true,1960,
EAP,East Asia & Pacific (excluding high income),true,1961,-0.0476645195342761
EAP,East Asia & Pacific (excluding high income),true,1962,1.32430007028515
EAP,East Asia & Pacific (excluding high income),true,1963,2.53922361598969
EAP,East Asia & Pacific (excluding high income),true,1964,2.43806031002365
EAP,East Asia & Pacific (excluding high income),true,1965,2.44254704203751
EAP,East Asia & Pacific (excluding high income),true,1966,2.71555245105132
EAP,East Asia & Pacific (excluding high income),true,1967,2.57536570326665
EAP,East Asia & Pacific (excluding high income),true,1968,2.60786168134464
EAP,East Asia & Pacific (excluding high income),true,1969,2.70163851734194
EAP,East Asia & Pacific (excluding high income),true,1970,2.69939086558047
EAP,East Asia & Pacific (excluding high income),true,1971,2.67392308588039
EAP,East Asia & Pacific (excluding high income),true,1972,2.4573881761508
EAP,East Asia & Pacific (excluding high income),true,1973,2.31640139904419
EAP,East Asia & Pacific (excluding high income),true,1974,2.13652912457121
EAP,East Asia & Pacific (excluding high income),true,1975,1.89340600985936
EAP,East Asia & Pacific (excluding high income),true,1976,1.72191935044478
EAP,East Asia & Pacific (excluding high income),true,1977,1.58717852703743
EAP,East Asia & Pacific (excluding high income),true,1978,1.56935080916531
EAP,East Asia & Pacific (excluding high income),true,1979,1.57428717248019
EAP,East Asia & Pacific (excluding high income),true,1980,1.5297395230084
EAP,East Asia & Pacific (excluding high income),true,1981,1.55450885684693
EAP,East Asia & Pacific (excluding high income),true,1982,1.69932529345175
EAP,East Asia & Pacific (excluding high income),true,1983,1.69073391338626
EAP,East Asia & Pacific (excluding high income),true,1984,1.59423788450575
EAP,East Asia & Pacific (excluding high income),true,1985,1.60795272206818
EAP,East Asia & Pacific (excluding high income),true,1986,1.67041810889169
EAP,East Asia & Pacific (excluding high income),true,1987,1.73933759304556
EAP,East Asia & Pacific (excluding high income),true,1988,1.73631383609345
EAP,East Asia & Pacific (excluding high income),true,1989,1.66851174968218
EAP,East Asia & Pacific (excluding high income),true,1990,1.61459135755938
EAP,East Asia & Pacific (excluding high income),true,1991,1.53489978280529
EAP,East Asia & Pacific (excluding high income),true,1992,1.42773909349235
EAP,East Asia & Pacific (excluding high income),true,1993,1.36919713976278
EAP,East Asia & Pacific (excluding high income),true,1994,1.34530564460638
EAP,East Asia & Pacific (excluding high income),true,1995,1.31100736905972
EAP,East Asia & Pacific (excluding high income),true,1996,1.2751829460922
EAP,East Asia & Pacific (excluding high income),true,1997,1.25060611216781
EAP,East Asia & Pacific (excluding high income),true,1998,1.18769078435041
EAP,East Asia & Pacific (excluding high income),true,1999,1.08229768046584
EAP,East Asia & Pacific (excluding high income),true,2000,0.998845430185964
EAP,East Asia & Pacific (excluding high income),true,2001,0.943818239710051
EAP,East Asia & Pacific (excluding high income),true,2002,0.889058021159471
EAP,East Asia & Pacific (excluding high income),true,2003,0.846581153564785
EAP,East Asia & Pacific (excluding high income),true,2004,0.813694495842485
EAP,East Asia & Pacific (excluding high income),true,2005,0.802565580524512
EAP,East Asia & Pacific (excluding high income),true,2006,0.794600232072768
EAP,East Asia & Pacific (excluding high income),true,2007,0.790128458123296
EAP,East Asia & Pacific (excluding high income),true,2008,0.780735561073522
EAP,East Asia & Pacific (excluding high income),true,2009,0.7538010224649
EAP,East Asia & Pacific (excluding high income),true,2010,0.741733055460152
EAP,East Asia & Pacific (excluding high income),true,2011,0.782524367389617
EAP,East Asia & Pacific (excluding high income),true,2012,0.873939068297722
EAP,East Asia & Pacific (excluding high income),true,2013,0.857669799986749
EAP,East Asia & Pacific (excluding high income),true,2014,0.813620594831593
EAP,East Asia & Pacific (excluding high income),true,2015,0.764918012604477
EAP,East Asia & Pacific (excluding high income),true,2016,0.747918955883516
EAP,East Asia & Pacific (excluding high income),true,2017,0.757561926599341
EAP,East Asia & Pacific (excluding high income),true,2018,0.642815839523057
EAP,East Asia & Pacific (excluding high income),true,2019,0.550254605067876
EAP,East Asia & Pacific (excluding high income),true,2020,0.452341336047048
EAP,East Asia & Pacific (excluding high income),true,2021,0.314672689212406
EAP,East Asia & Pacific (excluding high income),true,2022,0.234938160938111
EAP,East Asia & Pacific (excluding high income),true,2023,0.185776878891948
EAP,East Asia & Pacific (excluding high income),true,2024,0.168020512804402
EAP,East Asia & Pacific (excluding high income),true,2025,0.130041234607189
EAR,Early-demographic dividend,true,1960,
EAR,Early-demographic dividend,true,1961,2.57440356278293
EAR,Early-demographic dividend,true,1962,2.57709605475586
EAR,Early-demographic dividend,true,1963,2.57091685049106
EAR,Early-demographic dividend,true,1964,2.5769863110105
EAR,Early-demographic dividend,true,1965,2.5049032826117
EAR,Early-demographic dividend,true,1966,2.4408080950548
EAR,Early-demographic dividend,true,1967,2.48056218649754
EAR,Early-demographic dividend,true,1968,2.4860485452696
EAR,Early-demographic dividend,true,1969,2.46527078260426
EAR,Early-demographic dividend,true,1970,2.47212242326915
EAR,Early-demographic dividend,true,1971,2.39343620318834
EAR,Early-demographic dividend,true,1972,2.39004872261508
EAR,Early-demographic dividend,true,1973,2.46825264736493
EAR,Early-demographic dividend,true,1974,2.47338760451716
EAR,Early-demographic dividend,true,1975,2.47540077647258
EAR,Early-demographic dividend,true,1976,2.46415529191199
EAR,Early-demographic dividend,true,1977,2.44605438901444
EAR,Early-demographic dividend,true,1978,2.41191082559088
EAR,Early-demographic dividend,true,1979,2.45364192379459
EAR,Early-demographic dividend,true,1980,2.52971572685893
EAR,Early-demographic dividend,true,1981,2.61295683405955
EAR,Early-demographic dividend,true,1982,2.6227574065064
EAR,Early-demographic dividend,true,1983,2.56418049655856
EAR,Early-demographic dividend,true,1984,2.53371954828066
EAR,Early-demographic dividend,true,1985,2.50342901124559
EAR,Early-demographic dividend,true,1986,2.47581015186895
EAR,Early-demographic dividend,true,1987,2.44978277879064
EAR,Early-demographic dividend,true,1988,2.41733648127028
EAR,Early-demographic dividend,true,1989,2.37103802869338
EAR,Early-demographic dividend,true,1990,2.45496858012563
EAR,Early-demographic dividend,true,1991,2.3142730758334
EAR,Early-demographic dividend,true,1992,2.2100748915407
EAR,Early-demographic dividend,true,1993,2.11881553481483
EAR,Early-demographic dividend,true,1994,1.99686218587644
EAR,Early-demographic dividend,true,1995,1.99779648249936
EAR,Early-demographic dividend,true,1996,2.07155647932099
EAR,Early-demographic dividend,true,1997,2.03652537671502
EAR,Early-demographic dividend,true,1998,1.96769974491601
EAR,Early-demographic dividend,true,1999,1.90971423496695
EAR,Early-demographic dividend,true,2000,1.87962415421671
EAR,Early-demographic dividend,true,2001,1.85185364410834
EAR,Early-demographic dividend,true,2002,1.76739371625407
EAR,Early-demographic dividend,true,2003,1.72195177952332
EAR,Early-demographic dividend,true,2004,1.7256294066802
EAR,Early-demographic dividend,true,2005,1.68124872548438
EAR,Early-demographic dividend,true,2006,1.66127213678851
EAR,Early-demographic dividend,true,2007,1.63149490626191
EAR,Early-demographic dividend,true,2008,1.59162913488819
EAR,Early-demographic dividend,true,2009,1.5738011463579
EAR,Early-demographic dividend,true,2010,1.54675845386388
EAR,Early-demographic dividend,true,2011,1.55079919896062
EAR,Early-demographic dividend,true,2012,1.49508383327134
EAR,Early-demographic dividend,true,2013,1.45422467967722
EAR,Early-demographic dividend,true,2014,1.37984591275929
EAR,Early-demographic dividend,true,2015,1.37347316967011
EAR,Early-demographic dividend,true,2016,1.33001077454781
EAR,Early-demographic dividend,true,2017,1.26100135075766
EAR,Early-demographic dividend,true,2018,1.21989783757211
EAR,Early-demographic dividend,true,2019,1.22262600683525
EAR,Early-demographic dividend,true,2020,1.21571614142701
EAR,Early-demographic dividend,true,2021,1.0537443092784
EAR,Early-demographic dividend,true,2022,1.11896236573035
EAR,Early-demographic dividend,true,2023,1.17335447434549
EAR,Early-demographic dividend,true,2024,1.15231312352477
EAR,Early-demographic dividend,true,2025,1.13210033331684
EAS,East Asia & Pacific,true,1960,
EAS,East Asia & Pacific,true,1961,0.185025645248554
EAS,East Asia & Pacific,true,1962,1.37520574754714
EAS,East Asia & Pacific,true,1963,2.41383588936137
EAS,East Asia & Pacific,true,1964,2.32785577484378
EAS,East Asia & Pacific,true,1965,2.33316388502785
EAS,East Asia & Pacific,true,1966,2.54925906830603
EAS,East Asia & Pacific,true,1967,2.40684194552633
EAS,East Asia & Pacific,true,1968,2.46097063681686
EAS,East Asia & Pacific,true,1969,2.56169366222618
EAS,East Asia & Pacific,true,1970,2.55848976589746
EAS,East Asia & Pacific,true,1971,2.61427468378397
EAS,East Asia & Pacific,true,1972,2.34383379388974
EAS,East Asia & Pacific,true,1973,2.21831663423665
EAS,East Asia & Pacific,true,1974,2.06515818556218
EAS,East Asia & Pacific,true,1975,1.83226333561072
EAS,East Asia & Pacific,true,1976,1.66109583335517
EAS,East Asia & Pacific,true,1977,1.53552639035815
EAS,East Asia & Pacific,true,1978,1.51402657508267
EAS,East Asia & Pacific,true,1979,1.5249245966689
EAS,East Asia & Pacific,true,1980,1.47665957050574
EAS,East Asia & Pacific,true,1981,1.50197806105184
EAS,East Asia & Pacific,true,1982,1.62561953165611
EAS,East Asia & Pacific,true,1983,1.60764488565763
EAS,East Asia & Pacific,true,1984,1.50962070733729
EAS,East Asia & Pacific,true,1985,1.51120514932138
EAS,East Asia & Pacific,true,1986,1.5576493698864
EAS,East Asia & Pacific,true,1987,1.61879278490418
EAS,East Asia & Pacific,true,1988,1.6144114804887
EAS,East Asia & Pacific,true,1989,1.55683992606607
EAS,East Asia & Pacific,true,1990,1.50426267739424
EAS,East Asia & Pacific,true,1991,1.44484225198275
EAS,East Asia & Pacific,true,1992,1.34033064131922
EAS,East Asia & Pacific,true,1993,1.28560129157748
EAS,East Asia & Pacific,true,1994,1.26650289680042
EAS,East Asia & Pacific,true,1995,1.23342378654687
EAS,East Asia & Pacific,true,1996,1.21070450979739
EAS,East Asia & Pacific,true,1997,1.175732570423
EAS,East Asia & Pacific,true,1998,1.1192245381661
EAS,East Asia & Pacific,true,1999,1.01298352408345
EAS,East Asia & Pacific,true,2000,0.942759365568456
EAS,East Asia & Pacific,true,2001,0.899894074298508
EAS,East Asia & Pacific,true,2002,0.840585717137704
EAS,East Asia & Pacific,true,2003,0.793411829437561
EAS,East Asia & Pacific,true,2004,0.757360331773851
EAS,East Asia & Pacific,true,2005,0.744135946511667
EAS,East Asia & Pacific,true,2006,0.752157370874821
EAS,East Asia & Pacific,true,2007,0.757697100667749
EAS,East Asia & Pacific,true,2008,0.755127291401356
EAS,East Asia & Pacific,true,2009,0.715386128615825
EAS,East Asia & Pacific,true,2010,0.700770611250663
EAS,East Asia & Pacific,true,2011,0.72941402680327
EAS,East Asia & Pacific,true,2012,0.81496843964644
EAS,East Asia & Pacific,true,2013,0.796731297454071
EAS,East Asia & Pacific,true,2014,0.760790272606445
EAS,East Asia & Pacific,true,2015,0.717905028401864
EAS,East Asia & Pacific,true,2016,0.702994192128918
EAS,East Asia & Pacific,true,2017,0.705272469380137
EAS,East Asia & Pacific,true,2018,0.602464921030028
EAS,East Asia & Pacific,true,2019,0.517740212726729
EAS,East Asia & Pacific,true,2020,0.408472469030409
EAS,East Asia & Pacific,true,2021,0.240142918855769
EAS,East Asia & Pacific,true,2022,0.189259906183258
EAS,East Asia & Pacific,true,2023,0.20253187675137
EAS,East Asia & Pacific,true,2024,0.16250484328034
EAS,East Asia & Pacific,true,2025,0.106898927720114
ECA,Europe & Central Asia (excluding high income),true,1960,
ECA,Europe & Central Asia (excluding high income),true,1961,2.1561273737334
ECA,Europe & Central Asia (excluding high income),true,1962,2.09203202235559
ECA,Europe & Central Asia (excluding high income),true,1963,2.0527455800578
ECA,Europe & Central Asia (excluding high income),true,1964,2.01054610183536
ECA,Europe & Central Asia (excluding high income),true,1965,1.90677995020497
ECA,Europe & Central Asia (excluding high income),true,1966,1.87684724068058
ECA,Europe & Central Asia (excluding high income),true,1967,1.85138424892692
ECA,Europe & Central Asia (excluding high income),true,1968,1.79991806554249
ECA,Europe & Central Asia (excluding high income),true,1969,1.76520829869535
ECA,Europe & Central Asia (excluding high income),true,1970,1.58776659247198
ECA,Europe & Central Asia (excluding high income),true,1971,1.59684554018938
ECA,Europe & Central Asia (excluding high income),true,1972,1.64049903036979
ECA,Europe & Central Asia (excluding high income),true,1973,1.57227397349381
ECA,Europe & Central Asia (excluding high income),true,1974,1.52896466515334
ECA,Europe & Central Asia (excluding high income),true,1975,1.47748358076885
ECA,Europe & Central Asia (excluding high income),true,1976,1.48680723068778
ECA,Europe & Central Asia (excluding high income),true,1977,1.51207283119832
ECA,Europe & Central Asia (excluding high income),true,1978,1.47908399595767
ECA,Europe & Central Asia (excluding high income),true,1979,1.38494481810501
ECA,Europe & Central Asia (excluding high income),true,1980,1.40798775896492
ECA,Europe & Central Asia (excluding high income),true,1981,1.33509427933276
ECA,Europe & Central Asia (excluding high income),true,1982,1.36551623948436
ECA,Europe & Central Asia (excluding high income),true,1983,1.4429858824504
ECA,Europe & Central Asia (excluding high income),true,1984,1.45793403809183
ECA,Europe & Central Asia (excluding high income),true,1985,1.43412468739862
ECA,Europe & Central Asia (excluding high income),true,1986,1.43916778674701
ECA,Europe & Central Asia (excluding high income),true,1987,1.43336364836301
ECA,Europe & Central Asia (excluding high income),true,1988,1.38713607754798
ECA,Europe & Central Asia (excluding high income),true,1989,1.34218409649498
ECA,Europe & Central Asia (excluding high income),true,1990,1.19807425853498
ECA,Europe & Central Asia (excluding high income),true,1991,0.935156077425632
ECA,Europe & Central Asia (excluding high income),true,1992,0.882619977071431
ECA,Europe & Central Asia (excluding high income),true,1993,0.641062564651353
ECA,Europe & Central Asia (excluding high income),true,1994,0.436708463169382
ECA,Europe & Central Asia (excluding high income),true,1995,0.365618005253012
ECA,Europe & Central Asia (excluding high income),true,1996,0.411552836220177
ECA,Europe & Central Asia (excluding high income),true,1997,0.309683174506048
ECA,Europe & Central Asia (excluding high income),true,1998,0.199487920720265
ECA,Europe & Central Asia (excluding high income),true,1999,0.218653757301055
ECA,Europe & Central Asia (excluding high income),true,2000,0.415829788565206
ECA,Europe & Central Asia (excluding high income),true,2001,0.43316400289308
ECA,Europe & Central Asia (excluding high income),true,2002,0.438893611520187
ECA,Europe & Central Asia (excluding high income),true,2003,0.452437671213906
ECA,Europe & Central Asia (excluding high income),true,2004,0.456768865895783
ECA,Europe & Central Asia (excluding high income),true,2005,0.424810619398727
ECA,Europe & Central Asia (excluding high income),true,2006,0.472279029603755
ECA,Europe & Central Asia (excluding high income),true,2007,0.266361648914437
ECA,Europe & Central Asia (excluding high income),true,2008,0.668118778867131
ECA,Europe & Central Asia (excluding high income),true,2009,0.759249215166871
ECA,Europe & Central Asia (excluding high income),true,2010,0.809647377625494
ECA,Europe & Central Asia (excluding high income),true,2011,0.814554973650254
ECA,Europe & Central Asia (excluding high income),true,2012,0.810010125822472
ECA,Europe & Central Asia (excluding high income),true,2013,0.864218198399977
ECA,Europe & Central Asia (excluding high income),true,2014,0.883800326645575
ECA,Europe & Central Asia (excluding high income),true,2015,0.871845478201362
ECA,Europe & Central Asia (excluding high income),true,2016,0.88773937316308
ECA,Europe & Central Asia (excluding high income),true,2017,0.856871158993943
ECA,Europe & Central Asia (excluding high income),true,2018,0.852581511333748
ECA,Europe & Central Asia (excluding high income),true,2019,0.8793157332119
ECA,Europe & Central Asia (excluding high income),true,2020,0.711353855412666
ECA,Europe & Central Asia (excluding high income),true,2021,0.603916502040543
ECA,Europe & Central Asia (excluding high income),true,2022,-0.538786451184916
ECA,Europe & Central Asia (excluding high income),true,2023,-0.719265625223627
ECA,Europe & Central Asia (excluding high income),true,2024,0.671406615620136
ECA,Europe & Central Asia (excluding high income),true,2025,1.14598534910776
ECS,Europe & Central Asia,true,1960,
ECS,Europe & Central Asia,true,1961,1.14056212731154
ECS,Europe & Central Asia,true,1962,1.14691422819823
ECS,Europe & Central Asia,true,1963,1.14195933814277
ECS,Europe & Central Asia,true,1964,1.13204492256001
ECS,Europe & Central Asia,true,1965,1.08484438670245
ECS,Europe & Central Asia,true,1966,0.952056839239573
ECS,Europe & Central Asia,true,1967,0.935106181201997
ECS,Europe & Central Asia,true,1968,0.896874062812354
ECS,Europe & Central Asia,true,1969,0.878315025115934
ECS,Europe & Central Asia,true,1970,0.771817064700119
ECS,Europe & Central Asia,true,1971,0.769833275352854
ECS,Europe & Central Asia,true,1972,0.842146980273949
ECS,Europe & Central Asia,true,1973,0.802231631688257
ECS,Europe & Central Asia,true,1974,0.759696721355384
ECS,Europe & Central Asia,true,1975,0.723121868826879
ECS,Europe & Central Asia,true,1976,0.718564886621479
ECS,Europe & Central Asia,true,1977,0.708182540767598
ECS,Europe & Central Asia,true,1978,0.69560161162458
ECS,Europe & Central Asia,true,1979,0.674015767033036
ECS,Europe & Central Asia,true,1980,0.693998159367128
ECS,Europe & Central Asia,true,1981,0.649111240169798
ECS,Europe & Central Asia,true,1982,0.58601346107296
ECS,Europe & Central Asia,true,1983,0.581960906287219
ECS,Europe & Central Asia,true,1984,0.604335524892106
ECS,Europe & Central Asia,true,1985,0.613818721379099
ECS,Europe & Central Asia,true,1986,0.627463590625925
ECS,Europe & Central Asia,true,1987,0.635538447020478
ECS,Europe & Central Asia,true,1988,0.637110443329014
ECS,Europe & Central Asia,true,1989,0.629882457216752
ECS,Europe & Central Asia,true,1990,0.522930718431418
ECS,Europe & Central Asia,true,1991,0.457861573335675
ECS,Europe & Central Asia,true,1992,0.41074759912789
ECS,Europe & Central Asia,true,1993,0.338331821049178
ECS,Europe & Central Asia,true,1994,0.253358198276901
ECS,Europe & Central Asia,true,1995,0.207330214454187
ECS,Europe & Central Asia,true,1996,0.182342476833782
ECS,Europe & Central Asia,true,1997,0.14641116575864
ECS,Europe & Central Asia,true,1998,0.113876462310388
ECS,Europe & Central Asia,true,1999,0.114529411034825
ECS,Europe & Central Asia,true,2000,0.125518588445939
ECS,Europe & Central Asia,true,2001,0.138363606350911
ECS,Europe & Central Asia,true,2002,0.189546148046879
ECS,Europe & Central Asia,true,2003,0.263935065444592
ECS,Europe & Central Asia,true,2004,0.29135368027806
ECS,Europe & Central Asia,true,2005,0.285303565205099
ECS,Europe & Central Asia,true,2006,0.296854663709592
ECS,Europe & Central Asia,true,2007,0.283077292879342
ECS,Europe & Central Asia,true,2008,0.40437081297803
ECS,Europe & Central Asia,true,2009,0.396899151912828
ECS,Europe & Central Asia,true,2010,0.365344248935121
ECS,Europe & Central Asia,true,2011,0.226370504822416
ECS,Europe & Central Asia,true,2012,0.391715258348945
ECS,Europe & Central Asia,true,2013,0.377602648168693
ECS,Europe & Central Asia,true,2014,0.405209026541298
ECS,Europe & Central Asia,true,2015,0.438015657574036
ECS,Europe & Central Asia,true,2016,0.445442985731073
ECS,Europe & Central Asia,true,2017,0.381663461208007
ECS,Europe & Central Asia,true,2018,0.365643409349807
ECS,Europe & Central Asia,true,2019,0.381813986863525
ECS,Europe & Central Asia,true,2020,0.187615110675363
ECS,Europe & Central Asia,true,2021,0.0774353815871693
ECS,Europe & Central Asia,true,2022,-0.0117486154637433
ECS,Europe & Central Asia,true,2023,0.058157268386224
ECS,Europe & Central Asia,true,2024,0.405947664713241
ECS,Europe & Central Asia,true,2025,0.425354152592411
ECU,Ecuador,false,1960,
ECU,Ecuador,false,1961,2.82284107418411
ECU,Ecuador,false,1962,2.85854814538601
ECU,Ecuador,false,1963,2.88930384776305
ECU,Ecuador,false,1964,2.91997386643345
ECU,Ecuador,false,1965,2.94734847731739
ECU,Ecuador,false,1966,2.96807241544013
ECU,Ecuador,false,1967,2.98069314167874
ECU,Ecuador,false,1968,2.98608110533783
ECU,Ecuador,false,1969,2.98208513289753
ECU,Ecuador,false,1970,2.9704038425124
ECU,Ecuador,false,1971,2.95593369376174
ECU,Ecuador,false,1972,2.93720294183039
ECU,Ecuador,false,1973,2.91316388175144
ECU,Ecuador,false,1974,2.88188959476796
ECU,Ecuador,false,1975,2.84525146887899
ECU,Ecuador,false,1976,2.80728611959131
ECU,Ecuador,false,1977,2.77375986218427
ECU,Ecuador,false,1978,2.74338363033623
ECU,Ecuador,false,1979,2.71233090931431
ECU,Ecuador,false,1980,2.69344759350732
ECU,Ecuador,false,1981,2.67080267217831
ECU,Ecuador,false,1982,2.64029049617276
ECU,Ecuador,false,1983,2.62589854693154
ECU,Ecuador,false,1984,2.61653103411211
ECU,Ecuador,false,1985,2.57136785226468
ECU,Ecuador,false,1986,2.49089727253855
ECU,Ecuador,false,1987,2.41448752025665
ECU,Ecuador,false,1988,2.33984250758108
ECU,Ecuador,false,1989,2.28171532830541
ECU,Ecuador,false,1990,2.23823125724436
ECU,Ecuador,false,1991,2.16013714348183
ECU,Ecuador,false,1992,2.10568663668025
ECU,Ecuador,false,1993,2.02997298367132
ECU,Ecuador,false,1994,1.93487740447413
ECU,Ecuador,false,1995,1.90154880558548
ECU,Ecuador,false,1996,1.88400623342994
ECU,Ecuador,false,1997,1.84701407802257
ECU,Ecuador,false,1998,1.81253773221791
ECU,Ecuador,false,1999,1.77669252856716
ECU,Ecuador,false,2000,1.73622001498213
ECU,Ecuador,false,2001,1.73078123060297
ECU,Ecuador,false,2002,1.74851970226664
ECU,Ecuador,false,2003,1.76411317879339
ECU,Ecuador,false,2004,1.75235156486952
ECU,Ecuador,false,2005,1.72987869573938
ECU,Ecuador,false,2006,1.7182541754606
ECU,Ecuador,false,2007,1.70789173160639
ECU,Ecuador,false,2008,1.70519778784789
ECU,Ecuador,false,2009,1.7057702083506
ECU,Ecuador,false,2010,1.67708805313164
ECU,Ecuador,false,2011,1.6415369766541
ECU,Ecuador,false,2012,1.59213440589397
ECU,Ecuador,false,2013,1.49740896116979
ECU,Ecuador,false,2014,1.43205886583809
ECU,Ecuador,false,2015,1.43093059839379
ECU,Ecuador,false,2016,1.45809147770557
ECU,Ecuador,false,2017,1.52946083980042
ECU,Ecuador,false,2018,1.71572391035149
ECU,Ecuador,false,2019,1.68935479627168
ECU,Ecuador,false,2020,1.18125258230486
ECU,Ecuador,false,2021,0.774314023514489
ECU,Ecuador,false,2022,0.796723652034201
ECU,Ecuador,false,2023,0.872456027022398
ECU,Ecuador,false,2024,0.860548498593581
ECU,Ecuador,false,2025,0.847864596028112
EGY,"Egypt, Arab Rep.",false,1960,
EGY,"Egypt, Arab Rep.",false,1961,2.58529225783425
EGY,"Egypt, Arab Rep.",false,1962,2.63205215522906
EGY,"Egypt, Arab Rep.",false,1963,2.62898893480294
EGY,"Egypt, Arab Rep.",false,1964,2.60249703249022
EGY,"Egypt, Arab Rep.",false,1965,2.54692638043565
EGY,"Egypt, Arab Rep.",false,1966,2.50632298668899
EGY,"Egypt, Arab Rep.",false,1967,2.48372193600409
EGY,"Egypt, Arab Rep.",false,1968,2.46032180928797
EGY,"Egypt, Arab Rep.",false,1969,2.43477617367652
EGY,"Egypt, Arab Rep.",false,1970,2.3742411895118
EGY,"Egypt, Arab Rep.",false,1971,2.31071806354681
EGY,"Egypt, Arab Rep.",false,1972,2.30151178035637
EGY,"Egypt, Arab Rep.",false,1973,2.30029426366805
EGY,"Egypt, Arab Rep.",false,1974,2.31155686409287
EGY,"Egypt, Arab Rep.",false,1975,2.35721779159737
EGY,"Egypt, Arab Rep.",false,1976,2.33954908535335
EGY,"Egypt, Arab Rep.",false,1977,2.36728363479195
EGY,"Egypt, Arab Rep.",false,1978,2.45451009876174
EGY,"Egypt, Arab Rep.",false,1979,2.50000313172668
EGY,"Egypt, Arab Rep.",false,1980,2.60887795832063
EGY,"Egypt, Arab Rep.",false,1981,2.68667729012378
EGY,"Egypt, Arab Rep.",false,1982,2.75346819227803
EGY,"Egypt, Arab Rep.",false,1983,2.92776460855633
EGY,"Egypt, Arab Rep.",false,1984,3.01141121345053
EGY,"Egypt, Arab Rep.",false,1985,2.97601428293392
EGY,"Egypt, Arab Rep.",false,1986,2.85877044849154
EGY,"Egypt, Arab Rep.",false,1987,2.77337359061845
EGY,"Egypt, Arab Rep.",false,1988,2.78029406933467
EGY,"Egypt, Arab Rep.",false,1989,2.72221246295746
EGY,"Egypt, Arab Rep.",false,1990,2.92960944817985
EGY,"Egypt, Arab Rep.",false,1991,2.7569751613283
EGY,"Egypt, Arab Rep.",false,1992,2.3894924999556
EGY,"Egypt, Arab Rep.",false,1993,2.30727793019304
EGY,"Egypt, Arab Rep.",false,1994,2.15400517051219
EGY,"Egypt, Arab Rep.",false,1995,2.10420542038277
EGY,"Egypt, Arab Rep.",false,1996,2.07336196347662
EGY,"Egypt, Arab Rep.",false,1997,2.07255934283796
EGY,"Egypt, Arab Rep.",false,1998,2.18480759530922
EGY,"Egypt, Arab Rep.",false,1999,2.23056416641405
EGY,"Egypt, Arab Rep.",false,2000,2.16091978529782
EGY,"Egypt, Arab Rep.",false,2001,2.12380362345226
EGY,"Egypt, Arab Rep.",false,2002,2.10372359745955
EGY,"Egypt, Arab Rep.",false,2003,2.09545323003183
EGY,"Egypt, Arab Rep.",false,2004,2.06437734857129
EGY,"Egypt, Arab Rep.",false,2005,2.02220952721924
EGY,"Egypt, Arab Rep.",false,2006,1.95291342300488
EGY,"Egypt, Arab Rep.",false,2007,1.88753217077119
EGY,"Egypt, Arab Rep.",false,2008,1.86740413264217
EGY,"Egypt, Arab Rep.",false,2009,1.88836522446639
EGY,"Egypt, Arab Rep.",false,2010,1.91795124102801
EGY,"Egypt, Arab Rep.",false,2011,2.1044607622412
EGY,"Egypt, Arab Rep.",false,2012,2.24475795490011
EGY,"Egypt, Arab Rep.",false,2013,2.30526364315625
EGY,"Egypt, Arab Rep.",false,2014,2.27643956620182
EGY,"Egypt, Arab Rep.",false,2015,2.09892554805563
EGY,"Egypt, Arab Rep.",false,2016,2.03468294927084
EGY,"Egypt, Arab Rep.",false,2017,1.99817843887244
EGY,"Egypt, Arab Rep.",false,2018,1.89713831833082
EGY,"Egypt, Arab Rep.",false,2019,1.75497438173801
EGY,"Egypt, Arab Rep.",false,2020,1.62495386951696
EGY,"Egypt, Arab Rep.",false,2021,1.4908053906311
EGY,"Egypt, Arab Rep.",false,2022,1.48609697540294
EGY,"Egypt, Arab Rep.",false,2023,1.68834126904494
EGY,"Egypt, Arab Rep.",false,2024,1.73324205302065
EGY,"Egypt, Arab Rep.",false,2025,1.55618628611795
EMU,Euro area,true,1960,
EMU,Euro area,true,1961,0.859455760700313
EMU,Euro area,true,1962,0.856493065762789
EMU,Euro area,true,1963,0.864400655689078
EMU,Euro area,true,1964,0.866215279819541
EMU,Euro area,true,1965,0.853682664290875
EMU,Euro area,true,1966,0.797801009621902
EMU,Euro area,true,1967,0.698775609111268
EMU,Euro area,true,1968,0.66546035595665
EMU,Euro area,true,1969,0.684751516928302
EMU,Euro area,true,1970,0.571139628592702
EMU,Euro area,true,1971,0.573915804627101
EMU,Euro area,true,1972,0.67677540947773
EMU,Euro area,true,1973,0.632965860496091
EMU,Euro area,true,1974,0.556968154991529
EMU,Euro area,true,1975,0.484157551340715
EMU,Euro area,true,1976,0.427704480282414
EMU,Euro area,true,1977,0.405861611228493
EMU,Euro area,true,1978,0.404272454067887
EMU,Euro area,true,1979,0.407476393646768
EMU,Euro area,true,1980,0.440673155425998
EMU,Euro area,true,1981,0.399088411270959
EMU,Euro area,true,1982,0.252047146689104
EMU,Euro area,true,1983,0.208898125952307
EMU,Euro area,true,1984,0.164377118622028
EMU,Euro area,true,1985,0.178854450228845
EMU,Euro area,true,1986,0.235250082004441
EMU,Euro area,true,1987,0.269204819644549
EMU,Euro area,true,1988,0.329338607064157
EMU,Euro area,true,1989,0.389330657029379
EMU,Euro area,true,1990,0.399265183827237
EMU,Euro area,true,1991,0.379500924159308
EMU,Euro area,true,1992,0.380473582507966
EMU,Euro area,true,1993,0.378876835980791
EMU,Euro area,true,1994,0.286365807812547
EMU,Euro area,true,1995,0.226360719684066
EMU,Euro area,true,1996,0.216883370855518
EMU,Euro area,true,1997,0.207421239448063
EMU,Euro area,true,1998,0.185222504673979
EMU,Euro area,true,1999,0.228322901002565
EMU,Euro area,true,2000,0.290044300006281
EMU,Euro area,true,2001,0.272276773447294
EMU,Euro area,true,2002,0.42805513798715
EMU,Euro area,true,2003,0.520437103823208
EMU,Euro area,true,2004,0.529654764015132
EMU,Euro area,true,2005,0.498889447902391
EMU,Euro area,true,2006,0.451029232776642
EMU,Euro area,true,2007,0.502261865328684
EMU,Euro area,true,2008,0.475254626108726
EMU,Euro area,true,2009,0.319933212591114
EMU,Euro area,true,2010,0.234810408170683
EMU,Euro area,true,2011,-0.196148367300727
EMU,Euro area,true,2012,0.198485893749237
EMU,Euro area,true,2013,0.112732247111765
EMU,Euro area,true,2014,0.143990512682162
EMU,Euro area,true,2015,0.246637120005507
EMU,Euro area,true,2016,0.245983882460601
EMU,Euro area,true,2017,0.166950500773583
EMU,Euro area,true,2018,0.196143464535757
EMU,Euro area,true,2019,0.229463137483838
EMU,Euro area,true,2020,0.119864417128253
EMU,Euro area,true,2021,0.050498815108036
EMU,Euro area,true,2022,0.268431756081216
EMU,Euro area,true,2023,0.4341535020062
EMU,Euro area,true,2024,0.390590086480305
EMU,Euro area,true,2025,0.296259275510713
ERI,Eritrea,false,1960,
ERI,Eritrea,false,1961,2.34000474270375
ERI,Eritrea,false,1962,2.40315907380125
ERI,Eritrea,false,1963,2.45101572625981
ERI,Eritrea,false,1964,2.47558096040955
ERI,Eritrea,false,1965,2.49346673126522
ERI,Eritrea,false,1966,2.3949415967781
ERI,Eritrea,false,1967,2.404897711419
ERI,Eritrea,false,1968,2.51916001781858
ERI,Eritrea,false,1969,2.52906230551052
ERI,Eritrea,false,1970,2.56161739538421
ERI,Eritrea,false,1971,2.59586802903634
ERI,Eritrea,false,1972,2.5592129875472
ERI,Eritrea,false,1973,2.52164268510179
ERI,Eritrea,false,1974,2.42945455929058
ERI,Eritrea,false,1975,2.3365424726951
ERI,Eritrea,false,1976,2.49639806864051
ERI,Eritrea,false,1977,2.64903207571349
ERI,Eritrea,false,1978,2.6499890243089
ERI,Eritrea,false,1979,2.65458548829139
ERI,Eritrea,false,1980,2.6800765627777
ERI,Eritrea,false,1981,2.71181109930966
ERI,Eritrea,false,1982,2.72163627225935
ERI,Eritrea,false,1983,2.37210976350436
ERI,Eritrea,false,1984,2.02806924804498
ERI,Eritrea,false,1985,2.01630165093614
ERI,Eritrea,false,1986,2.04486755514246
ERI,Eritrea,false,1987,2.33041857479192
ERI,Eritrea,false,1988,2.5915735581277
ERI,Eritrea,false,1989,2.48464353843628
ERI,Eritrea,false,1990,2.27486416634711
ERI,Eritrea,false,1991,-5.72814372342133
ERI,Eritrea,false,1992,-6.50108562382429
ERI,Eritrea,false,1993,3.13359997818341
ERI,Eritrea,false,1994,3.07240153138472
ERI,Eritrea,false,1995,5.65506612874117
ERI,Eritrea,false,1996,4.96990491051363
ERI,Eritrea,false,1997,1.10597798501552
ERI,Eritrea,false,1998,1.30566874934995
ERI,Eritrea,false,1999,1.47325833975698
ERI,Eritrea,false,2000,1.53601457156771
ERI,Eritrea,false,2001,2.85373304958379
ERI,Eritrea,false,2002,3.43914956264516
ERI,Eritrea,false,2003,4.13103377544635
ERI,Eritrea,false,2004,4.10022739741036
ERI,Eritrea,false,2005,2.39315582930907
ERI,Eritrea,false,2006,1.57651841967655
ERI,Eritrea,false,2007,1.45851723438561
ERI,Eritrea,false,2008,2.63004117479615
ERI,Eritrea,false,2009,2.50908465799155
ERI,Eritrea,false,2010,1.96475727107645
ERI,Eritrea,false,2011,1.79351881087532
ERI,Eritrea,false,2012,1.27590736754429
ERI,Eritrea,false,2013,1.22305147270022
ERI,Eritrea,false,2014,0.674705166672434
ERI,Eritrea,false,2015,0.334574415524454
ERI,Eritrea,false,2016,0.614809318134095
ERI,Eritrea,false,2017,0.817496698225399
ERI,Eritrea,false,2018,1.33731409848117
ERI,Eritrea,false,2019,1.47474580694345
ERI,Eritrea,false,2020,1.56406078076077
ERI,Eritrea,false,2021,1.77411588481268
ERI,Eritrea,false,2022,1.75351368458045
ERI,Eritrea,false,2023,1.77168715176453
ERI,Eritrea,false,2024,1.86168851424672
ERI,Eritrea,false,2025,1.99933689205926
ESP,Spain,false,1960,
ESP,Spain,false,1961,0.92901553460921
ESP,Spain,false,1962,0.920032286529714
ESP,Spain,false,1963,0.877043251659206
ESP,Spain,false,1964,0.993696426233108
ESP,Spain,false,1965,1.08584474209375
ESP,Spain,false,1966,1.02402785233795
ESP,Spain,false,1967,1.23066581815604
ESP,Spain,false,1968,1.30765578581186
ESP,Spain,false,1969,0.985430559578259
ESP,Spain,false,1970,1.11063144876766
ESP,Spain,false,1971,1.20508483293956
ESP,Spain,false,1972,1.10413658971046
ESP,Spain,false,1973,1.1049376041377
ESP,Spain,false,1974,1.09260761038069
ESP,Spain,false,1975,1.08129360308283
ESP,Spain,false,1976,1.05685172472306
ESP,Spain,false,1977,1.02913180859153
ESP,Spain,false,1978,0.96287655038845
ESP,Spain,false,1979,0.88158450134584
ESP,Spain,false,1980,0.802963561910836
ESP,Spain,false,1981,0.710878010512537
ESP,Spain,false,1982,0.600390137240396
ESP,Spain,false,1983,0.487183210573659
ESP,Spain,false,1984,0.415255702373565
ESP,Spain,false,1985,0.362365564916491
ESP,Spain,false,1986,0.298782366814399
ESP,Spain,false,1987,0.259329063201825
ESP,Spain,false,1988,0.212064999269184
ESP,Spain,false,1989,0.156776197618463
ESP,Spain,false,1990,0.101828842607043
ESP,Spain,false,1991,0.254527424551043
ESP,Spain,false,1992,0.48975790543999
ESP,Spain,false,1993,0.518543520866421
ESP,Spain,false,1994,0.476100555169168
ESP,Spain,false,1995,0.441365749537872
ESP,Spain,false,1996,0.416515798212804
ESP,Spain,false,1997,0.41911951720212
ESP,Spain,false,1998,0.413847481113965
ESP,Spain,false,1999,0.405323025522848
ESP,Spain,false,2000,0.447137014535835
ESP,Spain,false,2001,0.694068084334464
ESP,Spain,false,2002,1.41259540475782
ESP,Spain,false,2003,1.80845446818345
ESP,Spain,false,2004,1.7254663034483
ESP,Spain,false,2005,1.68934904712031
ESP,Spain,false,2006,1.69035255626114
ESP,Spain,false,2007,1.85108130845179
ESP,Spain,false,2008,1.59533049906372
ESP,Spain,false,2009,0.88573598057307
ESP,Spain,false,2010,0.460408305051304
ESP,Spain,false,2011,0.355338396471428
ESP,Spain,false,2012,0.0649259625617232
ESP,Spain,false,2013,-0.361668780017733
ESP,Spain,false,2014,-0.308309722343882
ESP,Spain,false,2015,-0.0827492378541321
ESP,Spain,false,2016,0.0771658726133905
ESP,Spain,false,2017,0.243134086570712
ESP,Spain,false,2018,0.451573724507016
ESP,Spain,false,2019,0.716697775475724
ESP,Spain,false,2020,0.510010189620998
ESP,Spain,false,2021,0.178046695121711
ESP,Spain,false,2022,0.718854879160094
ESP,Spain,false,2023,1.17836618688432
ESP,Spain,false,2024,1.02121260938381
ESP,Spain,false,2025,1.03113431966787
EST,Estonia,false,1960,
EST,Estonia,false,1961,1.11138977039487
EST,Estonia,false,1962,1.34156955956572
EST,Estonia,false,1963,1.37847716433837
EST,Estonia,false,1964,1.43767537202878
EST,Estonia,false,1965,1.35945837225877
EST,Estonia,false,1966,1.0780067078473
EST,Estonia,false,1967,0.787736186645794
EST,Estonia,false,1968,0.925837506546126
EST,Estonia,false,1969,1.04878181744335
EST,Estonia,false,1970,1.09614545086791
EST,Estonia,false,1971,1.233395893442
EST,Estonia,false,1972,1.12390796531781
EST,Estonia,false,1973,0.960032301392228
EST,Estonia,false,1974,0.865266081367352
EST,Estonia,false,1975,0.785459176187127
EST,Estonia,false,1976,0.712743106958176
EST,Estonia,false,1977,0.73604373010673
EST,Estonia,false,1978,0.685613146650277
EST,Estonia,false,1979,0.556254915149304
EST,Estonia,false,1980,0.60335223799787
EST,Estonia,false,1981,0.704718276463133
EST,Estonia,false,1982,0.719876655375138
EST,Estonia,false,1983,0.687096401884296
EST,Estonia,false,1984,0.652187283315182
EST,Estonia,false,1985,0.667063356294738
EST,Estonia,false,1986,0.743509962008971
EST,Estonia,false,1987,0.778102309212138
EST,Estonia,false,1988,0.621622035077344
EST,Estonia,false,1989,0.398143547527793
EST,Estonia,false,1990,0.0664901906843683
EST,Estonia,false,1991,-0.502159185195728
EST,Estonia,false,1992,-1.82418155532121
EST,Estonia,false,1993,-2.57431997803655
EST,Estonia,false,1994,-2.13858863504971
EST,Estonia,false,1995,-1.78539953576165
EST,Estonia,false,1996,-1.47536463752721
EST,Estonia,false,1997,-1.14091924023266
EST,Estonia,false,1998,-0.960559004588775
EST,Estonia,false,1999,0.294482275915173
EST,Estonia,false,2000,0.483707161729931
EST,Estonia,false,2001,-0.63696312445507
EST,Estonia,false,2002,-0.633433796423808
EST,Estonia,false,2003,-0.627622448059203
EST,Estonia,false,2004,-0.597820510395586
EST,Estonia,false,2005,-0.572255524659659
EST,Estonia,false,2006,-0.589655559840225
EST,Estonia,false,2007,-0.456188535090031
EST,Estonia,false,2008,-0.268133719541207
EST,Estonia,false,2009,-0.192768077420229
EST,Estonia,false,2010,-0.22805796852935
EST,Estonia,false,2011,-0.303582823643979
EST,Estonia,false,2012,-0.357944411443807
EST,Estonia,false,2013,-0.355891802625531
EST,Estonia,false,2014,-0.262256175097854
EST,Estonia,false,2015,0.0655525295417938
EST,Estonia,false,2016,0.0291122255540077
EST,Estonia,false,2017,0.121070631466687
EST,Estonia,false,2018,0.348039137980543
EST,Estonia,false,2019,0.371554389037477
EST,Estonia,false,2020,0.197559185177642
EST,Estonia,false,2021,0.105996956310127
EST,Estonia,false,2022,1.33655151148286
EST,Estonia,false,2023,1.57745133607335
EST,Estonia,false,2024,0.149856351926424
EST,Estonia,false,2025,-0.428360939161402
ETH,Ethiopia,false,1960,
ETH,Ethiopia,false,1961,2.44640117846121
ETH,Ethiopia,false,1962,2.51989230818035
ETH,Ethiopia,false,1963,2.57726352125898
ETH,Ethiopia,false,1964,2.6325787832461
ETH,Ethiopia,false,1965,2.68503885601982
ETH,Ethiopia,false,1966,2.60686291049361
ETH,Ethiopia,false,1967,2.64024773030228
ETH,Ethiopia,false,1968,2.7626036283358
ETH,Ethiopia,false,1969,2.75109695768118
ETH,Ethiopia,false,1970,2.7562166848669
ETH,Ethiopia,false,1971,2.73271821595208
ETH,Ethiopia,false,1972,2.6720203581786
ETH,Ethiopia,false,1973,2.661085698758
ETH,Ethiopia,false,1974,2.58664787647727
ETH,Ethiopia,false,1975,2.44419501329315
ETH,Ethiopia,false,1976,2.52486307793856
ETH,Ethiopia,false,1977,1.92650622270659
ETH,Ethiopia,false,1978,1.69601731559685
ETH,Ethiopia,false,1979,1.4831401597542
ETH,Ethiopia,false,1980,0.552993504448081
ETH,Ethiopia,false,1981,2.51114954878569
ETH,Ethiopia,false,1982,3.88152924345279
ETH,Ethiopia,false,1983,2.79302835182512
ETH,Ethiopia,false,1984,2.60200355587036
ETH,Ethiopia,false,1985,2.81628223535276
ETH,Ethiopia,false,1986,2.95650384846181
ETH,Ethiopia,false,1987,3.40732905645852
ETH,Ethiopia,false,1988,3.90482383858697
ETH,Ethiopia,false,1989,3.84109223094881
ETH,Ethiopia,false,1990,3.70151417338649
ETH,Ethiopia,false,1991,4.33132322477119
ETH,Ethiopia,false,1992,4.20762887536633
ETH,Ethiopia,false,1993,3.51513575633339
ETH,Ethiopia,false,1994,3.48116024765652
ETH,Ethiopia,false,1995,3.40438831875411
ETH,Ethiopia,false,1996,3.2998173533243
ETH,Ethiopia,false,1997,3.20515425246965
ETH,Ethiopia,false,1998,3.14046071441714
ETH,Ethiopia,false,1999,3.12448426110007
ETH,Ethiopia,false,2000,3.06823302462214
ETH,Ethiopia,false,2001,3.03351132311934
ETH,Ethiopia,false,2002,3.04403477269573
ETH,Ethiopia,false,2003,3.02102233073437
ETH,Ethiopia,false,2004,2.99474712931538
ETH,Ethiopia,false,2005,2.96602247201649
ETH,Ethiopia,false,2006,2.93729031507005
ETH,Ethiopia,false,2007,2.93015925736888
ETH,Ethiopia,false,2008,2.89435688963486
ETH,Ethiopia,false,2009,2.83966010377931
ETH,Ethiopia,false,2010,2.83517457968806
ETH,Ethiopia,false,2011,2.84354457485296
ETH,Ethiopia,false,2012,2.80390393439601
ETH,Ethiopia,false,2013,2.71847231803133
ETH,Ethiopia,false,2014,2.68299781796922
ETH,Ethiopia,false,2015,2.68480186138776
ETH,Ethiopia,false,2016,2.70788250761242
ETH,Ethiopia,false,2017,2.72524097063889
ETH,Ethiopia,false,2018,2.69675179524869
ETH,Ethiopia,false,2019,2.69123978261516
ETH,Ethiopia,false,2020,2.71077284780816
ETH,Ethiopia,false,2021,2.67249538803955
ETH,Ethiopia,false,2022,2.62269500936104
ETH,Ethiopia,false,2023,2.6036241976442
ETH,Ethiopia,false,2024,2.58350411214521
ETH,Ethiopia,false,2025,2.55107529460765
EUU,European Union,true,1960,
EUU,European Union,true,1961,0.827167778172809
EUU,European Union,true,1962,0.835567668367335
EUU,European Union,true,1963,0.857664089831566
EUU,European Union,true,1964,0.872381491300038
EUU,European Union,true,1965,0.827299445994969
EUU,European Union,true,1966,0.78201781463206
EUU,European Union,true,1967,0.753510076492915
EUU,European Union,true,1968,0.703940215374908
EUU,European Union,true,1969,0.691209057710205
EUU,European Union,true,1970,0.565755302894258
EUU,European Union,true,1971,0.554147510778197
EUU,European Union,true,1972,0.678141191997376
EUU,European Union,true,1973,0.647882836977415
EUU,European Union,true,1974,0.603815417329536
EUU,European Union,true,1975,0.572180561432712
EUU,European Union,true,1976,0.523894628034336
EUU,European Union,true,1977,0.48708226138491
EUU,European Union,true,1978,0.462869789544315
EUU,European Union,true,1979,0.444017820169292
EUU,European Union,true,1980,0.460391874904433
EUU,European Union,true,1981,0.425219143571138
EUU,European Union,true,1982,0.30791033646996
EUU,European Union,true,1983,0.263380590621867
EUU,European Union,true,1984,0.224519580758287
EUU,European Union,true,1985,0.233299522370778
EUU,European Union,true,1986,0.27115751131841
EUU,European Union,true,1987,0.291022480836972
EUU,European Union,true,1988,0.325467026489127
EUU,European Union,true,1989,0.346216815862927
EUU,European Union,true,1990,0.338877065279092
EUU,European Union,true,1991,0.288803395482347
EUU,European Union,true,1992,0.290682833001616
EUU,European Union,true,1993,0.324733603477772
EUU,European Union,true,1994,0.249393274836415
EUU,European Union,true,1995,0.189216677992804
EUU,European Union,true,1996,0.162952006210401
EUU,European Union,true,1997,0.150392656535945
EUU,European Union,true,1998,0.133802888186977
EUU,European Union,true,1999,0.164734794291734
EUU,European Union,true,2000,0.119607067359065
EUU,European Union,true,2001,0.132707849765232
EUU,European Union,true,2002,0.235772786627443
EUU,European Union,true,2003,0.368018915492286
EUU,European Union,true,2004,0.387751737585473
EUU,European Union,true,2005,0.366879333170524
EUU,European Union,true,2006,0.337818093606121
EUU,European Union,true,2007,0.349793827267152
EUU,European Union,true,2008,0.335518873945504
EUU,European Union,true,2009,0.25357972385739
EUU,European Union,true,2010,0.158405309698739
EUU,European Union,true,2011,-0.152627121339593
EUU,European Union,true,2012,0.148448909551677
EUU,European Union,true,2013,0.0804757032721089
EUU,European Union,true,2014,0.111838250459285
EUU,European Union,true,2015,0.196771280273822
EUU,European Union,true,2016,0.198866460412297
EUU,European Union,true,2017,0.144811184101519
EUU,European Union,true,2018,0.165449880203722
EUU,European Union,true,2019,0.190824171550364
EUU,European Union,true,2020,-0.00883750758193382
EUU,European Union,true,2021,-0.143920872876958
EUU,European Union,true,2022,0.218330107204789
EUU,European Union,true,2023,0.378071389543418
EUU,European Union,true,2024,0.295986183604409
EUU,European Union,true,2025,0.199526868046785
FIN,Finland,false,1960,
FIN,Finland,false,1961,0.705711483663754
FIN,Finland,false,1962,0.679995399829919
FIN,Finland,false,1963,0.706977468183943
FIN,Finland,false,1964,0.556315625077213
FIN,Finland,false,1965,0.333374795369662
FIN,Finland,false,1966,0.374800826434961
FIN,Finland,false,1967,0.541550205582204
FIN,Finland,false,1968,0.448972197973546
FIN,Finland,false,1969,-0.0580308405654956
FIN,Finland,false,1970,-0.378718237915962
FIN,Finland,false,1971,0.126203705860136
FIN,Finland,false,1972,0.595195266324646
FIN,Finland,false,1973,0.567909197939041
FIN,Finland,false,1974,0.523542995771684
FIN,Finland,false,1975,0.443863075666863
FIN,Finland,false,1976,0.30144863871956
FIN,Finland,false,1977,0.279738313043981
FIN,Finland,false,1978,0.287122369568676
FIN,Finland,false,1979,0.25557902782611
FIN,Finland,false,1980,0.311078415926419
FIN,Finland,false,1981,0.426515644912231
FIN,Finland,false,1982,0.560285843941572
FIN,Finland,false,1983,0.595991320809624
FIN,Finland,false,1984,0.534342930873442
FIN,Finland,false,1985,0.41706890447956
FIN,Finland,false,1986,0.324794895907026
FIN,Finland,false,1987,0.283626731803862
FIN,Finland,false,1988,0.290689051012441
FIN,Finland,false,1989,0.361018799003539
FIN,Finland,false,1990,0.443382073914297
FIN,Finland,false,1991,0.546172018187903
FIN,Finland,false,1992,0.561909850746084
FIN,Finland,false,1993,0.483854088858285
FIN,Finland,false,1994,0.431048902829755
FIN,Finland,false,1995,0.381655333457214
FIN,Finland,false,1996,0.328037913627481
FIN,Finland,false,1997,0.297377330426395
FIN,Finland,false,1998,0.265472962436301
FIN,Finland,false,1999,0.232116249119004
FIN,Finland,false,2000,0.2076065154133
FIN,Finland,false,2001,0.227687341886374
FIN,Finland,false,2002,0.242381050233372
FIN,Finland,false,2003,0.238457240068217
FIN,Finland,false,2004,0.290350361518584
FIN,Finland,false,2005,0.342248594286999
FIN,Finland,false,2006,0.383777136305104
FIN,Finland,false,2007,0.425429832100631
FIN,Finland,false,2008,0.465549284507694
FIN,Finland,false,2009,0.478246393482911
FIN,Finland,false,2010,0.457494535465831
FIN,Finland,false,2011,0.463558707499131
FIN,Finland,false,2012,0.475809486683209
FIN,Finland,false,2013,0.460723772785295
FIN,Finland,false,2014,0.413560207519414
FIN,Finland,false,2015,0.329383885818507
FIN,Finland,false,2016,0.287421401687637
FIN,Finland,false,2017,0.234670531705453
FIN,Finland,false,2018,0.132641040791912
FIN,Finland,false,2019,0.110191690491055
FIN,Finland,false,2020,0.143641197212847
FIN,Finland,false,2021,0.207288594407348
FIN,Finland,false,2022,0.271944526506117
FIN,Finland,false,2023,0.499192375381062
FIN,Finland,false,2024,0.642640054363343
FIN,Finland,false,2025,0.470872218110853
FJI,Fiji,false,1960,
FJI,Fiji,false,1961,3.04513534106385
FJI,Fiji,false,1962,3.09715748245868
FJI,Fiji,false,1963,3.14150468622573
FJI,Fiji,false,1964,3.11303666617003
FJI,Fiji,false,1965,3.06201069073722
FJI,Fiji,false,1966,2.90137152928469
FJI,Fiji,false,1967,2.51413745514904
FJI,Fiji,false,1968,2.20630929387433
FJI,Fiji,false,1969,2.09456832297953
FJI,Fiji,false,1970,1.97556770365074
FJI,Fiji,false,1971,1.85269061818193
FJI,Fiji,false,1972,1.71822259032263
FJI,Fiji,false,1973,1.57213924320941
FJI,Fiji,false,1974,1.46748338450362
FJI,Fiji,false,1975,1.47230870259966
FJI,Fiji,false,1976,1.6579798443608
FJI,Fiji,false,1977,2.07403624388052
FJI,Fiji,false,1978,2.36163504529058
FJI,Fiji,false,1979,2.38454564454257
FJI,Fiji,false,1980,2.38229414072503
FJI,Fiji,false,1981,2.38512944935434
FJI,Fiji,false,1982,2.39596399163319
FJI,Fiji,false,1983,2.40921420286265
FJI,Fiji,false,1984,2.41764493217252
FJI,Fiji,false,1985,2.38323395080083
FJI,Fiji,false,1986,2.12506809253092
FJI,Fiji,false,1987,1.50810391393811
FJI,Fiji,false,1988,1.08095407494385
FJI,Fiji,false,1989,0.999865380752618
FJI,Fiji,false,1990,0.908661993627988
FJI,Fiji,false,1991,0.816503481425083
FJI,Fiji,false,1992,0.727158824335362
FJI,Fiji,false,1993,0.63755400111807
FJI,Fiji,false,1994,0.555409782867107
FJI,Fiji,false,1995,0.498897500907314
FJI,Fiji,false,1996,0.629379907071343
FJI,Fiji,false,1997,1.03347108524829
FJI,Fiji,false,1998,1.23827066451942
FJI,Fiji,false,1999,1.1571474257357
FJI,Fiji,false,2000,1.08577609197596
FJI,Fiji,false,2001,1.02774927786764
FJI,Fiji,false,2002,0.990026503572045
FJI,Fiji,false,2003,0.955390066776006
FJI,Fiji,false,2004,0.928394421815226
FJI,Fiji,false,2005,0.912261662506839
FJI,Fiji,false,2006,0.900982208728377
FJI,Fiji,false,2007,0.835147738211046
FJI,Fiji,false,2008,0.618134789575492
FJI,Fiji,false,2009,0.424160517694519
FJI,Fiji,false,2010,0.34990116341096
FJI,Fiji,false,2011,0.28188992280493
FJI,Fiji,false,2012,0.211061144367838
FJI,Fiji,false,2013,0.156612656036956
FJI,Fiji,false,2014,0.134464835572885
FJI,Fiji,false,2015,0.108160342715375
FJI,Fiji,false,2016,0.0639915048086223
FJI,Fiji,false,2017,-0.0442890767199793
FJI,Fiji,false,2018,-0.172010114641272
FJI,Fiji,false,2019,-0.24900685817593
FJI,Fiji,false,2020,0.00699506301854314
FJI,Fiji,false,2021,0.190863715994045
FJI,Fiji,false,2022,0.295294727557318
FJI,Fiji,false,2023,0.51237740019889
FJI,Fiji,false,2024,0.500721796949901
FJI,Fiji,false,2025,0.469404246979013
FRA,France,false,1960,
FRA,France,false,1961,1.03446883809664
FRA,France,false,1962,1.00427968918453
FRA,France,false,1963,1.00353599767787
FRA,France,false,1964,1.06620875015002
FRA,France,false,1965,0.959388414203965
FRA,France,false,1966,0.866189192765792
FRA,France,false,1967,0.813893398089106
FRA,France,false,1968,0.766314047828995
FRA,France,false,1969,0.824238754775053
FRA,France,false,1970,0.910071021991229
FRA,France,false,1971,0.942308081213309
FRA,France,false,1972,0.877674176847892
FRA,France,false,1973,0.808254039339957
FRA,France,false,1974,0.661593218642967
FRA,France,false,1975,0.475700887805125
FRA,France,false,1976,0.424132385282009
FRA,France,false,1977,0.467415655328551
FRA,France,false,1978,0.453327774115543
FRA,France,false,1979,0.448113600779868
FRA,France,false,1980,0.533919142662461
FRA,France,false,1981,0.593754110995282
FRA,France,false,1982,0.365202345952973
FRA,France,false,1983,0.538875770120835
FRA,France,false,1984,0.488491581974165
FRA,France,false,1985,0.499845780185524
FRA,France,false,1986,0.511141505762455
FRA,France,false,1987,0.543092054847426
FRA,France,false,1988,0.578107856832589
FRA,France,false,1989,0.596976456799538
FRA,France,false,1990,0.547228307056949
FRA,France,false,1991,0.502041652701803
FRA,France,false,1992,0.498024782624795
FRA,France,false,1993,0.43494888453875
FRA,France,false,1994,0.374521801846337
FRA,France,false,1995,0.364159563395629
FRA,France,false,1996,0.357448008376034
FRA,France,false,1997,0.356761847855923
FRA,France,false,1998,0.37054023067343
FRA,France,false,1999,0.515860143523548
FRA,France,false,2000,0.686335719566776
FRA,France,false,2001,0.7289939490983
FRA,France,false,2002,0.727033002641047
FRA,France,false,2003,0.705638836747311
FRA,France,false,2004,0.732625502527391
FRA,France,false,2005,0.751885116821619
FRA,France,false,2006,0.696338574828463
FRA,France,false,2007,0.618225682593305
FRA,France,false,2008,0.558020613148126
FRA,France,false,2009,0.513351013325229
FRA,France,false,2010,0.492976371032656
FRA,France,false,2011,0.482667411007127
FRA,France,false,2012,0.483714919435185
FRA,France,false,2013,0.516915013016667
FRA,France,false,2014,0.474847846171767
FRA,France,false,2015,0.355569240058298
FRA,France,false,2016,0.263868788565368
FRA,France,false,2017,0.29020211635109
FRA,France,false,2018,0.358494581816163
FRA,France,false,2019,0.332559129027963
FRA,France,false,2020,0.324557781035362
FRA,France,false,2021,0.356902332389048
FRA,France,false,2022,0.502320929337976
FRA,France,false,2023,0.275093143443794
FRA,France,false,2024,0.261995241898747
FRA,France,false,2025,0.245766211891762
FRO,Faroe Islands,false,1960,
FRO,Faroe Islands,false,1961,1.25212747661323
FRO,Faroe Islands,false,1962,1.16802248501655
FRO,Faroe Islands,false,1963,1.21671910651706
FRO,Faroe Islands,false,1964,1.28023310079116
FRO,Faroe Islands,false,1965,1.38517880888297
FRO,Faroe Islands,false,1966,1.28208636684538
FRO,Faroe Islands,false,1967,1.04299899817489
FRO,Faroe Islands,false,1968,0.957713106530328
FRO,Faroe Islands,false,1969,0.919613726392763
FRO,Faroe Islands,false,1970,0.950437736418558
FRO,Faroe Islands,false,1971,1.12769474429338
FRO,Faroe Islands,false,1972,1.20450894474387
FRO,Faroe Islands,false,1973,1.1775590338105
FRO,Faroe Islands,false,1974,1.17881528581888
FRO,Faroe Islands,false,1975,1.14536294378759
FRO,Faroe Islands,false,1976,1.10801741515168
FRO,Faroe Islands,false,1977,1.08622928166312
FRO,Faroe Islands,false,1978,1.19853776636522
FRO,Faroe Islands,false,1979,1.3090648416986
FRO,Faroe Islands,false,1980,1.28750624807588
FRO,Faroe Islands,false,1981,1.2780168873712
FRO,Faroe Islands,false,1982,1.24151622569537
FRO,Faroe Islands,false,1983,1.1233670211099
FRO,Faroe Islands,false,1984,1.04887890808233
FRO,Faroe Islands,false,1985,1.25042906085228
FRO,Faroe Islands,false,1986,0.921163731031877
FRO,Faroe Islands,false,1987,1.22801379465912
FRO,Faroe Islands,false,1988,1.39065372391063
FRO,Faroe Islands,false,1989,1.26529516836205
FRO,Faroe Islands,false,1990,-0.455591174656709
FRO,Faroe Islands,false,1991,-0.617726887604201
FRO,Faroe Islands,false,1992,-0.337788232597582
FRO,Faroe Islands,false,1993,-1.73423998530045
FRO,Faroe Islands,false,1994,-3.90313778916051
FRO,Faroe Islands,false,1995,-2.45522264275184
FRO,Faroe Islands,false,1996,-0.0688136553441187
FRO,Faroe Islands,false,1997,1.25638673392033
FRO,Faroe Islands,false,1998,1.22065340133054
FRO,Faroe Islands,false,1999,1.0510005450021
FRO,Faroe Islands,false,2000,1.33775372322055
FRO,Faroe Islands,false,2001,1.90721125852353
FRO,Faroe Islands,false,2002,1.48986474020279
FRO,Faroe Islands,false,2003,1.46174758701968
FRO,Faroe Islands,false,2004,0.730172510601633
FRO,Faroe Islands,false,2005,-0.0516833270758382
FRO,Faroe Islands,false,2006,-0.0496411369740636
FRO,Faroe Islands,false,2007,0.0889229014371259
FRO,Faroe Islands,false,2008,0.34872359301474
FRO,Faroe Islands,false,2009,0.499297296665857
FRO,Faroe Islands,false,2010,-0.275024289273695
FRO,Faroe Islands,false,2011,-0.234572835394122
FRO,Faroe Islands,false,2012,-0.52049026956171
FRO,Faroe Islands,false,2013,-0.093230441310346
FRO,Faroe Islands,false,2014,0.376531394874872
FRO,Faroe Islands,false,2015,0.967898642781007
FRO,Faroe Islands,false,2016,1.14884194797275
FRO,Faroe Islands,false,2017,1.43716971528022
FRO,Faroe Islands,false,2018,1.61701949833066
FRO,Faroe Islands,false,2019,1.54302729710577
FRO,Faroe Islands,false,2020,1.47773194347557
FRO,Faroe Islands,false,2021,1.37930615088331
FRO,Faroe Islands,false,2022,1.14186736137659
FRO,Faroe Islands,false,2023,0.914125348702147
FRO,Faroe Islands,false,2024,0.443882678235839
FRO,Faroe Islands,false,2025,0.474713325295028
FSM,"Micronesia, Fed. Sts.",false,1960,
FSM,"Micronesia, Fed. Sts.",false,1961,3.53403340644192
FSM,"Micronesia, Fed. Sts.",false,1962,3.54112834587104
FSM,"Micronesia, Fed. Sts.",false,1963,3.24840719824119
FSM,"Micronesia, Fed. Sts.",false,1964,2.96539654689184
FSM,"Micronesia, Fed. Sts.",false,1965,3.01029088864477
FSM,"Micronesia, Fed. Sts.",false,1966,3.05827102359584
FSM,"Micronesia, Fed. Sts.",false,1967,2.99351312623089
FSM,"Micronesia, Fed. Sts.",false,1968,2.94798252495928
FSM,"Micronesia, Fed. Sts.",false,1969,2.99839516650394
FSM,"Micronesia, Fed. Sts.",false,1970,3.06226380000692
FSM,"Micronesia, Fed. Sts.",false,1971,2.86742407481415
FSM,"Micronesia, Fed. Sts.",false,1972,2.67194573144977
FSM,"Micronesia, Fed. Sts.",false,1973,2.70560760181313
FSM,"Micronesia, Fed. Sts.",false,1974,2.71801523863379
FSM,"Micronesia, Fed. Sts.",false,1975,2.52159001013227
FSM,"Micronesia, Fed. Sts.",false,1976,2.37560355731384
FSM,"Micronesia, Fed. Sts.",false,1977,2.43785409600279
FSM,"Micronesia, Fed. Sts.",false,1978,2.78889489067439
FSM,"Micronesia, Fed. Sts.",false,1979,3.11239671026876
FSM,"Micronesia, Fed. Sts.",false,1980,3.0869361322123
FSM,"Micronesia, Fed. Sts.",false,1981,3.03710978762988
FSM,"Micronesia, Fed. Sts.",false,1982,2.99381052458094
FSM,"Micronesia, Fed. Sts.",false,1983,2.94930273617738
FSM,"Micronesia, Fed. Sts.",false,1984,2.90496174079205
FSM,"Micronesia, Fed. Sts.",false,1985,2.86197402494915
FSM,"Micronesia, Fed. Sts.",false,1986,2.81269056916988
FSM,"Micronesia, Fed. Sts.",false,1987,2.75577269889556
FSM,"Micronesia, Fed. Sts.",false,1988,2.34770422317355
FSM,"Micronesia, Fed. Sts.",false,1989,1.94396738692991
FSM,"Micronesia, Fed. Sts.",false,1990,1.88608379478079
FSM,"Micronesia, Fed. Sts.",false,1991,1.8326791405429
FSM,"Micronesia, Fed. Sts.",false,1992,1.97732400975085
FSM,"Micronesia, Fed. Sts.",false,1993,2.13344445785382
FSM,"Micronesia, Fed. Sts.",false,1994,1.85902522746243
FSM,"Micronesia, Fed. Sts.",false,1995,1.05333729655509
FSM,"Micronesia, Fed. Sts.",false,1996,0.434507789615144
FSM,"Micronesia, Fed. Sts.",false,1997,0.325546659835609
FSM,"Micronesia, Fed. Sts.",false,1998,0.275120651130129
FSM,"Micronesia, Fed. Sts.",false,1999,0.271679603302952
FSM,"Micronesia, Fed. Sts.",false,2000,0.325401227572671
FSM,"Micronesia, Fed. Sts.",false,2001,0.286084977816685
FSM,"Micronesia, Fed. Sts.",false,2002,0.0738391496676066
FSM,"Micronesia, Fed. Sts.",false,2003,-0.145061053412724
FSM,"Micronesia, Fed. Sts.",false,2004,-0.321127790347554
FSM,"Micronesia, Fed. Sts.",false,2005,-0.459396250703375
FSM,"Micronesia, Fed. Sts.",false,2006,-0.614926692700671
FSM,"Micronesia, Fed. Sts.",false,2007,-0.769691346591573
FSM,"Micronesia, Fed. Sts.",false,2008,-0.862830740479894
FSM,"Micronesia, Fed. Sts.",false,2009,-0.902755412822123
FSM,"Micronesia, Fed. Sts.",false,2010,-0.387012831252087
FSM,"Micronesia, Fed. Sts.",false,2011,0.146814250624888
FSM,"Micronesia, Fed. Sts.",false,2012,0.178117567546797
FSM,"Micronesia, Fed. Sts.",false,2013,0.213878078483849
FSM,"Micronesia, Fed. Sts.",false,2014,0.254021760761961
FSM,"Micronesia, Fed. Sts.",false,2015,0.294778945170204
FSM,"Micronesia, Fed. Sts.",false,2016,0.329674160226437
FSM,"Micronesia, Fed. Sts.",false,2017,0.371529920950747
FSM,"Micronesia, Fed. Sts.",false,2018,0.390173246703998
FSM,"Micronesia, Fed. Sts.",false,2019,0.338797095962346
FSM,"Micronesia, Fed. Sts.",false,2020,0.573243642479669
FSM,"Micronesia, Fed. Sts.",false,2021,0.636292251926478
FSM,"Micronesia, Fed. Sts.",false,2022,0.438013018270765
FSM,"Micronesia, Fed. Sts.",false,2023,0.459189928699194
FSM,"Micronesia, Fed. Sts.",false,2024,0.469463637376133
FSM,"Micronesia, Fed. Sts.",false,2025,0.46111268735637
GAB,Gabon,false,1960,
GAB,Gabon,false,1961,1.1547001812419
GAB,Gabon,false,1962,1.22408435994584
GAB,Gabon,false,1963,1.28834156921139
GAB,Gabon,false,1964,1.34661214457291
GAB,Gabon,false,1965,1.41039145556123
GAB,Gabon,false,1966,1.48171585202419
GAB,Gabon,false,1967,1.54713614444625
GAB,Gabon,false,1968,1.61167519460931
GAB,Gabon,false,1969,1.90722965310442
GAB,Gabon,false,1970,2.1321756710541
GAB,Gabon,false,1971,2.07648422315438
GAB,Gabon,false,1972,2.05195809737045
GAB,Gabon,false,1973,2.07744003502004
GAB,Gabon,false,1974,2.13726627996255
GAB,Gabon,false,1975,2.21493639790941
GAB,Gabon,false,1976,2.30353700486348
GAB,Gabon,false,1977,2.38504406878453
GAB,Gabon,false,1978,2.45680500528576
GAB,Gabon,false,1979,2.51710475019666
GAB,Gabon,false,1980,2.57348932286492
GAB,Gabon,false,1981,2.63680133516236
GAB,Gabon,false,1982,2.68378297004317
GAB,Gabon,false,1983,2.71454800029963
GAB,Gabon,false,1984,2.73606826256557
GAB,Gabon,false,1985,2.74832455729564
GAB,Gabon,false,1986,2.76045755743107
GAB,Gabon,false,1987,2.77413623502474
GAB,Gabon,false,1988,2.78166738757561
GAB,Gabon,false,1989,2.76668223605548
GAB,Gabon,false,1990,2.74079536205552
GAB,Gabon,false,1991,2.71596477280142
GAB,Gabon,false,1992,2.69019023311537
GAB,Gabon,false,1993,2.66313721619497
GAB,Gabon,false,1994,2.62054442635647
GAB,Gabon,false,1995,2.56947054894018
GAB,Gabon,false,1996,2.53192547257579
GAB,Gabon,false,1997,2.52206040049182
GAB,Gabon,false,1998,2.53208551111539
GAB,Gabon,false,1999,2.54866423910635
GAB,Gabon,false,2000,2.58540209287646
GAB,Gabon,false,2001,2.6318642070048
GAB,Gabon,false,2002,2.67810322358967
GAB,Gabon,false,2003,2.72905696679518
GAB,Gabon,false,2004,2.80043793009716
GAB,Gabon,false,2005,2.90380819435636
GAB,Gabon,false,2006,3.01803087434569
GAB,Gabon,false,2007,3.12630083622847
GAB,Gabon,false,2008,3.22072516127824
GAB,Gabon,false,2009,3.32765333333101
GAB,Gabon,false,2010,3.44994267851283
GAB,Gabon,false,2011,3.54739719912158
GAB,Gabon,false,2012,3.57746904510728
GAB,Gabon,false,2013,3.52009296367142
GAB,Gabon,false,2014,3.35844001734251
GAB,Gabon,false,2015,3.11465625322556
GAB,Gabon,false,2016,2.86485541015556
GAB,Gabon,false,2017,2.65889572463952
GAB,Gabon,false,2018,2.53688289832205
GAB,Gabon,false,2019,2.47279132038176
GAB,Gabon,false,2020,2.38922359813697
GAB,Gabon,false,2021,2.30612435799096
GAB,Gabon,false,2022,2.24763901253797
GAB,Gabon,false,2023,2.19891289669511
GAB,Gabon,false,2024,2.15636509762581
GAB,Gabon,false,2025,2.11142428155027
GBR,United Kingdom,false,1960,
GBR,United Kingdom,false,1961,0.760459938521921
GBR,United Kingdom,false,1962,0.848661387731873
GBR,United Kingdom,false,1963,0.748366448717305
GBR,United Kingdom,false,1964,0.650257748756685
GBR,United Kingdom,false,1965,0.642468779443559
GBR,United Kingdom,false,1966,0.55130324946533
GBR,United Kingdom,false,1967,0.538543769542258
GBR,United Kingdom,false,1968,0.486768279639266
GBR,United Kingdom,false,1969,0.415803269484986
GBR,United Kingdom,false,1970,0.39872245794476
GBR,United Kingdom,false,1971,0.417666617474017
GBR,United Kingdom,false,1972,0.3390575157182
GBR,United Kingdom,false,1973,0.19319818644469
GBR,United Kingdom,false,1974,0.0630592101531556
GBR,United Kingdom,false,1975,-0.00742336272019876
GBR,United Kingdom,false,1976,-0.024603832530328
GBR,United Kingdom,false,1977,-0.0328738482390269
GBR,United Kingdom,false,1978,0.00535990765712166
GBR,United Kingdom,false,1979,0.0897286611918231
GBR,United Kingdom,false,1980,0.119517254129019
GBR,United Kingdom,false,1981,0.0348217320561183
GBR,United Kingdom,false,1982,-0.0358427938348334
GBR,United Kingdom,false,1983,0.0341013738761532
GBR,United Kingdom,false,1984,0.158261863204096
GBR,United Kingdom,false,1985,0.226951225450001
GBR,United Kingdom,false,1986,0.231610229834337
GBR,United Kingdom,false,1987,0.212637260699709
GBR,United Kingdom,false,1988,0.222063893961785
GBR,United Kingdom,false,1989,0.260311450078262
GBR,United Kingdom,false,1990,0.298930554095876
GBR,United Kingdom,false,1991,0.309247932319381
GBR,United Kingdom,false,1992,0.270431182081877
GBR,United Kingdom,false,1993,0.239745439286479
GBR,United Kingdom,false,1994,0.254586486858912
GBR,United Kingdom,false,1995,0.264547416858702
GBR,United Kingdom,false,1996,0.254626384215086
GBR,United Kingdom,false,1997,0.257553323280351
GBR,United Kingdom,false,1998,0.291406085432392
GBR,United Kingdom,false,1999,0.333405882184416
GBR,United Kingdom,false,2000,0.357300887421605
GBR,United Kingdom,false,2001,0.384975969564228
GBR,United Kingdom,false,2002,0.423337079636281
GBR,United Kingdom,false,2003,0.465641113602993
GBR,United Kingdom,false,2004,0.568943113421317
GBR,United Kingdom,false,2005,0.68661130607346
GBR,United Kingdom,false,2006,0.73504867842129
GBR,United Kingdom,false,2007,0.778666112441256
GBR,United Kingdom,false,2008,0.787032622318939
GBR,United Kingdom,false,2009,0.756390859593407
GBR,United Kingdom,false,2010,0.783888646646516
GBR,United Kingdom,false,2011,0.781506562236639
GBR,United Kingdom,false,2012,0.712282568284022
GBR,United Kingdom,false,2013,0.66797798607405
GBR,United Kingdom,false,2014,0.747147320248681
GBR,United Kingdom,false,2015,0.72163513014287
GBR,United Kingdom,false,2016,0.794231868922694
GBR,United Kingdom,false,2017,0.544198348436919
GBR,United Kingdom,false,2018,0.48846608680317
GBR,United Kingdom,false,2019,0.513111008030604
GBR,United Kingdom,false,2020,0.167956370836665
GBR,United Kingdom,false,2021,0.355973393742215
GBR,United Kingdom,false,2022,0.977617841553254
GBR,United Kingdom,false,2023,1.30728496203423
GBR,United Kingdom,false,2024,1.09574630336216
GBR,United Kingdom,false,2025,0.296898638478743
GEO,Georgia,false,1960,
GEO,Georgia,false,1961,1.57843586242192
GEO,Georgia,false,1962,1.51934218612588
GEO,Georgia,false,1963,1.47302172404034
GEO,Georgia,false,1964,1.41030647236467
GEO,Georgia,false,1965,1.31677103746475
GEO,Georgia,false,1966,1.14347809836994
GEO,Georgia,false,1967,0.98087961095848
GEO,Georgia,false,1968,0.907052602504574
GEO,Georgia,false,1969,0.935667821463932
GEO,Georgia,false,1970,0.965837609752831
GEO,Georgia,false,1971,1.04070769906296
GEO,Georgia,false,1972,1.01096663057623
GEO,Georgia,false,1973,0.880708360764379
GEO,Georgia,false,1974,0.868346221328303
GEO,Georgia,false,1975,0.738010729762246
GEO,Georgia,false,1976,0.721090302126311
GEO,Georgia,false,1977,0.681625222138157
GEO,Georgia,false,1978,0.583823410216356
GEO,Georgia,false,1979,0.73630527828658
GEO,Georgia,false,1980,0.842900505178333
GEO,Georgia,false,1981,0.820316229275049
GEO,Georgia,false,1982,0.846666492599661
GEO,Georgia,false,1983,0.878842348486769
GEO,Georgia,false,1984,0.853879670691174
GEO,Georgia,false,1985,0.876678994769127
GEO,Georgia,false,1986,0.888192528985836
GEO,Georgia,false,1987,0.825576238611123
GEO,Georgia,false,1988,0.990127868199943
GEO,Georgia,false,1989,0.262664316118746
GEO,Georgia,false,1990,-0.0270683894920024
GEO,Georgia,false,1991,0.703475649320206
GEO,Georgia,false,1992,0.774511050286416
GEO,Georgia,false,1993,0.76855845063073
GEO,Georgia,false,1994,-1.5394301205047
GEO,Georgia,false,1995,-3.75771606823635
GEO,Georgia,false,1996,-3.62954607972126
GEO,Georgia,false,1997,-3.20751817162219
GEO,Georgia,false,1998,-2.474222975613
GEO,Georgia,false,1999,-2.05737687863556
GEO,Georgia,false,2000,-1.9446291567975
GEO,Georgia,false,2001,-1.55123839698929
GEO,Georgia,false,2002,-0.89725367267161
GEO,Georgia,false,2003,-0.675365805865971
GEO,Georgia,false,2004,-0.619262410024726
GEO,Georgia,false,2005,-0.635292218459481
GEO,Georgia,false,2006,-0.568484712403705
GEO,Georgia,false,2007,-0.521646734447263
GEO,Georgia,false,2008,-0.303790529341209
GEO,Georgia,false,2009,-0.888185042750245
GEO,Georgia,false,2010,-0.729475256932528
GEO,Georgia,false,2011,-0.802164039694326
GEO,Georgia,false,2012,-0.736565518814038
GEO,Georgia,false,2013,-0.300972141406188
GEO,Georgia,false,2014,0.0469539002549217
GEO,Georgia,false,2015,0.157481405176007
GEO,Georgia,false,2016,0.0598165991047394
GEO,Georgia,false,2017,0.0133860746662629
GEO,Georgia,false,2018,-0.0390365463489613
GEO,Georgia,false,2019,-0.171565740223868
GEO,Georgia,false,2020,0.0686562494680967
GEO,Georgia,false,2021,-0.379636607027231
GEO,Georgia,false,2022,0.104889950638883
GEO,Georgia,false,2023,0.0802640328443946
GEO,Georgia,false,2024,2.57811800562047
GEO,Georgia,false,2025,3.1815662969341
GHA,Ghana,false,1960,
GHA,Ghana,false,1961,2.85283695739167
GHA,Ghana,false,1962,2.40987515836032
GHA,Ghana,false,1963,2.38818160278714
GHA,Ghana,false,1964,2.38038338050605
GHA,Ghana,false,1965,2.39917607900612
GHA,Ghana,false,1966,2.40549886068672
GHA,Ghana,false,1967,2.41522518388045
GHA,Ghana,false,1968,2.43408669636776
GHA,Ghana,false,1969,2.50103446876383
GHA,Ghana,false,1970,2.67304040000564
GHA,Ghana,false,1971,2.76727341653774
GHA,Ghana,false,1972,2.81437565083333
GHA,Ghana,false,1973,2.88677518527538
GHA,Ghana,false,1974,2.90057331459706
GHA,Ghana,false,1975,2.89537294984566
GHA,Ghana,false,1976,2.87828591411621
GHA,Ghana,false,1977,2.94772989176533
GHA,Ghana,false,1978,3.03790621967011
GHA,Ghana,false,1979,3.053809079769
GHA,Ghana,false,1980,2.92469414651907
GHA,Ghana,false,1981,2.8095953039292
GHA,Ghana,false,1982,2.90571524781539
GHA,Ghana,false,1983,3.00733255575798
GHA,Ghana,false,1984,2.58157140681066
GHA,Ghana,false,1985,2.15043020265102
GHA,Ghana,false,1986,2.20079173105863
GHA,Ghana,false,1987,2.2927830596338
GHA,Ghana,false,1988,2.40254861016643
GHA,Ghana,false,1989,2.49812431630792
GHA,Ghana,false,1990,2.55156185640349
GHA,Ghana,false,1991,2.51983177629257
GHA,Ghana,false,1992,2.48576941139296
GHA,Ghana,false,1993,2.46951819870346
GHA,Ghana,false,1994,2.40415651514833
GHA,Ghana,false,1995,2.36010348077285
GHA,Ghana,false,1996,2.33565497080505
GHA,Ghana,false,1997,2.37895957415826
GHA,Ghana,false,1998,2.43236771924415
GHA,Ghana,false,1999,2.44120807599366
GHA,Ghana,false,2000,2.51243583964957
GHA,Ghana,false,2001,2.6631054412646
GHA,Ghana,false,2002,2.75013769977312
GHA,Ghana,false,2003,2.69999623325849
GHA,Ghana,false,2004,2.64856422445373
GHA,Ghana,false,2005,2.62275723095941
GHA,Ghana,false,2006,2.59967236461776
GHA,Ghana,false,2007,2.57742881770877
GHA,Ghana,false,2008,2.5377798286274
GHA,Ghana,false,2009,2.49528498609835
GHA,Ghana,false,2010,2.43301424000427
GHA,Ghana,false,2011,2.40497145453178
GHA,Ghana,false,2012,2.4199090803465
GHA,Ghana,false,2013,2.40927930949909
GHA,Ghana,false,2014,2.36498553072391
GHA,Ghana,false,2015,2.30712733064921
GHA,Ghana,false,2016,2.27621203911157
GHA,Ghana,false,2017,2.19535792776401
GHA,Ghana,false,2018,2.07517136640112
GHA,Ghana,false,2019,2.00780519953703
GHA,Ghana,false,2020,1.99181985149439
GHA,Ghana,false,2021,1.95904584379494
GHA,Ghana,false,2022,1.92029034344132
GHA,Ghana,false,2023,1.90860289687983
GHA,Ghana,false,2024,1.87500010333119
GHA,Ghana,false,2025,1.83295547173437
GIB,Gibraltar,false,1960,
GIB,Gibraltar,false,1961,0.150991769895871
GIB,Gibraltar,false,1962,1.47498646299299
GIB,Gibraltar,false,1963,2.47398602234661
GIB,Gibraltar,false,1964,2.43999254252944
GIB,Gibraltar,false,1965,2.38606026629123
GIB,Gibraltar,false,1966,2.34272541094725
GIB,Gibraltar,false,1967,2.30908579074992
GIB,Gibraltar,false,1968,2.225696207096
GIB,Gibraltar,false,1969,2.09686973971021
GIB,Gibraltar,false,1970,1.94872906717228
GIB,Gibraltar,false,1971,1.43887374520997
GIB,Gibraltar,false,1972,0.994300218819425
GIB,Gibraltar,false,1973,0.901022018481652
GIB,Gibraltar,false,1974,0.788544923706097
GIB,Gibraltar,false,1975,0.703697299427303
GIB,Gibraltar,false,1976,0.652583219910669
GIB,Gibraltar,false,1977,0.588299531368758
GIB,Gibraltar,false,1978,0.51457484988443
GIB,Gibraltar,false,1979,0.45246565328381
GIB,Gibraltar,false,1980,0.349345333456013
GIB,Gibraltar,false,1981,0.226421763544454
GIB,Gibraltar,false,1982,0.0869489664377819
GIB,Gibraltar,false,1983,-0.111308230908463
GIB,Gibraltar,false,1984,-0.313720279612729
GIB,Gibraltar,false,1985,-0.458403392164619
GIB,Gibraltar,false,1986,-0.647433647879619
GIB,Gibraltar,false,1987,-0.822349735689642
GIB,Gibraltar,false,1988,-0.918930217183927
GIB,Gibraltar,false,1989,-1.06531892446442
GIB,Gibraltar,false,1990,-1.2567752734271
GIB,Gibraltar,false,1991,-1.11650389005942
GIB,Gibraltar,false,1992,-0.0743826276485017
GIB,Gibraltar,false,1993,0.711799550133746
GIB,Gibraltar,false,1994,0.622366626171664
GIB,Gibraltar,false,1995,0.505347494076379
GIB,Gibraltar,false,1996,0.400992080034465
GIB,Gibraltar,false,1997,0.345022042311084
GIB,Gibraltar,false,1998,0.246234191619789
GIB,Gibraltar,false,1999,0.151783484743528
GIB,Gibraltar,false,2000,0.0613707353064771
GIB,Gibraltar,false,2001,-0.187840968427667
GIB,Gibraltar,false,2002,0.627164685467723
GIB,Gibraltar,false,2003,1.57921471055966
GIB,Gibraltar,false,2004,1.54769798714191
GIB,Gibraltar,false,2005,1.54811481907819
GIB,Gibraltar,false,2006,1.46708555733008
GIB,Gibraltar,false,2007,1.38257235844791
GIB,Gibraltar,false,2008,1.34727869179767
GIB,Gibraltar,false,2009,1.33910159620069
GIB,Gibraltar,false,2010,1.3694209589518
GIB,Gibraltar,false,2011,1.30986803185429
GIB,Gibraltar,false,2012,1.15876879502585
GIB,Gibraltar,false,2013,1.17327064425681
GIB,Gibraltar,false,2014,1.24503294852893
GIB,Gibraltar,false,2015,1.1514231987378
GIB,Gibraltar,false,2016,1.39117589725216
GIB,Gibraltar,false,2017,1.72897993589869
GIB,Gibraltar,false,2018,1.76273395885819
GIB,Gibraltar,false,2019,1.81957598739227
GIB,Gibraltar,false,2020,1.89493160765265
GIB,Gibraltar,false,2021,1.87597072209458
GIB,Gibraltar,false,2022,2.01706920456894
GIB,Gibraltar,false,2023,2.26613272520816
GIB,Gibraltar,false,2024,2.20574495293092
GIB,Gibraltar,false,2025,2.00623430210837
GIN,Guinea,false,1960,
GIN,Guinea,false,1961,1.75030596022107
GIN,Guinea,false,1962,1.77232348862438
GIN,Guinea,false,1963,1.79369877461217
GIN,Guinea,false,1964,1.81674374730281
GIN,Guinea,false,1965,1.84155572885827
GIN,Guinea,false,1966,1.86995152307995
GIN,Guinea,false,1967,1.89898449225515
GIN,Guinea,false,1968,1.92185971247423
GIN,Guinea,false,1969,1.91785217785192
GIN,Guinea,false,1970,1.86972276538896
GIN,Guinea,false,1971,1.79936243747705
GIN,Guinea,false,1972,1.73206559165963
GIN,Guinea,false,1973,1.67905541612983
GIN,Guinea,false,1974,1.63286020856153
GIN,Guinea,false,1975,1.58900751393153
GIN,Guinea,false,1976,1.55949851370945
GIN,Guinea,false,1977,1.55554843907411
GIN,Guinea,false,1978,1.58544787408347
GIN,Guinea,false,1979,1.65558047894271
GIN,Guinea,false,1980,1.76158496918686
GIN,Guinea,false,1981,1.88155401416115
GIN,Guinea,false,1982,2.00919860191692
GIN,Guinea,false,1983,2.11447232994811
GIN,Guinea,false,1984,2.2193346066594
GIN,Guinea,false,1985,2.3494586683239
GIN,Guinea,false,1986,2.46988162367405
GIN,Guinea,false,1987,2.56698876959701
GIN,Guinea,false,1988,2.61583840073543
GIN,Guinea,false,1989,2.59519135197266
GIN,Guinea,false,1990,3.45583486210679
GIN,Guinea,false,1991,4.00298960201175
GIN,Guinea,false,1992,3.19168243312344
GIN,Guinea,false,1993,3.04542453399326
GIN,Guinea,false,1994,2.99788557428445
GIN,Guinea,false,1995,2.79434245679932
GIN,Guinea,false,1996,2.82968670530382
GIN,Guinea,false,1997,2.05511135158285
GIN,Guinea,false,1998,1.8812346948277
GIN,Guinea,false,1999,2.24064838568983
GIN,Guinea,false,2000,1.96135964318577
GIN,Guinea,false,2001,1.3098114321983
GIN,Guinea,false,2002,1.55813303817429
GIN,Guinea,false,2003,2.24251877202579
GIN,Guinea,false,2004,2.14071157501219
GIN,Guinea,false,2005,2.00041954618802
GIN,Guinea,false,2006,2.09058658116716
GIN,Guinea,false,2007,2.31497296404672
GIN,Guinea,false,2008,2.41908604968745
GIN,Guinea,false,2009,2.44158489420853
GIN,Guinea,false,2010,2.45929310036327
GIN,Guinea,false,2011,2.47697352651722
GIN,Guinea,false,2012,2.45416156342286
GIN,Guinea,false,2013,2.44471498509098
GIN,Guinea,false,2014,2.48019346390261
GIN,Guinea,false,2015,2.53151277572433
GIN,Guinea,false,2016,2.56690869267138
GIN,Guinea,false,2017,2.55652318226129
GIN,Guinea,false,2018,2.54385572881799
GIN,Guinea,false,2019,2.56100451729991
GIN,Guinea,false,2020,2.55139953603925
GIN,Guinea,false,2021,2.50610419423246
GIN,Guinea,false,2022,2.48250409145397
GIN,Guinea,false,2023,2.46199049961035
GIN,Guinea,false,2024,2.39595802290484
GIN,Guinea,false,2025,2.31092272302565
GMB,"Gambia, The",false,1960,
GMB,"Gambia, The",false,1961,2.6941244559787
GMB,"Gambia, The",false,1962,2.709873897517
GMB,"Gambia, The",false,1963,2.72201987556028
GMB,"Gambia, The",false,1964,2.72564288980512
GMB,"Gambia, The",false,1965,2.7268181936251
GMB,"Gambia, The",false,1966,2.71827118268817
GMB,"Gambia, The",false,1967,2.75187240978394
GMB,"Gambia, The",false,1968,2.80120725644984
GMB,"Gambia, The",false,1969,2.82110339108075
GMB,"Gambia, The",false,1970,2.83799627107409
GMB,"Gambia, The",false,1971,2.87431175904129
GMB,"Gambia, The",false,1972,2.91993947724778
GMB,"Gambia, The",false,1973,2.94886987006837
GMB,"Gambia, The",false,1974,2.94472286431642
GMB,"Gambia, The",false,1975,2.96633690206092
GMB,"Gambia, The",false,1976,3.05844260292557
GMB,"Gambia, The",false,1977,3.16251225513165
GMB,"Gambia, The",false,1978,3.25010535476337
GMB,"Gambia, The",false,1979,3.34296991254191
GMB,"Gambia, The",false,1980,3.4386950268251
GMB,"Gambia, The",false,1981,3.47059479650661
GMB,"Gambia, The",false,1982,3.53926092919343
GMB,"Gambia, The",false,1983,3.68847883798135
GMB,"Gambia, The",false,1984,3.84034906592435
GMB,"Gambia, The",false,1985,3.94742865647943
GMB,"Gambia, The",false,1986,4.01047987073175
GMB,"Gambia, The",false,1987,4.06299891172033
GMB,"Gambia, The",false,1988,4.11039894872358
GMB,"Gambia, The",false,1989,4.15872660682525
GMB,"Gambia, The",false,1990,4.19595803109441
GMB,"Gambia, The",false,1991,4.20203326368108
GMB,"Gambia, The",false,1992,4.06398984278952
GMB,"Gambia, The",false,1993,3.66656079991363
GMB,"Gambia, The",false,1994,3.2177925037665
GMB,"Gambia, The",false,1995,2.97725538054394
GMB,"Gambia, The",false,1996,2.89194004292625
GMB,"Gambia, The",false,1997,2.83918735061881
GMB,"Gambia, The",false,1998,2.80576133005976
GMB,"Gambia, The",false,1999,2.77821307558819
GMB,"Gambia, The",false,2000,2.73837212713207
GMB,"Gambia, The",false,2001,2.70699337593192
GMB,"Gambia, The",false,2002,2.68468779375919
GMB,"Gambia, The",false,2003,2.69312348458537
GMB,"Gambia, The",false,2004,2.73240205558954
GMB,"Gambia, The",false,2005,2.78121010687734
GMB,"Gambia, The",false,2006,2.852561853424
GMB,"Gambia, The",false,2007,2.90157035551494
GMB,"Gambia, The",false,2008,2.90664631280342
GMB,"Gambia, The",false,2009,2.90429853945953
GMB,"Gambia, The",false,2010,2.90737929979677
GMB,"Gambia, The",false,2011,2.92337692748517
GMB,"Gambia, The",false,2012,2.94591935774346
GMB,"Gambia, The",false,2013,2.92894143394412
GMB,"Gambia, The",false,2014,2.84475839442236
GMB,"Gambia, The",false,2015,2.73428839872651
GMB,"Gambia, The",false,2016,2.62819405087404
GMB,"Gambia, The",false,2017,2.52588138504562
GMB,"Gambia, The",false,2018,2.42294300881827
GMB,"Gambia, The",false,2019,2.35622071960344
GMB,"Gambia, The",false,2020,2.3686612920428
GMB,"Gambia, The",false,2021,2.36774778418782
GMB,"Gambia, The",false,2022,2.31992109797091
GMB,"Gambia, The",false,2023,2.30124049704572
GMB,"Gambia, The",false,2024,2.27730257212036
GMB,"Gambia, The",false,2025,2.22524763449017
GNB,Guinea-Bissau,false,1960,
GNB,Guinea-Bissau,false,1961,0.844540064268752
GNB,Guinea-Bissau,false,1962,1.18464942776204
GNB,Guinea-Bissau,false,1963,0.835216175210618
GNB,Guinea-Bissau,false,1964,-0.993278443213835
GNB,Guinea-Bissau,false,1965,-2.32712547391382
GNB,Guinea-Bissau,false,1966,-1.41817033447277
GNB,Guinea-Bissau,false,1967,0.370273303416468
GNB,Guinea-Bissau,false,1968,1.59681769741658
GNB,Guinea-Bissau,false,1969,0.593217694390572
GNB,Guinea-Bissau,false,1970,0.479069331436835
GNB,Guinea-Bissau,false,1971,0.310603825240566
GNB,Guinea-Bissau,false,1972,0.0680399159635165
GNB,Guinea-Bissau,false,1973,1.0493318421835
GNB,Guinea-Bissau,false,1974,3.40456014341579
GNB,Guinea-Bissau,false,1975,5.95412429004963
GNB,Guinea-Bissau,false,1976,6.42897252779947
GNB,Guinea-Bissau,false,1977,6.63176973706005
GNB,Guinea-Bissau,false,1978,6.51101173696825
GNB,Guinea-Bissau,false,1979,3.49671784608946
GNB,Guinea-Bissau,false,1980,1.1443456978061
GNB,Guinea-Bissau,false,1981,1.57073578435853
GNB,Guinea-Bissau,false,1982,1.58500847822275
GNB,Guinea-Bissau,false,1983,1.58811045474979
GNB,Guinea-Bissau,false,1984,1.58886607721899
GNB,Guinea-Bissau,false,1985,1.59197979785236
GNB,Guinea-Bissau,false,1986,1.59455435427637
GNB,Guinea-Bissau,false,1987,1.60265487439556
GNB,Guinea-Bissau,false,1988,1.62653411483346
GNB,Guinea-Bissau,false,1989,1.65574748717962
GNB,Guinea-Bissau,false,1990,1.64439069661036
GNB,Guinea-Bissau,false,1991,2.13084470989571
GNB,Guinea-Bissau,false,1992,2.94395441757296
GNB,Guinea-Bissau,false,1993,3.3020121973914
GNB,Guinea-Bissau,false,1994,3.09550207753633
GNB,Guinea-Bissau,false,1995,2.52438833577734
GNB,Guinea-Bissau,false,1996,2.08411932394768
GNB,Guinea-Bissau,false,1997,1.90644469915242
GNB,Guinea-Bissau,false,1998,1.86387310391317
GNB,Guinea-Bissau,false,1999,1.89630732259312
GNB,Guinea-Bissau,false,2000,2.00706384351502
GNB,Guinea-Bissau,false,2001,2.12602969093669
GNB,Guinea-Bissau,false,2002,2.19833363261225
GNB,Guinea-Bissau,false,2003,2.26219170729877
GNB,Guinea-Bissau,false,2004,2.30540545476551
GNB,Guinea-Bissau,false,2005,2.34505544706955
GNB,Guinea-Bissau,false,2006,2.41122516333709
GNB,Guinea-Bissau,false,2007,2.48996828898925
GNB,Guinea-Bissau,false,2008,2.52259007377628
GNB,Guinea-Bissau,false,2009,2.54277273891846
GNB,Guinea-Bissau,false,2010,2.58492032110101
GNB,Guinea-Bissau,false,2011,2.62922766462762
GNB,Guinea-Bissau,false,2012,2.65952739224803
GNB,Guinea-Bissau,false,2013,2.66229101877146
GNB,Guinea-Bissau,false,2014,2.62731155689981
GNB,Guinea-Bissau,false,2015,2.57045957815277
GNB,Guinea-Bissau,false,2016,2.51155296505032
GNB,Guinea-Bissau,false,2017,2.4363257519627
GNB,Guinea-Bissau,false,2018,2.37405997248475
GNB,Guinea-Bissau,false,2019,2.34095994762157
GNB,Guinea-Bissau,false,2020,2.28895000835492
GNB,Guinea-Bissau,false,2021,2.23903878745423
GNB,Guinea-Bissau,false,2022,2.24235388639993
GNB,Guinea-Bissau,false,2023,2.24529187264064
GNB,Guinea-Bissau,false,2024,2.20520563612008
GNB,Guinea-Bissau,false,2025,2.16429203622489
GNQ,Equatorial Guinea,false,1960,
GNQ,Equatorial Guinea,false,1961,1.86859557379736
GNQ,Equatorial Guinea,false,1962,1.94176661178561
GNQ,Equatorial Guinea,false,1963,2.00589152712553
GNQ,Equatorial Guinea,false,1964,2.06857266929944
GNQ,Equatorial Guinea,false,1965,2.13366730644402
GNQ,Equatorial Guinea,false,1966,2.19575491679709
GNQ,Equatorial Guinea,false,1967,2.25286177814358
GNQ,Equatorial Guinea,false,1968,2.23396440698247
GNQ,Equatorial Guinea,false,1969,1.14382115394422
GNQ,Equatorial Guinea,false,1970,-0.532862045525006
GNQ,Equatorial Guinea,false,1971,-1.52749054286298
GNQ,Equatorial Guinea,false,1972,-2.06976279303395
GNQ,Equatorial Guinea,false,1973,-2.34976458724834
GNQ,Equatorial Guinea,false,1974,-2.45410267253101
GNQ,Equatorial Guinea,false,1975,-2.41993505724465
GNQ,Equatorial Guinea,false,1976,-2.41516875067634
GNQ,Equatorial Guinea,false,1977,-1.52456297201672
GNQ,Equatorial Guinea,false,1978,-0.0896423403181654
GNQ,Equatorial Guinea,false,1979,1.1916521453509
GNQ,Equatorial Guinea,false,1980,3.09546430075943
GNQ,Equatorial Guinea,false,1981,4.93700481495151
GNQ,Equatorial Guinea,false,1982,6.06579850861936
GNQ,Equatorial Guinea,false,1983,6.37349716606657
GNQ,Equatorial Guinea,false,1984,6.0663503194067
GNQ,Equatorial Guinea,false,1985,5.50425021949464
GNQ,Equatorial Guinea,false,1986,4.85521313838934
GNQ,Equatorial Guinea,false,1987,4.30262799068545
GNQ,Equatorial Guinea,false,1988,3.97397139114896
GNQ,Equatorial Guinea,false,1989,3.82819409643108
GNQ,Equatorial Guinea,false,1990,3.75220424317215
GNQ,Equatorial Guinea,false,1991,3.71344624108483
GNQ,Equatorial Guinea,false,1992,3.69997148660368
GNQ,Equatorial Guinea,false,1993,3.70010107990884
GNQ,Equatorial Guinea,false,1994,3.72487540140105
GNQ,Equatorial Guinea,false,1995,3.76822937217459
GNQ,Equatorial Guinea,false,1996,3.8172285032395
GNQ,Equatorial Guinea,false,1997,3.86718544941997
GNQ,Equatorial Guinea,false,1998,3.90730641331893
GNQ,Equatorial Guinea,false,1999,3.93421808112877
GNQ,Equatorial Guinea,false,2000,5.26428495953201
GNQ,Equatorial Guinea,false,2001,6.41008323195062
GNQ,Equatorial Guinea,false,2002,6.2200195333548
GNQ,Equatorial Guinea,false,2003,6.06631754137354
GNQ,Equatorial Guinea,false,2004,5.95846501494265
GNQ,Equatorial Guinea,false,2005,5.13840208613784
GNQ,Equatorial Guinea,false,2006,4.43647900593476
GNQ,Equatorial Guinea,false,2007,4.51135451899463
GNQ,Equatorial Guinea,false,2008,4.57370994415875
GNQ,Equatorial Guinea,false,2009,4.60787133294314
GNQ,Equatorial Guinea,false,2010,4.59586770504622
GNQ,Equatorial Guinea,false,2011,4.34060206449919
GNQ,Equatorial Guinea,false,2012,4.07484554769573
GNQ,Equatorial Guinea,false,2013,3.99605995538999
GNQ,Equatorial Guinea,false,2014,3.90501924555756
GNQ,Equatorial Guinea,false,2015,3.79160484192286
GNQ,Equatorial Guinea,false,2016,3.66421838047825
GNQ,Equatorial Guinea,false,2017,3.53129362583944
GNQ,Equatorial Guinea,false,2018,3.39945242088076
GNQ,Equatorial Guinea,false,2019,3.271454421427
GNQ,Equatorial Guinea,false,2020,2.73390823188935
GNQ,Equatorial Guinea,false,2021,2.43551071649529
GNQ,Equatorial Guinea,false,2022,2.5130374213272
GNQ,Equatorial Guinea,false,2023,2.41057232825781
GNQ,Equatorial Guinea,false,2024,2.40472649031131
GNQ,Equatorial Guinea,false,2025,2.39717222444002
GRC,Greece,false,1960,
GRC,Greece,false,1961,0.792901846960662
GRC,Greece,false,1962,0.595777103319398
GRC,Greece,false,1963,0.370892005189515
GRC,Greece,false,1964,0.36261254676326
GRC,Greece,false,1965,0.467787696313794
GRC,Greece,false,1966,0.73780408125038
GRC,Greece,false,1967,0.814411517253211
GRC,Greece,false,1968,0.650532889746133
GRC,Greece,false,1969,0.36542076251453
GRC,Greece,false,1970,0.228196508250718
GRC,Greece,false,1971,0.433844787806772
GRC,Greece,false,1972,0.650037188006439
GRC,Greece,false,1973,0.454133111943996
GRC,Greece,false,1974,0.368183314375017
GRC,Greece,false,1975,0.938660353611257
GRC,Greece,false,1976,1.55321356294865
GRC,Greece,false,1977,1.30110948889596
GRC,Greece,false,1978,1.2966043585136
GRC,Greece,false,1979,1.24669806674167
GRC,Greece,false,1980,0.98222001605907
GRC,Greece,false,1981,0.896616062871497
GRC,Greece,false,1982,0.616462040117845
GRC,Greece,false,1983,0.581724932326243
GRC,Greece,false,1984,0.498156576200026
GRC,Greece,false,1985,0.388288979165941
GRC,Greece,false,1986,0.330759073504695
GRC,Greece,false,1987,0.334358494429305
GRC,Greece,false,1988,0.363197987305088
GRC,Greece,false,1989,0.5218509800862
GRC,Greece,false,1990,1.05780801198192
GRC,Greece,false,1991,1.20035253672646
GRC,Greece,false,1992,0.76388272245526
GRC,Greece,false,1993,0.588261919240559
GRC,Greece,false,1994,0.500703437870186
GRC,Greece,false,1995,0.467197289199787
GRC,Greece,false,1996,0.44067053086068
GRC,Greece,false,1997,0.493267144825827
GRC,Greece,false,1998,0.554211902922578
GRC,Greece,false,1999,0.383471311618576
GRC,Greece,false,2000,0.409041838238246
GRC,Greece,false,2001,0.51988446396193
GRC,Greece,false,2002,0.366566462148184
GRC,Greece,false,2003,0.238643175320258
GRC,Greece,false,2004,0.247413542822812
GRC,Greece,false,2005,0.293249074052818
GRC,Greece,false,2006,0.30033180096664
GRC,Greece,false,2007,0.254757581935775
GRC,Greece,false,2008,0.265457836726293
GRC,Greece,false,2009,0.263026401346927
GRC,Greece,false,2010,0.128880432668041
GRC,Greece,false,2011,-0.147951277402184
GRC,Greece,false,2012,-0.540752950543684
GRC,Greece,false,2013,-0.725120806658085
GRC,Greece,false,2014,-0.666113290031891
GRC,Greece,false,2015,-0.658861360878339
GRC,Greece,false,2016,-0.415913028277122
GRC,Greece,false,2017,-0.197783224759792
GRC,Greece,false,2018,-0.202880238259165
GRC,Greece,false,2019,-0.105339392724138
GRC,Greece,false,2020,-0.214592106571664
GRC,Greece,false,2021,-1.20806995499074
GRC,Greece,false,2022,-1.25977874589147
GRC,Greece,false,2023,-0.292192792101549
GRC,Greece,false,2024,-0.0213045199396999
GRC,Greece,false,2025,0.0848067613416544
GRD,Grenada,false,1960,
GRD,Grenada,false,1961,1.34853912491693
GRD,Grenada,false,1962,1.08498273670856
GRD,Grenada,false,1963,0.847243793058263
GRD,Grenada,false,1964,0.579622560920894
GRD,Grenada,false,1965,0.313542311843207
GRD,Grenada,false,1966,0.0550492398757289
GRD,Grenada,false,1967,-0.0560689560887035
GRD,Grenada,false,1968,0.0122359083275231
GRD,Grenada,false,1969,0.128386726553951
GRD,Grenada,false,1970,0.21361226322397
GRD,Grenada,false,1971,0.237488820758765
GRD,Grenada,false,1972,0.130682556270758
GRD,Grenada,false,1973,-0.0688656438303512
GRD,Grenada,false,1974,-0.226172159599266
GRD,Grenada,false,1975,-0.366203896319444
GRD,Grenada,false,1976,-0.504705859918714
GRD,Grenada,false,1977,-0.631908765475971
GRD,Grenada,false,1978,-0.736598234331371
GRD,Grenada,false,1979,-0.849870857407454
GRD,Grenada,false,1980,-1.00196598874308
GRD,Grenada,false,1981,-0.515404926932069
GRD,Grenada,false,1982,0.35131513831279
GRD,Grenada,false,1983,0.596840113021801
GRD,Grenada,false,1984,0.577593154030681
GRD,Grenada,false,1985,0.639846866661526
GRD,Grenada,false,1986,0.703990963536969
GRD,Grenada,false,1987,0.757532596023518
GRD,Grenada,false,1988,0.798639824026673
GRD,Grenada,false,1989,0.823591868977177
GRD,Grenada,false,1990,0.839876746030971
GRD,Grenada,false,1991,0.83288152698663
GRD,Grenada,false,1992,0.79943112085571
GRD,Grenada,false,1993,0.764769591406898
GRD,Grenada,false,1994,0.735698141186243
GRD,Grenada,false,1995,0.706259245855209
GRD,Grenada,false,1996,0.686008648507177
GRD,Grenada,false,1997,0.675636393755152
GRD,Grenada,false,1998,0.677705597105252
GRD,Grenada,false,1999,0.675017605197415
GRD,Grenada,false,2000,0.676075747933343
GRD,Grenada,false,2001,0.497591980928424
GRD,Grenada,false,2002,0.385413918499282
GRD,Grenada,false,2003,0.44181066675233
GRD,Grenada,false,2004,0.402370769308206
GRD,Grenada,false,2005,0.375245239614051
GRD,Grenada,false,2006,0.364763058562721
GRD,Grenada,false,2007,0.350771012752736
GRD,Grenada,false,2008,0.337822901198071
GRD,Grenada,false,2009,0.322305028053305
GRD,Grenada,false,2010,0.297971859311282
GRD,Grenada,false,2011,0.440838574124411
GRD,Grenada,false,2012,0.619070350394075
GRD,Grenada,false,2013,0.629360962214971
GRD,Grenada,false,2014,0.566738037163935
GRD,Grenada,false,2015,0.475508745345535
GRD,Grenada,false,2016,0.39511639438688
GRD,Grenada,false,2017,0.26716646126376
GRD,Grenada,false,2018,0.218925449466702
GRD,Grenada,false,2019,0.250354079448358
GRD,Grenada,false,2020,0.309914935427349
GRD,Grenada,false,2021,0.297817230024271
GRD,Grenada,false,2022,0.192636221230939
GRD,Grenada,false,2023,0.143593450145476
GRD,Grenada,false,2024,0.107559936614412
GRD,Grenada,false,2025,0.081872845816827
GRL,Greenland,false,1960,
GRL,Greenland,false,1961,3.62577480226244
GRL,Greenland,false,1962,3.78502241310975
GRL,Greenland,false,1963,3.92207131532813
GRL,Greenland,false,1964,3.2435275753154
GRL,Greenland,false,1965,4.16726964005681
GRL,Greenland,false,1966,3.26252273160766
GRL,Greenland,false,1967,3.39838528155986
GRL,Greenland,false,1968,3.51736141782671
GRL,Greenland,false,1969,3.39783536418493
GRL,Greenland,false,1970,3.2861664484001
GRL,Greenland,false,1971,1.70944333593003
GRL,Greenland,false,1972,2.30376680670171
GRL,Greenland,false,1973,1.43887374520997
GRL,Greenland,false,1974,1.01523714640179
GRL,Greenland,false,1975,0.20181641562372
GRL,Greenland,false,1976,0.201409937170119
GRL,Greenland,false,1977,-0.605450890870626
GRL,Greenland,false,1978,-0.405680069561432
GRL,Greenland,false,1979,0.80972102326193
GRL,Greenland,false,1980,1.20241929668018
GRL,Greenland,false,1981,1.58106060266422
GRL,Greenland,false,1982,0.975617494536466
GRL,Greenland,false,1983,1.15831410896309
GRL,Greenland,false,1984,1.14505067879955
GRL,Greenland,false,1985,0.944294080028209
GRL,Greenland,false,1986,0.562325755436204
GRL,Greenland,false,1987,1.11525319504751
GRL,Greenland,false,1988,1.2856008101534
GRL,Greenland,false,1989,0.908271457431923
GRL,Greenland,false,1990,0.54102927282477
GRL,Greenland,false,1991,-0.180018050414785
GRL,Greenland,false,1992,-0.361011222409979
GRL,Greenland,false,1993,-0.180995524523942
GRL,Greenland,false,1994,0.542006746933911
GRL,Greenland,false,1995,0.539084863487637
GRL,Greenland,false,1996,0.179051077378829
GRL,Greenland,false,1997,0.178731057409588
GRL,Greenland,false,1998,0.178412179350139
GRL,Greenland,false,1999,0
GRL,Greenland,false,2000,0.151400483121501
GRL,Greenland,false,2001,0.344693138270771
GRL,Greenland,false,2002,0.382389334180998
GRL,Greenland,false,2003,0.275263526725236
GRL,Greenland,false,2004,0.258691377800952
GRL,Greenland,false,2005,0.0650075132923012
GRL,Greenland,false,2006,-0.281417827094618
GRL,Greenland,false,2007,-0.388247200827777
GRL,Greenland,false,2008,-0.402186876651222
GRL,Greenland,false,2009,-0.00887697402292811
GRL,Greenland,false,2010,0.373924959638993
GRL,Greenland,false,2011,0.62773516895633
GRL,Greenland,false,2012,-0.14072121935205
GRL,Greenland,false,2013,-0.577265864735276
GRL,Greenland,false,2014,-0.333398666658893
GRL,Greenland,false,2015,-0.322038549275343
GRL,Greenland,false,2016,0.128227978389047
GRL,Greenland,false,2017,-0.0249203440297217
GRL,Greenland,false,2018,-0.265609140509557
GRL,Greenland,false,2019,0.359917714454119
GRL,Greenland,false,2020,0.252238303411568
GRL,Greenland,false,2021,0.506106194434674
GRL,Greenland,false,2022,0.0141200557976914
GRL,Greenland,false,2023,0.359389425458904
GRL,Greenland,false,2024,-0.0510109860579076
GRL,Greenland,false,2025,-0.00879762816511268
GTM,Guatemala,false,1960,
GTM,Guatemala,false,1961,2.971082513082
GTM,Guatemala,false,1962,2.9618397565057
GTM,Guatemala,false,1963,2.93017964996819
GTM,Guatemala,false,1964,2.90420109149082
GTM,Guatemala,false,1965,2.88624890640239
GTM,Guatemala,false,1966,2.84943009116296
GTM,Guatemala,false,1967,2.80887158405103
GTM,Guatemala,false,1968,2.75840747948281
GTM,Guatemala,false,1969,2.6790504084151
GTM,Guatemala,false,1970,2.62610140744783
GTM,Guatemala,false,1971,2.58605814379123
GTM,Guatemala,false,1972,2.57523507370844
GTM,Guatemala,false,1973,2.5846845104211
GTM,Guatemala,false,1974,2.53239940561484
GTM,Guatemala,false,1975,2.4366998679896
GTM,Guatemala,false,1976,2.15764231164395
GTM,Guatemala,false,1977,2.19705441499933
GTM,Guatemala,false,1978,2.46897359805952
GTM,Guatemala,false,1979,2.50233327188985
GTM,Guatemala,false,1980,2.53043859672455
GTM,Guatemala,false,1981,2.51068936722878
GTM,Guatemala,false,1982,2.29954636952423
GTM,Guatemala,false,1983,2.44763149004482
GTM,Guatemala,false,1984,2.80464172754567
GTM,Guatemala,false,1985,2.82971974369756
GTM,Guatemala,false,1986,2.77804174687651
GTM,Guatemala,false,1987,2.75770909096709
GTM,Guatemala,false,1988,2.80034727895635
GTM,Guatemala,false,1989,2.81335857211166
GTM,Guatemala,false,1990,2.80043619096186
GTM,Guatemala,false,1991,2.70887378380925
GTM,Guatemala,false,1992,2.65707563037112
GTM,Guatemala,false,1993,2.66822004304583
GTM,Guatemala,false,1994,2.66323183173165
GTM,Guatemala,false,1995,2.64574830362473
GTM,Guatemala,false,1996,2.58937937554223
GTM,Guatemala,false,1997,2.55808378912126
GTM,Guatemala,false,1998,2.55860019843295
GTM,Guatemala,false,1999,2.51603216485806
GTM,Guatemala,false,2000,2.37572059022903
GTM,Guatemala,false,2001,2.29722223631695
GTM,Guatemala,false,2002,2.29188375209677
GTM,Guatemala,false,2003,2.25198017204481
GTM,Guatemala,false,2004,2.22294147751077
GTM,Guatemala,false,2005,2.16441478461999
GTM,Guatemala,false,2006,2.11558878139909
GTM,Guatemala,false,2007,2.10656403182052
GTM,Guatemala,false,2008,2.05271863868285
GTM,Guatemala,false,2009,1.99245795432888
GTM,Guatemala,false,2010,1.9815646590713
GTM,Guatemala,false,2011,1.99386386318175
GTM,Guatemala,false,2012,1.99138673642109
GTM,Guatemala,false,2013,1.95360189099984
GTM,Guatemala,false,2014,1.89511231857489
GTM,Guatemala,false,2015,1.83250767864618
GTM,Guatemala,false,2016,1.84256060230578
GTM,Guatemala,false,2017,1.81876091504989
GTM,Guatemala,false,2018,1.66602273310221
GTM,Guatemala,false,2019,1.52062955252943
GTM,Guatemala,false,2020,1.47137710546514
GTM,Guatemala,false,2021,1.3807587059317
GTM,Guatemala,false,2022,1.40623710213146
GTM,Guatemala,false,2023,1.53986971917384
GTM,Guatemala,false,2024,1.54129399660934
GTM,Guatemala,false,2025,1.5179036167086
GUM,Guam,false,1960,
GUM,Guam,false,1961,2.53641931005011
GUM,Guam,false,1962,2.60355321567046
GUM,Guam,false,1963,2.56678532803099
GUM,Guam,false,1964,2.51553339032095
GUM,Guam,false,1965,2.46774097464259
GUM,Guam,false,1966,2.39346494593436
GUM,Guam,false,1967,2.29279499456687
GUM,Guam,false,1968,2.20474969877352
GUM,Guam,false,1969,2.15371523347388
GUM,Guam,false,1970,2.24419926070945
GUM,Guam,false,1971,2.34981258669886
GUM,Guam,false,1972,2.35202146814251
GUM,Guam,false,1973,2.30746630427126
GUM,Guam,false,1974,2.25129474719659
GUM,Guam,false,1975,2.16135273206952
GUM,Guam,false,1976,2.1067289998351
GUM,Guam,false,1977,2.08552828300454
GUM,Guam,false,1978,2.03722993175201
GUM,Guam,false,1979,2.07648500900313
GUM,Guam,false,1980,2.3006198885173
GUM,Guam,false,1981,2.47588226438941
GUM,Guam,false,1982,2.45755173557328
GUM,Guam,false,1983,2.38847656986792
GUM,Guam,false,1984,2.330283501527
GUM,Guam,false,1985,2.29413652699201
GUM,Guam,false,1986,2.2686788795191
GUM,Guam,false,1987,2.25300878350915
GUM,Guam,false,1988,2.23951611330527
GUM,Guam,false,1989,2.23391444337327
GUM,Guam,false,1990,2.0488382898029
GUM,Guam,false,1991,1.76132526731674
GUM,Guam,false,1992,1.63116255707427
GUM,Guam,false,1993,1.56448336556319
GUM,Guam,false,1994,1.50860377751961
GUM,Guam,false,1995,1.46752454118036
GUM,Guam,false,1996,1.39965160010713
GUM,Guam,false,1997,1.33559873499167
GUM,Guam,false,1998,1.30263524924074
GUM,Guam,false,1999,1.30483910040137
GUM,Guam,false,2000,1.11575065774253
GUM,Guam,false,2001,0.786577544702888
GUM,Guam,false,2002,0.609313350805491
GUM,Guam,false,2003,0.505144689798619
GUM,Guam,false,2004,0.411688102683209
GUM,Guam,false,2005,0.338234496297291
GUM,Guam,false,2006,0.287967538398627
GUM,Guam,false,2007,0.259310790976279
GUM,Guam,false,2008,0.257433064578674
GUM,Guam,false,2009,0.289273583143063
GUM,Guam,false,2010,0.209801847347007
GUM,Guam,false,2011,0.0126101511883972
GUM,Guam,false,2012,-0.127375540693071
GUM,Guam,false,2013,-0.219683082780057
GUM,Guam,false,2014,-0.289634900711689
GUM,Guam,false,2015,-0.351704858120325
GUM,Guam,false,2016,-0.408339926567039
GUM,Guam,false,2017,-0.453432485979039
GUM,Guam,false,2018,-0.49728924043186
GUM,Guam,false,2019,-0.536848682318792
GUM,Guam,false,2020,0.216072141009173
GUM,Guam,false,2021,0.964756108149453
GUM,Guam,false,2022,0.881705873116992
GUM,Guam,false,2023,0.799555642468131
GUM,Guam,false,2024,0.760437189316384
GUM,Guam,false,2025,0.725708104538761
GUY,Guyana,false,1960,
GUY,Guyana,false,1961,2.33141961707474
GUY,Guyana,false,1962,2.1889978642927
GUY,Guyana,false,1963,2.17218203710158
GUY,Guyana,false,1964,2.15028836810201
GUY,Guyana,false,1965,2.12659538635
GUY,Guyana,false,1966,2.10605599618178
GUY,Guyana,false,1967,2.08481207963798
GUY,Guyana,false,1968,2.0694500287124
GUY,Guyana,false,1969,2.05849993552871
GUY,Guyana,false,1970,1.7922439801841
GUY,Guyana,false,1971,1.40700811347561
GUY,Guyana,false,1972,1.24872725096493
GUY,Guyana,false,1973,1.17390301430852
GUY,Guyana,false,1974,1.07875000179906
GUY,Guyana,false,1975,0.989053867971768
GUY,Guyana,false,1976,0.916110746807559
GUY,Guyana,false,1977,0.847310694281731
GUY,Guyana,false,1978,0.778870038619613
GUY,Guyana,false,1979,0.713652021962142
GUY,Guyana,false,1980,0.557489033128722
GUY,Guyana,false,1981,0.269019132852827
GUY,Guyana,false,1982,0.0333512540394173
GUY,Guyana,false,1983,-0.105757888722639
GUY,Guyana,false,1984,-0.229677223962606
GUY,Guyana,false,1985,-0.340841485569905
GUY,Guyana,false,1986,-0.438953013076828
GUY,Guyana,false,1987,-0.519248427816861
GUY,Guyana,false,1988,-0.584993100789264
GUY,Guyana,false,1989,-0.633598857360042
GUY,Guyana,false,1990,-0.660706210543192
GUY,Guyana,false,1991,-0.271473137937932
GUY,Guyana,false,1992,0.273740099309668
GUY,Guyana,false,1993,0.406421315369503
GUY,Guyana,false,1994,0.37871527455042
GUY,Guyana,false,1995,0.338922930937764
GUY,Guyana,false,1996,0.281517111831782
GUY,Guyana,false,1997,0.225772716999827
GUY,Guyana,false,1998,0.17577311579919
GUY,Guyana,false,1999,0.117403088869874
GUY,Guyana,false,2000,0.0456413500238234
GUY,Guyana,false,2001,-0.0464261972402426
GUY,Guyana,false,2002,-0.107975187978655
GUY,Guyana,false,2003,-0.0721793274906879
GUY,Guyana,false,2004,-0.0895433023955464
GUY,Guyana,false,2005,-0.197461943777183
GUY,Guyana,false,2006,-0.256336166889951
GUY,Guyana,false,2007,-0.277736358188614
GUY,Guyana,false,2008,-0.298385829541619
GUY,Guyana,false,2009,-0.333444259304938
GUY,Guyana,false,2010,-0.378060196527414
GUY,Guyana,false,2011,-0.41500411640408
GUY,Guyana,false,2012,0.0180911674723709
GUY,Guyana,false,2013,0.498962145496388
GUY,Guyana,false,2014,0.559482928582681
GUY,Guyana,false,2015,0.601716278706478
GUY,Guyana,false,2016,0.626279284065059
GUY,Guyana,false,2017,0.643724559372237
GUY,Guyana,false,2018,2.95873919098606
GUY,Guyana,false,2019,2.0146740033225
GUY,Guyana,false,2020,-0.0227843180487706
GUY,Guyana,false,2021,0.985982406099209
GUY,Guyana,false,2022,0.751934221097092
GUY,Guyana,false,2023,0.57233513230005
GUY,Guyana,false,2024,0.571243951310838
GUY,Guyana,false,2025,0.58773840166977
HIC,High income,true,1960,
HIC,High income,true,1961,1.22472421253526
HIC,High income,true,1962,1.23048368565367
HIC,High income,true,1963,1.20757560546661
HIC,High income,true,1964,1.1960652074737
HIC,High income,true,1965,1.14518909139409
HIC,High income,true,1966,1.00656153792824
HIC,High income,true,1967,0.958435182471668
HIC,High income,true,1968,0.940555725100822
HIC,High income,true,1969,0.948855735120268
HIC,High income,true,1970,0.937549724969249
HIC,High income,true,1971,1.08948037392415
HIC,High income,true,1972,0.952242178351889
HIC,High income,true,1973,0.913774961473398
HIC,High income,true,1974,0.887367758851704
HIC,High income,true,1975,0.85536882709798
HIC,High income,true,1976,0.812992611892618
HIC,High income,true,1977,0.80106153535433
HIC,High income,true,1978,0.797613088975123
HIC,High income,true,1979,0.818066525843221
HIC,High income,true,1980,0.793323950433259
HIC,High income,true,1981,0.778999638248272
HIC,High income,true,1982,0.718262217225349
HIC,High income,true,1983,0.676119024777674
HIC,High income,true,1984,0.656132623346629
HIC,High income,true,1985,0.65729467249234
HIC,High income,true,1986,0.665298598136579
HIC,High income,true,1987,0.675239507502878
HIC,High income,true,1988,0.681277804628881
HIC,High income,true,1989,0.703778054211722
HIC,High income,true,1990,0.629927283727053
HIC,High income,true,1991,0.710612849515608
HIC,High income,true,1992,0.723430010681571
HIC,High income,true,1993,0.669560806032268
HIC,High income,true,1994,0.622866218735956
HIC,High income,true,1995,0.590154059857716
HIC,High income,true,1996,0.580703022825358
HIC,High income,true,1997,0.564399048952611
HIC,High income,true,1998,0.545967004197367
HIC,High income,true,1999,0.519178202072952
HIC,High income,true,2000,0.505295213959564
HIC,High income,true,2001,0.508177773926126
HIC,High income,true,2002,0.511001412716746
HIC,High income,true,2003,0.522142632942797
HIC,High income,true,2004,0.54490657089991
HIC,High income,true,2005,0.541181120513218
HIC,High income,true,2006,0.600588417522478
HIC,High income,true,2007,0.667569622829571
HIC,High income,true,2008,0.69405357893488
HIC,High income,true,2009,0.612949071772264
HIC,High income,true,2010,0.445325901295578
HIC,High income,true,2011,0.443067325193464
HIC,High income,true,2012,0.588031427899053
HIC,High income,true,2013,0.573465446958799
HIC,High income,true,2014,0.542641621050597
HIC,High income,true,2015,0.62547120540681
HIC,High income,true,2016,0.603644718180708
HIC,High income,true,2017,0.438138662206481
HIC,High income,true,2018,0.326344661365445
HIC,High income,true,2019,0.355904728443637
HIC,High income,true,2020,0.266018292728065
HIC,High income,true,2021,-0.119155828637909
HIC,High income,true,2022,0.445759077082637
HIC,High income,true,2023,0.720614909220043
HIC,High income,true,2024,0.692671029675521
HIC,High income,true,2025,0.409174607962311
HKG,"Hong Kong SAR, China",false,1960,
HKG,"Hong Kong SAR, China",false,1961,2.33958305946293
HKG,"Hong Kong SAR, China",false,1962,4.2364946734332
HKG,"Hong Kong SAR, China",false,1963,3.44066885043933
HKG,"Hong Kong SAR, China",false,1964,2.41727169428962
HKG,"Hong Kong SAR, China",false,1965,2.62739506314664
HKG,"Hong Kong SAR, China",false,1966,0.885475776428606
HKG,"Hong Kong SAR, China",false,1967,2.52709736414843
HKG,"Hong Kong SAR, China",false,1968,2.12352674143938
HKG,"Hong Kong SAR, China",false,1969,1.59656953543841
HKG,"Hong Kong SAR, China",false,1970,2.4314432025797
HKG,"Hong Kong SAR, China",false,1971,2.1564245272915
HKG,"Hong Kong SAR, China",false,1972,1.91708548431841
HKG,"Hong Kong SAR, China",false,1973,2.82139883125314
HKG,"Hong Kong SAR, China",false,1974,3.16057585442932
HKG,"Hong Kong SAR, China",false,1975,1.89611309962899
HKG,"Hong Kong SAR, China",false,1976,1.25619719526045
HKG,"Hong Kong SAR, China",false,1977,1.44371141988298
HKG,"Hong Kong SAR, China",false,1978,1.81170641890994
HKG,"Hong Kong SAR, China",false,1979,5.46545378423268
HKG,"Hong Kong SAR, China",false,1980,2.6700809652344
HKG,"Hong Kong SAR, China",false,1981,2.3482267682345
HKG,"Hong Kong SAR, China",false,1982,1.55249627039205
HKG,"Hong Kong SAR, China",false,1983,1.51940790612199
HKG,"Hong Kong SAR, China",false,1984,0.982973566854865
HKG,"Hong Kong SAR, China",false,1985,1.07425877163635
HKG,"Hong Kong SAR, China",false,1986,1.24582698320867
HKG,"Hong Kong SAR, China",false,1987,1.00675315207366
HKG,"Hong Kong SAR, China",false,1988,0.840468540728853
HKG,"Hong Kong SAR, China",false,1989,1.03591232011459
HKG,"Hong Kong SAR, China",false,1990,0.321315033221987
HKG,"Hong Kong SAR, China",false,1991,0.829228336445851
HKG,"Hong Kong SAR, China",false,1992,0.839650031457883
HKG,"Hong Kong SAR, China",false,1993,1.71777073417072
HKG,"Hong Kong SAR, China",false,1994,2.25203043111788
HKG,"Hong Kong SAR, China",false,1995,1.98013277729748
HKG,"Hong Kong SAR, China",false,1996,4.43860779481101
HKG,"Hong Kong SAR, China",false,1997,0.832512854813318
HKG,"Hong Kong SAR, China",false,1998,0.834808807338866
HKG,"Hong Kong SAR, China",false,1999,0.955125814331738
HKG,"Hong Kong SAR, China",false,2000,0.881594075853745
HKG,"Hong Kong SAR, China",false,2001,0.736962668138432
HKG,"Hong Kong SAR, China",false,2002,0.44284682728195
HKG,"Hong Kong SAR, China",false,2003,-0.197404126472125
HKG,"Hong Kong SAR, China",false,2004,0.77991856230718
HKG,"Hong Kong SAR, China",false,2005,0.436871406105885
HKG,"Hong Kong SAR, China",false,2006,0.642270482876128
HKG,"Hong Kong SAR, China",false,2007,0.859633272217027
HKG,"Hong Kong SAR, China",false,2008,0.598238786949717
HKG,"Hong Kong SAR, China",false,2009,0.215353334344996
HKG,"Hong Kong SAR, China",false,2010,0.734446396338105
HKG,"Hong Kong SAR, China",false,2011,0.672543291818633
HKG,"Hong Kong SAR, China",false,2012,1.1039579972368
HKG,"Hong Kong SAR, China",false,2013,0.401982535858444
HKG,"Hong Kong SAR, China",false,2014,0.702370950536049
HKG,"Hong Kong SAR, China",false,2015,0.851197911086988
HKG,"Hong Kong SAR, China",false,2016,0.619366345332479
HKG,"Hong Kong SAR, China",false,2017,0.768513877614955
HKG,"Hong Kong SAR, China",false,2018,0.800230596967774
HKG,"Hong Kong SAR, China",false,2019,0.739283471323064
HKG,"Hong Kong SAR, China",false,2020,-0.358932661902885
HKG,"Hong Kong SAR, China",false,2021,-0.91177674914823
HKG,"Hong Kong SAR, China",false,2022,-0.907914524343304
HKG,"Hong Kong SAR, China",false,2023,2.55352466697343
HKG,"Hong Kong SAR, China",false,2024,-0.159360467186035
HKG,"Hong Kong SAR, China",false,2025,-0.33548590342358
HND,Honduras,false,1960,
HND,Honduras,false,1961,2.82962830633886
HND,Honduras,false,1962,2.82694516718677
HND,Honduras,false,1963,2.83799588633448
HND,Honduras,false,1964,2.8533575267603
HND,Honduras,false,1965,2.87204838385043
HND,Honduras,false,1966,2.88557861898522
HND,Honduras,false,1967,2.89612275858102
HND,Honduras,false,1968,2.91152389599076
HND,Honduras,false,1969,2.93492176801875
HND,Honduras,false,1970,2.96741716292984
HND,Honduras,false,1971,3.00456003857843
HND,Honduras,false,1972,3.038373762482
HND,Honduras,false,1973,3.01344630361841
HND,Honduras,false,1974,2.89245279347431
HND,Honduras,false,1975,2.96849894931577
HND,Honduras,false,1976,3.1207162871074
HND,Honduras,false,1977,3.11384058910533
HND,Honduras,false,1978,3.09428436456377
HND,Honduras,false,1979,3.07639909518388
HND,Honduras,false,1980,3.05634377317947
HND,Honduras,false,1981,3.02852428214745
HND,Honduras,false,1982,2.99874812736138
HND,Honduras,false,1983,2.97265776709948
HND,Honduras,false,1984,2.93994711493295
HND,Honduras,false,1985,2.89799039184558
HND,Honduras,false,1986,2.86279355511969
HND,Honduras,false,1987,2.8367448107618
HND,Honduras,false,1988,2.81704824743616
HND,Honduras,false,1989,2.80998202896197
HND,Honduras,false,1990,2.82334774964439
HND,Honduras,false,1991,2.83669117205293
HND,Honduras,false,1992,2.84070727716059
HND,Honduras,false,1993,2.83932196540695
HND,Honduras,false,1994,2.83578425221741
HND,Honduras,false,1995,2.83430430416844
HND,Honduras,false,1996,2.82263280263084
HND,Honduras,false,1997,2.79758191616759
HND,Honduras,false,1998,2.64892008444086
HND,Honduras,false,1999,2.62830155529534
HND,Honduras,false,2000,2.73259067031821
HND,Honduras,false,2001,2.70297142800253
HND,Honduras,false,2002,2.64113992979828
HND,Honduras,false,2003,2.56598338265854
HND,Honduras,false,2004,2.49393448320234
HND,Honduras,false,2005,2.42763175756451
HND,Honduras,false,2006,2.35854731680492
HND,Honduras,false,2007,2.29767725446285
HND,Honduras,false,2008,2.24385864950969
HND,Honduras,false,2009,2.18878854544431
HND,Honduras,false,2010,2.12597244017857
HND,Honduras,false,2011,2.06679823709264
HND,Honduras,false,2012,2.02251270813154
HND,Honduras,false,2013,1.97914318489325
HND,Honduras,false,2014,1.93678209287486
HND,Honduras,false,2015,1.90365241356179
HND,Honduras,false,2016,1.87756675968273
HND,Honduras,false,2017,1.85007611234979
HND,Honduras,false,2018,1.82994643094924
HND,Honduras,false,2019,1.81063773761993
HND,Honduras,false,2020,1.75456432541029
HND,Honduras,false,2021,1.66825063176954
HND,Honduras,false,2022,1.67679658023776
HND,Honduras,false,2023,1.71477388415816
HND,Honduras,false,2024,1.68469129774697
HND,Honduras,false,2025,1.65037355718421
HPC,Heavily indebted poor countries (HIPC),true,1960,
HPC,Heavily indebted poor countries (HIPC),true,1961,2.40551014818405
HPC,Heavily indebted poor countries (HIPC),true,1962,2.43777489069819
HPC,Heavily indebted poor countries (HIPC),true,1963,2.46773076974967
HPC,Heavily indebted poor countries (HIPC),true,1964,2.50737356661947
HPC,Heavily indebted poor countries (HIPC),true,1965,2.54676994243765
HPC,Heavily indebted poor countries (HIPC),true,1966,2.56592733435536
HPC,Heavily indebted poor countries (HIPC),true,1967,2.61003013512926
HPC,Heavily indebted poor countries (HIPC),true,1968,2.66341044809115
HPC,Heavily indebted poor countries (HIPC),true,1969,2.70023911370457
HPC,Heavily indebted poor countries (HIPC),true,1970,2.72276127914201
HPC,Heavily indebted poor countries (HIPC),true,1971,2.70242665071837
HPC,Heavily indebted poor countries (HIPC),true,1972,2.65366817229481
HPC,Heavily indebted poor countries (HIPC),true,1973,2.71876725526564
HPC,Heavily indebted poor countries (HIPC),true,1974,2.77367921505459
HPC,Heavily indebted poor countries (HIPC),true,1975,2.74074999804866
HPC,Heavily indebted poor countries (HIPC),true,1976,2.72289480870215
HPC,Heavily indebted poor countries (HIPC),true,1977,2.64413443300647
HPC,Heavily indebted poor countries (HIPC),true,1978,2.80645717490669
HPC,Heavily indebted poor countries (HIPC),true,1979,2.84297174300822
HPC,Heavily indebted poor countries (HIPC),true,1980,2.39462000734239
HPC,Heavily indebted poor countries (HIPC),true,1981,2.18648886258068
HPC,Heavily indebted poor countries (HIPC),true,1982,2.51003443310137
HPC,Heavily indebted poor countries (HIPC),true,1983,2.74924292621467
HPC,Heavily indebted poor countries (HIPC),true,1984,2.74550180446599
HPC,Heavily indebted poor countries (HIPC),true,1985,2.72292069227517
HPC,Heavily indebted poor countries (HIPC),true,1986,2.68897751395432
HPC,Heavily indebted poor countries (HIPC),true,1987,2.73688077396182
HPC,Heavily indebted poor countries (HIPC),true,1988,2.77281052325894
HPC,Heavily indebted poor countries (HIPC),true,1989,2.78919905536746
HPC,Heavily indebted poor countries (HIPC),true,1990,2.68784531013963
HPC,Heavily indebted poor countries (HIPC),true,1991,2.66108111495805
HPC,Heavily indebted poor countries (HIPC),true,1992,2.9439228195002
HPC,Heavily indebted poor countries (HIPC),true,1993,3.17390374256272
HPC,Heavily indebted poor countries (HIPC),true,1994,3.0171326722471
HPC,Heavily indebted poor countries (HIPC),true,1995,2.88762836213964
HPC,Heavily indebted poor countries (HIPC),true,1996,2.87108303409926
HPC,Heavily indebted poor countries (HIPC),true,1997,2.79076732353395
HPC,Heavily indebted poor countries (HIPC),true,1998,2.8314641980753
HPC,Heavily indebted poor countries (HIPC),true,1999,2.8372268900859
HPC,Heavily indebted poor countries (HIPC),true,2000,2.71187441359341
HPC,Heavily indebted poor countries (HIPC),true,2001,2.7030313376397
HPC,Heavily indebted poor countries (HIPC),true,2002,2.88227627631576
HPC,Heavily indebted poor countries (HIPC),true,2003,2.91837216793771
HPC,Heavily indebted poor countries (HIPC),true,2004,2.82268892303533
HPC,Heavily indebted poor countries (HIPC),true,2005,2.84016442808532
HPC,Heavily indebted poor countries (HIPC),true,2006,2.85756146328715
HPC,Heavily indebted poor countries (HIPC),true,2007,2.75990112359763
HPC,Heavily indebted poor countries (HIPC),true,2008,2.78583403145369
HPC,Heavily indebted poor countries (HIPC),true,2009,2.83266349390663
HPC,Heavily indebted poor countries (HIPC),true,2010,2.77517598027792
HPC,Heavily indebted poor countries (HIPC),true,2011,2.77722473175746
HPC,Heavily indebted poor countries (HIPC),true,2012,2.79184163042947
HPC,Heavily indebted poor countries (HIPC),true,2013,2.80289839112054
HPC,Heavily indebted poor countries (HIPC),true,2014,2.85431322604957
HPC,Heavily indebted poor countries (HIPC),true,2015,2.84381582766393
HPC,Heavily indebted poor countries (HIPC),true,2016,2.87059651059503
HPC,Heavily indebted poor countries (HIPC),true,2017,2.92152583279996
HPC,Heavily indebted poor countries (HIPC),true,2018,2.85647828276401
HPC,Heavily indebted poor countries (HIPC),true,2019,2.77992627055034
HPC,Heavily indebted poor countries (HIPC),true,2020,2.76023746119099
HPC,Heavily indebted poor countries (HIPC),true,2021,2.69418958338331
HPC,Heavily indebted poor countries (HIPC),true,2022,2.59787593290291
HPC,Heavily indebted poor countries (HIPC),true,2023,2.58026361363995
HPC,Heavily indebted poor countries (HIPC),true,2024,2.59429753696978
HPC,Heavily indebted poor countries (HIPC),true,2025,2.60784745398428
HRV,Croatia,false,1960,
HRV,Croatia,false,1961,0.652691769096606
HRV,Croatia,false,1962,0.703493717452063
HRV,Croatia,false,1963,0.687764980815768
HRV,Croatia,false,1964,0.641644859454767
HRV,Croatia,false,1965,0.657318059279203
HRV,Croatia,false,1966,0.693189535270421
HRV,Croatia,false,1967,0.647030993696805
HRV,Croatia,false,1968,0.619120481082276
HRV,Croatia,false,1969,0.590652659639334
HRV,Croatia,false,1970,0.471663946773186
HRV,Croatia,false,1971,0.430213631742067
HRV,Croatia,false,1972,0.434347668881993
HRV,Croatia,false,1973,0.439359615379226
HRV,Croatia,false,1974,0.457525839624875
HRV,Croatia,false,1975,0.475900351929317
HRV,Croatia,false,1976,0.527232826556227
HRV,Croatia,false,1977,0.519752409818
HRV,Croatia,false,1978,0.470732947991721
HRV,Croatia,false,1979,0.298457162326635
HRV,Croatia,false,1980,0.108846981129012
HRV,Croatia,false,1981,0.254622426666637
HRV,Croatia,false,1982,0.491578573238622
HRV,Croatia,false,1983,0.516977874983413
HRV,Croatia,false,1984,0.471830569469422
HRV,Croatia,false,1985,0.450494712765103
HRV,Croatia,false,1986,0.425115597334071
HRV,Croatia,false,1987,0.386822817922415
HRV,Croatia,false,1988,0.325689138134816
HRV,Croatia,false,1989,0.253148820294905
HRV,Croatia,false,1990,0.211805086145315
HRV,Croatia,false,1991,-1.86657353088556
HRV,Croatia,false,1992,-2.44385513691215
HRV,Croatia,false,1993,0.537147004460399
HRV,Croatia,false,1994,1.11454431106051
HRV,Croatia,false,1995,-0.690119513541903
HRV,Croatia,false,1996,-1.37154005901268
HRV,Croatia,false,1997,-0.487835515074698
HRV,Croatia,false,1998,-0.061431194309139
HRV,Croatia,false,1999,-0.432031162225091
HRV,Croatia,false,2000,-0.986434858645568
HRV,Croatia,false,2001,-3.8476707266781
HRV,Croatia,false,2002,0.0588712912047699
HRV,Croatia,false,2003,0.0284699231131846
HRV,Croatia,false,2004,0.0279042785156658
HRV,Croatia,false,2005,0.128732789322745
HRV,Croatia,false,2006,0.0235231237565747
HRV,Croatia,false,2007,-0.0218526602655707
HRV,Croatia,false,2008,-0.0118794578559279
HRV,Croatia,false,2009,-0.10502751669287
HRV,Croatia,false,2010,-0.226821270818422
HRV,Croatia,false,2011,-0.345264228485821
HRV,Croatia,false,2012,-0.474278461071106
HRV,Croatia,false,2013,-0.622679127955842
HRV,Croatia,false,2014,-0.766382113019195
HRV,Croatia,false,2015,-1.19410185876662
HRV,Croatia,false,2016,-1.08634598144505
HRV,Croatia,false,2017,-1.60675520461679
HRV,Croatia,false,2018,-1.31087324504252
HRV,Croatia,false,2019,-0.992302961069294
HRV,Croatia,false,2020,-0.894863743984583
HRV,Croatia,false,2021,-0.904000889163613
HRV,Croatia,false,2022,-0.603521952188318
HRV,Croatia,false,2023,0.104856226330186
HRV,Croatia,false,2024,0.168627948783285
HRV,Croatia,false,2025,0.258317977905583
HTI,Haiti,false,1960,
HTI,Haiti,false,1961,1.81288418514548
HTI,Haiti,false,1962,1.82954575428606
HTI,Haiti,false,1963,1.770849021679
HTI,Haiti,false,1964,1.78063403498411
HTI,Haiti,false,1965,1.85370676722767
HTI,Haiti,false,1966,1.84886235204673
HTI,Haiti,false,1967,1.85046379023367
HTI,Haiti,false,1968,1.86094785943373
HTI,Haiti,false,1969,1.86381767460696
HTI,Haiti,false,1970,1.86821030037024
HTI,Haiti,false,1971,1.88329000322047
HTI,Haiti,false,1972,1.90050673012893
HTI,Haiti,false,1973,1.91094626168109
HTI,Haiti,false,1974,1.91866663603968
HTI,Haiti,false,1975,1.92642600457307
HTI,Haiti,false,1976,1.92813061396008
HTI,Haiti,false,1977,1.92653336232361
HTI,Haiti,false,1978,1.92686695027529
HTI,Haiti,false,1979,1.92505236649981
HTI,Haiti,false,1980,1.92241493443839
HTI,Haiti,false,1981,1.92685269558144
HTI,Haiti,false,1982,1.94150183234173
HTI,Haiti,false,1983,1.95405687380052
HTI,Haiti,false,1984,1.96563393724075
HTI,Haiti,false,1985,1.98425902195087
HTI,Haiti,false,1986,2.00310783625627
HTI,Haiti,false,1987,2.02183085410755
HTI,Haiti,false,1988,2.04290699274167
HTI,Haiti,false,1989,2.05508299802243
HTI,Haiti,false,1990,2.05931426942796
HTI,Haiti,false,1991,2.03631743410881
HTI,Haiti,false,1992,1.997247117895
HTI,Haiti,false,1993,1.96485594576854
HTI,Haiti,false,1994,1.92672258189762
HTI,Haiti,false,1995,1.90597118137502
HTI,Haiti,false,1996,1.89933701618306
HTI,Haiti,false,1997,1.88596217408093
HTI,Haiti,false,1998,1.86484829220057
HTI,Haiti,false,1999,1.84675522078588
HTI,Haiti,false,2000,1.84581482966936
HTI,Haiti,false,2001,1.82314699522453
HTI,Haiti,false,2002,1.77837458948683
HTI,Haiti,false,2003,1.75355620763416
HTI,Haiti,false,2004,1.70178992075307
HTI,Haiti,false,2005,1.6805859467599
HTI,Haiti,false,2006,1.69924650861823
HTI,Haiti,false,2007,1.68627123390703
HTI,Haiti,false,2008,1.66611362408622
HTI,Haiti,false,2009,1.65252529367171
HTI,Haiti,false,2010,1.16672671353074
HTI,Haiti,false,2011,1.13206279763289
HTI,Haiti,false,2012,1.54988860322553
HTI,Haiti,false,2013,1.50397078747826
HTI,Haiti,false,2014,1.46512576303264
HTI,Haiti,false,2015,1.43574035756707
HTI,Haiti,false,2016,1.39862723308259
HTI,Haiti,false,2017,1.36160662434986
HTI,Haiti,false,2018,1.32790959369268
HTI,Haiti,false,2019,1.29423660619831
HTI,Haiti,false,2020,1.24109993204209
HTI,Haiti,false,2021,1.15604339382525
HTI,Haiti,false,2022,1.12789828650149
HTI,Haiti,false,2023,1.15633263604117
HTI,Haiti,false,2024,1.15472671204546
HTI,Haiti,false,2025,1.12793089533676
HUN,Hungary,false,1960,
HUN,Hungary,false,1961,0.444205978707489
HUN,Hungary,false,1962,0.327217724697106
HUN,Hungary,false,1963,0.269217562055452
HUN,Hungary,false,1964,0.31560144966103
HUN,Hungary,false,1965,0.277287713495036
HUN,Hungary,false,1966,0.302244758289581
HUN,Hungary,false,1967,0.372155583052453
HUN,Hungary,false,1968,0.3830621867148
HUN,Hungary,false,1969,0.417504517274341
HUN,Hungary,false,1970,0.379781402332206
HUN,Hungary,false,1971,0.286176098681919
HUN,Hungary,false,1972,0.298102515341836
HUN,Hungary,false,1973,0.32227702792653
HUN,Hungary,false,1974,0.446325661927294
HUN,Hungary,false,1975,0.588081809047071
HUN,Hungary,false,1976,0.550182988827917
HUN,Hungary,false,1977,0.464581042574049
HUN,Hungary,false,1978,0.344923733135305
HUN,Hungary,false,1979,0.180747381922393
HUN,Hungary,false,1980,0.0650937293271125
HUN,Hungary,false,1981,0.00677777171213337
HUN,Hungary,false,1982,-0.0589521155113363
HUN,Hungary,false,1983,-0.150240752751468
HUN,Hungary,false,1984,-0.20009784947921
HUN,Hungary,false,1985,-0.181847163431744
HUN,Hungary,false,1986,-0.170579145153423
HUN,Hungary,false,1987,-0.167798788201122
HUN,Hungary,false,1988,-0.153272935554963
HUN,Hungary,false,1989,-1.08898389340205
HUN,Hungary,false,1990,-1.03311729690015
HUN,Hungary,false,1991,-0.00566818338922841
HUN,Hungary,false,1992,-0.0391365832684134
HUN,Hungary,false,1993,-0.114035594392761
HUN,Hungary,false,1994,-0.13688310430324
HUN,Hungary,false,1995,-0.139220003601429
HUN,Hungary,false,1996,-0.171771608629025
HUN,Hungary,false,1997,-0.201458936335808
HUN,Hungary,false,1998,-0.232679336866497
HUN,Hungary,false,1999,-0.283260610485194
HUN,Hungary,false,2000,-0.259764908288633
HUN,Hungary,false,2001,-0.229379183308447
HUN,Hungary,false,2002,-0.28475137719698
HUN,Hungary,false,2003,-0.286433268128688
HUN,Hungary,false,2004,-0.221439378654807
HUN,Hungary,false,2005,-0.198878843237103
HUN,Hungary,false,2006,-0.155716484651578
HUN,Hungary,false,2007,-0.154915158060948
HUN,Hungary,false,2008,-0.17509736747488
HUN,Hungary,false,2009,-0.154908813950621
HUN,Hungary,false,2010,-0.226013875689698
HUN,Hungary,false,2011,-0.283360435946948
HUN,Hungary,false,2012,-0.516437606548041
HUN,Hungary,false,2013,-0.481259646558662
HUN,Hungary,false,2014,-0.402887577253118
HUN,Hungary,false,2015,-0.35946625276649
HUN,Hungary,false,2016,-0.388598014975531
HUN,Hungary,false,2017,-0.338685889370073
HUN,Hungary,false,2018,-0.203687269785053
HUN,Hungary,false,2019,-0.125143121699401
HUN,Hungary,false,2020,-0.252049642963059
HUN,Hungary,false,2021,-0.409163639262836
HUN,Hungary,false,2022,-0.268850150860009
HUN,Hungary,false,2023,-0.134269181500181
HUN,Hungary,false,2024,-0.314510077464087
HUN,Hungary,false,2025,-0.501292808614035
IBD,IBRD only,true,1960,
IBD,IBRD only,true,1961,1.1502688546462
IBD,IBRD only,true,1962,1.79325342716246
IBD,IBRD only,true,1963,2.35522816529123
IBD,IBRD only,true,1964,2.30483278404826
IBD,IBRD only,true,1965,2.26934708658919
IBD,IBRD only,true,1966,2.3358541271617
IBD,IBRD only,true,1967,2.27991677007978
IBD,IBRD only,true,1968,2.28797474486492
IBD,IBRD only,true,1969,2.31660507119335
IBD,IBRD only,true,1970,2.32678496151795
IBD,IBRD only,true,1971,2.31530226624147
IBD,IBRD only,true,1972,2.21420075077015
IBD,IBRD only,true,1973,2.16026227634102
IBD,IBRD only,true,1974,2.08987745091073
IBD,IBRD only,true,1975,2.00411463370289
IBD,IBRD only,true,1976,1.94007939159738
IBD,IBRD only,true,1977,1.8761087351903
IBD,IBRD only,true,1978,1.8510098213095
IBD,IBRD only,true,1979,1.84255086229892
IBD,IBRD only,true,1980,1.83896179657251
IBD,IBRD only,true,1981,1.86375332431469
IBD,IBRD only,true,1982,1.92367450148081
IBD,IBRD only,true,1983,1.90188140632816
IBD,IBRD only,true,1984,1.86656291119369
IBD,IBRD only,true,1985,1.86026021347882
IBD,IBRD only,true,1986,1.87274962900225
IBD,IBRD only,true,1987,1.88765663445948
IBD,IBRD only,true,1988,1.86096345750008
IBD,IBRD only,true,1989,1.80937831000732
IBD,IBRD only,true,1990,1.74477886299978
IBD,IBRD only,true,1991,1.66046200996137
IBD,IBRD only,true,1992,1.56730475124334
IBD,IBRD only,true,1993,1.50269105307794
IBD,IBRD only,true,1994,1.45090991179324
IBD,IBRD only,true,1995,1.41590961196825
IBD,IBRD only,true,1996,1.38923824794138
IBD,IBRD only,true,1997,1.36469148741606
IBD,IBRD only,true,1998,1.33968327658909
IBD,IBRD only,true,1999,1.2903489689207
IBD,IBRD only,true,2000,1.23283602771546
IBD,IBRD only,true,2001,1.1916765400745
IBD,IBRD only,true,2002,1.13831115330932
IBD,IBRD only,true,2003,1.1109111240503
IBD,IBRD only,true,2004,1.10719613630572
IBD,IBRD only,true,2005,1.08331441968879
IBD,IBRD only,true,2006,1.05619746191176
IBD,IBRD only,true,2007,1.01019495547298
IBD,IBRD only,true,2008,1.02139934985203
IBD,IBRD only,true,2009,1.03359717417559
IBD,IBRD only,true,2010,1.02685278367989
IBD,IBRD only,true,2011,1.04122845236582
IBD,IBRD only,true,2012,1.08590269928117
IBD,IBRD only,true,2013,1.09410017169863
IBD,IBRD only,true,2014,1.05616115930587
IBD,IBRD only,true,2015,0.992030937128853
IBD,IBRD only,true,2016,0.953226967586102
IBD,IBRD only,true,2017,0.931910507109358
IBD,IBRD only,true,2018,0.860957217689987
IBD,IBRD only,true,2019,0.789332313249615
IBD,IBRD only,true,2020,0.683339753441515
IBD,IBRD only,true,2021,0.55022908934187
IBD,IBRD only,true,2022,0.467464056138187
IBD,IBRD only,true,2023,0.486083267287729
IBD,IBRD only,true,2024,0.552979753222267
IBD,IBRD only,true,2025,0.545865461962873
IBT,IDA & IBRD total,true,1960,
IBT,IDA & IBRD total,true,1961,1.38333252477636
IBT,IDA & IBRD total,true,1962,1.92182215623722
IBT,IDA & IBRD total,true,1963,2.38999968618204
IBT,IDA & IBRD total,true,1964,2.35371209915354
IBT,IDA & IBRD total,true,1965,2.32978028231093
IBT,IDA & IBRD total,true,1966,2.38663776636569
IBT,IDA & IBRD total,true,1967,2.34481156614119
IBT,IDA & IBRD total,true,1968,2.35635352665975
IBT,IDA & IBRD total,true,1969,2.38094416663384
IBT,IDA & IBRD total,true,1970,2.3808911682382
IBT,IDA & IBRD total,true,1971,2.34462919163259
IBT,IDA & IBRD total,true,1972,2.26581019791122
IBT,IDA & IBRD total,true,1973,2.25351581529175
IBT,IDA & IBRD total,true,1974,2.20110584813045
IBT,IDA & IBRD total,true,1975,2.12004380154817
IBT,IDA & IBRD total,true,1976,2.060879043356
IBT,IDA & IBRD total,true,1977,2.00608663959729
IBT,IDA & IBRD total,true,1978,2.0008799413678
IBT,IDA & IBRD total,true,1979,2.01410202605057
IBT,IDA & IBRD total,true,1980,2.00772803896409
IBT,IDA & IBRD total,true,1981,2.01889764582224
IBT,IDA & IBRD total,true,1982,2.08222759184166
IBT,IDA & IBRD total,true,1983,2.06885147747709
IBT,IDA & IBRD total,true,1984,2.03006761821719
IBT,IDA & IBRD total,true,1985,2.028895400863
IBT,IDA & IBRD total,true,1986,2.03936897670547
IBT,IDA & IBRD total,true,1987,2.05100786978824
IBT,IDA & IBRD total,true,1988,2.02321305727431
IBT,IDA & IBRD total,true,1989,1.97848527634062
IBT,IDA & IBRD total,true,1990,1.92213493133617
IBT,IDA & IBRD total,true,1991,1.85071826647452
IBT,IDA & IBRD total,true,1992,1.79122996224393
IBT,IDA & IBRD total,true,1993,1.75327638275895
IBT,IDA & IBRD total,true,1994,1.70225560378086
IBT,IDA & IBRD total,true,1995,1.67111671535962
IBT,IDA & IBRD total,true,1996,1.64998496420198
IBT,IDA & IBRD total,true,1997,1.62088516826627
IBT,IDA & IBRD total,true,1998,1.59435298807775
IBT,IDA & IBRD total,true,1999,1.54685583130512
IBT,IDA & IBRD total,true,2000,1.49768214469479
IBT,IDA & IBRD total,true,2001,1.46696123544829
IBT,IDA & IBRD total,true,2002,1.43010359088608
IBT,IDA & IBRD total,true,2003,1.40803496220756
IBT,IDA & IBRD total,true,2004,1.39935291995746
IBT,IDA & IBRD total,true,2005,1.38123291390258
IBT,IDA & IBRD total,true,2006,1.36976584985448
IBT,IDA & IBRD total,true,2007,1.34283695996858
IBT,IDA & IBRD total,true,2008,1.34771445074005
IBT,IDA & IBRD total,true,2009,1.35347822997489
IBT,IDA & IBRD total,true,2010,1.3477428442619
IBT,IDA & IBRD total,true,2011,1.35331095803752
IBT,IDA & IBRD total,true,2012,1.37075417642683
IBT,IDA & IBRD total,true,2013,1.33996975996436
IBT,IDA & IBRD total,true,2014,1.31650941602067
IBT,IDA & IBRD total,true,2015,1.27065806781193
IBT,IDA & IBRD total,true,2016,1.25202514276894
IBT,IDA & IBRD total,true,2017,1.24674185481154
IBT,IDA & IBRD total,true,2018,1.20371141530004
IBT,IDA & IBRD total,true,2019,1.16113986667386
IBT,IDA & IBRD total,true,2020,1.08931741599415
IBT,IDA & IBRD total,true,2021,0.987074934479923
IBT,IDA & IBRD total,true,2022,0.916716913217627
IBT,IDA & IBRD total,true,2023,0.933779500498559
IBT,IDA & IBRD total,true,2024,0.985636475049798
IBT,IDA & IBRD total,true,2025,0.983237218148019
IDA,IDA total,true,1960,
IDA,IDA total,true,1961,2.49184063315498
IDA,IDA total,true,1962,2.52701614369908
IDA,IDA total,true,1963,2.5529146257419
IDA,IDA total,true,1964,2.58218293128183
IDA,IDA total,true,1965,2.61138257503382
IDA,IDA total,true,1966,2.62253304592289
IDA,IDA total,true,1967,2.64527343607503
IDA,IDA total,true,1968,2.67176253342861
IDA,IDA total,true,1969,2.67661777460708
IDA,IDA total,true,1970,2.62871744182671
IDA,IDA total,true,1971,2.47864515599265
IDA,IDA total,true,1972,2.50112075412853
IDA,IDA total,true,1973,2.67699513075595
IDA,IDA total,true,1974,2.70336538379214
IDA,IDA total,true,1975,2.64026929924781
IDA,IDA total,true,1976,2.59946043613604
IDA,IDA total,true,1977,2.58164747916092
IDA,IDA total,true,1978,2.65952110337306
IDA,IDA total,true,1979,2.76154152683932
IDA,IDA total,true,1980,2.73638599598066
IDA,IDA total,true,1981,2.68301744626454
IDA,IDA total,true,1982,2.75535960432133
IDA,IDA total,true,1983,2.77171224426053
IDA,IDA total,true,1984,2.71246180576899
IDA,IDA total,true,1985,2.72670176069172
IDA,IDA total,true,1986,2.72294145031158
IDA,IDA total,true,1987,2.71557313417273
IDA,IDA total,true,1988,2.67789014250178
IDA,IDA total,true,1989,2.65518247951082
IDA,IDA total,true,1990,2.62574046965297
IDA,IDA total,true,1991,2.59866688810906
IDA,IDA total,true,1992,2.66263428615952
IDA,IDA total,true,1993,2.71723027150857
IDA,IDA total,true,1994,2.65750039495359
IDA,IDA total,true,1995,2.62937130316924
IDA,IDA total,true,1996,2.61716109878061
IDA,IDA total,true,1997,2.55973003679174
IDA,IDA total,true,1998,2.51661031958274
IDA,IDA total,true,1999,2.46490858104726
IDA,IDA total,true,2000,2.43438651190628
IDA,IDA total,true,2001,2.42878487273081
IDA,IDA total,true,2002,2.43676025963933
IDA,IDA total,true,2003,2.41980787159904
IDA,IDA total,true,2004,2.38144542456746
IDA,IDA total,true,2005,2.36995212578051
IDA,IDA total,true,2006,2.39684186841629
IDA,IDA total,true,2007,2.41751928838216
IDA,IDA total,true,2008,2.38743836918425
IDA,IDA total,true,2009,2.35907748363703
IDA,IDA total,true,2010,2.34327639973144
IDA,IDA total,true,2011,2.30908996729525
IDA,IDA total,true,2012,2.2326673632554
IDA,IDA total,true,2013,2.07605436625528
IDA,IDA total,true,2014,2.08813093625947
IDA,IDA total,true,2015,2.08771591172078
IDA,IDA total,true,2016,2.11838407347067
IDA,IDA total,true,2017,2.14878078477716
IDA,IDA total,true,2018,2.17341173739727
IDA,IDA total,true,2019,2.19881674875002
IDA,IDA total,true,2020,2.2058695971097
IDA,IDA total,true,2021,2.16979480396582
IDA,IDA total,true,2022,2.11332985849227
IDA,IDA total,true,2023,2.10692753354027
IDA,IDA total,true,2024,2.10155053006799
IDA,IDA total,true,2025,2.09398047967704
IDB,IDA blend,true,1960,
IDB,IDA blend,true,1961,2.54872840489858
IDB,IDA blend,true,1962,2.59778125691638
IDB,IDA blend,true,1963,2.64621238450707
IDB,IDA blend,true,1964,2.67268768689124
IDB,IDA blend,true,1965,2.7009568013022
IDB,IDA blend,true,1966,2.71797074667731
IDB,IDA blend,true,1967,2.71754680926142
IDB,IDA blend,true,1968,2.73447159819166
IDB,IDA blend,true,1969,2.76131966821041
IDB,IDA blend,true,1970,2.77595896966984
IDB,IDA blend,true,1971,2.72789796311492
IDB,IDA blend,true,1972,2.74367516304505
IDB,IDA blend,true,1973,2.83344389940893
IDB,IDA blend,true,1974,2.88727998768091
IDB,IDA blend,true,1975,2.94697584368507
IDB,IDA blend,true,1976,2.97608444793159
IDB,IDA blend,true,1977,3.01387265841677
IDB,IDA blend,true,1978,3.04233281282039
IDB,IDA blend,true,1979,3.1496547714127
IDB,IDA blend,true,1980,3.55325492683243
IDB,IDA blend,true,1981,3.61107790823303
IDB,IDA blend,true,1982,3.30879500311284
IDB,IDA blend,true,1983,3.05828295468005
IDB,IDA blend,true,1984,2.95625680329773
IDB,IDA blend,true,1985,3.07144718681668
IDB,IDA blend,true,1986,3.11009181864859
IDB,IDA blend,true,1987,3.09686231266429
IDB,IDA blend,true,1988,3.06967531336001
IDB,IDA blend,true,1989,3.02190194772346
IDB,IDA blend,true,1990,3.03693314594321
IDB,IDA blend,true,1991,2.99277267931401
IDB,IDA blend,true,1992,2.81824472222734
IDB,IDA blend,true,1993,2.72760434160788
IDB,IDA blend,true,1994,2.70089123942507
IDB,IDA blend,true,1995,2.70943278592163
IDB,IDA blend,true,1996,2.7236060348367
IDB,IDA blend,true,1997,2.67702331742095
IDB,IDA blend,true,1998,2.6459907112148
IDB,IDA blend,true,1999,2.57316426271905
IDB,IDA blend,true,2000,2.59904378351575
IDB,IDA blend,true,2001,2.63724071563121
IDB,IDA blend,true,2002,2.50689383480259
IDB,IDA blend,true,2003,2.4699335570923
IDB,IDA blend,true,2004,2.51590073315121
IDB,IDA blend,true,2005,2.48755830806061
IDB,IDA blend,true,2006,2.48740980404259
IDB,IDA blend,true,2007,2.60160016341566
IDB,IDA blend,true,2008,2.62206504118019
IDB,IDA blend,true,2009,2.58237606232384
IDB,IDA blend,true,2010,2.55223333507348
IDB,IDA blend,true,2011,2.44073708608087
IDB,IDA blend,true,2012,2.27640450531804
IDB,IDA blend,true,2013,2.1278380689323
IDB,IDA blend,true,2014,2.07692400692233
IDB,IDA blend,true,2015,2.02401684941257
IDB,IDA blend,true,2016,1.9603728587418
IDB,IDA blend,true,2017,1.97875951411748
IDB,IDA blend,true,2018,2.00142239236433
IDB,IDA blend,true,2019,1.98455712089246
IDB,IDA blend,true,2020,2.00303566755831
IDB,IDA blend,true,2021,2.01581444092209
IDB,IDA blend,true,2022,1.96732800737651
IDB,IDA blend,true,2023,1.89932789494521
IDB,IDA blend,true,2024,1.87305223436203
IDB,IDA blend,true,2025,1.8768892130296
IDN,Indonesia,false,1960,
IDN,Indonesia,false,1961,2.78673050525734
IDN,Indonesia,false,1962,2.80698421797939
IDN,Indonesia,false,1963,2.82509682257967
IDN,Indonesia,false,1964,2.85554207780566
IDN,Indonesia,false,1965,2.52900109189077
IDN,Indonesia,false,1966,2.36670145600789
IDN,Indonesia,false,1967,2.59966150696535
IDN,Indonesia,false,1968,2.70751027453981
IDN,Indonesia,false,1969,2.76421216767215
IDN,Indonesia,false,1970,2.7523193721547
IDN,Indonesia,false,1971,2.70918593790289
IDN,Indonesia,false,1972,2.66225034303759
IDN,Indonesia,false,1973,2.62716406889288
IDN,Indonesia,false,1974,2.57379806865858
IDN,Indonesia,false,1975,2.52610742568257
IDN,Indonesia,false,1976,2.49420325253991
IDN,Indonesia,false,1977,2.45521844395398
IDN,Indonesia,false,1978,2.43846955711898
IDN,Indonesia,false,1979,2.42309448317805
IDN,Indonesia,false,1980,2.38861945340176
IDN,Indonesia,false,1981,2.34521555543862
IDN,Indonesia,false,1982,2.312379898873
IDN,Indonesia,false,1983,2.2802310222151
IDN,Indonesia,false,1984,2.229708398269
IDN,Indonesia,false,1985,2.13630506735178
IDN,Indonesia,false,1986,2.01749973418514
IDN,Indonesia,false,1987,1.94141842112657
IDN,Indonesia,false,1988,1.90886698268871
IDN,Indonesia,false,1989,1.87458353064795
IDN,Indonesia,false,1990,1.81442604896274
IDN,Indonesia,false,1991,1.77013689509296
IDN,Indonesia,false,1992,1.7332257161332
IDN,Indonesia,false,1993,1.70158442607601
IDN,Indonesia,false,1994,1.6859518715422
IDN,Indonesia,false,1995,1.66278546327292
IDN,Indonesia,false,1996,1.64546182640737
IDN,Indonesia,false,1997,1.62630782020292
IDN,Indonesia,false,1998,1.58071800042293
IDN,Indonesia,false,1999,1.50317096427875
IDN,Indonesia,false,2000,1.43244007763682
IDN,Indonesia,false,2001,1.38801892806803
IDN,Indonesia,false,2002,1.35572575488289
IDN,Indonesia,false,2003,1.32378197652859
IDN,Indonesia,false,2004,1.27101139474106
IDN,Indonesia,false,2005,1.28380661170743
IDN,Indonesia,false,2006,1.32525502272966
IDN,Indonesia,false,2007,1.32086532413059
IDN,Indonesia,false,2008,1.29735043016571
IDN,Indonesia,false,2009,1.26698625068088
IDN,Indonesia,false,2010,1.26054140134601
IDN,Indonesia,false,2011,1.27668830646548
IDN,Indonesia,false,2012,1.28583816632167
IDN,Indonesia,false,2013,1.24038001568984
IDN,Indonesia,false,2014,1.17536091203837
IDN,Indonesia,false,2015,1.12233981761262
IDN,Indonesia,false,2016,1.0744882002252
IDN,Indonesia,false,2017,1.02232939771064
IDN,Indonesia,false,2018,0.969743409524713
IDN,Indonesia,false,2019,0.935604959235128
IDN,Indonesia,false,2020,0.849801187379341
IDN,Indonesia,false,2021,0.704601321926319
IDN,Indonesia,false,2022,0.746050469653246
IDN,Indonesia,false,2023,0.842666137328498
IDN,Indonesia,false,2024,0.813871513351669
IDN,Indonesia,false,2025,0.784708535785041
IDX,IDA only,true,1960,
IDX,IDA only,true,1961,2.46570129462742
IDX,IDA only,true,1962,2.49447000228036
IDX,IDA only,true,1963,2.50995388739175
IDX,IDA only,true,1964,2.54045230024329
IDX,IDA only,true,1965,2.57002661813356
IDX,IDA only,true,1966,2.57841031944725
IDX,IDA only,true,1967,2.61181902963348
IDX,IDA only,true,1968,2.64270664387388
IDX,IDA only,true,1969,2.63732927143675
IDX,IDA only,true,1970,2.56030419067609
IDX,IDA only,true,1971,2.36249714530298
IDX,IDA only,true,1972,2.38768567840556
IDX,IDA only,true,1973,2.60361434080358
IDX,IDA only,true,1974,2.61688598051414
IDX,IDA only,true,1975,2.49552980476203
IDX,IDA only,true,1976,2.42082891149383
IDX,IDA only,true,1977,2.37541724471857
IDX,IDA only,true,1978,2.47576401294192
IDX,IDA only,true,1979,2.57417271939611
IDX,IDA only,true,1980,2.3384809828796
IDX,IDA only,true,1981,2.22503253624997
IDX,IDA only,true,1982,2.47920501803966
IDX,IDA only,true,1983,2.62781482574606
IDX,IDA only,true,1984,2.5895546991994
IDX,IDA only,true,1985,2.55212968951751
IDX,IDA only,true,1986,2.52581159579755
IDX,IDA only,true,1987,2.52029755246697
IDX,IDA only,true,1988,2.47606165083078
IDX,IDA only,true,1989,2.46517690197682
IDX,IDA only,true,1990,2.41142921599046
IDX,IDA only,true,1991,2.39199793772197
IDX,IDA only,true,1992,2.58068949076575
IDX,IDA only,true,1993,2.7117603379437
IDX,IDA only,true,1994,2.63461231795651
IDX,IDA only,true,1995,2.58710012006972
IDX,IDA only,true,1996,2.56087971281601
IDX,IDA only,true,1997,2.49760654344454
IDX,IDA only,true,1998,2.44795553205289
IDX,IDA only,true,1999,2.40735887253163
IDX,IDA only,true,2000,2.34666998481741
IDX,IDA only,true,2001,2.31741771984557
IDX,IDA only,true,2002,2.39921135355999
IDX,IDA only,true,2003,2.39294622457117
IDX,IDA only,true,2004,2.30929047768448
IDX,IDA only,true,2005,2.30671681679282
IDX,IDA only,true,2006,2.34806664960232
IDX,IDA only,true,2007,2.31817303468291
IDX,IDA only,true,2008,2.26040406208161
IDX,IDA only,true,2009,2.23774885751571
IDX,IDA only,true,2010,2.22936070566575
IDX,IDA only,true,2011,2.23713159544953
IDX,IDA only,true,2012,2.20872817431613
IDX,IDA only,true,2013,2.04768999708969
IDX,IDA only,true,2014,2.09427142626619
IDX,IDA only,true,2015,2.12259761670921
IDX,IDA only,true,2016,2.20476300980669
IDX,IDA only,true,2017,2.24148980784844
IDX,IDA only,true,2018,2.26694653283155
IDX,IDA only,true,2019,2.31499314863569
IDX,IDA only,true,2020,2.31549775862641
IDX,IDA only,true,2021,2.25279015277306
IDX,IDA only,true,2022,2.19184341656057
IDX,IDA only,true,2023,2.21826281999446
IDX,IDA only,true,2024,2.22368416110244
IDX,IDA only,true,2025,2.20962118823943
IMN,Isle of Man,false,1960,
IMN,Isle of Man,false,1961,-0.856980758315532
IMN,Isle of Man,false,1962,0.487961519595706
IMN,Isle of Man,false,1963,0.946459911154505
IMN,Isle of Man,false,1964,0.959754674119424
IMN,Isle of Man,false,1965,0.932664836217099
IMN,Isle of Man,false,1966,1.30705259247388
IMN,Isle of Man,false,1967,1.93585906831089
IMN,Isle of Man,false,1968,2.19826880875929
IMN,Isle of Man,false,1969,2.21202867691349
IMN,Isle of Man,false,1970,2.2419429694188
IMN,Isle of Man,false,1971,2.0174858828488
IMN,Isle of Man,false,1972,1.65214577509724
IMN,Isle of Man,false,1973,1.53778663253279
IMN,Isle of Man,false,1974,1.50435138188726
IMN,Isle of Man,false,1975,1.37703900581809
IMN,Isle of Man,false,1976,1.31060869105269
IMN,Isle of Man,false,1977,1.33426878874693
IMN,Isle of Man,false,1978,1.34234534715504
IMN,Isle of Man,false,1979,1.33879758598471
IMN,Isle of Man,false,1980,1.31486793997126
IMN,Isle of Man,false,1981,0.808261052758353
IMN,Isle of Man,false,1982,0.139230541821546
IMN,Isle of Man,false,1983,-0.0866095510231961
IMN,Isle of Man,false,1984,-0.157946114379151
IMN,Isle of Man,false,1985,-0.197007719095144
IMN,Isle of Man,false,1986,0.4554757827855
IMN,Isle of Man,false,1987,1.38460444290838
IMN,Isle of Man,false,1988,1.63750946855934
IMN,Isle of Man,false,1989,1.65096335602809
IMN,Isle of Man,false,1990,1.64736802272855
IMN,Isle of Man,false,1991,1.2860244711094
IMN,Isle of Man,false,1992,0.777681019315905
IMN,Isle of Man,false,1993,0.593801567634365
IMN,Isle of Man,false,1994,0.557983693730622
IMN,Isle of Man,false,1995,0.483597216679532
IMN,Isle of Man,false,1996,0.743943247223677
IMN,Isle of Man,false,1997,1.1893404357479
IMN,Isle of Man,false,1998,1.29728602762707
IMN,Isle of Man,false,1999,1.24992377427321
IMN,Isle of Man,false,2000,1.15522158904352
IMN,Isle of Man,false,2001,1.07405640261461
IMN,Isle of Man,false,2002,1.03935218980227
IMN,Isle of Man,false,2003,0.996634656137498
IMN,Isle of Man,false,2004,0.947463428784622
IMN,Isle of Man,false,2005,0.914679040487355
IMN,Isle of Man,false,2006,0.973663908803054
IMN,Isle of Man,false,2007,1.05674263402304
IMN,Isle of Man,false,2008,1.08105185778631
IMN,Isle of Man,false,2009,1.10325545585427
IMN,Isle of Man,false,2010,1.1198352163156
IMN,Isle of Man,false,2011,0.605035871432298
IMN,Isle of Man,false,2012,-0.0557146004442705
IMN,Isle of Man,false,2013,-0.230299966457986
IMN,Isle of Man,false,2014,-0.296370572754953
IMN,Isle of Man,false,2015,-0.35704727903332
IMN,Isle of Man,false,2016,-0.152042122202678
IMN,Isle of Man,false,2017,0.171180649312203
IMN,Isle of Man,false,2018,0.234150178061123
IMN,Isle of Man,false,2019,0.181209143421298
IMN,Isle of Man,false,2020,0.12736504896945
IMN,Isle of Man,false,2021,0.0499494569462143
IMN,Isle of Man,false,2022,0.0309085940239317
IMN,Isle of Man,false,2023,0.0392163858214135
IMN,Isle of Man,false,2024,-0.00594088816452728
IMN,Isle of Man,false,2025,-0.0499173996269448
IND,India,false,1960,
IND,India,false,1961,2.39642770212636
IND,India,false,1962,2.3718292492177
IND,India,false,1963,2.34617004494498
IND,India,false,1964,2.34154578203199
IND,India,false,1965,2.25115521196281
IND,India,false,1966,2.13961351155644
IND,India,false,1967,2.14680270986968
IND,India,false,1968,2.14844716038577
IND,India,false,1969,2.11321172870178
IND,India,false,1970,2.21982378728468
IND,India,false,1971,2.21613325893602
IND,India,false,1972,2.19501824226466
IND,India,false,1973,2.25036255306664
IND,India,false,1974,2.3000950671043
IND,India,false,1975,2.36169921715702
IND,India,false,1976,2.3526277752357
IND,India,false,1977,2.35894044670683
IND,India,false,1978,2.30273010047879
IND,India,false,1979,2.32548037680355
IND,India,false,1980,2.38482579119883
IND,India,false,1981,2.34973202595162
IND,India,false,1982,2.33396964438701
IND,India,false,1983,2.3406940951715
IND,India,false,1984,2.34593300498783
IND,India,false,1985,2.3270540843985
IND,India,false,1986,2.30826458791438
IND,India,false,1987,2.2808002561271
IND,India,false,1988,2.25053923542519
IND,India,false,1989,2.23467340339487
IND,India,false,1990,2.213130886438
IND,India,false,1991,2.16777668657973
IND,India,false,1992,2.12998519274824
IND,India,false,1993,2.09986069412181
IND,India,false,1994,2.04435418122792
IND,India,false,1995,2.01296632914892
IND,India,false,1996,1.99775909414655
IND,India,false,1997,1.966425183613
IND,India,false,1998,1.93596384442712
IND,India,false,1999,1.90202919152067
IND,India,false,2000,1.87939826197393
IND,India,false,2001,1.87060822112685
IND,India,false,2002,1.81129424097937
IND,India,false,2003,1.73438204419235
IND,India,false,2004,1.7035704679088
IND,India,false,2005,1.63142146860079
IND,India,false,2006,1.56412522526913
IND,India,false,2007,1.50599144392136
IND,India,false,2008,1.43877181746736
IND,India,false,2009,1.44601731955273
IND,India,false,2010,1.45460361883041
IND,India,false,2011,1.41682761544376
IND,India,false,2012,1.37405616603306
IND,India,false,2013,1.33270430507476
IND,India,false,2014,1.26129027125347
IND,India,false,2015,1.19285563384335
IND,India,false,2016,1.19162966402099
IND,India,false,2017,1.1623961434697
IND,India,false,2018,1.09729906702925
IND,India,false,2019,1.04001395098104
IND,India,false,2020,0.973438646910149
IND,India,false,2021,0.822648220128724
IND,India,false,2022,0.790200540609834
IND,India,false,2023,0.883289539766135
IND,India,false,2024,0.890706546985984
IND,India,false,2025,0.887183543977214
INX,Not classified,true,1960,
INX,Not classified,true,1961,
INX,Not classified,true,1962,
INX,Not classified,true,1963,
INX,Not classified,true,1964,
INX,Not classified,true,1965,
INX,Not classified,true,1966,
INX,Not classified,true,1967,
INX,Not classified,true,1968,
INX,Not classified,true,1969,
INX,Not classified,true,1970,
INX,Not classified,true,1971,
INX,Not classified,true,1972,
INX,Not classified,true,1973,
INX,Not classified,true,1974,
INX,Not classified,true,1975,
INX,Not classified,true,1976,
INX,Not classified,true,1977,
INX,Not classified,true,1978,
INX,Not classified,true,1979,
INX,Not classified,true,1980,
INX,Not classified,true,1981,
INX,Not classified,true,1982,
INX,Not classified,true,1983,
INX,Not classified,true,1984,
INX,Not classified,true,1985,
INX,Not classified,true,1986,
INX,Not classified,true,1987,
INX,Not classified,true,1988,
INX,Not classified,true,1989,
INX,Not classified,true,1990,
INX,Not classified,true,1991,
INX,Not classified,true,1992,
INX,Not classified,true,1993,
INX,Not classified,true,1994,
INX,Not classified,true,1995,
INX,Not classified,true,1996,
INX,Not classified,true,1997,
INX,Not classified,true,1998,
INX,Not classified,true,1999,
INX,Not classified,true,2000,
INX,Not classified,true,2001,
INX,Not classified,true,2002,
INX,Not classified,true,2003,
INX,Not classified,true,2004,
INX,Not classified,true,2005,
INX,Not classified,true,2006,
INX,Not classified,true,2007,
INX,Not classified,true,2008,
INX,Not classified,true,2009,
INX,Not classified,true,2010,
INX,Not classified,true,2011,
INX,Not classified,true,2012,
INX,Not classified,true,2013,
INX,Not classified,true,2014,
INX,Not classified,true,2015,
INX,Not classified,true,2016,
INX,Not classified,true,2017,
INX,Not classified,true,2018,
INX,Not classified,true,2019,
INX,Not classified,true,2020,
INX,Not classified,true,2021,
INX,Not classified,true,2022,
INX,Not classified,true,2023,
INX,Not classified,true,2024,
INX,Not classified,true,2025,
IRL,Ireland,false,1960,
IRL,Ireland,false,1961,-0.148593694420762
IRL,Ireland,false,1962,0.411628631985577
IRL,Ireland,false,1963,0.583614784297507
IRL,Ireland,false,1964,0.486082926587529
IRL,Ireland,false,1965,0.374313833111706
IRL,Ireland,false,1966,0.398883656123275
IRL,Ireland,false,1967,0.471401693156575
IRL,Ireland,false,1968,0.45032733373721
IRL,Ireland,false,1969,0.584796988242312
IRL,Ireland,false,1970,0.835333131123753
IRL,Ireland,false,1971,1.16989887588371
IRL,Ireland,false,1972,1.48620227950675
IRL,Ireland,false,1973,1.60387576085984
IRL,Ireland,false,1974,1.656675285169
IRL,Ireland,false,1975,1.64535365574099
IRL,Ireland,false,1976,1.50914557515468
IRL,Ireland,false,1977,1.35426324965316
IRL,Ireland,false,1978,1.41880679291003
IRL,Ireland,false,1979,1.33228881575867
IRL,Ireland,false,1980,1.15081833848717
IRL,Ireland,false,1981,1.17103496729061
IRL,Ireland,false,1982,0.9454154697589
IRL,Ireland,false,1983,0.708938993466408
IRL,Ireland,false,1984,0.619707470509402
IRL,Ireland,false,1985,0.16007346599323
IRL,Ireland,false,1986,0.0454380284548886
IRL,Ireland,false,1987,0.0103676021283962
IRL,Ireland,false,1988,-0.427686063650556
IRL,Ireland,false,1989,-0.396250751919345
IRL,Ireland,false,1990,0.0844130206737995
IRL,Ireland,false,1991,0.574927781205802
IRL,Ireland,false,1992,0.6822567779864
IRL,Ireland,false,1993,0.499840487112985
IRL,Ireland,false,1994,0.394187638653739
IRL,Ireland,false,1995,0.512695055318523
IRL,Ireland,false,1996,0.791271346994459
IRL,Ireland,false,1997,1.00281473521859
IRL,Ireland,false,1998,1.04307683611147
IRL,Ireland,false,1999,1.12729955649471
IRL,Ireland,false,2000,1.33304266586712
IRL,Ireland,false,2001,1.59215149039299
IRL,Ireland,false,2002,1.68514885730282
IRL,Ireland,false,2003,1.62895096193019
IRL,Ireland,false,2004,1.82831381790901
IRL,Ireland,false,2005,2.17870301355631
IRL,Ireland,false,2006,2.69600564359576
IRL,Ireland,false,2007,2.89096000464164
IRL,Ireland,false,2008,2.03870801117202
IRL,Ireland,false,2009,1.01566327592341
IRL,Ireland,false,2010,0.544884384079014
IRL,Ireland,false,2011,0.436072439258428
IRL,Ireland,false,2012,0.4237438032978
IRL,Ireland,false,2013,0.526556158855653
IRL,Ireland,false,2014,0.731001376585771
IRL,Ireland,false,2015,0.944845307474728
IRL,Ireland,false,2016,1.28405485082411
IRL,Ireland,false,2017,1.34979886553997
IRL,Ireland,false,2018,1.45141079540844
IRL,Ireland,false,2019,1.58865409604595
IRL,Ireland,false,2020,1.26378913010119
IRL,Ireland,false,2021,1.39579966615221
IRL,Ireland,false,2022,1.98101664069715
IRL,Ireland,false,2023,1.87573900211149
IRL,Ireland,false,2024,1.57375843711631
IRL,Ireland,false,2025,1.62826615443033
IRN,"Iran, Islamic Rep.",false,1960,
IRN,"Iran, Islamic Rep.",false,1961,3.00641779761326
IRN,"Iran, Islamic Rep.",false,1962,3.03662701704347
IRN,"Iran, Islamic Rep.",false,1963,3.07015436284033
IRN,"Iran, Islamic Rep.",false,1964,3.11379271685126
IRN,"Iran, Islamic Rep.",false,1965,3.14071071653765
IRN,"Iran, Islamic Rep.",false,1966,3.11544929495017
IRN,"Iran, Islamic Rep.",false,1967,3.04711721337762
IRN,"Iran, Islamic Rep.",false,1968,2.99272010313839
IRN,"Iran, Islamic Rep.",false,1969,3.00176153959819
IRN,"Iran, Islamic Rep.",false,1970,3.03624690535546
IRN,"Iran, Islamic Rep.",false,1971,2.98791431738961
IRN,"Iran, Islamic Rep.",false,1972,2.92754078662497
IRN,"Iran, Islamic Rep.",false,1973,2.9276919371507
IRN,"Iran, Islamic Rep.",false,1974,2.96024011860532
IRN,"Iran, Islamic Rep.",false,1975,3.02280829911323
IRN,"Iran, Islamic Rep.",false,1976,3.01390622093458
IRN,"Iran, Islamic Rep.",false,1977,3.09733110556331
IRN,"Iran, Islamic Rep.",false,1978,3.26708126037505
IRN,"Iran, Islamic Rep.",false,1979,3.43750971676968
IRN,"Iran, Islamic Rep.",false,1980,3.62227241112561
IRN,"Iran, Islamic Rep.",false,1981,5.24853453599241
IRN,"Iran, Islamic Rep.",false,1982,5.29404981884125
IRN,"Iran, Islamic Rep.",false,1983,3.89276477740576
IRN,"Iran, Islamic Rep.",false,1984,3.76168110891254
IRN,"Iran, Islamic Rep.",false,1985,3.67336265910169
IRN,"Iran, Islamic Rep.",false,1986,3.68998952261074
IRN,"Iran, Islamic Rep.",false,1987,3.58434147152931
IRN,"Iran, Islamic Rep.",false,1988,3.227701834245
IRN,"Iran, Islamic Rep.",false,1989,2.92068520102392
IRN,"Iran, Islamic Rep.",false,1990,2.91140676618439
IRN,"Iran, Islamic Rep.",false,1991,2.71517805230603
IRN,"Iran, Islamic Rep.",false,1992,1.9775061761777
IRN,"Iran, Islamic Rep.",false,1993,0.356575347965537
IRN,"Iran, Islamic Rep.",false,1994,0.190450849489937
IRN,"Iran, Islamic Rep.",false,1995,1.10724517815505
IRN,"Iran, Islamic Rep.",false,1996,1.08043248596744
IRN,"Iran, Islamic Rep.",false,1997,1.19876929995268
IRN,"Iran, Islamic Rep.",false,1998,1.37365526787202
IRN,"Iran, Islamic Rep.",false,1999,1.4243001822483
IRN,"Iran, Islamic Rep.",false,2000,1.47619563346635
IRN,"Iran, Islamic Rep.",false,2001,1.54382818918331
IRN,"Iran, Islamic Rep.",false,2002,0.82578098646242
IRN,"Iran, Islamic Rep.",false,2003,1.10838882782602
IRN,"Iran, Islamic Rep.",false,2004,2.13922055681238
IRN,"Iran, Islamic Rep.",false,2005,2.21304950909032
IRN,"Iran, Islamic Rep.",false,2006,2.15444092874448
IRN,"Iran, Islamic Rep.",false,2007,1.63508865342221
IRN,"Iran, Islamic Rep.",false,2008,1.214476845232
IRN,"Iran, Islamic Rep.",false,2009,1.24185106066412
IRN,"Iran, Islamic Rep.",false,2010,1.25167392158024
IRN,"Iran, Islamic Rep.",false,2011,1.2358675452331
IRN,"Iran, Islamic Rep.",false,2012,1.25130743376216
IRN,"Iran, Islamic Rep.",false,2013,1.30690505728311
IRN,"Iran, Islamic Rep.",false,2014,1.343129076071
IRN,"Iran, Islamic Rep.",false,2015,1.36159478810594
IRN,"Iran, Islamic Rep.",false,2016,1.43348558597155
IRN,"Iran, Islamic Rep.",false,2017,1.43870442098455
IRN,"Iran, Islamic Rep.",false,2018,1.27524656861717
IRN,"Iran, Islamic Rep.",false,2019,1.07831720901251
IRN,"Iran, Islamic Rep.",false,2020,0.768757498195729
IRN,"Iran, Islamic Rep.",false,2021,0.831029236943935
IRN,"Iran, Islamic Rep.",false,2022,1.20100285857304
IRN,"Iran, Islamic Rep.",false,2023,1.20408185634218
IRN,"Iran, Islamic Rep.",false,2024,1.05286922170537
IRN,"Iran, Islamic Rep.",false,2025,0.923930875479985
IRQ,Iraq,false,1960,
IRQ,Iraq,false,1961,2.42687289162243
IRQ,Iraq,false,1962,3.00290326591226
IRQ,Iraq,false,1963,3.3693190876149
IRQ,Iraq,false,1964,3.3551869803444
IRQ,Iraq,false,1965,3.37967905603555
IRQ,Iraq,false,1966,3.3917059703305
IRQ,Iraq,false,1967,3.40354283247904
IRQ,Iraq,false,1968,3.42788791314797
IRQ,Iraq,false,1969,3.44401838442953
IRQ,Iraq,false,1970,3.47237532444861
IRQ,Iraq,false,1971,3.45454778256521
IRQ,Iraq,false,1972,3.43661148567429
IRQ,Iraq,false,1973,3.44615681958852
IRQ,Iraq,false,1974,3.38675844028352
IRQ,Iraq,false,1975,3.31034039651048
IRQ,Iraq,false,1976,3.27247688214049
IRQ,Iraq,false,1977,3.32608291691887
IRQ,Iraq,false,1978,3.36742269278786
IRQ,Iraq,false,1979,3.21748556290056
IRQ,Iraq,false,1980,3.15115659141316
IRQ,Iraq,false,1981,3.00322157028474
IRQ,Iraq,false,1982,2.81375364480561
IRQ,Iraq,false,1983,2.97130880229024
IRQ,Iraq,false,1984,3.11904497662122
IRQ,Iraq,false,1985,2.4050655272012
IRQ,Iraq,false,1986,2.46073395287681
IRQ,Iraq,false,1987,2.74231843374781
IRQ,Iraq,false,1988,2.32000552741589
IRQ,Iraq,false,1989,2.65949908158151
IRQ,Iraq,false,1990,1.2400179630516
IRQ,Iraq,false,1991,1.05265532486063
IRQ,Iraq,false,1992,2.95901898094252
IRQ,Iraq,false,1993,4.80252830355296
IRQ,Iraq,false,1994,4.77257876446699
IRQ,Iraq,false,1995,3.34971793938993
IRQ,Iraq,false,1996,3.19188913877724
IRQ,Iraq,false,1997,3.09229881638508
IRQ,Iraq,false,1998,3.14180487468003
IRQ,Iraq,false,1999,3.23378577144745
IRQ,Iraq,false,2000,3.27752785249419
IRQ,Iraq,false,2001,3.1189728301308
IRQ,Iraq,false,2002,3.15904988797352
IRQ,Iraq,false,2003,3.01523235753789
IRQ,Iraq,false,2004,2.85128305805808
IRQ,Iraq,false,2005,2.96374347121646
IRQ,Iraq,false,2006,0.733263441372763
IRQ,Iraq,false,2007,-0.789042539847969
IRQ,Iraq,false,2008,2.02029989529593
IRQ,Iraq,false,2009,3.6839129631095
IRQ,Iraq,false,2010,3.23138521802744
IRQ,Iraq,false,2011,3.53181678520421
IRQ,Iraq,false,2012,4.53892168180122
IRQ,Iraq,false,2013,4.7215668344982
IRQ,Iraq,false,2014,3.53101933211143
IRQ,Iraq,false,2015,2.72710976935126
IRQ,Iraq,false,2016,2.39151227352058
IRQ,Iraq,false,2017,2.23055046409754
IRQ,Iraq,false,2018,2.33235769663486
IRQ,Iraq,false,2019,2.27501115691232
IRQ,Iraq,false,2020,2.21938669515023
IRQ,Iraq,false,2021,2.24127347113109
IRQ,Iraq,false,2022,2.29369659225826
IRQ,Iraq,false,2023,2.25148890849618
IRQ,Iraq,false,2024,2.12476784890538
IRQ,Iraq,false,2025,2.10351548706844
ISL,Iceland,false,1960,
ISL,Iceland,false,1961,1.94871974343751
ISL,Iceland,false,1962,1.85336524391391
ISL,Iceland,false,1963,1.77978836016473
ISL,Iceland,false,1964,1.77777239918805
ISL,Iceland,false,1965,1.73267831081437
ISL,Iceland,false,1966,1.69345245722007
ISL,Iceland,false,1967,1.6134413363767
ISL,Iceland,false,1968,1.3677041295166
ISL,Iceland,false,1969,0.929223668931563
ISL,Iceland,false,1970,0.524268807805472
ISL,Iceland,false,1971,0.808703279129674
ISL,Iceland,false,1972,1.46377557871447
ISL,Iceland,false,1973,1.50909012590966
ISL,Iceland,false,1974,1.35292081060714
ISL,Iceland,false,1975,1.27890788993302
ISL,Iceland,false,1976,0.992857359283411
ISL,Iceland,false,1977,0.744426487319228
ISL,Iceland,false,1978,0.780538211065603
ISL,Iceland,false,1979,0.978479645630839
ISL,Iceland,false,1980,1.05889641076766
ISL,Iceland,false,1981,1.14058326061081
ISL,Iceland,false,1982,1.33661040915962
ISL,Iceland,false,1983,1.32404443001488
ISL,Iceland,false,1984,1.06362548027328
ISL,Iceland,false,1985,0.787667614423245
ISL,Iceland,false,1986,0.732588890898599
ISL,Iceland,false,1987,1.09562910072455
ISL,Iceland,false,1988,1.56621758114814
ISL,Iceland,false,1989,1.23839606356716
ISL,Iceland,false,1990,0.777662198585402
ISL,Iceland,false,1991,1.15914942010018
ISL,Iceland,false,1992,1.25663207739645
ISL,Iceland,false,1993,1.01681192843817
ISL,Iceland,false,1994,0.866835946606811
ISL,Iceland,false,1995,0.542467997811547
ISL,Iceland,false,1996,0.539913016609299
ISL,Iceland,false,1997,0.819197091458816
ISL,Iceland,false,1998,1.07085904319717
ISL,Iceland,false,1999,1.20923878595741
ISL,Iceland,false,2000,1.36919283329812
ISL,Iceland,false,2001,1.32929525456819
ISL,Iceland,false,2002,0.892596377462957
ISL,Iceland,false,2003,0.692497620476186
ISL,Iceland,false,2004,0.8779361576874
ISL,Iceland,false,2005,1.58289197780465
ISL,Iceland,false,2006,2.34742243028387
ISL,Iceland,false,2007,2.53008548940662
ISL,Iceland,false,2008,1.85957217059918
ISL,Iceland,false,2009,0.341241978970882
ISL,Iceland,false,2010,-0.143903000294037
ISL,Iceland,false,2011,0.305468368224399
ISL,Iceland,false,2012,0.532100734916982
ISL,Iceland,false,2013,0.945885900369151
ISL,Iceland,false,2014,1.11250475522796
ISL,Iceland,false,2015,1.04194038662969
ISL,Iceland,false,2016,1.38808149583838
ISL,Iceland,false,2017,2.34558267643862
ISL,Iceland,false,2018,2.67814276922904
ISL,Iceland,false,2019,2.19893225826166
ISL,Iceland,false,2020,1.6230862512591
ISL,Iceland,false,2021,1.6393166402584
ISL,Iceland,false,2022,2.51377343254216
ISL,Iceland,false,2023,0.953546915490719
ISL,Iceland,false,2024,0.218346070592545
ISL,Iceland,false,2025,1.51445294794602
ISR,Israel,false,1960,
ISR,Israel,false,1961,3.30244804063226
ISR,Israel,false,1962,4.82451753282139
ISR,Israel,false,1963,3.68192274450533
ISR,Israel,false,1964,3.9560164699833
ISR,Israel,false,1965,3.49380513612804
ISR,Israel,false,1966,2.54250983658102
ISR,Israel,false,1967,4.31775292137498
ISR,Israel,false,1968,2.09091972211573
ISR,Israel,false,1969,2.60578123867595
ISR,Israel,false,1970,3.31597634685525
ISR,Israel,false,1971,3.14439275996358
ISR,Israel,false,1972,2.54155549175577
ISR,Israel,false,1973,4.04661497664812
ISR,Israel,false,1974,2.97542610817927
ISR,Israel,false,1975,2.28347158162025
ISR,Israel,false,1976,2.23249111573749
ISR,Israel,false,1977,2.23910837884949
ISR,Israel,false,1978,2.10880058869326
ISR,Israel,false,1979,2.56835947346954
ISR,Israel,false,1980,2.4009504033329
ISR,Israel,false,1981,1.99138569400056
ISR,Israel,false,1982,1.8781070374563
ISR,Israel,false,1983,1.81912587693629
ISR,Israel,false,1984,1.30689178563831
ISR,Israel,false,1985,1.7636300778012
ISR,Israel,false,1986,1.54714759753579
ISR,Israel,false,1987,1.61517124551543
ISR,Israel,false,1988,1.65705755029368
ISR,Israel,false,1989,1.69646925735759
ISR,Israel,false,1990,3.09460300917429
ISR,Israel,false,1991,6.01700878321945
ISR,Israel,false,1992,3.45546689873163
ISR,Israel,false,1993,2.6580917791605
ISR,Israel,false,1994,2.58926284874797
ISR,Israel,false,1995,2.66828695661805
ISR,Israel,false,1996,2.61650594252757
ISR,Israel,false,1997,2.49839504329334
ISR,Israel,false,1998,2.28687869043162
ISR,Israel,false,1999,2.54643388659354
ISR,Israel,false,2000,2.64233191305756
ISR,Israel,false,2001,2.35711729946802
ISR,Israel,false,2002,2.01405839404727
ISR,Israel,false,2003,1.80551975888109
ISR,Israel,false,2004,1.76762364154994
ISR,Israel,false,2005,1.76289766113006
ISR,Israel,false,2006,1.76780587358185
ISR,Israel,false,2007,1.7761008691798
ISR,Israel,false,2008,1.7765791059698
ISR,Israel,false,2009,2.39020733801215
ISR,Israel,false,2010,1.82675240987847
ISR,Israel,false,2011,1.84807786159597
ISR,Israel,false,2012,1.84615132126711
ISR,Israel,false,2013,1.86605289478673
ISR,Israel,false,2014,1.91954379859591
ISR,Israel,false,2015,1.98128897562083
ISR,Israel,false,2016,1.9603489624817
ISR,Israel,false,2017,1.93872567441099
ISR,Israel,false,2018,1.92662286520241
ISR,Israel,false,2019,1.90898263957994
ISR,Israel,false,2020,1.76367939210866
ISR,Israel,false,2021,1.68190551747412
ISR,Israel,false,2022,1.96636884788361
ISR,Israel,false,2023,3.00437405991345
ISR,Israel,false,2024,1.54351416100292
ISR,Israel,false,2025,1.19852366348133
ITA,Italy,false,1960,
ITA,Italy,false,1961,0.668382874410405
ITA,Italy,false,1962,0.676622989670017
ITA,Italy,false,1963,0.729553242231653
ITA,Italy,false,1964,0.822623699867765
ITA,Italy,false,1965,0.842108616866269
ITA,Italy,false,1966,0.77730440730804
ITA,Italy,false,1967,0.723778172767654
ITA,Italy,false,1968,0.631737252752781
ITA,Italy,false,1969,0.56605850865814
ITA,Italy,false,1970,0.528877031717835
ITA,Italy,false,1971,0.466452872314018
ITA,Italy,false,1972,0.567712498645759
ITA,Italy,false,1973,0.678187647585975
ITA,Italy,false,1974,0.654388935648374
ITA,Italy,false,1975,0.597247218554801
ITA,Italy,false,1976,0.498851058340731
ITA,Italy,false,1977,0.424722057350148
ITA,Italy,false,1978,0.356312950366128
ITA,Italy,false,1979,0.289147207649738
ITA,Italy,false,1980,0.20599975185947
ITA,Italy,false,1981,0.12005432007943
ITA,Italy,false,1982,0.0740818599916188
ITA,Italy,false,1983,0.0362946366697159
ITA,Italy,false,1984,0.0223509131041464
ITA,Italy,false,1985,0.0288999392122477
ITA,Italy,false,1986,0.00544928189677628
ITA,Italy,false,1987,0.0102051195547741
ITA,Italy,false,1988,0.0483205970471755
ITA,Italy,false,1989,0.0750090045352437
ITA,Italy,false,1990,0.0837085729587984
ITA,Italy,false,1991,0.0692311889532843
ITA,Italy,false,1992,0.0679244330808808
ITA,Italy,false,1993,0.061135853002924
ITA,Italy,false,1994,0.0203720739457194
ITA,Italy,false,1995,0.00158856230917393
ITA,Italy,false,1996,0.0281044080072756
ITA,Italy,false,1997,0.05290695026061
ITA,Italy,false,1998,0.0287740158774372
ITA,Italy,false,1999,0.0168208444553697
ITA,Italy,false,2000,0.045303631138613
ITA,Italy,false,2001,0.0612241572425483
ITA,Italy,false,2002,0.197854295667482
ITA,Italy,false,2003,0.540420007681938
ITA,Italy,false,2004,0.744609563112575
ITA,Italy,false,2005,0.583653375692943
ITA,Italy,false,2006,0.400079310970985
ITA,Italy,false,2007,0.608396959196212
ITA,Italy,false,2008,0.771291301351719
ITA,Italy,false,2009,0.579748620940622
ITA,Italy,false,2010,0.442226157086815
ITA,Italy,false,2011,0.346167211080488
ITA,Italy,false,2012,0.273513088134657
ITA,Italy,false,2013,0.199772918304074
ITA,Italy,false,2014,0.0150772197985246
ITA,Italy,false,2015,-0.151143561276007
ITA,Italy,false,2016,-0.190090486385849
ITA,Italy,false,2017,-0.188100912559894
ITA,Italy,false,2018,-0.208594586223998
ITA,Italy,false,2019,-0.247712826621699
ITA,Italy,false,2020,-0.487095091717782
ITA,Italy,false,2021,-0.515599998844444
ITA,Italy,false,2022,-0.20230086688254
ITA,Italy,false,2023,-0.0499178457490556
ITA,Italy,false,2024,-0.0534387378437725
ITA,Italy,false,2025,-0.0628633523365352
JAM,Jamaica,false,1960,
JAM,Jamaica,false,1961,1.39960987986487
JAM,Jamaica,false,1962,1.40474977266368
JAM,Jamaica,false,1963,1.41411255336515
JAM,Jamaica,false,1964,1.41169638530914
JAM,Jamaica,false,1965,1.34429410610837
JAM,Jamaica,false,1966,1.25163576949704
JAM,Jamaica,false,1967,1.18691639039353
JAM,Jamaica,false,1968,1.14627636177528
JAM,Jamaica,false,1969,1.15819269270333
JAM,Jamaica,false,1970,1.23585843597285
JAM,Jamaica,false,1971,1.35023273338022
JAM,Jamaica,false,1972,1.45045786244823
JAM,Jamaica,false,1973,1.52475710484234
JAM,Jamaica,false,1974,1.50235928172952
JAM,Jamaica,false,1975,1.400311717565
JAM,Jamaica,false,1976,1.30874614591223
JAM,Jamaica,false,1977,1.21855580774246
JAM,Jamaica,false,1978,1.16093204633623
JAM,Jamaica,false,1979,1.16983377702703
JAM,Jamaica,false,1980,1.22726587882467
JAM,Jamaica,false,1981,1.30388032977093
JAM,Jamaica,false,1982,1.37384585027548
JAM,Jamaica,false,1983,1.39425304090534
JAM,Jamaica,false,1984,1.32153052966596
JAM,Jamaica,false,1985,1.14568766738698
JAM,Jamaica,false,1986,0.932877566698888
JAM,Jamaica,false,1987,0.762099175349716
JAM,Jamaica,false,1988,0.682868345368861
JAM,Jamaica,false,1989,0.685646376089344
JAM,Jamaica,false,1990,0.757565161496706
JAM,Jamaica,false,1991,0.878194947525997
JAM,Jamaica,false,1992,0.987746266754911
JAM,Jamaica,false,1993,1.03455204361498
JAM,Jamaica,false,1994,1.0275542704578
JAM,Jamaica,false,1995,1.00218490909892
JAM,Jamaica,false,1996,0.96772367916816
JAM,Jamaica,false,1997,0.922071445759518
JAM,Jamaica,false,1998,0.855408859585008
JAM,Jamaica,false,1999,0.777555210444778
JAM,Jamaica,false,2000,0.693820204754118
JAM,Jamaica,false,2001,0.633651755909455
JAM,Jamaica,false,2002,0.614211874970001
JAM,Jamaica,false,2003,0.606020700548159
JAM,Jamaica,false,2004,0.585569135450925
JAM,Jamaica,false,2005,0.553843332498697
JAM,Jamaica,false,2006,0.516033523535749
JAM,Jamaica,false,2007,0.473963945332093
JAM,Jamaica,false,2008,0.435156176173166
JAM,Jamaica,false,2009,0.415917474774269
JAM,Jamaica,false,2010,0.421944554103184
JAM,Jamaica,false,2011,0.432960044008846
JAM,Jamaica,false,2012,0.431454273219438
JAM,Jamaica,false,2013,0.405211603822983
JAM,Jamaica,false,2014,0.360811344710918
JAM,Jamaica,false,2015,0.313958647771979
JAM,Jamaica,false,2016,0.263022586225724
JAM,Jamaica,false,2017,0.207939418780596
JAM,Jamaica,false,2018,0.153765355594745
JAM,Jamaica,false,2019,0.112486030848061
JAM,Jamaica,false,2020,0.264166647844328
JAM,Jamaica,false,2021,0.244971341124232
JAM,Jamaica,false,2022,0.0515076570013975
JAM,Jamaica,false,2023,0.0226098931571573
JAM,Jamaica,false,2024,-0.0215180207209529
JAM,Jamaica,false,2025,-0.0739220209228623
JOR,Jordan,false,1960,
JOR,Jordan,false,1961,5.040294406168
JOR,Jordan,false,1962,4.6754555380581
JOR,Jordan,false,1963,4.58821803200926
JOR,Jordan,false,1964,5.04236284023077
JOR,Jordan,false,1965,5.9781366163419
JOR,Jordan,false,1966,6.93226819944056
JOR,Jordan,false,1967,7.58243217013965
JOR,Jordan,false,1968,7.66567871185993
JOR,Jordan,false,1969,7.07642737598949
JOR,Jordan,false,1970,6.06209480844096
JOR,Jordan,false,1971,4.98385543062054
JOR,Jordan,false,1972,4.13250455003549
JOR,Jordan,false,1973,3.63884323559544
JOR,Jordan,false,1974,3.37789034694094
JOR,Jordan,false,1975,3.20354864675523
JOR,Jordan,false,1976,3.06575443656705
JOR,Jordan,false,1977,3.05893915312987
JOR,Jordan,false,1978,3.14914372735701
JOR,Jordan,false,1979,3.31770282391385
JOR,Jordan,false,1980,3.66051604776118
JOR,Jordan,false,1981,4.00654240012228
JOR,Jordan,false,1982,4.26834680950001
JOR,Jordan,false,1983,4.44774343558102
JOR,Jordan,false,1984,4.52238513023186
JOR,Jordan,false,1985,4.56956448415183
JOR,Jordan,false,1986,4.60914703085132
JOR,Jordan,false,1987,4.62513030598992
JOR,Jordan,false,1988,4.6607576002442
JOR,Jordan,false,1989,4.78758684776142
JOR,Jordan,false,1990,7.81519624530496
JOR,Jordan,false,1991,7.78524286596351
JOR,Jordan,false,1992,5.28652677916716
JOR,Jordan,false,1993,5.20019138057655
JOR,Jordan,false,1994,4.79103402702833
JOR,Jordan,false,1995,4.09548745418131
JOR,Jordan,false,1996,3.32004503110433
JOR,Jordan,false,1997,2.68660948168777
JOR,Jordan,false,1998,2.3114138594789
JOR,Jordan,false,1999,2.14859183776887
JOR,Jordan,false,2000,2.07260479051429
JOR,Jordan,false,2001,2.0568547225817
JOR,Jordan,false,2002,2.10844376833598
JOR,Jordan,false,2003,2.21462077394044
JOR,Jordan,false,2004,2.41295841696554
JOR,Jordan,false,2005,2.47713068142819
JOR,Jordan,false,2006,6.38870724302854
JOR,Jordan,false,2007,6.03529982681035
JOR,Jordan,false,2008,2.35427976058258
JOR,Jordan,false,2009,2.14968786053504
JOR,Jordan,false,2010,2.15109331746781
JOR,Jordan,false,2011,2.48202772730679
JOR,Jordan,false,2012,1.41635205030682
JOR,Jordan,false,2013,5.19641467868427
JOR,Jordan,false,2014,9.53920898641561
JOR,Jordan,false,2015,8.21798329205466
JOR,Jordan,false,2016,4.72325254401232
JOR,Jordan,false,2017,2.25160030043779
JOR,Jordan,false,2018,2.20412998393259
JOR,Jordan,false,2019,1.98343822476301
JOR,Jordan,false,2020,1.79543228239066
JOR,Jordan,false,2021,1.83419162693059
JOR,Jordan,false,2022,1.70151702842564
JOR,Jordan,false,2023,1.61225050235636
JOR,Jordan,false,2024,0.988722042141178
JOR,Jordan,false,2025,-0.279038179525473
JPN,Japan,false,1960,
JPN,Japan,false,1961,0.89603367679599
JPN,Japan,false,1962,0.929166208260758
JPN,Japan,false,1963,1.0134602261801
JPN,Japan,false,1964,1.04044962804068
JPN,Japan,false,1965,1.07670845932027
JPN,Japan,false,1966,0.91361031403398
JPN,Japan,false,1967,1.03457874436927
JPN,Japan,false,1968,1.12699684549535
JPN,Japan,false,1969,1.18881486689276
JPN,Japan,false,1970,1.15164047221803
JPN,Japan,false,1971,2.19425350665006
JPN,Japan,false,1972,1.40077918128147
JPN,Japan,false,1973,1.40718874054303
JPN,Japan,false,1974,1.32958201880625
JPN,Japan,false,1975,1.27270755263251
JPN,Japan,false,1976,1.07155981022304
JPN,Japan,false,1977,0.968032726245575
JPN,Japan,false,1978,0.910030976022608
JPN,Japan,false,1979,0.846614502915837
JPN,Japan,false,1980,0.788153475885542
JPN,Japan,false,1981,0.728460836014089
JPN,Japan,false,1982,0.693656149424745
JPN,Japan,false,1983,0.695583303069267
JPN,Japan,false,1984,0.648316736732903
JPN,Japan,false,1985,0.625935963624604
JPN,Japan,false,1986,0.532357366362317
JPN,Japan,false,1987,0.482035496974784
JPN,Japan,false,1988,0.416110342195181
JPN,Japan,false,1989,0.399761164504292
JPN,Japan,false,1990,0.33178288536374
JPN,Japan,false,1991,0.392819832481862
JPN,Japan,false,1992,0.371192387198527
JPN,Japan,false,1993,0.32416759914373
JPN,Japan,false,1994,0.279192363973672
JPN,Japan,false,1995,0.234590173412918
JPN,Japan,false,1996,0.226884732460898
JPN,Japan,false,1997,0.238271217591483
JPN,Japan,false,1998,0.271729610231193
JPN,Japan,false,1999,0.182586374140107
JPN,Japan,false,2000,0.167275578113187
JPN,Japan,false,2001,0.240952587521069
JPN,Japan,false,2002,0.232527187105684
JPN,Japan,false,2003,0.213980948779682
JPN,Japan,false,2004,0.0336622582725446
JPN,Japan,false,2005,0.00939209655766336
JPN,Japan,false,2006,0.0633735894181335
JPN,Japan,false,2007,0.114908847726211
JPN,Japan,false,2008,0.0484253945978966
JPN,Japan,false,2009,-0.0124946312294096
JPN,Japan,false,2010,0.0179605415195644
JPN,Japan,false,2011,-0.185226486410846
JPN,Japan,false,2012,-0.159710675844347
JPN,Japan,false,2013,-0.144271883387076
JPN,Japan,false,2014,-0.132694222147042
JPN,Japan,false,2015,-0.106124993746747
JPN,Japan,false,2016,-0.0511374152133631
JPN,Japan,false,2017,-0.081874296046114
JPN,Japan,false,2018,-0.126880068088791
JPN,Japan,false,2019,-0.140464977878172
JPN,Japan,false,2020,-0.294194617750067
JPN,Japan,false,2021,-0.459952415807642
JPN,Japan,false,2022,-0.443851919148528
JPN,Japan,false,2023,-0.487370782049143
JPN,Japan,false,2024,-0.435651699326323
JPN,Japan,false,2025,-0.492142838725375
KAZ,Kazakhstan,false,1960,
KAZ,Kazakhstan,false,1961,3.25610786569672
KAZ,Kazakhstan,false,1962,3.20054379033543
KAZ,Kazakhstan,false,1963,3.1176126263308
KAZ,Kazakhstan,false,1964,2.97009055176438
KAZ,Kazakhstan,false,1965,2.79377232769481
KAZ,Kazakhstan,false,1966,2.65524724637546
KAZ,Kazakhstan,false,1967,2.58339565955531
KAZ,Kazakhstan,false,1968,2.51256738703841
KAZ,Kazakhstan,false,1969,2.30528585048095
KAZ,Kazakhstan,false,1970,2.13918328470641
KAZ,Kazakhstan,false,1971,2.11733034246472
KAZ,Kazakhstan,false,1972,2.08291690852369
KAZ,Kazakhstan,false,1973,1.95972474835684
KAZ,Kazakhstan,false,1974,1.84869575980645
KAZ,Kazakhstan,false,1975,1.81385384993218
KAZ,Kazakhstan,false,1976,2.15098189072775
KAZ,Kazakhstan,false,1977,2.50102597628851
KAZ,Kazakhstan,false,1978,2.46518544825942
KAZ,Kazakhstan,false,1979,1.79996279603722
KAZ,Kazakhstan,false,1980,1.15662415773415
KAZ,Kazakhstan,false,1981,1.11651525360104
KAZ,Kazakhstan,false,1982,1.10018488204719
KAZ,Kazakhstan,false,1983,1.11019299055626
KAZ,Kazakhstan,false,1984,1.13659758991543
KAZ,Kazakhstan,false,1985,1.16998881750186
KAZ,Kazakhstan,false,1986,1.43443031615167
KAZ,Kazakhstan,false,1987,1.61644037870469
KAZ,Kazakhstan,false,1988,1.52186365282621
KAZ,Kazakhstan,false,1989,1.27803174445357
KAZ,Kazakhstan,false,1990,0.919690778132869
KAZ,Kazakhstan,false,1991,0.72342110581087
KAZ,Kazakhstan,false,1992,0.312182211847612
KAZ,Kazakhstan,false,1993,-0.335989057351318
KAZ,Kazakhstan,false,1994,-1.34458733859617
KAZ,Kazakhstan,false,1995,-1.85492469940638
KAZ,Kazakhstan,false,1996,-1.89774390163026
KAZ,Kazakhstan,false,1997,-2.29698510244531
KAZ,Kazakhstan,false,1998,-2.49588892763766
KAZ,Kazakhstan,false,1999,-1.23402481599988
KAZ,Kazakhstan,false,2000,0.292205742065896
KAZ,Kazakhstan,false,2001,0.479119436795366
KAZ,Kazakhstan,false,2002,0.519509431468551
KAZ,Kazakhstan,false,2003,0.577653086141081
KAZ,Kazakhstan,false,2004,0.650552959098631
KAZ,Kazakhstan,false,2005,0.74145148778579
KAZ,Kazakhstan,false,2006,0.845600611531775
KAZ,Kazakhstan,false,2007,0.948669591386937
KAZ,Kazakhstan,false,2008,1.03606576058941
KAZ,Kazakhstan,false,2009,1.17001171080735
KAZ,Kazakhstan,false,2010,1.29700375015965
KAZ,Kazakhstan,false,2011,1.35207363651395
KAZ,Kazakhstan,false,2012,1.39710899026626
KAZ,Kazakhstan,false,2013,1.4364978420859
KAZ,Kazakhstan,false,2014,1.46885610538904
KAZ,Kazakhstan,false,2015,1.49239879824091
KAZ,Kazakhstan,false,2016,1.53335297365685
KAZ,Kazakhstan,false,2017,1.5579235201186
KAZ,Kazakhstan,false,2018,1.49423322942686
KAZ,Kazakhstan,false,2019,1.45157995956237
KAZ,Kazakhstan,false,2020,1.4089156380377
KAZ,Kazakhstan,false,2021,1.33325722721198
KAZ,Kazakhstan,false,2022,1.46316879039749
KAZ,Kazakhstan,false,2023,1.46415151694869
KAZ,Kazakhstan,false,2024,1.28276364646616
KAZ,Kazakhstan,false,2025,1.21239553353742
KEN,Kenya,false,1960,
KEN,Kenya,false,1961,3.73009594178482
KEN,Kenya,false,1962,3.82605158835613
KEN,Kenya,false,1963,3.88372295387027
KEN,Kenya,false,1964,3.92703224813929
KEN,Kenya,false,1965,3.98207596273243
KEN,Kenya,false,1966,3.98604523872044
KEN,Kenya,false,1967,3.96686756505209
KEN,Kenya,false,1968,3.9536741403055
KEN,Kenya,false,1969,3.92315983423203
KEN,Kenya,false,1970,3.84740523915883
KEN,Kenya,false,1971,3.62867804375875
KEN,Kenya,false,1972,3.47737996329827
KEN,Kenya,false,1973,3.45251320661983
KEN,Kenya,false,1974,3.38678136919723
KEN,Kenya,false,1975,3.3228334998343
KEN,Kenya,false,1976,3.24719801479584
KEN,Kenya,false,1977,3.32017154246189
KEN,Kenya,false,1978,3.44214036466766
KEN,Kenya,false,1979,3.46501914434705
KEN,Kenya,false,1980,3.54426236090347
KEN,Kenya,false,1981,3.57517296207229
KEN,Kenya,false,1982,3.57748566435714
KEN,Kenya,false,1983,3.65320193175194
KEN,Kenya,false,1984,3.67757870524855
KEN,Kenya,false,1985,3.64262207395944
KEN,Kenya,false,1986,3.5800083750048
KEN,Kenya,false,1987,3.52696880389304
KEN,Kenya,false,1988,3.52708553980729
KEN,Kenya,false,1989,3.50683931732563
KEN,Kenya,false,1990,3.44045635367696
KEN,Kenya,false,1991,3.23997624716531
KEN,Kenya,false,1992,3.06483168454324
KEN,Kenya,false,1993,2.96883713169678
KEN,Kenya,false,1994,2.903399231403
KEN,Kenya,false,1995,2.83906557159965
KEN,Kenya,false,1996,2.75278021555245
KEN,Kenya,false,1997,2.73276496655617
KEN,Kenya,false,1998,2.75957646009425
KEN,Kenya,false,1999,2.88430050146184
KEN,Kenya,false,2000,3.01293994477925
KEN,Kenya,false,2001,3.13629206541925
KEN,Kenya,false,2002,3.14626442047843
KEN,Kenya,false,2003,3.08528898836117
KEN,Kenya,false,2004,3.10482476419105
KEN,Kenya,false,2005,3.07223123352542
KEN,Kenya,false,2006,3.04704867411558
KEN,Kenya,false,2007,3.02220921188685
KEN,Kenya,false,2008,3.02964938264436
KEN,Kenya,false,2009,3.0211086032266
KEN,Kenya,false,2010,2.90158845467743
KEN,Kenya,false,2011,2.75013743696978
KEN,Kenya,false,2012,2.6080744180495
KEN,Kenya,false,2013,2.47210752389349
KEN,Kenya,false,2014,2.33901192230694
KEN,Kenya,false,2015,2.2270329432256
KEN,Kenya,false,2016,2.20775684612709
KEN,Kenya,false,2017,2.17412854990493
KEN,Kenya,false,2018,2.03083744189606
KEN,Kenya,false,2019,1.96381549826771
KEN,Kenya,false,2020,1.96197633664853
KEN,Kenya,false,2021,1.90040858948898
KEN,Kenya,false,2022,1.92297608206469
KEN,Kenya,false,2023,1.98296028478422
KEN,Kenya,false,2024,1.95751431565234
KEN,Kenya,false,2025,1.92967823977399
KGZ,Kyrgyz Republic,false,1960,
KGZ,Kyrgyz Republic,false,1961,3.7762492331493
KGZ,Kyrgyz Republic,false,1962,3.37774249953788
KGZ,Kyrgyz Republic,false,1963,3.38344084827971
KGZ,Kyrgyz Republic,false,1964,3.324812256572
KGZ,Kyrgyz Republic,false,1965,3.07801594606672
KGZ,Kyrgyz Republic,false,1966,3.1368520744
KGZ,Kyrgyz Republic,false,1967,3.01220889410319
KGZ,Kyrgyz Republic,false,1968,2.9454134689543
KGZ,Kyrgyz Republic,false,1969,2.67821577184567
KGZ,Kyrgyz Republic,false,1970,2.22394599716648
KGZ,Kyrgyz Republic,false,1971,2.08626469472026
KGZ,Kyrgyz Republic,false,1972,2.15702659759237
KGZ,Kyrgyz Republic,false,1973,2.10196780847228
KGZ,Kyrgyz Republic,false,1974,2.19837318042567
KGZ,Kyrgyz Republic,false,1975,2.10249753227455
KGZ,Kyrgyz Republic,false,1976,1.99372122298973
KGZ,Kyrgyz Republic,false,1977,1.92262578992779
KGZ,Kyrgyz Republic,false,1978,1.82901929834416
KGZ,Kyrgyz Republic,false,1979,1.84403799009551
KGZ,Kyrgyz Republic,false,1980,1.82447106113543
KGZ,Kyrgyz Republic,false,1981,1.87320626745219
KGZ,Kyrgyz Republic,false,1982,1.97451714414123
KGZ,Kyrgyz Republic,false,1983,2.0796790384824
KGZ,Kyrgyz Republic,false,1984,2.01433042557431
KGZ,Kyrgyz Republic,false,1985,1.86935515474441
KGZ,Kyrgyz Republic,false,1986,1.89162625794696
KGZ,Kyrgyz Republic,false,1987,1.90236034965574
KGZ,Kyrgyz Republic,false,1988,1.76496271128727
KGZ,Kyrgyz Republic,false,1989,2.09017801858247
KGZ,Kyrgyz Republic,false,1990,1.92530470146006
KGZ,Kyrgyz Republic,false,1991,1.63524960358477
KGZ,Kyrgyz Republic,false,1992,1.15305440513392
KGZ,Kyrgyz Republic,false,1993,0.0304909881785774
KGZ,Kyrgyz Republic,false,1994,-0.0378217259319961
KGZ,Kyrgyz Republic,false,1995,1.00017108296949
KGZ,Kyrgyz Republic,false,1996,1.47972661930702
KGZ,Kyrgyz Republic,false,1997,1.45812831070495
KGZ,Kyrgyz Republic,false,1998,1.53390553506084
KGZ,Kyrgyz Republic,false,1999,1.48621223857268
KGZ,Kyrgyz Republic,false,2000,1.18989565060204
KGZ,Kyrgyz Republic,false,2001,0.949086383559028
KGZ,Kyrgyz Republic,false,2002,0.9185254624642
KGZ,Kyrgyz Republic,false,2003,1.0485234010087
KGZ,Kyrgyz Republic,false,2004,1.2102014656817
KGZ,Kyrgyz Republic,false,2005,1.1283845920008
KGZ,Kyrgyz Republic,false,2006,1.07375909231552
KGZ,Kyrgyz Republic,false,2007,0.953819648780638
KGZ,Kyrgyz Republic,false,2008,0.951050106115373
KGZ,Kyrgyz Republic,false,2009,1.32447839254888
KGZ,Kyrgyz Republic,false,2010,1.4261662918386
KGZ,Kyrgyz Republic,false,2011,1.44419717615299
KGZ,Kyrgyz Republic,false,2012,1.88401276584283
KGZ,Kyrgyz Republic,false,2013,2.18875701963339
KGZ,Kyrgyz Republic,false,2014,2.20325649556304
KGZ,Kyrgyz Republic,false,2015,2.24669257424341
KGZ,Kyrgyz Republic,false,2016,2.21536456642779
KGZ,Kyrgyz Republic,false,2017,2.10483082494568
KGZ,Kyrgyz Republic,false,2018,2.15497985981547
KGZ,Kyrgyz Republic,false,2019,2.24236415055009
KGZ,Kyrgyz Republic,false,2020,2.04838545399769
KGZ,Kyrgyz Republic,false,2021,1.83581016918265
KGZ,Kyrgyz Republic,false,2022,1.7936545985598
KGZ,Kyrgyz Republic,false,2023,1.76957037310792
KGZ,Kyrgyz Republic,false,2024,1.70540730430368
KGZ,Kyrgyz Republic,false,2025,1.66425490124613
KHM,Cambodia,false,1960,
KHM,Cambodia,false,1961,2.19953566262663
KHM,Cambodia,false,1962,2.24329352395046
KHM,Cambodia,false,1963,2.17796481919923
KHM,Cambodia,false,1964,2.0931350037974
KHM,Cambodia,false,1965,2.09869742617993
KHM,Cambodia,false,1966,2.10123475071927
KHM,Cambodia,false,1967,2.10172329362237
KHM,Cambodia,false,1968,2.09972067952141
KHM,Cambodia,false,1969,2.10228802628673
KHM,Cambodia,false,1970,0.520346114578801
KHM,Cambodia,false,1971,-0.276047150037129
KHM,Cambodia,false,1972,0.797400734459424
KHM,Cambodia,false,1973,0.981697230624786
KHM,Cambodia,false,1974,0.643559263319997
KHM,Cambodia,false,1975,-3.02117816158879
KHM,Cambodia,false,1976,-7.02344711270547
KHM,Cambodia,false,1977,-7.90750816449139
KHM,Cambodia,false,1978,-8.40364496076773
KHM,Cambodia,false,1979,-2.38534614554592
KHM,Cambodia,false,1980,2.15903914387194
KHM,Cambodia,false,1981,1.61430514037069
KHM,Cambodia,false,1982,2.83459020264742
KHM,Cambodia,false,1983,3.60876485106045
KHM,Cambodia,false,1984,3.63959999917438
KHM,Cambodia,false,1985,3.34235285583714
KHM,Cambodia,false,1986,3.92459581028745
KHM,Cambodia,false,1987,4.24050053529992
KHM,Cambodia,false,1988,3.80067141484648
KHM,Cambodia,false,1989,3.76637718508369
KHM,Cambodia,false,1990,4.17106846959568
KHM,Cambodia,false,1991,4.14488021704792
KHM,Cambodia,false,1992,5.39668671425508
KHM,Cambodia,false,1993,6.01872150772546
KHM,Cambodia,false,1994,6.97860299679541
KHM,Cambodia,false,1995,8.09818955055196
KHM,Cambodia,false,1996,7.52306354037061
KHM,Cambodia,false,1997,6.883669247052
KHM,Cambodia,false,1998,4.12422750057528
KHM,Cambodia,false,1999,1.70665891380385
KHM,Cambodia,false,2000,1.59016992993238
KHM,Cambodia,false,2001,1.56166865874357
KHM,Cambodia,false,2002,1.54239258007881
KHM,Cambodia,false,2003,1.5110719151833
KHM,Cambodia,false,2004,1.47375057040259
KHM,Cambodia,false,2005,1.4576145365221
KHM,Cambodia,false,2006,1.47594305468246
KHM,Cambodia,false,2007,1.47554433066197
KHM,Cambodia,false,2008,1.51791486007376
KHM,Cambodia,false,2009,1.57665618141569
KHM,Cambodia,false,2010,1.55621745380597
KHM,Cambodia,false,2011,1.51839242344005
KHM,Cambodia,false,2012,1.49998418675996
KHM,Cambodia,false,2013,1.49510212980529
KHM,Cambodia,false,2014,1.4824372519955
KHM,Cambodia,false,2015,1.46023762985186
KHM,Cambodia,false,2016,1.45860767566845
KHM,Cambodia,false,2017,1.38176596089867
KHM,Cambodia,false,2018,1.24368277407927
KHM,Cambodia,false,2019,1.26258301009769
KHM,Cambodia,false,2020,1.47062988552696
KHM,Cambodia,false,2021,1.47677836241244
KHM,Cambodia,false,2022,1.33088813106016
KHM,Cambodia,false,2023,1.28320677599476
KHM,Cambodia,false,2024,1.22593986324555
KHM,Cambodia,false,2025,1.17893708663597
KIR,Kiribati,false,1960,
KIR,Kiribati,false,1961,2.44251773778024
KIR,Kiribati,false,1962,2.48324140372162
KIR,Kiribati,false,1963,2.4979121705241
KIR,Kiribati,false,1964,2.52154224000907
KIR,Kiribati,false,1965,2.56062205438966
KIR,Kiribati,false,1966,1.82827906421535
KIR,Kiribati,false,1967,1.04368481943762
KIR,Kiribati,false,1968,0.964495149256687
KIR,Kiribati,false,1969,1.48542802229254
KIR,Kiribati,false,1970,2.01991586951833
KIR,Kiribati,false,1971,1.96628293891699
KIR,Kiribati,false,1972,1.90160251759414
KIR,Kiribati,false,1973,1.73467476353613
KIR,Kiribati,false,1974,0.647315092652204
KIR,Kiribati,false,1975,-0.379687214562077
KIR,Kiribati,false,1976,-0.535973925442524
KIR,Kiribati,false,1977,-0.651629720448959
KIR,Kiribati,false,1978,-0.670936747006456
KIR,Kiribati,false,1979,0.513180505752
KIR,Kiribati,false,1980,1.60900273032104
KIR,Kiribati,false,1981,1.57869408872097
KIR,Kiribati,false,1982,1.61753556642088
KIR,Kiribati,false,1983,1.62607763447457
KIR,Kiribati,false,1984,1.63685965640789
KIR,Kiribati,false,1985,1.92529708777315
KIR,Kiribati,false,1986,2.3233180570042
KIR,Kiribati,false,1987,2.42986873497064
KIR,Kiribati,false,1988,2.40022857283643
KIR,Kiribati,false,1989,2.37951658802999
KIR,Kiribati,false,1990,2.3081793896625
KIR,Kiribati,false,1991,1.99977567861685
KIR,Kiribati,false,1992,1.65449724886793
KIR,Kiribati,false,1993,1.53375279442251
KIR,Kiribati,false,1994,1.4855934105912
KIR,Kiribati,false,1995,1.5044778514244
KIR,Kiribati,false,1996,1.69542133889923
KIR,Kiribati,false,1997,1.82771772474094
KIR,Kiribati,false,1998,1.77856800157891
KIR,Kiribati,false,1999,1.70043973834358
KIR,Kiribati,false,2000,1.69232269333491
KIR,Kiribati,false,2001,1.92464085158861
KIR,Kiribati,false,2002,2.11290506977471
KIR,Kiribati,false,2003,2.05007206544672
KIR,Kiribati,false,2004,2.00784628062857
KIR,Kiribati,false,2005,2.00913413829946
KIR,Kiribati,false,2006,2.00156137723437
KIR,Kiribati,false,2007,2.02990862877029
KIR,Kiribati,false,2008,2.08839816441385
KIR,Kiribati,false,2009,2.1311838506713
KIR,Kiribati,false,2010,2.07935139998903
KIR,Kiribati,false,2011,1.77163616343889
KIR,Kiribati,false,2012,1.46864224692138
KIR,Kiribati,false,2013,1.37450090282755
KIR,Kiribati,false,2014,1.29865154429976
KIR,Kiribati,false,2015,1.28285862528713
KIR,Kiribati,false,2016,1.41358025249878
KIR,Kiribati,false,2017,1.50534982546091
KIR,Kiribati,false,2018,1.49285448135933
KIR,Kiribati,false,2019,1.4934933399344
KIR,Kiribati,false,2020,1.74230469268591
KIR,Kiribati,false,2021,1.79039347594032
KIR,Kiribati,false,2022,1.61644031663411
KIR,Kiribati,false,2023,1.56733842415292
KIR,Kiribati,false,2024,1.48889841912877
KIR,Kiribati,false,2025,1.45386795887331
KNA,St. Kitts and Nevis,false,1960,
KNA,St. Kitts and Nevis,false,1961,-0.856551699171642
KNA,St. Kitts and Nevis,false,1962,-1.59026986309692
KNA,St. Kitts and Nevis,false,1963,-1.8906607549494
KNA,St. Kitts and Nevis,false,1964,-2.1084862155259
KNA,St. Kitts and Nevis,false,1965,-2.29459639660854
KNA,St. Kitts and Nevis,false,1966,-2.4566493712897
KNA,St. Kitts and Nevis,false,1967,-2.62545155208889
KNA,St. Kitts and Nevis,false,1968,-2.83795780384431
KNA,St. Kitts and Nevis,false,1969,-3.25704233206626
KNA,St. Kitts and Nevis,false,1970,-2.49080257881605
KNA,St. Kitts and Nevis,false,1971,-0.900785264851564
KNA,St. Kitts and Nevis,false,1972,-0.392117366844328
KNA,St. Kitts and Nevis,false,1973,-0.34807174017776
KNA,St. Kitts and Nevis,false,1974,-0.324134594089811
KNA,St. Kitts and Nevis,false,1975,-0.302253390027498
KNA,St. Kitts and Nevis,false,1976,-0.284769621065704
KNA,St. Kitts and Nevis,false,1977,-0.285582874887504
KNA,St. Kitts and Nevis,false,1978,-0.325729424584638
KNA,St. Kitts and Nevis,false,1979,-0.426667313937569
KNA,St. Kitts and Nevis,false,1980,-0.426161817731342
KNA,St. Kitts and Nevis,false,1981,-0.355356431365653
KNA,St. Kitts and Nevis,false,1982,-0.389534694129255
KNA,St. Kitts and Nevis,false,1983,-0.466618809086107
KNA,St. Kitts and Nevis,false,1984,-0.523406407645538
KNA,St. Kitts and Nevis,false,1985,-0.569137235845381
KNA,St. Kitts and Nevis,false,1986,-0.613234327248169
KNA,St. Kitts and Nevis,false,1987,-0.650871328434948
KNA,St. Kitts and Nevis,false,1988,-0.694093309566577
KNA,St. Kitts and Nevis,false,1989,-0.743098017335274
KNA,St. Kitts and Nevis,false,1990,-0.80305887913815
KNA,St. Kitts and Nevis,false,1991,-0.183191040214603
KNA,St. Kitts and Nevis,false,1992,0.880693467540221
KNA,St. Kitts and Nevis,false,1993,1.28605796589797
KNA,St. Kitts and Nevis,false,1994,1.28648573786985
KNA,St. Kitts and Nevis,false,1995,1.30795424814889
KNA,St. Kitts and Nevis,false,1996,1.29339971902145
KNA,St. Kitts and Nevis,false,1997,1.27688427411293
KNA,St. Kitts and Nevis,false,1998,1.30397839701118
KNA,St. Kitts and Nevis,false,1999,1.36121019596059
KNA,St. Kitts and Nevis,false,2000,1.44021899747842
KNA,St. Kitts and Nevis,false,2001,1.12737297055115
KNA,St. Kitts and Nevis,false,2002,0.564388462760083
KNA,St. Kitts and Nevis,false,2003,0.338409798424049
KNA,St. Kitts and Nevis,false,2004,0.30057001145304
KNA,St. Kitts and Nevis,false,2005,0.263067255385927
KNA,St. Kitts and Nevis,false,2006,0.283852845256594
KNA,St. Kitts and Nevis,false,2007,0.293755236701893
KNA,St. Kitts and Nevis,false,2008,0.275815058165901
KNA,St. Kitts and Nevis,false,2009,0.172798199816465
KNA,St. Kitts and Nevis,false,2010,-0.149314248854052
KNA,St. Kitts and Nevis,false,2011,0.0853497256607942
KNA,St. Kitts and Nevis,false,2012,0.313035956599999
KNA,St. Kitts and Nevis,false,2013,0.0765127239724214
KNA,St. Kitts and Nevis,false,2014,0.0424817865731795
KNA,St. Kitts and Nevis,false,2015,-0.00424736663332803
KNA,St. Kitts and Nevis,false,2016,-0.0254879889232652
KNA,St. Kitts and Nevis,false,2017,-0.0531208511827516
KNA,St. Kitts and Nevis,false,2018,-0.0893066039921832
KNA,St. Kitts and Nevis,false,2019,-0.119199673543347
KNA,St. Kitts and Nevis,false,2020,-0.174799132141861
KNA,St. Kitts and Nevis,false,2021,-0.228551998925832
KNA,St. Kitts and Nevis,false,2022,-0.11554263524381
KNA,St. Kitts and Nevis,false,2023,0.104849849656036
KNA,St. Kitts and Nevis,false,2024,0.181622041143753
KNA,St. Kitts and Nevis,false,2025,0.168506412185747
KOR,"Korea, Rep.",false,1960,
KOR,"Korea, Rep.",false,1961,2.96724397295283
KOR,"Korea, Rep.",false,1962,2.85932081160452
KOR,"Korea, Rep.",false,1963,2.78482005271866
KOR,"Korea, Rep.",false,1964,2.61539463516021
KOR,"Korea, Rep.",false,1965,2.54215095083813
KOR,"Korea, Rep.",false,1966,2.51438743184719
KOR,"Korea, Rep.",false,1967,2.33501369333053
KOR,"Korea, Rep.",false,1968,2.32035109131777
KOR,"Korea, Rep.",false,1969,2.26343403916519
KOR,"Korea, Rep.",false,1970,2.18417394689467
KOR,"Korea, Rep.",false,1971,1.97132365752048
KOR,"Korea, Rep.",false,1972,1.87599936966995
KOR,"Korea, Rep.",false,1973,1.7682927120788
KOR,"Korea, Rep.",false,1974,1.712705419969
KOR,"Korea, Rep.",false,1975,1.68200005474822
KOR,"Korea, Rep.",false,1976,1.59655859407233
KOR,"Korea, Rep.",false,1977,1.55903938603208
KOR,"Korea, Rep.",false,1978,1.5191967189167
KOR,"Korea, Rep.",false,1979,1.51687486775835
KOR,"Korea, Rep.",false,1980,1.55846267819582
KOR,"Korea, Rep.",false,1981,1.56020399239876
KOR,"Korea, Rep.",false,1982,1.54546853308404
KOR,"Korea, Rep.",false,1983,1.47421882108841
KOR,"Korea, Rep.",false,1984,1.23401831140412
KOR,"Korea, Rep.",false,1985,0.984565597108821
KOR,"Korea, Rep.",false,1986,0.99472386803381
KOR,"Korea, Rep.",false,1987,0.985133112424576
KOR,"Korea, Rep.",false,1988,0.979189224150187
KOR,"Korea, Rep.",false,1989,0.989093268458301
KOR,"Korea, Rep.",false,1990,0.985130494218767
KOR,"Korea, Rep.",false,1991,0.989785981821526
KOR,"Korea, Rep.",false,1992,1.03916135557339
KOR,"Korea, Rep.",false,1993,1.01582143742509
KOR,"Korea, Rep.",false,1994,1.00615724501748
KOR,"Korea, Rep.",false,1995,1.00620085457685
KOR,"Korea, Rep.",false,1996,0.952779421852704
KOR,"Korea, Rep.",false,1997,0.937713808920155
KOR,"Korea, Rep.",false,1998,0.72186501759031
KOR,"Korea, Rep.",false,1999,0.710794593061376
KOR,"Korea, Rep.",false,2000,0.836180864297766
KOR,"Korea, Rep.",false,2001,0.767241774760276
KOR,"Korea, Rep.",false,2002,0.577957276814842
KOR,"Korea, Rep.",false,2003,0.518321452985646
KOR,"Korea, Rep.",false,2004,0.396331436697806
KOR,"Korea, Rep.",false,2005,0.211997784117548
KOR,"Korea, Rep.",false,2006,0.525199940498775
KOR,"Korea, Rep.",false,2007,0.505234032920336
KOR,"Korea, Rep.",false,2008,0.759316681850927
KOR,"Korea, Rep.",false,2009,0.514682827535803
KOR,"Korea, Rep.",false,2010,0.49822508440111
KOR,"Korea, Rep.",false,2011,0.768971758582589
KOR,"Korea, Rep.",false,2012,0.525713660600414
KOR,"Korea, Rep.",false,2013,0.455218622164662
KOR,"Korea, Rep.",false,2014,0.628149861433639
KOR,"Korea, Rep.",false,2015,0.527288497407793
KOR,"Korea, Rep.",false,2016,0.396851823381145
KOR,"Korea, Rep.",false,2017,0.280968018301691
KOR,"Korea, Rep.",false,2018,0.433519027613049
KOR,"Korea, Rep.",false,2019,0.347874968577526
KOR,"Korea, Rep.",false,2020,0.137869266247028
KOR,"Korea, Rep.",false,2021,-0.128757315474928
KOR,"Korea, Rep.",false,2022,-0.187486566698935
KOR,"Korea, Rep.",false,2023,0.077477253324535
KOR,"Korea, Rep.",false,2024,0.0743178674548815
KOR,"Korea, Rep.",false,2025,-0.128584337535563
KWT,Kuwait,false,1960,
KWT,Kuwait,false,1961,10.6293983268332
KWT,Kuwait,false,1962,10.695054430572
KWT,Kuwait,false,1963,10.517763941933
KWT,Kuwait,false,1964,10.093050129514
KWT,Kuwait,false,1965,9.6745471220419
KWT,Kuwait,false,1966,9.40859691877663
KWT,Kuwait,false,1967,9.25119478590066
KWT,Kuwait,false,1968,9.06940858420087
KWT,Kuwait,false,1969,8.59663107825654
KWT,Kuwait,false,1970,7.65975490437633
KWT,Kuwait,false,1971,6.68775425035156
KWT,Kuwait,false,1972,6.19388412187157
KWT,Kuwait,false,1973,6.03996186449865
KWT,Kuwait,false,1974,6.02285173082722
KWT,Kuwait,false,1975,6.20922828490553
KWT,Kuwait,false,1976,6.4700123139231
KWT,Kuwait,false,1977,6.51199725778845
KWT,Kuwait,false,1978,6.33662042326101
KWT,Kuwait,false,1979,6.0220817268939
KWT,Kuwait,false,1980,5.55195746091163
KWT,Kuwait,false,1981,5.0942816770978
KWT,Kuwait,false,1982,4.87196094186907
KWT,Kuwait,false,1983,4.80399991581315
KWT,Kuwait,false,1984,4.28639890759657
KWT,Kuwait,false,1985,3.96043068786304
KWT,Kuwait,false,1986,4.04931545904223
KWT,Kuwait,false,1987,3.99873023766914
KWT,Kuwait,false,1988,3.90301852486716
KWT,Kuwait,false,1989,3.80366037034757
KWT,Kuwait,false,1990,-27.4707864795381
KWT,Kuwait,false,1991,-22.0517787474627
KWT,Kuwait,false,1992,19.0478598691413
KWT,Kuwait,false,1993,2.24918707357862
KWT,Kuwait,false,1994,-0.466955560472215
KWT,Kuwait,false,1995,1.02527173759103
KWT,Kuwait,false,1996,2.85696115718215
KWT,Kuwait,false,1997,3.26567730356611
KWT,Kuwait,false,1998,3.11805181601371
KWT,Kuwait,false,1999,2.97687893931174
KWT,Kuwait,false,2000,2.83716577319158
KWT,Kuwait,false,2001,2.69581257247854
KWT,Kuwait,false,2002,2.54939023844888
KWT,Kuwait,false,2003,2.39381864306604
KWT,Kuwait,false,2004,2.22351628059893
KWT,Kuwait,false,2005,3.61741976368303
KWT,Kuwait,false,2006,5.56242109286012
KWT,Kuwait,false,2007,5.87754467695609
KWT,Kuwait,false,2008,5.5655156760957
KWT,Kuwait,false,2009,5.29095352887972
KWT,Kuwait,false,2010,5.15506049102987
KWT,Kuwait,false,2011,6.23757792955185
KWT,Kuwait,false,2012,6.31732211154715
KWT,Kuwait,false,2013,4.98967404324728
KWT,Kuwait,false,2014,4.40657207759868
KWT,Kuwait,false,2015,4.49910219971801
KWT,Kuwait,false,2016,4.32594906785888
KWT,Kuwait,false,2017,3.69493434034851
KWT,Kuwait,false,2018,3.9801548230671
KWT,Kuwait,false,2019,2.71071332448015
KWT,Kuwait,false,2020,-0.951064116715736
KWT,Kuwait,false,2021,-0.899478872255975
KWT,Kuwait,false,2022,5.11318110910574
KWT,Kuwait,false,2023,5.58813678140227
KWT,Kuwait,false,2024,0.899286654502241
KWT,Kuwait,false,2025,-0.654851001278566
LAC,Latin America & Caribbean (excluding high income),true,1960,
LAC,Latin America & Caribbean (excluding high income),true,1961,2.81472456207683
LAC,Latin America & Caribbean (excluding high income),true,1962,2.82177577093615
LAC,Latin America & Caribbean (excluding high income),true,1963,2.81311318113107
LAC,Latin America & Caribbean (excluding high income),true,1964,2.79348459441186
LAC,Latin America & Caribbean (excluding high income),true,1965,2.76115476639747
LAC,Latin America & Caribbean (excluding high income),true,1966,2.72043884174778
LAC,Latin America & Caribbean (excluding high income),true,1967,2.67633393920575
LAC,Latin America & Caribbean (excluding high income),true,1968,2.63116033446268
LAC,Latin America & Caribbean (excluding high income),true,1969,2.58892576401873
LAC,Latin America & Caribbean (excluding high income),true,1970,2.53921976902829
LAC,Latin America & Caribbean (excluding high income),true,1971,2.50222090943943
LAC,Latin America & Caribbean (excluding high income),true,1972,2.48060713548352
LAC,Latin America & Caribbean (excluding high income),true,1973,2.45561125927801
LAC,Latin America & Caribbean (excluding high income),true,1974,2.42505411043522
LAC,Latin America & Caribbean (excluding high income),true,1975,2.38877969407886
LAC,Latin America & Caribbean (excluding high income),true,1976,2.35569090200074
LAC,Latin America & Caribbean (excluding high income),true,1977,2.34220136324745
LAC,Latin America & Caribbean (excluding high income),true,1978,2.33481534290394
LAC,Latin America & Caribbean (excluding high income),true,1979,2.30766750889261
LAC,Latin America & Caribbean (excluding high income),true,1980,2.27588243198681
LAC,Latin America & Caribbean (excluding high income),true,1981,2.2299872562263
LAC,Latin America & Caribbean (excluding high income),true,1982,2.19259323376787
LAC,Latin America & Caribbean (excluding high income),true,1983,2.18249416389334
LAC,Latin America & Caribbean (excluding high income),true,1984,2.15778966797868
LAC,Latin America & Caribbean (excluding high income),true,1985,2.11107455816543
LAC,Latin America & Caribbean (excluding high income),true,1986,2.06038308108836
LAC,Latin America & Caribbean (excluding high income),true,1987,2.01703480919806
LAC,Latin America & Caribbean (excluding high income),true,1988,1.98365799167413
LAC,Latin America & Caribbean (excluding high income),true,1989,1.94552242745381
LAC,Latin America & Caribbean (excluding high income),true,1990,1.91281291295773
LAC,Latin America & Caribbean (excluding high income),true,1991,1.86195313243624
LAC,Latin America & Caribbean (excluding high income),true,1992,1.81487816111048
LAC,Latin America & Caribbean (excluding high income),true,1993,1.77294145995297
LAC,Latin America & Caribbean (excluding high income),true,1994,1.72504042179071
LAC,Latin America & Caribbean (excluding high income),true,1995,1.69193761871938
LAC,Latin America & Caribbean (excluding high income),true,1996,1.65113799417402
LAC,Latin America & Caribbean (excluding high income),true,1997,1.61427529512231
LAC,Latin America & Caribbean (excluding high income),true,1998,1.59229490860237
LAC,Latin America & Caribbean (excluding high income),true,1999,1.55392259310728
LAC,Latin America & Caribbean (excluding high income),true,2000,1.48596904258512
LAC,Latin America & Caribbean (excluding high income),true,2001,1.41819316365436
LAC,Latin America & Caribbean (excluding high income),true,2002,1.36424046350726
LAC,Latin America & Caribbean (excluding high income),true,2003,1.31519434226639
LAC,Latin America & Caribbean (excluding high income),true,2004,1.27229571125471
LAC,Latin America & Caribbean (excluding high income),true,2005,1.24021367473418
LAC,Latin America & Caribbean (excluding high income),true,2006,1.2105826644577
LAC,Latin America & Caribbean (excluding high income),true,2007,1.18943901664321
LAC,Latin America & Caribbean (excluding high income),true,2008,1.16859631523502
LAC,Latin America & Caribbean (excluding high income),true,2009,1.13949640945057
LAC,Latin America & Caribbean (excluding high income),true,2010,1.10440385872828
LAC,Latin America & Caribbean (excluding high income),true,2011,1.08965197494843
LAC,Latin America & Caribbean (excluding high income),true,2012,1.07823104432984
LAC,Latin America & Caribbean (excluding high income),true,2013,1.05351247403923
LAC,Latin America & Caribbean (excluding high income),true,2014,1.02706580353327
LAC,Latin America & Caribbean (excluding high income),true,2015,0.990612870273335
LAC,Latin America & Caribbean (excluding high income),true,2016,0.950832447116478
LAC,Latin America & Caribbean (excluding high income),true,2017,0.90131517094962
LAC,Latin America & Caribbean (excluding high income),true,2018,0.839681539281607
LAC,Latin America & Caribbean (excluding high income),true,2019,0.788660547676258
LAC,Latin America & Caribbean (excluding high income),true,2020,0.709112321230011
LAC,Latin America & Caribbean (excluding high income),true,2021,0.589563616486852
LAC,Latin America & Caribbean (excluding high income),true,2022,0.611085431754646
LAC,Latin America & Caribbean (excluding high income),true,2023,0.702661085803243
LAC,Latin America & Caribbean (excluding high income),true,2024,0.705022926271216
LAC,Latin America & Caribbean (excluding high income),true,2025,0.679405115613968
LAO,Lao PDR,false,1960,
LAO,Lao PDR,false,1961,2.25031691737593
LAO,Lao PDR,false,1962,2.28335006052227
LAO,Lao PDR,false,1963,2.2780468654744
LAO,Lao PDR,false,1964,2.2537424663802
LAO,Lao PDR,false,1965,2.27180252016465
LAO,Lao PDR,false,1966,2.28346753765842
LAO,Lao PDR,false,1967,2.30273700577367
LAO,Lao PDR,false,1968,2.33069461091738
LAO,Lao PDR,false,1969,2.35128433530066
LAO,Lao PDR,false,1970,2.37824477578016
LAO,Lao PDR,false,1971,2.40285563015352
LAO,Lao PDR,false,1972,2.42166866557596
LAO,Lao PDR,false,1973,2.42995627581044
LAO,Lao PDR,false,1974,2.38166241174157
LAO,Lao PDR,false,1975,2.21226451336532
LAO,Lao PDR,false,1976,1.95561811369731
LAO,Lao PDR,false,1977,1.74806381213258
LAO,Lao PDR,false,1978,1.67925832788714
LAO,Lao PDR,false,1979,1.76449926971601
LAO,Lao PDR,false,1980,1.97440000944874
LAO,Lao PDR,false,1981,2.22432150719419
LAO,Lao PDR,false,1982,2.44692261831745
LAO,Lao PDR,false,1983,2.60276882890716
LAO,Lao PDR,false,1984,2.69814680488859
LAO,Lao PDR,false,1985,2.76906771384978
LAO,Lao PDR,false,1986,2.81379366010288
LAO,Lao PDR,false,1987,2.84212757432166
LAO,Lao PDR,false,1988,2.86410486101786
LAO,Lao PDR,false,1989,2.86513034760729
LAO,Lao PDR,false,1990,2.84582324059542
LAO,Lao PDR,false,1991,2.81628243868286
LAO,Lao PDR,false,1992,2.769076698737
LAO,Lao PDR,false,1993,2.71337335048279
LAO,Lao PDR,false,1994,2.61561863671144
LAO,Lao PDR,false,1995,2.46841937666729
LAO,Lao PDR,false,1996,2.33129326891339
LAO,Lao PDR,false,1997,2.08550886313317
LAO,Lao PDR,false,1998,1.85106124399662
LAO,Lao PDR,false,1999,1.74747223421126
LAO,Lao PDR,false,2000,1.67898547843134
LAO,Lao PDR,false,2001,1.64839890567014
LAO,Lao PDR,false,2002,1.60628714871708
LAO,Lao PDR,false,2003,1.53964095162728
LAO,Lao PDR,false,2004,1.45793744820894
LAO,Lao PDR,false,2005,1.50884118892528
LAO,Lao PDR,false,2006,1.58338798520366
LAO,Lao PDR,false,2007,1.54812352499039
LAO,Lao PDR,false,2008,1.5195940495706
LAO,Lao PDR,false,2009,1.49588633029834
LAO,Lao PDR,false,2010,1.47192872108695
LAO,Lao PDR,false,2011,1.44814949802327
LAO,Lao PDR,false,2012,1.42735442034268
LAO,Lao PDR,false,2013,1.40755477426746
LAO,Lao PDR,false,2014,1.37876842701215
LAO,Lao PDR,false,2015,1.45836474920589
LAO,Lao PDR,false,2016,1.56317561333482
LAO,Lao PDR,false,2017,1.57029722559747
LAO,Lao PDR,false,2018,1.55377801997365
LAO,Lao PDR,false,2019,1.52576304616693
LAO,Lao PDR,false,2020,1.49338675171473
LAO,Lao PDR,false,2021,1.44141640887407
LAO,Lao PDR,false,2022,1.40971670105791
LAO,Lao PDR,false,2023,1.39237667233214
LAO,Lao PDR,false,2024,1.35832703035837
LAO,Lao PDR,false,2025,1.31981575540414
LBN,Lebanon,false,1960,
LBN,Lebanon,false,1961,3.05569955105057
LBN,Lebanon,false,1962,3.16512317739473
LBN,Lebanon,false,1963,3.13116607387943
LBN,Lebanon,false,1964,3.01093089923864
LBN,Lebanon,false,1965,2.83013343797485
LBN,Lebanon,false,1966,2.80536328023449
LBN,Lebanon,false,1967,2.68540227823191
LBN,Lebanon,false,1968,2.66663151919523
LBN,Lebanon,false,1969,2.68992763796577
LBN,Lebanon,false,1970,2.45882747374997
LBN,Lebanon,false,1971,2.49163006360347
LBN,Lebanon,false,1972,2.5592377307695
LBN,Lebanon,false,1973,2.48724914536029
LBN,Lebanon,false,1974,2.39061176166333
LBN,Lebanon,false,1975,2.17733476763527
LBN,Lebanon,false,1976,1.22806294973931
LBN,Lebanon,false,1977,1.30038067358211
LBN,Lebanon,false,1978,2.16763246381261
LBN,Lebanon,false,1979,2.1017309604416
LBN,Lebanon,false,1980,2.13235320736596
LBN,Lebanon,false,1981,2.15731447545801
LBN,Lebanon,false,1982,1.51555232059698
LBN,Lebanon,false,1983,1.30296072848368
LBN,Lebanon,false,1984,1.84865710229521
LBN,Lebanon,false,1985,2.02929357553818
LBN,Lebanon,false,1986,2.54669479096914
LBN,Lebanon,false,1987,2.54847831489116
LBN,Lebanon,false,1988,2.02030085974711
LBN,Lebanon,false,1989,2.02404238967668
LBN,Lebanon,false,1990,1.96313846488939
LBN,Lebanon,false,1991,2.03024916398365
LBN,Lebanon,false,1992,2.1159367104979
LBN,Lebanon,false,1993,1.93652525509607
LBN,Lebanon,false,1994,1.79377053397478
LBN,Lebanon,false,1995,1.8072128760113
LBN,Lebanon,false,1996,1.85224110517078
LBN,Lebanon,false,1997,1.80828501715332
LBN,Lebanon,false,1998,1.75827835901774
LBN,Lebanon,false,1999,1.75422008711836
LBN,Lebanon,false,2000,1.72552456653499
LBN,Lebanon,false,2001,1.66252495800846
LBN,Lebanon,false,2002,1.38937527602441
LBN,Lebanon,false,2003,1.37957282493925
LBN,Lebanon,false,2004,1.6169716035759
LBN,Lebanon,false,2005,1.54954660675644
LBN,Lebanon,false,2006,1.69887292002787
LBN,Lebanon,false,2007,1.93814380795793
LBN,Lebanon,false,2008,1.66309647863534
LBN,Lebanon,false,2009,1.34979711881761
LBN,Lebanon,false,2010,0.976748358836896
LBN,Lebanon,false,2011,1.07982379188685
LBN,Lebanon,false,2012,2.70487296695382
LBN,Lebanon,false,2013,9.25490649315042
LBN,Lebanon,false,2014,9.99230472656041
LBN,Lebanon,false,2015,1.95769583624838
LBN,Lebanon,false,2016,-2.33543749400836
LBN,Lebanon,false,2017,-2.61057116476665
LBN,Lebanon,false,2018,-2.89884297122412
LBN,Lebanon,false,2019,-3.21837128976045
LBN,Lebanon,false,2020,-1.60386258157574
LBN,Lebanon,false,2021,0.275364167930295
LBN,Lebanon,false,2022,0.460053063032864
LBN,Lebanon,false,2023,0.503630953855672
LBN,Lebanon,false,2024,0.560805065461567
LBN,Lebanon,false,2025,0.745736135898232
LBR,Liberia,false,1960,
LBR,Liberia,false,1961,2.44416842967272
LBR,Liberia,false,1962,2.48004469712784
LBR,Liberia,false,1963,2.50585096336426
LBR,Liberia,false,1964,2.52056757157595
LBR,Liberia,false,1965,2.54227482770536
LBR,Liberia,false,1966,2.5408749482202
LBR,Liberia,false,1967,2.53866112422504
LBR,Liberia,false,1968,2.55067943838122
LBR,Liberia,false,1969,2.55580861053517
LBR,Liberia,false,1970,2.56004335334434
LBR,Liberia,false,1971,2.51808051534252
LBR,Liberia,false,1972,2.5335260395927
LBR,Liberia,false,1973,2.6178477128425
LBR,Liberia,false,1974,2.6652460023066
LBR,Liberia,false,1975,2.70245650528251
LBR,Liberia,false,1976,2.72433423498357
LBR,Liberia,false,1977,2.81143349250645
LBR,Liberia,false,1978,2.91449892122345
LBR,Liberia,false,1979,2.95153314958743
LBR,Liberia,false,1980,2.97446997538905
LBR,Liberia,false,1981,2.94261448886312
LBR,Liberia,false,1982,2.88744594277441
LBR,Liberia,false,1983,2.98852784594373
LBR,Liberia,false,1984,3.0933507132753
LBR,Liberia,false,1985,3.04641906500415
LBR,Liberia,false,1986,2.98862660310745
LBR,Liberia,false,1987,2.93327957094677
LBR,Liberia,false,1988,2.89031493513992
LBR,Liberia,false,1989,2.85698670551551
LBR,Liberia,false,1990,-12.4250905106672
LBR,Liberia,false,1991,-12.7991272233588
LBR,Liberia,false,1992,5.75704272691874
LBR,Liberia,false,1993,3.91124005265588
LBR,Liberia,false,1994,-0.241483731724842
LBR,Liberia,false,1995,0.890656464561814
LBR,Liberia,false,1996,2.86865985716056
LBR,Liberia,false,1997,7.78387115678537
LBR,Liberia,false,1998,10.1258685289522
LBR,Liberia,false,1999,5.52089565583152
LBR,Liberia,false,2000,3.70256844774732
LBR,Liberia,false,2001,2.9352375714594
LBR,Liberia,false,2002,2.60055374367034
LBR,Liberia,false,2003,0.79655231018503
LBR,Liberia,false,2004,1.19050087276777
LBR,Liberia,false,2005,4.46419976403406
LBR,Liberia,false,2006,5.58972152870902
LBR,Liberia,false,2007,4.98055607463838
LBR,Liberia,false,2008,4.05801806274783
LBR,Liberia,false,2009,3.14360024630264
LBR,Liberia,false,2010,2.89605811562763
LBR,Liberia,false,2011,3.92046987945605
LBR,Liberia,false,2012,3.53448694358844
LBR,Liberia,false,2013,2.19827693086756
LBR,Liberia,false,2014,2.08217532534285
LBR,Liberia,false,2015,2.06297096669961
LBR,Liberia,false,2016,2.04312155500225
LBR,Liberia,false,2017,1.94324776688719
LBR,Liberia,false,2018,1.95645231379837
LBR,Liberia,false,2019,1.98225492944197
LBR,Liberia,false,2020,2.07483340649162
LBR,Liberia,false,2021,2.11098738475006
LBR,Liberia,false,2022,2.14388170425267
LBR,Liberia,false,2023,2.20390696065654
LBR,Liberia,false,2024,2.15725346515291
LBR,Liberia,false,2025,2.08732472424606
LBY,Libya,false,1960,
LBY,Libya,false,1961,4.12111236306
LBY,Libya,false,1962,4.17103321634044
LBY,Libya,false,1963,4.13636121041533
LBY,Libya,false,1964,3.67238030924911
LBY,Libya,false,1965,2.82920267884131
LBY,Libya,false,1966,2.46642878344011
LBY,Libya,false,1967,2.62265176030982
LBY,Libya,false,1968,2.8348968531033
LBY,Libya,false,1969,3.10137549132728
LBY,Libya,false,1970,3.33435658969505
LBY,Libya,false,1971,3.34983823985834
LBY,Libya,false,1972,3.31369188818345
LBY,Libya,false,1973,3.88138981312247
LBY,Libya,false,1974,4.97396895567844
LBY,Libya,false,1975,5.5710442959649
LBY,Libya,false,1976,5.65753931702855
LBY,Libya,false,1977,5.72358878587077
LBY,Libya,false,1978,5.76470003774015
LBY,Libya,false,1979,5.77026963985076
LBY,Libya,false,1980,5.72477084089621
LBY,Libya,false,1981,5.59645894618726
LBY,Libya,false,1982,2.81193237488086
LBY,Libya,false,1983,-0.15594343951397
LBY,Libya,false,1984,1.45938697167212
LBY,Libya,false,1985,3.2616508562028
LBY,Libya,false,1986,2.99809674929364
LBY,Libya,false,1987,2.75785348804117
LBY,Libya,false,1988,2.58194390370826
LBY,Libya,false,1989,2.45132850491739
LBY,Libya,false,1990,2.32867028630405
LBY,Libya,false,1991,2.20620699142416
LBY,Libya,false,1992,2.08945197161358
LBY,Libya,false,1993,1.97785331609755
LBY,Libya,false,1994,1.8627694303479
LBY,Libya,false,1995,1.74343085926812
LBY,Libya,false,1996,1.628256686488
LBY,Libya,false,1997,1.53695333635977
LBY,Libya,false,1998,1.49071733534102
LBY,Libya,false,1999,1.49314341029578
LBY,Libya,false,2000,1.65322614160708
LBY,Libya,false,2001,1.84188849101584
LBY,Libya,false,2002,1.92033997804202
LBY,Libya,false,2003,1.99485254520156
LBY,Libya,false,2004,2.06583711688529
LBY,Libya,false,2005,2.10615511958762
LBY,Libya,false,2006,2.05113885258773
LBY,Libya,false,2007,2.05506946829407
LBY,Libya,false,2008,2.12409959672873
LBY,Libya,false,2009,2.08315407578494
LBY,Libya,false,2010,2.0390577056462
LBY,Libya,false,2011,-2.4085814162192
LBY,Libya,false,2012,-2.61743182302169
LBY,Libya,false,2013,2.00744391901146
LBY,Libya,false,2014,1.92631083217923
LBY,Libya,false,2015,1.61383897825773
LBY,Libya,false,2016,1.52399514586306
LBY,Libya,false,2017,1.59519992425695
LBY,Libya,false,2018,1.62332708641058
LBY,Libya,false,2019,1.47795950725002
LBY,Libya,false,2020,1.3484498033463
LBY,Libya,false,2021,1.26619979488109
LBY,Libya,false,2022,1.23450447871795
LBY,Libya,false,2023,1.12674309223491
LBY,Libya,false,2024,1.02629935747641
LBY,Libya,false,2025,1.04494488295615
LCA,St. Lucia,false,1960,
LCA,St. Lucia,false,1961,0.972733721344508
LCA,St. Lucia,false,1962,1.07982644496954
LCA,St. Lucia,false,1963,1.06724374248466
LCA,St. Lucia,false,1964,1.02696398964051
LCA,St. Lucia,false,1965,1.01857600804602
LCA,St. Lucia,false,1966,0.990026253732732
LCA,St. Lucia,false,1967,1.05170012695748
LCA,St. Lucia,false,1968,1.16996623759844
LCA,St. Lucia,false,1969,1.18883278563869
LCA,St. Lucia,false,1970,1.25438136432885
LCA,St. Lucia,false,1971,1.34696758941029
LCA,St. Lucia,false,1972,1.36586377273023
LCA,St. Lucia,false,1973,1.40142808848877
LCA,St. Lucia,false,1974,1.45726442278286
LCA,St. Lucia,false,1975,1.50047628379474
LCA,St. Lucia,false,1976,1.52366828475092
LCA,St. Lucia,false,1977,1.50956256398246
LCA,St. Lucia,false,1978,1.47761734192625
LCA,St. Lucia,false,1979,1.45184713522675
LCA,St. Lucia,false,1980,1.48809002257286
LCA,St. Lucia,false,1981,1.56040029331997
LCA,St. Lucia,false,1982,1.57299161877068
LCA,St. Lucia,false,1983,1.57742529500743
LCA,St. Lucia,false,1984,1.60488310385195
LCA,St. Lucia,false,1985,1.63296971216592
LCA,St. Lucia,false,1986,1.59758849106951
LCA,St. Lucia,false,1987,1.50343518318652
LCA,St. Lucia,false,1988,1.32203381708551
LCA,St. Lucia,false,1989,1.1137744410456
LCA,St. Lucia,false,1990,0.980439316482034
LCA,St. Lucia,false,1991,1.19910441469639
LCA,St. Lucia,false,1992,1.49182703899205
LCA,St. Lucia,false,1993,1.47824786663391
LCA,St. Lucia,false,1994,1.4944203866875
LCA,St. Lucia,false,1995,1.57637794278676
LCA,St. Lucia,false,1996,1.49210520637537
LCA,St. Lucia,false,1997,1.40792081597188
LCA,St. Lucia,false,1998,1.37221189361173
LCA,St. Lucia,false,1999,1.30068408511276
LCA,St. Lucia,false,2000,1.21402743138722
LCA,St. Lucia,false,2001,1.01677824289198
LCA,St. Lucia,false,2002,0.872385751343311
LCA,St. Lucia,false,2003,0.822512392357976
LCA,St. Lucia,false,2004,0.771973333919315
LCA,St. Lucia,false,2005,0.734635032623395
LCA,St. Lucia,false,2006,0.716076160693592
LCA,St. Lucia,false,2007,0.669266875500453
LCA,St. Lucia,false,2008,0.623950967419395
LCA,St. Lucia,false,2009,0.626557735548289
LCA,St. Lucia,false,2010,0.608614599646534
LCA,St. Lucia,false,2011,0.52231324992803
LCA,St. Lucia,false,2012,0.456462690189925
LCA,St. Lucia,false,2013,0.452081381366467
LCA,St. Lucia,false,2014,0.442581735190879
LCA,St. Lucia,false,2015,0.439488105791393
LCA,St. Lucia,false,2016,0.422763651310013
LCA,St. Lucia,false,2017,0.395468542730377
LCA,St. Lucia,false,2018,0.382048183874964
LCA,St. Lucia,false,2019,0.3631466895222
LCA,St. Lucia,false,2020,0.330981923965865
LCA,St. Lucia,false,2021,0.152478363043745
LCA,St. Lucia,false,2022,0.144975018605125
LCA,St. Lucia,false,2023,0.281512532799571
LCA,St. Lucia,false,2024,0.255689791113258
LCA,St. Lucia,false,2025,0.225066989889272
LCN,Latin America & Caribbean,true,1960,
LCN,Latin America & Caribbean,true,1961,2.75757197124199
LCN,Latin America & Caribbean,true,1962,2.76510708736463
LCN,Latin America & Caribbean,true,1963,2.75829304222844
LCN,Latin America & Caribbean,true,1964,2.73320426962068
LCN,Latin America & Caribbean,true,1965,2.69619095214992
LCN,Latin America & Caribbean,true,1966,2.65143114849658
LCN,Latin America & Caribbean,true,1967,2.60334209257904
LCN,Latin America & Caribbean,true,1968,2.55804272486251
LCN,Latin America & Caribbean,true,1969,2.51734233017918
LCN,Latin America & Caribbean,true,1970,2.47130699345868
LCN,Latin America & Caribbean,true,1971,2.43934998222588
LCN,Latin America & Caribbean,true,1972,2.42021363776197
LCN,Latin America & Caribbean,true,1973,2.39887071582601
LCN,Latin America & Caribbean,true,1974,2.36912915683088
LCN,Latin America & Caribbean,true,1975,2.33245225590761
LCN,Latin America & Caribbean,true,1976,2.29891807863881
LCN,Latin America & Caribbean,true,1977,2.28277268394825
LCN,Latin America & Caribbean,true,1978,2.27501028852291
LCN,Latin America & Caribbean,true,1979,2.24778847134969
LCN,Latin America & Caribbean,true,1980,2.21866742702574
LCN,Latin America & Caribbean,true,1981,2.17411481350649
LCN,Latin America & Caribbean,true,1982,2.13929175120057
LCN,Latin America & Caribbean,true,1983,2.13086530111846
LCN,Latin America & Caribbean,true,1984,2.10860638514587
LCN,Latin America & Caribbean,true,1985,2.06599902663363
LCN,Latin America & Caribbean,true,1986,2.01946718328675
LCN,Latin America & Caribbean,true,1987,1.97946474598608
LCN,Latin America & Caribbean,true,1988,1.94876031941254
LCN,Latin America & Caribbean,true,1989,1.91338100747719
LCN,Latin America & Caribbean,true,1990,1.88438626830744
LCN,Latin America & Caribbean,true,1991,1.83601899961711
LCN,Latin America & Caribbean,true,1992,1.79097496527458
LCN,Latin America & Caribbean,true,1993,1.75177581014517
LCN,Latin America & Caribbean,true,1994,1.70522385521495
LCN,Latin America & Caribbean,true,1995,1.67196379844778
LCN,Latin America & Caribbean,true,1996,1.63335621816878
LCN,Latin America & Caribbean,true,1997,1.59420902796018
LCN,Latin America & Caribbean,true,1998,1.56793436913209
LCN,Latin America & Caribbean,true,1999,1.52867801479713
LCN,Latin America & Caribbean,true,2000,1.46006685805087
LCN,Latin America & Caribbean,true,2001,1.39344754428174
LCN,Latin America & Caribbean,true,2002,1.3403661266636
LCN,Latin America & Caribbean,true,2003,1.29176714534971
LCN,Latin America & Caribbean,true,2004,1.24984742276736
LCN,Latin America & Caribbean,true,2005,1.20794507553631
LCN,Latin America & Caribbean,true,2006,1.18747578896755
LCN,Latin America & Caribbean,true,2007,1.1668590192572
LCN,Latin America & Caribbean,true,2008,1.14822432076252
LCN,Latin America & Caribbean,true,2009,1.12072669778912
LCN,Latin America & Caribbean,true,2010,1.08873794675901
LCN,Latin America & Caribbean,true,2011,1.07195360202791
LCN,Latin America & Caribbean,true,2012,1.06044511810002
LCN,Latin America & Caribbean,true,2013,1.03769835188998
LCN,Latin America & Caribbean,true,2014,1.01123102385884
LCN,Latin America & Caribbean,true,2015,0.977351890931845
LCN,Latin America & Caribbean,true,2016,0.943927000851983
LCN,Latin America & Caribbean,true,2017,0.904629116537115
LCN,Latin America & Caribbean,true,2018,0.847126273562878
LCN,Latin America & Caribbean,true,2019,0.812117996469208
LCN,Latin America & Caribbean,true,2020,0.705164843775006
LCN,Latin America & Caribbean,true,2021,0.577402706574956
LCN,Latin America & Caribbean,true,2022,0.594627801259553
LCN,Latin America & Caribbean,true,2023,0.68792568746324
LCN,Latin America & Caribbean,true,2024,0.692393676236428
LCN,Latin America & Caribbean,true,2025,0.663311937426025
LDC,Least developed countries: UN classification,true,1960,
LDC,Least developed countries: UN classification,true,1961,2.39363316866927
LDC,Least developed countries: UN classification,true,1962,2.4357742519884
LDC,Least developed countries: UN classification,true,1963,2.4521953658654
LDC,Least developed countries: UN classification,true,1964,2.48551845492961
LDC,Least developed countries: UN classification,true,1965,2.51921790651146
LDC,Least developed countries: UN classification,true,1966,2.52758052759178
LDC,Least developed countries: UN classification,true,1967,2.56490077560696
LDC,Least developed countries: UN classification,true,1968,2.60274668436182
LDC,Least developed countries: UN classification,true,1969,2.60287443241977
LDC,Least developed countries: UN classification,true,1970,2.52945920986718
LDC,Least developed countries: UN classification,true,1971,2.32571614093278
LDC,Least developed countries: UN classification,true,1972,2.36739037479401
LDC,Least developed countries: UN classification,true,1973,2.61684224209138
LDC,Least developed countries: UN classification,true,1974,2.63269406003284
LDC,Least developed countries: UN classification,true,1975,2.49708080858235
LDC,Least developed countries: UN classification,true,1976,2.41197906050912
LDC,Least developed countries: UN classification,true,1977,2.36117955645266
LDC,Least developed countries: UN classification,true,1978,2.47341125601669
LDC,Least developed countries: UN classification,true,1979,2.58508570055361
LDC,Least developed countries: UN classification,true,1980,2.33246360372087
LDC,Least developed countries: UN classification,true,1981,2.21786309875217
LDC,Least developed countries: UN classification,true,1982,2.51579549737942
LDC,Least developed countries: UN classification,true,1983,2.69640634667295
LDC,Least developed countries: UN classification,true,1984,2.67574468195169
LDC,Least developed countries: UN classification,true,1985,2.63479324214734
LDC,Least developed countries: UN classification,true,1986,2.58242730626395
LDC,Least developed countries: UN classification,true,1987,2.56978031368186
LDC,Least developed countries: UN classification,true,1988,2.52405284901858
LDC,Least developed countries: UN classification,true,1989,2.51460707400027
LDC,Least developed countries: UN classification,true,1990,2.4743131705176
LDC,Least developed countries: UN classification,true,1991,2.4520297965006
LDC,Least developed countries: UN classification,true,1992,2.65128367009299
LDC,Least developed countries: UN classification,true,1993,2.80800621606663
LDC,Least developed countries: UN classification,true,1994,2.72673138932571
LDC,Least developed countries: UN classification,true,1995,2.66434582117979
LDC,Least developed countries: UN classification,true,1996,2.63011108560579
LDC,Least developed countries: UN classification,true,1997,2.57052823993216
LDC,Least developed countries: UN classification,true,1998,2.54503989019165
LDC,Least developed countries: UN classification,true,1999,2.49411962727172
LDC,Least developed countries: UN classification,true,2000,2.40382917913276
LDC,Least developed countries: UN classification,true,2001,2.38227084993971
LDC,Least developed countries: UN classification,true,2002,2.48870898176398
LDC,Least developed countries: UN classification,true,2003,2.49148372638476
LDC,Least developed countries: UN classification,true,2004,2.39805061653749
LDC,Least developed countries: UN classification,true,2005,2.39692166803933
LDC,Least developed countries: UN classification,true,2006,2.40137613950156
LDC,Least developed countries: UN classification,true,2007,2.32099735492169
LDC,Least developed countries: UN classification,true,2008,2.32625303071516
LDC,Least developed countries: UN classification,true,2009,2.35377769238806
LDC,Least developed countries: UN classification,true,2010,2.32823670539495
LDC,Least developed countries: UN classification,true,2011,2.34986498647638
LDC,Least developed countries: UN classification,true,2012,2.36744477572865
LDC,Least developed countries: UN classification,true,2013,2.37550937830344
LDC,Least developed countries: UN classification,true,2014,2.36521498877278
LDC,Least developed countries: UN classification,true,2015,2.33145424392757
LDC,Least developed countries: UN classification,true,2016,2.34677384385459
LDC,Least developed countries: UN classification,true,2017,2.35866075352646
LDC,Least developed countries: UN classification,true,2018,2.35719785763558
LDC,Least developed countries: UN classification,true,2019,2.37971178137536
LDC,Least developed countries: UN classification,true,2020,2.39123483488682
LDC,Least developed countries: UN classification,true,2021,2.32586878914746
LDC,Least developed countries: UN classification,true,2022,2.26001631858664
LDC,Least developed countries: UN classification,true,2023,2.28323754860687
LDC,Least developed countries: UN classification,true,2024,2.29506968215423
LDC,Least developed countries: UN classification,true,2025,2.29085125307675
LIC,Low income,true,1960,
LIC,Low income,true,1961,2.35212939875333
LIC,Low income,true,1962,2.38825532101481
LIC,Low income,true,1963,2.42513109957863
LIC,Low income,true,1964,2.47954212464713
LIC,Low income,true,1965,2.51982487575709
LIC,Low income,true,1966,2.5336671112621
LIC,Low income,true,1967,2.59358166532182
LIC,Low income,true,1968,2.64649063878694
LIC,Low income,true,1969,2.63458286886619
LIC,Low income,true,1970,2.63572157846149
LIC,Low income,true,1971,2.62067012749497
LIC,Low income,true,1972,2.5578424093597
LIC,Low income,true,1973,2.61429342129719
LIC,Low income,true,1974,2.65312639286596
LIC,Low income,true,1975,2.60157728537565
LIC,Low income,true,1976,2.59255919558014
LIC,Low income,true,1977,2.50560308031278
LIC,Low income,true,1978,2.70098471893595
LIC,Low income,true,1979,2.75556594881278
LIC,Low income,true,1980,2.20192301825661
LIC,Low income,true,1981,1.94127457954419
LIC,Low income,true,1982,2.38207703286376
LIC,Low income,true,1983,2.67455370371043
LIC,Low income,true,1984,2.66820009713141
LIC,Low income,true,1985,2.6485293641888
LIC,Low income,true,1986,2.59395054723483
LIC,Low income,true,1987,2.63767552159561
LIC,Low income,true,1988,2.64603743085367
LIC,Low income,true,1989,2.69272186589494
LIC,Low income,true,1990,2.6059058683816
LIC,Low income,true,1991,2.59213575629158
LIC,Low income,true,1992,2.95710934510932
LIC,Low income,true,1993,3.20646619665425
LIC,Low income,true,1994,2.96995810840638
LIC,Low income,true,1995,2.85172243389361
LIC,Low income,true,1996,2.92618072593145
LIC,Low income,true,1997,2.82819064551334
LIC,Low income,true,1998,2.81913289660123
LIC,Low income,true,1999,2.83655842593891
LIC,Low income,true,2000,2.69602780321371
LIC,Low income,true,2001,2.70132988140454
LIC,Low income,true,2002,2.93458559840725
LIC,Low income,true,2003,2.96771332453278
LIC,Low income,true,2004,2.85762955650441
LIC,Low income,true,2005,2.88255820400049
LIC,Low income,true,2006,2.9762993972833
LIC,Low income,true,2007,2.93411218686959
LIC,Low income,true,2008,2.8597383183837
LIC,Low income,true,2009,2.84461927063664
LIC,Low income,true,2010,2.82298530499402
LIC,Low income,true,2011,2.79897974232974
LIC,Low income,true,2012,2.70210548953045
LIC,Low income,true,2013,2.52887511442072
LIC,Low income,true,2014,2.46342158361291
LIC,Low income,true,2015,2.49414524240382
LIC,Low income,true,2016,2.61673015548651
LIC,Low income,true,2017,2.71131287503802
LIC,Low income,true,2018,2.78763681403062
LIC,Low income,true,2019,2.85015829799292
LIC,Low income,true,2020,2.81706688000591
LIC,Low income,true,2021,2.71232996929194
LIC,Low income,true,2022,2.63977079031453
LIC,Low income,true,2023,2.7021643002205
LIC,Low income,true,2024,2.71201208510864
LIC,Low income,true,2025,2.6856183373172
LIE,Liechtenstein,false,1960,
LIE,Liechtenstein,false,1961,2.55654826170639
LIE,Liechtenstein,false,1962,3.29866737816506
LIE,Liechtenstein,false,1963,3.65867011009615
LIE,Liechtenstein,false,1964,3.59352603968912
LIE,Liechtenstein,false,1965,2.31894449189104
LIE,Liechtenstein,false,1966,2.13898117554939
LIE,Liechtenstein,false,1967,2.84045739477576
LIE,Liechtenstein,false,1968,3.21900507184043
LIE,Liechtenstein,false,1969,1.18801941185437
LIE,Liechtenstein,false,1970,0.265252144913112
LIE,Liechtenstein,false,1971,2.15263342480278
LIE,Liechtenstein,false,1972,2.43312103457439
LIE,Liechtenstein,false,1973,2.90778996799825
LIE,Liechtenstein,false,1974,2.88107131904572
LIE,Liechtenstein,false,1975,1.67033504776372
LIE,Liechtenstein,false,1976,0.885109318794072
LIE,Liechtenstein,false,1977,1.58353824439279
LIE,Liechtenstein,false,1978,2.36922341203083
LIE,Liechtenstein,false,1979,2.16201137015731
LIE,Liechtenstein,false,1980,-0.246638212993366
LIE,Liechtenstein,false,1981,0.629092628599556
LIE,Liechtenstein,false,1982,2.24165910960706
LIE,Liechtenstein,false,1983,0.724847104480866
LIE,Liechtenstein,false,1984,0.565591040557742
LIE,Liechtenstein,false,1985,1.05472795846639
LIE,Liechtenstein,false,1986,1.33049490218932
LIE,Liechtenstein,false,1987,1.16435296629896
LIE,Liechtenstein,false,1988,1.40890538804493
LIE,Liechtenstein,false,1989,1.31166903207128
LIE,Liechtenstein,false,1990,1.48971366411381
LIE,Liechtenstein,false,1991,1.61174133104902
LIE,Liechtenstein,false,1992,1.42092267625387
LIE,Liechtenstein,false,1993,1.54735487321845
LIE,Liechtenstein,false,1994,1.25829365403492
LIE,Liechtenstein,false,1995,0.999257245237642
LIE,Liechtenstein,false,1996,0.831598896867056
LIE,Liechtenstein,false,1997,0.639205581201736
LIE,Liechtenstein,false,1998,1.38634970785053
LIE,Liechtenstein,false,1999,1.73117065812303
LIE,Liechtenstein,false,2000,1.30732907481793
LIE,Liechtenstein,false,2001,1.66774320599301
LIE,Liechtenstein,false,2002,1.49506432654852
LIE,Liechtenstein,false,2003,1.13615788435917
LIE,Liechtenstein,false,2004,1.07405521315503
LIE,Liechtenstein,false,2005,0.884398828059777
LIE,Liechtenstein,false,2006,0.81387467447858
LIE,Liechtenstein,false,2007,0.640125089403045
LIE,Liechtenstein,false,2008,0.596594686745767
LIE,Liechtenstein,false,2009,0.755462414857941
LIE,Liechtenstein,false,2010,0.780339504026041
LIE,Liechtenstein,false,2011,0.801840223929879
LIE,Liechtenstein,false,2012,0.945614084833038
LIE,Liechtenstein,false,2013,0.888098068342956
LIE,Liechtenstein,false,2014,0.711286542304829
LIE,Liechtenstein,false,2015,0.658266806602704
LIE,Liechtenstein,false,2016,0.590348742843119
LIE,Liechtenstein,false,2017,0.650125178937136
LIE,Liechtenstein,false,2018,0.745332024798021
LIE,Liechtenstein,false,2019,0.825428790511035
LIE,Liechtenstein,false,2020,0.872668968896405
LIE,Liechtenstein,false,2021,0.719750043098349
LIE,Liechtenstein,false,2022,0.790598334689517
LIE,Liechtenstein,false,2023,0.889858277389592
LIE,Liechtenstein,false,2024,1.50446197178693
LIE,Liechtenstein,false,2025,1.4090617793704
LKA,Sri Lanka,false,1960,
LKA,Sri Lanka,false,1961,2.43338940773861
LKA,Sri Lanka,false,1962,2.43868258271047
LKA,Sri Lanka,false,1963,2.44706226942492
LKA,Sri Lanka,false,1964,2.45500391259614
LKA,Sri Lanka,false,1965,2.44391928516342
LKA,Sri Lanka,false,1966,2.41597464184751
LKA,Sri Lanka,false,1967,2.41517775850964
LKA,Sri Lanka,false,1968,2.40390138208222
LKA,Sri Lanka,false,1969,2.33922777058424
LKA,Sri Lanka,false,1970,2.24899285825847
LKA,Sri Lanka,false,1971,2.13220998361039
LKA,Sri Lanka,false,1972,2.02912078599148
LKA,Sri Lanka,false,1973,1.94602061213073
LKA,Sri Lanka,false,1974,1.8567729541151
LKA,Sri Lanka,false,1975,1.81195742093226
LKA,Sri Lanka,false,1976,1.81229438316652
LKA,Sri Lanka,false,1977,1.81431192980305
LKA,Sri Lanka,false,1978,1.83899122278722
LKA,Sri Lanka,false,1979,1.86567132850764
LKA,Sri Lanka,false,1980,1.82391733574432
LKA,Sri Lanka,false,1981,1.67925101560856
LKA,Sri Lanka,false,1982,1.2318533776583
LKA,Sri Lanka,false,1983,0.666511330978769
LKA,Sri Lanka,false,1984,0.344242145520742
LKA,Sri Lanka,false,1985,0.660261572342523
LKA,Sri Lanka,false,1986,1.19649419220381
LKA,Sri Lanka,false,1987,1.17115205994745
LKA,Sri Lanka,false,1988,1.01294194595377
LKA,Sri Lanka,false,1989,1.05136034659287
LKA,Sri Lanka,false,1990,0.637411760252378
LKA,Sri Lanka,false,1991,0.748734482407864
LKA,Sri Lanka,false,1992,1.58927250831319
LKA,Sri Lanka,false,1993,1.69784789442256
LKA,Sri Lanka,false,1994,1.45683441097245
LKA,Sri Lanka,false,1995,1.65501088509534
LKA,Sri Lanka,false,1996,1.92257845082404
LKA,Sri Lanka,false,1997,1.89854362715713
LKA,Sri Lanka,false,1998,1.88802201260991
LKA,Sri Lanka,false,1999,1.85791802193191
LKA,Sri Lanka,false,2000,1.82192893868799
LKA,Sri Lanka,false,2001,1.58029006941291
LKA,Sri Lanka,false,2002,1.04243651089033
LKA,Sri Lanka,false,2003,0.733298046863635
LKA,Sri Lanka,false,2004,0.679757715006083
LKA,Sri Lanka,false,2005,0.639733163202014
LKA,Sri Lanka,false,2006,0.669909171598541
LKA,Sri Lanka,false,2007,0.686177993870037
LKA,Sri Lanka,false,2008,0.665501489405385
LKA,Sri Lanka,false,2009,0.614014271918797
LKA,Sri Lanka,false,2010,0.589181271319281
LKA,Sri Lanka,false,2011,0.620507027958285
LKA,Sri Lanka,false,2012,0.760628047767682
LKA,Sri Lanka,false,2013,-2.79968273298027
LKA,Sri Lanka,false,2014,0.933207942647201
LKA,Sri Lanka,false,2015,0.91981102654886
LKA,Sri Lanka,false,2016,1.13327749793807
LKA,Sri Lanka,false,2017,1.14388758411593
LKA,Sri Lanka,false,2018,1.0064319813899
LKA,Sri Lanka,false,2019,0.611875945764341
LKA,Sri Lanka,false,2020,0.530626559530355
LKA,Sri Lanka,false,2021,1.07544995696428
LKA,Sri Lanka,false,2022,0.112772639779474
LKA,Sri Lanka,false,2023,-0.651320770103285
LKA,Sri Lanka,false,2024,-0.550589519145017
LKA,Sri Lanka,false,2025,-0.732738211545502
LMC,Lower middle income,true,1960,
LMC,Lower middle income,true,1961,2.45834900783752
LMC,Lower middle income,true,1962,2.45669169109236
LMC,Lower middle income,true,1963,2.45166176152551
LMC,Lower middle income,true,1964,2.45423790292163
LMC,Lower middle income,true,1965,2.41065376651483
LMC,Lower middle income,true,1966,2.35393869331196
LMC,Lower middle income,true,1967,2.36458882485983
LMC,Lower middle income,true,1968,2.37247032923936
LMC,Lower middle income,true,1969,2.35655372988075
LMC,Lower middle income,true,1970,2.39208187971462
LMC,Lower middle income,true,1971,2.31470576593909
LMC,Lower middle income,true,1972,2.33006844042212
LMC,Lower middle income,true,1973,2.44510572019973
LMC,Lower middle income,true,1974,2.475943115418
LMC,Lower middle income,true,1975,2.48470249609365
LMC,Lower middle income,true,1976,2.45244517825699
LMC,Lower middle income,true,1977,2.46159406948072
LMC,Lower middle income,true,1978,2.44068434390485
LMC,Lower middle income,true,1979,2.4994291966004
LMC,Lower middle income,true,1980,2.62611564649953
LMC,Lower middle income,true,1981,2.62996285348458
LMC,Lower middle income,true,1982,2.58750611213391
LMC,Lower middle income,true,1983,2.55929864906551
LMC,Lower middle income,true,1984,2.5384378005945
LMC,Lower middle income,true,1985,2.53388361946531
LMC,Lower middle income,true,1986,2.51883617912997
LMC,Lower middle income,true,1987,2.48528380282908
LMC,Lower middle income,true,1988,2.44589431888226
LMC,Lower middle income,true,1989,2.41473454165452
LMC,Lower middle income,true,1990,2.53747728568012
LMC,Lower middle income,true,1991,2.36652924871344
LMC,Lower middle income,true,1992,2.29003530735186
LMC,Lower middle income,true,1993,2.25035203451603
LMC,Lower middle income,true,1994,2.22403608777312
LMC,Lower middle income,true,1995,2.20613463194436
LMC,Lower middle income,true,1996,2.17008508554837
LMC,Lower middle income,true,1997,2.13775179461327
LMC,Lower middle income,true,1998,2.10570860341952
LMC,Lower middle income,true,1999,2.05848774685814
LMC,Lower middle income,true,2000,2.04395635739891
LMC,Lower middle income,true,2001,2.02947242741909
LMC,Lower middle income,true,2002,1.95912187826574
LMC,Lower middle income,true,2003,1.90493540325651
LMC,Lower middle income,true,2004,1.8888524430953
LMC,Lower middle income,true,2005,1.83700101605297
LMC,Lower middle income,true,2006,1.79466051062017
LMC,Lower middle income,true,2007,1.78223140523112
LMC,Lower middle income,true,2008,1.74336026950937
LMC,Lower middle income,true,2009,1.73372134586842
LMC,Lower middle income,true,2010,1.73461678706214
LMC,Lower middle income,true,2011,1.70694929523064
LMC,Lower middle income,true,2012,1.66659054288938
LMC,Lower middle income,true,2013,1.63375955765447
LMC,Lower middle income,true,2014,1.58784354749719
LMC,Lower middle income,true,2015,1.51767826542248
LMC,Lower middle income,true,2016,1.48850792378941
LMC,Lower middle income,true,2017,1.45278181296653
LMC,Lower middle income,true,2018,1.39197084074146
LMC,Lower middle income,true,2019,1.35720976498391
LMC,Lower middle income,true,2020,1.34753933329543
LMC,Lower middle income,true,2021,1.27629085119707
LMC,Lower middle income,true,2022,1.25763040545137
LMC,Lower middle income,true,2023,1.30653524509785
LMC,Lower middle income,true,2024,1.30463269701607
LMC,Lower middle income,true,2025,1.29525816665262
LMY,Low & middle income,true,1960,
LMY,Low & middle income,true,1961,1.4125902383068
LMY,Low & middle income,true,1962,1.9964598875597
LMY,Low & middle income,true,1963,2.50132488440429
LMY,Low & middle income,true,1964,2.46063574545949
LMY,Low & middle income,true,1965,2.43970545813017
LMY,Low & middle income,true,1966,2.52903221165466
LMY,Low & middle income,true,1967,2.47480825644233
LMY,Low & middle income,true,1968,2.48764007852572
LMY,Low & middle income,true,1969,2.51573995539929
LMY,Low & middle income,true,1970,2.51796445144907
LMY,Low & middle income,true,1971,2.47732894932577
LMY,Low & middle income,true,1972,2.38549540349813
LMY,Low & middle income,true,1973,2.36814354584202
LMY,Low & middle income,true,1974,2.30634748958132
LMY,Low & middle income,true,1975,2.21462034027424
LMY,Low & middle income,true,1976,2.14337662315629
LMY,Low & middle income,true,1977,2.08467587116435
LMY,Low & middle income,true,1978,2.0809021193755
LMY,Low & middle income,true,1979,2.09546849178129
LMY,Low & middle income,true,1980,2.08608972400406
LMY,Low & middle income,true,1981,2.098307221754
LMY,Low & middle income,true,1982,2.16699281069224
LMY,Low & middle income,true,1983,2.15404505690727
LMY,Low & middle income,true,1984,2.10600729644114
LMY,Low & middle income,true,1985,2.10412581875429
LMY,Low & middle income,true,1986,2.11737767524875
LMY,Low & middle income,true,1987,2.12981032939838
LMY,Low & middle income,true,1988,2.10298169876891
LMY,Low & middle income,true,1989,2.06047663381341
LMY,Low & middle income,true,1990,2.06550837790531
LMY,Low & middle income,true,1991,1.94394204693848
LMY,Low & middle income,true,1992,1.88734244497281
LMY,Low & middle income,true,1993,1.84330109645808
LMY,Low & middle income,true,1994,1.78632159901815
LMY,Low & middle income,true,1995,1.75382227842863
LMY,Low & middle income,true,1996,1.73503799262295
LMY,Low & middle income,true,1997,1.70308748609815
LMY,Low & middle income,true,1998,1.67220539634897
LMY,Low & middle income,true,1999,1.62578064443246
LMY,Low & middle income,true,2000,1.58469451380733
LMY,Low & middle income,true,2001,1.55363252794869
LMY,Low & middle income,true,2002,1.51310157020169
LMY,Low & middle income,true,2003,1.4822575067804
LMY,Low & middle income,true,2004,1.47009872649156
LMY,Low & middle income,true,2005,1.44999354831296
LMY,Low & middle income,true,2006,1.43416612113903
LMY,Low & middle income,true,2007,1.40407912155954
LMY,Low & middle income,true,2008,1.40479347487852
LMY,Low & middle income,true,2009,1.40438988439256
LMY,Low & middle income,true,2010,1.39875984301855
LMY,Low & middle income,true,2011,1.39956272941864
LMY,Low & middle income,true,2012,1.41390015328381
LMY,Low & middle income,true,2013,1.38226650758832
LMY,Low & middle income,true,2014,1.3563992043273
LMY,Low & middle income,true,2015,1.30951225186169
LMY,Low & middle income,true,2016,1.28983618969144
LMY,Low & middle income,true,2017,1.28410537368515
LMY,Low & middle income,true,2018,1.24131300169148
LMY,Low & middle income,true,2019,1.19801320825403
LMY,Low & middle income,true,2020,1.13637437870022
LMY,Low & middle income,true,2021,1.03732803386416
LMY,Low & middle income,true,2022,0.956904645217757
LMY,Low & middle income,true,2023,0.970350271390185
LMY,Low & middle income,true,2024,1.01940966578721
LMY,Low & middle income,true,2025,1.01688538175573
LSO,Lesotho,false,1960,
LSO,Lesotho,false,1961,2.98606305457089
LSO,Lesotho,false,1962,2.98469941433202
LSO,Lesotho,false,1963,2.9688663548783
LSO,Lesotho,false,1964,2.94416332386141
LSO,Lesotho,false,1965,2.92894172735619
LSO,Lesotho,false,1966,3.20080782005574
LSO,Lesotho,false,1967,3.57662247527297
LSO,Lesotho,false,1968,3.66543780093525
LSO,Lesotho,false,1969,3.63493368085685
LSO,Lesotho,false,1970,3.60303146328514
LSO,Lesotho,false,1971,3.56314846252317
LSO,Lesotho,false,1972,3.51771764791982
LSO,Lesotho,false,1973,3.47032255031086
LSO,Lesotho,false,1974,3.44684740511864
LSO,Lesotho,false,1975,3.45565914644109
LSO,Lesotho,false,1976,3.20848712369811
LSO,Lesotho,false,1977,2.89051852163095
LSO,Lesotho,false,1978,2.84849614266492
LSO,Lesotho,false,1979,2.89088743056384
LSO,Lesotho,false,1980,2.91088071319933
LSO,Lesotho,false,1981,2.91116652466055
LSO,Lesotho,false,1982,2.90363297271076
LSO,Lesotho,false,1983,2.88806229891789
LSO,Lesotho,false,1984,2.86349713848821
LSO,Lesotho,false,1985,2.83427200330796
LSO,Lesotho,false,1986,2.53827845512726
LSO,Lesotho,false,1987,2.21120096484639
LSO,Lesotho,false,1988,2.11733466448557
LSO,Lesotho,false,1989,2.02522968264034
LSO,Lesotho,false,1990,1.91128488033215
LSO,Lesotho,false,1991,1.78987959126126
LSO,Lesotho,false,1992,1.6630030854951
LSO,Lesotho,false,1993,1.510942325487
LSO,Lesotho,false,1994,1.35340882923336
LSO,Lesotho,false,1995,1.22348105728494
LSO,Lesotho,false,1996,1.06941770060456
LSO,Lesotho,false,1997,0.793429718638376
LSO,Lesotho,false,1998,0.497670599964471
LSO,Lesotho,false,1999,0.259167017289072
LSO,Lesotho,false,2000,0.0338894483530851
LSO,Lesotho,false,2001,-0.152817947191406
LSO,Lesotho,false,2002,-0.30904544946415
LSO,Lesotho,false,2003,-0.483449852068026
LSO,Lesotho,false,2004,-0.704216157980622
LSO,Lesotho,false,2005,-0.920090941162442
LSO,Lesotho,false,2006,-0.411119833657806
LSO,Lesotho,false,2007,0.420949997112671
LSO,Lesotho,false,2008,0.677229463442686
LSO,Lesotho,false,2009,0.726654299508152
LSO,Lesotho,false,2010,0.772821659424366
LSO,Lesotho,false,2011,0.885634151913232
LSO,Lesotho,false,2012,1.00510607755205
LSO,Lesotho,false,2013,1.08291299578498
LSO,Lesotho,false,2014,1.14032275206417
LSO,Lesotho,false,2015,1.17199706979444
LSO,Lesotho,false,2016,1.21894302061673
LSO,Lesotho,false,2017,1.24492806980041
LSO,Lesotho,false,2018,1.22069019410404
LSO,Lesotho,false,2019,1.17469837087993
LSO,Lesotho,false,2020,1.18432063043163
LSO,Lesotho,false,2021,1.14804266920884
LSO,Lesotho,false,2022,1.08048016923391
LSO,Lesotho,false,2023,1.10328678263994
LSO,Lesotho,false,2024,1.11644894351979
LSO,Lesotho,false,2025,1.1020485314959
LTE,Late-demographic dividend,true,1960,
LTE,Late-demographic dividend,true,1961,0.189405578734863
LTE,Late-demographic dividend,true,1962,1.29821102434378
LTE,Late-demographic dividend,true,1963,2.29186460441379
LTE,Late-demographic dividend,true,1964,2.20484107294601
LTE,Late-demographic dividend,true,1965,2.21600926864116
LTE,Late-demographic dividend,true,1966,2.39184512957651
LTE,Late-demographic dividend,true,1967,2.2670247557535
LTE,Late-demographic dividend,true,1968,2.27801994018576
LTE,Late-demographic dividend,true,1969,2.34684296048658
LTE,Late-demographic dividend,true,1970,2.34153906434327
LTE,Late-demographic dividend,true,1971,2.33395786390655
LTE,Late-demographic dividend,true,1972,2.16591007556085
LTE,Late-demographic dividend,true,1973,2.05366031514736
LTE,Late-demographic dividend,true,1974,1.91355379553525
LTE,Late-demographic dividend,true,1975,1.72946169003793
LTE,Late-demographic dividend,true,1976,1.61070312906788
LTE,Late-demographic dividend,true,1977,1.49830794005711
LTE,Late-demographic dividend,true,1978,1.47953777139504
LTE,Late-demographic dividend,true,1979,1.44942851695274
LTE,Late-demographic dividend,true,1980,1.4017636865688
LTE,Late-demographic dividend,true,1981,1.41340996316052
LTE,Late-demographic dividend,true,1982,1.51693600861957
LTE,Late-demographic dividend,true,1983,1.48909664695104
LTE,Late-demographic dividend,true,1984,1.41551919794726
LTE,Late-demographic dividend,true,1985,1.43875438765091
LTE,Late-demographic dividend,true,1986,1.5021217846007
LTE,Late-demographic dividend,true,1987,1.55782694443551
LTE,Late-demographic dividend,true,1988,1.54093739993225
LTE,Late-demographic dividend,true,1989,1.47975028037907
LTE,Late-demographic dividend,true,1990,1.35159218395988
LTE,Late-demographic dividend,true,1991,1.26875482613311
LTE,Late-demographic dividend,true,1992,1.19967995118608
LTE,Late-demographic dividend,true,1993,1.11443457817206
LTE,Late-demographic dividend,true,1994,1.07374050972198
LTE,Late-demographic dividend,true,1995,1.03214926151676
LTE,Late-demographic dividend,true,1996,0.996330361293588
LTE,Late-demographic dividend,true,1997,0.971374462035269
LTE,Late-demographic dividend,true,1998,0.932791246149365
LTE,Late-demographic dividend,true,1999,0.864803938731209
LTE,Late-demographic dividend,true,2000,0.783673440817429
LTE,Late-demographic dividend,true,2001,0.732255751370705
LTE,Late-demographic dividend,true,2002,0.6777266868722
LTE,Late-demographic dividend,true,2003,0.651137860047248
LTE,Late-demographic dividend,true,2004,0.634259966245579
LTE,Late-demographic dividend,true,2005,0.626338127805087
LTE,Late-demographic dividend,true,2006,0.63787907147996
LTE,Late-demographic dividend,true,2007,0.648669347305594
LTE,Late-demographic dividend,true,2008,0.651284273294638
LTE,Late-demographic dividend,true,2009,0.618438046314754
LTE,Late-demographic dividend,true,2010,0.562341466763332
LTE,Late-demographic dividend,true,2011,0.624147032049035
LTE,Late-demographic dividend,true,2012,0.733601388040507
LTE,Late-demographic dividend,true,2013,0.707463799619311
LTE,Late-demographic dividend,true,2014,0.721745429086577
LTE,Late-demographic dividend,true,2015,0.667279758288381
LTE,Late-demographic dividend,true,2016,0.650110367167023
LTE,Late-demographic dividend,true,2017,0.659615208820901
LTE,Late-demographic dividend,true,2018,0.546388195643394
LTE,Late-demographic dividend,true,2019,0.455107616529725
LTE,Late-demographic dividend,true,2020,0.31456704988528
LTE,Late-demographic dividend,true,2021,0.171482605874454
LTE,Late-demographic dividend,true,2022,0.158139633101719
LTE,Late-demographic dividend,true,2023,0.107296424335895
LTE,Late-demographic dividend,true,2024,0.110931670489346
LTE,Late-demographic dividend,true,2025,0.0665060155266648
LTU,Lithuania,false,1960,
LTU,Lithuania,false,1961,1.60657495946158
LTU,Lithuania,false,1962,1.3997309541126
LTU,Lithuania,false,1963,1.23563344312338
LTU,Lithuania,false,1964,1.2426991594818
LTU,Lithuania,false,1965,1.22744551054822
LTU,Lithuania,false,1966,1.22419791254519
LTU,Lithuania,false,1967,1.201180912123
LTU,Lithuania,false,1968,1.12523132285999
LTU,Lithuania,false,1969,0.920478952952093
LTU,Lithuania,false,1970,1.03628102597155
LTU,Lithuania,false,1971,1.24558285540271
LTU,Lithuania,false,1972,1.08190709614434
LTU,Lithuania,false,1973,0.95434956902678
LTU,Lithuania,false,1974,0.903795649203906
LTU,Lithuania,false,1975,0.844284714491626
LTU,Lithuania,false,1976,0.814807301678743
LTU,Lithuania,false,1977,0.789147833101285
LTU,Lithuania,false,1978,0.726941155491028
LTU,Lithuania,false,1979,0.540861205437315
LTU,Lithuania,false,1980,0.451032941179723
LTU,Lithuania,false,1981,0.576822232379474
LTU,Lithuania,false,1982,0.70338626338287
LTU,Lithuania,false,1983,0.807019735359073
LTU,Lithuania,false,1984,0.829019018784799
LTU,Lithuania,false,1985,0.859591157107066
LTU,Lithuania,false,1986,0.965016472614713
LTU,Lithuania,false,1987,1.04105283058689
LTU,Lithuania,false,1988,1.06395686619688
LTU,Lithuania,false,1989,0.79588348340029
LTU,Lithuania,false,1990,0.367999030323355
LTU,Lithuania,false,1991,0.170116869352429
LTU,Lithuania,false,1992,-0.108586324904251
LTU,Lithuania,false,1993,-0.474107542700159
LTU,Lithuania,false,1994,-0.694003962919015
LTU,Lithuania,false,1995,-0.769728017770742
LTU,Lithuania,false,1996,-0.760343408174495
LTU,Lithuania,false,1997,-0.737830358066631
LTU,Lithuania,false,1998,-0.724436206600195
LTU,Lithuania,false,1999,-0.709489234071613
LTU,Lithuania,false,2000,-0.703385440488978
LTU,Lithuania,false,2001,-0.824008723044179
LTU,Lithuania,false,2002,-0.802765710748508
LTU,Lithuania,false,2003,-0.812278097406687
LTU,Lithuania,false,2004,-1.12299127483243
LTU,Lithuania,false,2005,-1.62840112593427
LTU,Lithuania,false,2006,-1.59637831830094
LTU,Lithuania,false,2007,-1.187947957259
LTU,Lithuania,false,2008,-1.02848317546539
LTU,Lithuania,false,2009,-1.11034575437238
LTU,Lithuania,false,2010,-2.09694341985475
LTU,Lithuania,false,2011,-2.25846389882827
LTU,Lithuania,false,2012,-1.2954927649989
LTU,Lithuania,false,2013,-0.937390957711289
LTU,Lithuania,false,2014,-0.813668566231451
LTU,Lithuania,false,2015,-0.89406825888146
LTU,Lithuania,false,2016,-1.16730651563847
LTU,Lithuania,false,2017,-1.21281970207312
LTU,Lithuania,false,2018,-0.82796893028899
LTU,Lithuania,false,2019,-0.288120400605037
LTU,Lithuania,false,2020,-0.0256161303326233
LTU,Lithuania,false,2021,-0.070798680741267
LTU,Lithuania,false,2022,0.824789131191284
LTU,Lithuania,false,2023,1.40084461829591
LTU,Lithuania,false,2024,0.579633464785161
LTU,Lithuania,false,2025,0.0171713878019065
LUX,Luxembourg,false,1960,
LUX,Luxembourg,false,1961,0.911525536470683
LUX,Luxembourg,false,1962,1.22493081884298
LUX,Luxembourg,false,1963,1.03901066517559
LUX,Luxembourg,false,1964,1.11990124963074
LUX,Luxembourg,false,1965,1.1376686982108
LUX,Luxembourg,false,1966,0.71987626682955
LUX,Luxembourg,false,1967,0.328903404633494
LUX,Luxembourg,false,1968,0.2549025372326
LUX,Luxembourg,false,1969,0.490087859971103
LUX,Luxembourg,false,1970,0.493889466721461
LUX,Luxembourg,false,1971,0.953656918277231
LUX,Luxembourg,false,1972,1.21304031189342
LUX,Luxembourg,false,1973,1.10466656648279
LUX,Luxembourg,false,1974,1.30405816817688
LUX,Luxembourg,false,1975,1.09244783943894
LUX,Luxembourg,false,1976,0.494942519180953
LUX,Luxembourg,false,1977,0.173662846984142
LUX,Luxembourg,false,1978,0.179439197124502
LUX,Luxembourg,false,1979,0.234251269062172
LUX,Luxembourg,false,1980,0.355980931791434
LUX,Luxembourg,false,1981,0.294773135465379
LUX,Luxembourg,false,1982,0.082107428492381
LUX,Luxembourg,false,1983,0.0265336520751997
LUX,Luxembourg,false,1984,0.1027856081308
LUX,Luxembourg,false,1985,0.193256818675591
LUX,Luxembourg,false,1986,0.44867099908019
LUX,Luxembourg,false,1987,0.648083393492208
LUX,Luxembourg,false,1988,0.725614578503426
LUX,Luxembourg,false,1989,0.972627746123582
LUX,Luxembourg,false,1990,1.25174570700817
LUX,Luxembourg,false,1991,1.33968316953886
LUX,Luxembourg,false,1992,1.32834757125223
LUX,Luxembourg,false,1993,1.34238702924688
LUX,Luxembourg,false,1994,1.36184013740089
LUX,Luxembourg,false,1995,1.40474246355929
LUX,Luxembourg,false,1996,1.36114394109864
LUX,Luxembourg,false,1997,1.25350248369427
LUX,Luxembourg,false,1998,1.24387080269218
LUX,Luxembourg,false,1999,1.35062128530242
LUX,Luxembourg,false,2000,1.34408299573143
LUX,Luxembourg,false,2001,1.19045634528707
LUX,Luxembourg,false,2002,1.04766081596443
LUX,Luxembourg,false,2003,1.21520087964639
LUX,Luxembourg,false,2004,1.42133256471314
LUX,Luxembourg,false,2005,1.53005466340868
LUX,Luxembourg,false,2006,1.59505191774492
LUX,Luxembourg,false,2007,1.54438684650549
LUX,Luxembourg,false,2008,1.78749663225793
LUX,Luxembourg,false,2009,1.85177523043645
LUX,Luxembourg,false,2010,1.8254058035237
LUX,Luxembourg,false,2011,2.22266050326725
LUX,Luxembourg,false,2012,2.40154189982875
LUX,Luxembourg,false,2013,2.31117625275217
LUX,Luxembourg,false,2014,2.35697870484045
LUX,Luxembourg,false,2015,2.35995118136865
LUX,Luxembourg,false,2016,2.15531198799205
LUX,Luxembourg,false,2017,2.43097641776115
LUX,Luxembourg,false,2018,1.92883751398765
LUX,Luxembourg,false,2019,1.9628449198635
LUX,Luxembourg,false,2020,1.66635867423273
LUX,Luxembourg,false,2021,1.51834936706612
LUX,Luxembourg,false,2022,2.01666790212729
LUX,Luxembourg,false,2023,2.02002574712319
LUX,Luxembourg,false,2024,1.57538901671221
LUX,Luxembourg,false,2025,1.46016251329208
LVA,Latvia,false,1960,
LVA,Latvia,false,1961,1.48362675105514
LVA,Latvia,false,1962,1.33380931662705
LVA,Latvia,false,1963,1.33561309771935
LVA,Latvia,false,1964,1.33456859999138
LVA,Latvia,false,1965,1.12264639619669
LVA,Latvia,false,1966,0.760499724364783
LVA,Latvia,false,1967,0.785400368393627
LVA,Latvia,false,1968,0.968646698267354
LVA,Latvia,false,1969,0.838010969142035
LVA,Latvia,false,1970,0.680132523152894
LVA,Latvia,false,1971,0.727478964584023
LVA,Latvia,false,1972,0.808250225764662
LVA,Latvia,false,1973,0.837374915156971
LVA,Latvia,false,1974,0.880573503137927
LVA,Latvia,false,1975,0.774284540119002
LVA,Latvia,false,1976,0.603153487739212
LVA,Latvia,false,1977,0.56835600171116
LVA,Latvia,false,1978,0.515675052839177
LVA,Latvia,false,1979,0.321031540691557
LVA,Latvia,false,1980,0.229111154908763
LVA,Latvia,false,1981,0.306890036020135
LVA,Latvia,false,1982,0.461697590425841
LVA,Latvia,false,1983,0.588173150511269
LVA,Latvia,false,1984,0.627872772057869
LVA,Latvia,false,1985,0.654593344449627
LVA,Latvia,false,1986,0.811742390944632
LVA,Latvia,false,1987,1.0213856199337
LVA,Latvia,false,1988,1.01708882644933
LVA,Latvia,false,1989,0.508272199965741
LVA,Latvia,false,1990,-0.142736397581795
LVA,Latvia,false,1991,-0.473114694040671
LVA,Latvia,false,1992,-1.37679506583504
LVA,Latvia,false,1993,-1.97193209570356
LVA,Latvia,false,1994,-1.67382870075107
LVA,Latvia,false,1995,-1.42581081215727
LVA,Latvia,false,1996,-1.12637509582344
LVA,Latvia,false,1997,-0.996762288757542
LVA,Latvia,false,1998,-0.942918937122207
LVA,Latvia,false,1999,-0.813961203872195
LVA,Latvia,false,2000,-0.963935407092365
LVA,Latvia,false,2001,-1.29148694354873
LVA,Latvia,false,2002,-1.1618382239436
LVA,Latvia,false,2003,-0.966400801237561
LVA,Latvia,false,2004,-1.09131295557421
LVA,Latvia,false,2005,-1.08057145691172
LVA,Latvia,false,2006,-0.91727295748817
LVA,Latvia,false,2007,-0.816175506582982
LVA,Latvia,false,2008,-1.0509395443743
LVA,Latvia,false,2009,-1.65102496759116
LVA,Latvia,false,2010,-2.08130508988111
LVA,Latvia,false,2011,-1.82076700208005
LVA,Latvia,false,2012,-1.24035915329271
LVA,Latvia,false,2013,-1.07103480329077
LVA,Latvia,false,2014,-0.941743354234222
LVA,Latvia,false,2015,-0.818626340945853
LVA,Latvia,false,2016,-0.913885332226604
LVA,Latvia,false,2017,-0.886215573292392
LVA,Latvia,false,2018,-0.779138396192231
LVA,Latvia,false,2019,-0.695239140136066
LVA,Latvia,false,2020,-0.701211570733301
LVA,Latvia,false,2021,-0.843294678005026
LVA,Latvia,false,2022,-0.271369577775699
LVA,Latvia,false,2023,0.22997050070229
LVA,Latvia,false,2024,-0.93796839712162
LVA,Latvia,false,2025,-0.987592806179397
MAC,"Macao SAR, China",false,1960,
MAC,"Macao SAR, China",false,1961,0.004615766304582
MAC,"Macao SAR, China",false,1962,2.55586587221762
MAC,"Macao SAR, China",false,1963,2.40326058840166
MAC,"Macao SAR, China",false,1964,21.4259113885264
MAC,"Macao SAR, China",false,1965,16.3100843421728
MAC,"Macao SAR, China",false,1966,-1.01746521213197
MAC,"Macao SAR, China",false,1967,-0.962624345077011
MAC,"Macao SAR, China",false,1968,-0.960737081290516
MAC,"Macao SAR, China",false,1969,-1.02370355399617
MAC,"Macao SAR, China",false,1970,0.815292929183084
MAC,"Macao SAR, China",false,1971,-3.96092950673516
MAC,"Macao SAR, China",false,1972,-0.954418860283084
MAC,"Macao SAR, China",false,1973,-0.922421217021332
MAC,"Macao SAR, China",false,1974,-0.931009103988052
MAC,"Macao SAR, China",false,1975,-0.981731122426308
MAC,"Macao SAR, China",false,1976,-1.0975205143768
MAC,"Macao SAR, China",false,1977,-1.13116135146259
MAC,"Macao SAR, China",false,1978,-0.236381328504968
MAC,"Macao SAR, China",false,1979,1.19761910467158
MAC,"Macao SAR, China",false,1980,1.87433095811686
MAC,"Macao SAR, China",false,1981,2.12620250325307
MAC,"Macao SAR, China",false,1982,3.94485026924426
MAC,"Macao SAR, China",false,1983,5.59359464869396
MAC,"Macao SAR, China",false,1984,4.90907219716118
MAC,"Macao SAR, China",false,1985,2.39291829861401
MAC,"Macao SAR, China",false,1986,2.16824542024803
MAC,"Macao SAR, China",false,1987,3.58306698573209
MAC,"Macao SAR, China",false,1988,2.93831847518061
MAC,"Macao SAR, China",false,1989,2.83906137229477
MAC,"Macao SAR, China",false,1990,2.98484396444169
MAC,"Macao SAR, China",false,1991,4.86550957997506
MAC,"Macao SAR, China",false,1992,5.3296121741518
MAC,"Macao SAR, China",false,1993,3.47100680921818
MAC,"Macao SAR, China",false,1994,3.2789822822991
MAC,"Macao SAR, China",false,1995,3.10160080876396
MAC,"Macao SAR, China",false,1996,1.40710715606357
MAC,"Macao SAR, China",false,1997,0.528593253851375
MAC,"Macao SAR, China",false,1998,1.19105743423909
MAC,"Macao SAR, China",false,1999,1.20043809451493
MAC,"Macao SAR, China",false,2000,0.74592420452155
MAC,"Macao SAR, China",false,2001,0.763450787404228
MAC,"Macao SAR, China",false,2002,1.03176428295007
MAC,"Macao SAR, China",false,2003,1.17915198424063
MAC,"Macao SAR, China",false,2004,2.47146053547528
MAC,"Macao SAR, China",false,2005,4.05140517951681
MAC,"Macao SAR, China",false,2006,5.22537622408586
MAC,"Macao SAR, China",false,2007,4.31524098841543
MAC,"Macao SAR, China",false,2008,3.73065116368133
MAC,"Macao SAR, China",false,2009,-1.05978494919527
MAC,"Macao SAR, China",false,2010,0.373134761285818
MAC,"Macao SAR, China",false,2011,2.31926463992749
MAC,"Macao SAR, China",false,2012,3.27546059752472
MAC,"Macao SAR, China",false,2013,4.13923548132925
MAC,"Macao SAR, China",false,2014,4.91199595786127
MAC,"Macao SAR, China",false,2015,3.3531529872349
MAC,"Macao SAR, China",false,2016,1.48219480492074
MAC,"Macao SAR, China",false,2017,-0.630334933532746
MAC,"Macao SAR, China",false,2018,1.60639880582531
MAC,"Macao SAR, China",false,2019,1.96865626033754
MAC,"Macao SAR, China",false,2020,1.9744268917359
MAC,"Macao SAR, China",false,2021,-0.424008238139362
MAC,"Macao SAR, China",false,2022,-0.764822083825685
MAC,"Macao SAR, China",false,2023,0.221222713921319
MAC,"Macao SAR, China",false,2024,1.20077588622782
MAC,"Macao SAR, China",false,2025,-0.160244771707362
MAF,St. Martin (French part),false,1960,
MAF,St. Martin (French part),false,1961,3.1498667059371
MAF,St. Martin (French part),false,1962,3.16418184581251
MAF,St. Martin (French part),false,1963,3.17417952644676
MAF,St. Martin (French part),false,1964,3.24238929600667
MAF,St. Martin (French part),false,1965,3.44124355849755
MAF,St. Martin (French part),false,1966,4.25179135226377
MAF,St. Martin (French part),false,1967,4.84886745342806
MAF,St. Martin (French part),false,1968,3.95931696486955
MAF,St. Martin (French part),false,1969,3.02765103117905
MAF,St. Martin (French part),false,1970,3.00484210103405
MAF,St. Martin (French part),false,1971,2.94929726806761
MAF,St. Martin (French part),false,1972,2.8647998550338
MAF,St. Martin (French part),false,1973,2.87601521752627
MAF,St. Martin (French part),false,1974,3.06062554961491
MAF,St. Martin (French part),false,1975,3.42543787058917
MAF,St. Martin (French part),false,1976,3.69611837385793
MAF,St. Martin (French part),false,1977,3.57757356890578
MAF,St. Martin (French part),false,1978,3.2879318006292
MAF,St. Martin (French part),false,1979,3.03454193695627
MAF,St. Martin (French part),false,1980,2.75229898142422
MAF,St. Martin (French part),false,1981,2.50221561754927
MAF,St. Martin (French part),false,1982,11.0829178436506
MAF,St. Martin (French part),false,1983,19.0381816011935
MAF,St. Martin (French part),false,1984,17.8759859407083
MAF,St. Martin (French part),false,1985,15.8706969202627
MAF,St. Martin (French part),false,1986,14.2392298180216
MAF,St. Martin (French part),false,1987,12.8751152612434
MAF,St. Martin (French part),false,1988,11.7888308787619
MAF,St. Martin (French part),false,1989,10.7829149091624
MAF,St. Martin (French part),false,1990,6.48031064017155
MAF,St. Martin (French part),false,1991,2.02027073175195
MAF,St. Martin (French part),false,1992,0.970965282762913
MAF,St. Martin (French part),false,1993,0.688795280176105
MAF,St. Martin (French part),false,1994,0.446376071270989
MAF,St. Martin (French part),false,1995,0.193604326560294
MAF,St. Martin (French part),false,1996,-0.0916605906688667
MAF,St. Martin (French part),false,1997,-0.408399982270362
MAF,St. Martin (French part),false,1998,-0.739349594205661
MAF,St. Martin (French part),false,1999,0.606259670624174
MAF,St. Martin (French part),false,2000,2.40227476547467
MAF,St. Martin (French part),false,2001,2.65480483944633
MAF,St. Martin (French part),false,2002,2.56716070268805
MAF,St. Martin (French part),false,2003,2.47203950414339
MAF,St. Martin (French part),false,2004,2.36719103264538
MAF,St. Martin (French part),false,2005,2.25646319439153
MAF,St. Martin (French part),false,2006,2.12879470457641
MAF,St. Martin (French part),false,2007,1.94019944267035
MAF,St. Martin (French part),false,2008,1.7421017059346
MAF,St. Martin (French part),false,2009,1.50154629037256
MAF,St. Martin (French part),false,2010,0.965137402578689
MAF,St. Martin (French part),false,2011,0.57626131737988
MAF,St. Martin (French part),false,2012,0.556864711599445
MAF,St. Martin (French part),false,2013,0.38289088882727
MAF,St. Martin (French part),false,2014,0.082811315154676
MAF,St. Martin (French part),false,2015,-0.216522625657602
MAF,St. Martin (French part),false,2016,-0.520499136043373
MAF,St. Martin (French part),false,2017,-0.913371749973348
MAF,St. Martin (French part),false,2018,-2.26505586002549
MAF,St. Martin (French part),false,2019,-4.96694243141292
MAF,St. Martin (French part),false,2020,-7.51568506574733
MAF,St. Martin (French part),false,2021,-5.91294053455205
MAF,St. Martin (French part),false,2022,-3.70935422542636
MAF,St. Martin (French part),false,2023,-4.80716831631216
MAF,St. Martin (French part),false,2024,-5.16855018990472
MAF,St. Martin (French part),false,2025,-4.65327729336626
MAR,Morocco,false,1960,
MAR,Morocco,false,1961,2.59949911503816
MAR,Morocco,false,1962,2.66311341380874
MAR,Morocco,false,1963,2.61313490930163
MAR,Morocco,false,1964,2.52312886520977
MAR,Morocco,false,1965,2.60389842059825
MAR,Morocco,false,1966,2.66740253728853
MAR,Morocco,false,1967,2.69275670272462
MAR,Morocco,false,1968,2.68219926809977
MAR,Morocco,false,1969,2.65715346834029
MAR,Morocco,false,1970,2.64680544039222
MAR,Morocco,false,1971,2.59518253569122
MAR,Morocco,false,1972,2.52759258309704
MAR,Morocco,false,1973,2.49045450670657
MAR,Morocco,false,1974,2.46577302950072
MAR,Morocco,false,1975,2.46108674916092
MAR,Morocco,false,1976,2.43868897625255
MAR,Morocco,false,1977,2.47603066116063
MAR,Morocco,false,1978,2.53563520321846
MAR,Morocco,false,1979,2.55512702090297
MAR,Morocco,false,1980,2.62593255873845
MAR,Morocco,false,1981,2.66439093425071
MAR,Morocco,false,1982,2.64134602477407
MAR,Morocco,false,1983,2.59930373342767
MAR,Morocco,false,1984,2.49966630458029
MAR,Morocco,false,1985,2.38035491289014
MAR,Morocco,false,1986,2.17766698529866
MAR,Morocco,false,1987,1.9870856970647
MAR,Morocco,false,1988,1.91664251827313
MAR,Morocco,false,1989,1.85035031950596
MAR,Morocco,false,1990,1.80543997877046
MAR,Morocco,false,1991,1.72232725594236
MAR,Morocco,false,1992,1.65347397517767
MAR,Morocco,false,1993,1.58233207878875
MAR,Morocco,false,1994,1.49661980506301
MAR,Morocco,false,1995,1.52142282241445
MAR,Morocco,false,1996,1.53619606424248
MAR,Morocco,false,1997,1.5002842238488
MAR,Morocco,false,1998,1.48926290977857
MAR,Morocco,false,1999,1.45749048336448
MAR,Morocco,false,2000,1.40392630100829
MAR,Morocco,false,2001,1.36697144784375
MAR,Morocco,false,2002,1.32213816814169
MAR,Morocco,false,2003,1.27031081599857
MAR,Morocco,false,2004,1.28219021585352
MAR,Morocco,false,2005,1.34347301576107
MAR,Morocco,false,2006,1.35136550551358
MAR,Morocco,false,2007,1.34058101398506
MAR,Morocco,false,2008,1.33869604527126
MAR,Morocco,false,2009,1.33260098178586
MAR,Morocco,false,2010,1.35274286216317
MAR,Morocco,false,2011,1.36305168989377
MAR,Morocco,false,2012,1.3359712863904
MAR,Morocco,false,2013,1.28781015302784
MAR,Morocco,false,2014,1.22723874148544
MAR,Morocco,false,2015,1.17075639938741
MAR,Morocco,false,2016,1.19450726277516
MAR,Morocco,false,2017,1.20034336418867
MAR,Morocco,false,2018,1.1036421008163
MAR,Morocco,false,2019,1.03022315933698
MAR,Morocco,false,2020,1.02565486360782
MAR,Morocco,false,2021,1.00691847923959
MAR,Morocco,false,2022,1.00863622672701
MAR,Morocco,false,2023,1.02195181223548
MAR,Morocco,false,2024,0.972827595296714
MAR,Morocco,false,2025,0.913842778572571
MCO,Monaco,false,1960,
MCO,Monaco,false,1961,0.425542292625302
MCO,Monaco,false,1962,0.804933971573009
MCO,Monaco,false,1963,1.38094540967689
MCO,Monaco,false,1964,1.3356902443922
MCO,Monaco,false,1965,1.11777085933469
MCO,Monaco,false,1966,0.824800647396599
MCO,Monaco,false,1967,0.427083757815385
MCO,Monaco,false,1968,0.887142338741969
MCO,Monaco,false,1969,1.66712839714896
MCO,Monaco,false,1970,1.65630086840649
MCO,Monaco,false,1971,1.42200941399698
MCO,Monaco,false,1972,1.15701764042621
MCO,Monaco,false,1973,0.841115224414124
MCO,Monaco,false,1974,0.648023417856064
MCO,Monaco,false,1975,1.04465323721547
MCO,Monaco,false,1976,1.53714477114742
MCO,Monaco,false,1977,1.44918960071659
MCO,Monaco,false,1978,1.2557372165312
MCO,Monaco,false,1979,1.07296765584577
MCO,Monaco,false,1980,0.851636205896323
MCO,Monaco,false,1981,0.628505239002
MCO,Monaco,false,1982,0.977147090166555
MCO,Monaco,false,1983,1.43731874081703
MCO,Monaco,false,1984,1.40637306271615
MCO,Monaco,false,1985,1.31380312148208
MCO,Monaco,false,1986,1.25209162049257
MCO,Monaco,false,1987,1.20604820306991
MCO,Monaco,false,1988,1.13125288324776
MCO,Monaco,false,1989,1.01228626884622
MCO,Monaco,false,1990,0.906660524051086
MCO,Monaco,false,1991,0.875659466022369
MCO,Monaco,false,1992,0.851871454058648
MCO,Monaco,false,1993,0.802932259811704
MCO,Monaco,false,1994,0.76466914483534
MCO,Monaco,false,1995,0.743049271679595
MCO,Monaco,false,1996,0.71872452628236
MCO,Monaco,false,1997,0.707358191973761
MCO,Monaco,false,1998,0.63423187882689
MCO,Monaco,false,1999,0.442198101388181
MCO,Monaco,false,2000,0.138749733197593
MCO,Monaco,false,2001,-0.0246525532048751
MCO,Monaco,false,2002,-0.077078423400188
MCO,Monaco,false,2003,-0.148157320761246
MCO,Monaco,false,2004,-0.207170649691514
MCO,Monaco,false,2005,-0.300696167174622
MCO,Monaco,false,2006,-0.476139508779456
MCO,Monaco,false,2007,-0.688643282374539
MCO,Monaco,false,2008,-0.00314104879645484
MCO,Monaco,false,2009,1.64489690019902
MCO,Monaco,false,2010,2.4388102675618
MCO,Monaco,false,2011,2.33362301181285
MCO,Monaco,false,2012,2.22856128605207
MCO,Monaco,false,2013,2.09819835631417
MCO,Monaco,false,2014,1.90295648042493
MCO,Monaco,false,2015,1.7260495743784
MCO,Monaco,false,2016,1.40210042123736
MCO,Monaco,false,2017,1.07266818197735
MCO,Monaco,false,2018,1.2554231770143
MCO,Monaco,false,2019,-0.118012680389237
MCO,Monaco,false,2020,-0.15493904017385
MCO,Monaco,false,2021,1.24582098923186
MCO,Monaco,false,2022,1.04315542231896
MCO,Monaco,false,2023,0.064195567574974
MCO,Monaco,false,2024,-0.837774113919638
MCO,Monaco,false,2025,-0.753524326194984
MDA,Moldova,false,1960,
MDA,Moldova,false,1961,2.17760212493563
MDA,Moldova,false,1962,2.06568654448388
MDA,Moldova,false,1963,1.92196080501834
MDA,Moldova,false,1964,1.77074717830388
MDA,Moldova,false,1965,1.65971396595993
MDA,Moldova,false,1966,1.60208087772257
MDA,Moldova,false,1967,1.54431306592755
MDA,Moldova,false,1968,1.50203385669015
MDA,Moldova,false,1969,1.48055361956796
MDA,Moldova,false,1970,1.20185703614291
MDA,Moldova,false,1971,0.939984680315135
MDA,Moldova,false,1972,0.975913813269245
MDA,Moldova,false,1973,1.03465641821004
MDA,Moldova,false,1974,1.09255896107614
MDA,Moldova,false,1975,1.12961377552511
MDA,Moldova,false,1976,1.14237953226183
MDA,Moldova,false,1977,1.14143319292746
MDA,Moldova,false,1978,1.13254212088641
MDA,Moldova,false,1979,1.00479452273086
MDA,Moldova,false,1980,0.951096897994758
MDA,Moldova,false,1981,1.00326628499094
MDA,Moldova,false,1982,0.986135145593283
MDA,Moldova,false,1983,1.01205190262368
MDA,Moldova,false,1984,1.0446437255523
MDA,Moldova,false,1985,1.0674540486987
MDA,Moldova,false,1986,1.12560930209132
MDA,Moldova,false,1987,1.14665573797613
MDA,Moldova,false,1988,1.11114205557319
MDA,Moldova,false,1989,0.714591657341126
MDA,Moldova,false,1990,0.264729975010194
MDA,Moldova,false,1991,0.122628205285669
MDA,Moldova,false,1992,-0.0201592243976584
MDA,Moldova,false,1993,-0.167838142610697
MDA,Moldova,false,1994,-0.310329995862598
MDA,Moldova,false,1995,-0.457606401290052
MDA,Moldova,false,1996,-0.200220624729015
MDA,Moldova,false,1997,-0.369835352113778
MDA,Moldova,false,1998,-0.0403975726076274
MDA,Moldova,false,1999,-0.157010551960425
MDA,Moldova,false,2000,-0.203371722054682
MDA,Moldova,false,2001,-0.223625637302563
MDA,Moldova,false,2002,-0.231580062051396
MDA,Moldova,false,2003,-0.281602495320467
MDA,Moldova,false,2004,-0.247447154059097
MDA,Moldova,false,2005,-0.243318711825946
MDA,Moldova,false,2006,-0.277922768195992
MDA,Moldova,false,2007,-0.231718324871942
MDA,Moldova,false,2008,-0.190349156188775
MDA,Moldova,false,2009,-0.12626339171085
MDA,Moldova,false,2010,-0.0998329740168972
MDA,Moldova,false,2011,-0.0578362648793712
MDA,Moldova,false,2012,-0.0131095435392298
MDA,Moldova,false,2013,-0.0267837694756349
MDA,Moldova,false,2014,-0.0609720602101012
MDA,Moldova,false,2015,-0.767049559673864
MDA,Moldova,false,2016,-1.16302237797705
MDA,Moldova,false,2017,-1.72705846625605
MDA,Moldova,false,2018,-1.75700442074845
MDA,Moldova,false,2019,-1.60031653578231
MDA,Moldova,false,2020,-1.09803165876287
MDA,Moldova,false,2021,-1.50342952349937
MDA,Moldova,false,2022,-2.62110760462091
MDA,Moldova,false,2023,-2.84274212689094
MDA,Moldova,false,2024,-2.28306147072637
MDA,Moldova,false,2025,-1.75442101889586
MDG,Madagascar,false,1960,
MDG,Madagascar,false,1961,2.60952453699851
MDG,Madagascar,false,1962,2.5963453104807
MDG,Madagascar,false,1963,2.58572787249008
MDG,Madagascar,false,1964,2.58482241841227
MDG,Madagascar,false,1965,2.59834049822697
MDG,Madagascar,false,1966,2.631506090784
MDG,Madagascar,false,1967,2.67888445416775
MDG,Madagascar,false,1968,2.73274719565462
MDG,Madagascar,false,1969,2.78682858615491
MDG,Madagascar,false,1970,2.84720912564965
MDG,Madagascar,false,1971,2.90792035794676
MDG,Madagascar,false,1972,2.94830332937606
MDG,Madagascar,false,1973,2.97533945351529
MDG,Madagascar,false,1974,2.99632343183637
MDG,Madagascar,false,1975,3.01169153845529
MDG,Madagascar,false,1976,3.02253189871481
MDG,Madagascar,false,1977,3.0301463232697
MDG,Madagascar,false,1978,3.03799169451615
MDG,Madagascar,false,1979,3.04107829302885
MDG,Madagascar,false,1980,3.02611971566068
MDG,Madagascar,false,1981,2.98603927830803
MDG,Madagascar,false,1982,2.95891102935467
MDG,Madagascar,false,1983,2.94209346824794
MDG,Madagascar,false,1984,2.91853655072819
MDG,Madagascar,false,1985,2.90370917254756
MDG,Madagascar,false,1986,2.86949318800199
MDG,Madagascar,false,1987,2.85028376047796
MDG,Madagascar,false,1988,2.87457496042423
MDG,Madagascar,false,1989,2.90849409349712
MDG,Madagascar,false,1990,2.95165872036178
MDG,Madagascar,false,1991,2.98892403647048
MDG,Madagascar,false,1992,3.00913797217694
MDG,Madagascar,false,1993,3.0502535632257
MDG,Madagascar,false,1994,3.10719838973684
MDG,Madagascar,false,1995,3.16254820979997
MDG,Madagascar,false,1996,3.2173927391356
MDG,Madagascar,false,1997,3.25505471239561
MDG,Madagascar,false,1998,3.27159813295267
MDG,Madagascar,false,1999,3.24667519014568
MDG,Madagascar,false,2000,3.17297260783499
MDG,Madagascar,false,2001,3.0798984770565
MDG,Madagascar,false,2002,2.9899935045994
MDG,Madagascar,false,2003,2.93067077025108
MDG,Madagascar,false,2004,2.91610861061954
MDG,Madagascar,false,2005,2.92926937068758
MDG,Madagascar,false,2006,2.93769107946479
MDG,Madagascar,false,2007,2.93494950819065
MDG,Madagascar,false,2008,2.93532927308935
MDG,Madagascar,false,2009,2.93604117284744
MDG,Madagascar,false,2010,2.90919662127516
MDG,Madagascar,false,2011,2.83965714379658
MDG,Madagascar,false,2012,2.76626312576328
MDG,Madagascar,false,2013,2.71964840033078
MDG,Madagascar,false,2014,2.68077948175383
MDG,Madagascar,false,2015,2.63948434650119
MDG,Madagascar,false,2016,2.61335935661539
MDG,Madagascar,false,2017,2.60345495087599
MDG,Madagascar,false,2018,2.60334538024635
MDG,Madagascar,false,2019,2.60136633480103
MDG,Madagascar,false,2020,2.56778870397591
MDG,Madagascar,false,2021,2.51537360931706
MDG,Madagascar,false,2022,2.48207836172625
MDG,Madagascar,false,2023,2.46201530433165
MDG,Madagascar,false,2024,2.43524760129506
MDG,Madagascar,false,2025,2.39781026296956
MDV,Maldives,false,1960,
MDV,Maldives,false,1961,2.44922581308314
MDV,Maldives,false,1962,2.48570276840475
MDV,Maldives,false,1963,2.49466612698065
MDV,Maldives,false,1964,2.45381471608925
MDV,Maldives,false,1965,3.36028177159204
MDV,Maldives,false,1966,4.14434992962319
MDV,Maldives,false,1967,3.63873925371918
MDV,Maldives,false,1968,3.10344543403231
MDV,Maldives,false,1969,2.96152589554649
MDV,Maldives,false,1970,3.01114671263878
MDV,Maldives,false,1971,3.04993790538336
MDV,Maldives,false,1972,3.04903795103684
MDV,Maldives,false,1973,2.99661411059698
MDV,Maldives,false,1974,2.93964875648331
MDV,Maldives,false,1975,2.96332681946064
MDV,Maldives,false,1976,3.00487375257827
MDV,Maldives,false,1977,2.94222355124426
MDV,Maldives,false,1978,2.7454830500079
MDV,Maldives,false,1979,2.65465688185522
MDV,Maldives,false,1980,2.75236857926909
MDV,Maldives,false,1981,2.80967259952847
MDV,Maldives,false,1982,2.79255637868145
MDV,Maldives,false,1983,2.71333707399412
MDV,Maldives,false,1984,2.79106319099223
MDV,Maldives,false,1985,3.19018844984361
MDV,Maldives,false,1986,3.49605745567876
MDV,Maldives,false,1987,3.49717213013985
MDV,Maldives,false,1988,3.34675148443986
MDV,Maldives,false,1989,3.19795439440367
MDV,Maldives,false,1990,3.17495594408846
MDV,Maldives,false,1991,3.08414944112238
MDV,Maldives,false,1992,2.86660285823986
MDV,Maldives,false,1993,2.62350414564248
MDV,Maldives,false,1994,2.39588951749495
MDV,Maldives,false,1995,2.29658684319165
MDV,Maldives,false,1996,2.19586623197496
MDV,Maldives,false,1997,2.02250438967603
MDV,Maldives,false,1998,1.85635292041612
MDV,Maldives,false,1999,1.70471377146204
MDV,Maldives,false,2000,1.64706787778788
MDV,Maldives,false,2001,1.66955947887464
MDV,Maldives,false,2002,1.67678289699847
MDV,Maldives,false,2003,1.65789955318333
MDV,Maldives,false,2004,1.64645534671167
MDV,Maldives,false,2005,1.65046635945583
MDV,Maldives,false,2006,2.39322700867029
MDV,Maldives,false,2007,3.33024681100438
MDV,Maldives,false,2008,3.53961652894355
MDV,Maldives,false,2009,3.53754131988817
MDV,Maldives,false,2010,3.53092174013543
MDV,Maldives,false,2011,3.50821445523557
MDV,Maldives,false,2012,3.45705386277423
MDV,Maldives,false,2013,3.36852336235274
MDV,Maldives,false,2014,3.33008930667728
MDV,Maldives,false,2015,3.45425190846638
MDV,Maldives,false,2016,3.47818441091268
MDV,Maldives,false,2017,3.3230837355609
MDV,Maldives,false,2018,3.18090435033978
MDV,Maldives,false,2019,3.04593554452725
MDV,Maldives,false,2020,2.90711274683574
MDV,Maldives,false,2021,2.75700187362712
MDV,Maldives,false,2022,1.528878337276
MDV,Maldives,false,2023,0.359585188904548
MDV,Maldives,false,2024,0.342572358181693
MDV,Maldives,false,2025,0.35499694483684
MEA,"Middle East, North Africa, Afghanistan & Pakistan",true,1960,
MEA,"Middle East, North Africa, Afghanistan & Pakistan",true,1961,2.58466734013589
MEA,"Middle East, North Africa, Afghanistan & Pakistan",true,1962,2.6320001817094
MEA,"Middle East, North Africa, Afghanistan & Pakistan",true,1963,2.66290024927835
MEA,"Middle East, North Africa, Afghanistan & Pakistan",true,1964,2.69473425212355
MEA,"Middle East, North Africa, Afghanistan & Pakistan",true,1965,2.70445299716742
MEA,"Middle East, North Africa, Afghanistan & Pakistan",true,1966,2.73717720807861
MEA,"Middle East, North Africa, Afghanistan & Pakistan",true,1967,2.81830722792914
MEA,"Middle East, North Africa, Afghanistan & Pakistan",true,1968,2.8100391923014
MEA,"Middle East, North Africa, Afghanistan & Pakistan",true,1969,2.83766795534913
MEA,"Middle East, North Africa, Afghanistan & Pakistan",true,1970,2.84741054372631
MEA,"Middle East, North Africa, Afghanistan & Pakistan",true,1971,2.78810861883821
MEA,"Middle East, North Africa, Afghanistan & Pakistan",true,1972,2.77688879057554
MEA,"Middle East, North Africa, Afghanistan & Pakistan",true,1973,2.85683554340503
MEA,"Middle East, North Africa, Afghanistan & Pakistan",true,1974,2.87407815756532
MEA,"Middle East, North Africa, Afghanistan & Pakistan",true,1975,2.97339880241087
MEA,"Middle East, North Africa, Afghanistan & Pakistan",true,1976,3.05069099101424
MEA,"Middle East, North Africa, Afghanistan & Pakistan",true,1977,3.04887191407543
MEA,"Middle East, North Africa, Afghanistan & Pakistan",true,1978,3.06911509146589
MEA,"Middle East, North Africa, Afghanistan & Pakistan",true,1979,3.10387633435911
MEA,"Middle East, North Africa, Afghanistan & Pakistan",true,1980,3.15719690555013
MEA,"Middle East, North Africa, Afghanistan & Pakistan",true,1981,3.18621685895276
MEA,"Middle East, North Africa, Afghanistan & Pakistan",true,1982,3.16698594031269
MEA,"Middle East, North Africa, Afghanistan & Pakistan",true,1983,3.18409396049615
MEA,"Middle East, North Africa, Afghanistan & Pakistan",true,1984,3.22266000398941
MEA,"Middle East, North Africa, Afghanistan & Pakistan",true,1985,3.19849779597143
MEA,"Middle East, North Africa, Afghanistan & Pakistan",true,1986,3.16237067162265
MEA,"Middle East, North Africa, Afghanistan & Pakistan",true,1987,3.12154036689609
MEA,"Middle East, North Africa, Afghanistan & Pakistan",true,1988,3.04681304931442
MEA,"Middle East, North Africa, Afghanistan & Pakistan",true,1989,3.01096690621497
MEA,"Middle East, North Africa, Afghanistan & Pakistan",true,1990,3.33042383189562
MEA,"Middle East, North Africa, Afghanistan & Pakistan",true,1991,2.82261520382253
MEA,"Middle East, North Africa, Afghanistan & Pakistan",true,1992,2.89875228865365
MEA,"Middle East, North Africa, Afghanistan & Pakistan",true,1993,2.74697677178844
MEA,"Middle East, North Africa, Afghanistan & Pakistan",true,1994,2.59508681542991
MEA,"Middle East, North Africa, Afghanistan & Pakistan",true,1995,2.50309144730097
MEA,"Middle East, North Africa, Afghanistan & Pakistan",true,1996,2.45065839826019
MEA,"Middle East, North Africa, Afghanistan & Pakistan",true,1997,2.41680972726462
MEA,"Middle East, North Africa, Afghanistan & Pakistan",true,1998,2.39754689339305
MEA,"Middle East, North Africa, Afghanistan & Pakistan",true,1999,2.38289528338475
MEA,"Middle East, North Africa, Afghanistan & Pakistan",true,2000,2.33477472991639
MEA,"Middle East, North Africa, Afghanistan & Pakistan",true,2001,2.3226065915412
MEA,"Middle East, North Africa, Afghanistan & Pakistan",true,2002,2.28665463525445
MEA,"Middle East, North Africa, Afghanistan & Pakistan",true,2003,2.31684628806507
MEA,"Middle East, North Africa, Afghanistan & Pakistan",true,2004,2.37522274378347
MEA,"Middle East, North Africa, Afghanistan & Pakistan",true,2005,2.38776706083866
MEA,"Middle East, North Africa, Afghanistan & Pakistan",true,2006,2.43119729065982
MEA,"Middle East, North Africa, Afghanistan & Pakistan",true,2007,2.40039628658577
MEA,"Middle East, North Africa, Afghanistan & Pakistan",true,2008,2.37925034021145
MEA,"Middle East, North Africa, Afghanistan & Pakistan",true,2009,2.36874901161237
MEA,"Middle East, North Africa, Afghanistan & Pakistan",true,2010,2.05352451276423
MEA,"Middle East, North Africa, Afghanistan & Pakistan",true,2011,2.25112798697392
MEA,"Middle East, North Africa, Afghanistan & Pakistan",true,2012,2.20070345227413
MEA,"Middle East, North Africa, Afghanistan & Pakistan",true,2013,2.14896762786684
MEA,"Middle East, North Africa, Afghanistan & Pakistan",true,2014,1.96605692734935
MEA,"Middle East, North Africa, Afghanistan & Pakistan",true,2015,1.96615656404757
MEA,"Middle East, North Africa, Afghanistan & Pakistan",true,2016,1.8256339602922
MEA,"Middle East, North Africa, Afghanistan & Pakistan",true,2017,1.66412778344544
MEA,"Middle East, North Africa, Afghanistan & Pakistan",true,2018,1.58355413714312
MEA,"Middle East, North Africa, Afghanistan & Pakistan",true,2019,1.67709090803779
MEA,"Middle East, North Africa, Afghanistan & Pakistan",true,2020,1.8265650487491
MEA,"Middle East, North Africa, Afghanistan & Pakistan",true,2021,1.46633720086535
MEA,"Middle East, North Africa, Afghanistan & Pakistan",true,2022,1.9060709844483
MEA,"Middle East, North Africa, Afghanistan & Pakistan",true,2023,1.95583616128018
MEA,"Middle East, North Africa, Afghanistan & Pakistan",true,2024,1.90852681030619
MEA,"Middle East, North Africa, Afghanistan & Pakistan",true,2025,1.80985405047339
MEX,Mexico,false,1960,
MEX,Mexico,false,1961,3.12431006208309
MEX,Mexico,false,1962,3.21786520378848
MEX,Mexico,false,1963,3.2556284602266
MEX,Mexico,false,1964,3.28021557071982
MEX,Mexico,false,1965,3.30220788165866
MEX,Mexico,false,1966,3.31367366037443
MEX,Mexico,false,1967,3.30687527382857
MEX,Mexico,false,1968,3.28116698641116
MEX,Mexico,false,1969,3.23014011303745
MEX,Mexico,false,1970,3.16225908612736
MEX,Mexico,false,1971,3.09555574369582
MEX,Mexico,false,1972,3.03963381322988
MEX,Mexico,false,1973,2.98500562726971
MEX,Mexico,false,1974,2.92595888908101
MEX,Mexico,false,1975,2.85868919208384
MEX,Mexico,false,1976,2.78065399816892
MEX,Mexico,false,1977,2.70521064388125
MEX,Mexico,false,1978,2.64578827608807
MEX,Mexico,false,1979,2.57646884468688
MEX,Mexico,false,1980,2.48448875438519
MEX,Mexico,false,1981,2.3376429152144
MEX,Mexico,false,1982,2.21239661362638
MEX,Mexico,false,1983,2.16009999927553
MEX,Mexico,false,1984,2.11119499659794
MEX,Mexico,false,1985,2.06882546602699
MEX,Mexico,false,1986,2.03427532389064
MEX,Mexico,false,1987,2.00496770997912
MEX,Mexico,false,1988,1.97542817137593
MEX,Mexico,false,1989,1.92826260803177
MEX,Mexico,false,1990,1.91754932281513
MEX,Mexico,false,1991,1.92579327419213
MEX,Mexico,false,1992,1.89386319441602
MEX,Mexico,false,1993,1.8526849091274
MEX,Mexico,false,1994,1.81495080594105
MEX,Mexico,false,1995,1.78023269604442
MEX,Mexico,false,1996,1.73503044582092
MEX,Mexico,false,1997,1.68231791926668
MEX,Mexico,false,1998,1.63934798033611
MEX,Mexico,false,1999,1.5989280275378
MEX,Mexico,false,2000,1.54272528221216
MEX,Mexico,false,2001,1.48303091731143
MEX,Mexico,false,2002,1.43770526775457
MEX,Mexico,false,2003,1.398263627903
MEX,Mexico,false,2004,1.3653083154997
MEX,Mexico,false,2005,1.34857895792648
MEX,Mexico,false,2006,1.35374920696209
MEX,Mexico,false,2007,1.40789058424163
MEX,Mexico,false,2008,1.46015632826518
MEX,Mexico,false,2009,1.4619172053372
MEX,Mexico,false,2010,1.43974472572946
MEX,Mexico,false,2011,1.41534883852036
MEX,Mexico,false,2012,1.35716327923769
MEX,Mexico,false,2013,1.29730808025224
MEX,Mexico,false,2014,1.21002702971431
MEX,Mexico,false,2015,1.06956376155677
MEX,Mexico,false,2016,0.969124204799117
MEX,Mexico,false,2017,0.935239396499786
MEX,Mexico,false,2018,0.9466023549862
MEX,Mexico,false,2019,0.950144329831411
MEX,Mexico,false,2020,0.820454117563552
MEX,Mexico,false,2021,0.66740537533078
MEX,Mexico,false,2022,0.753116988604166
MEX,Mexico,false,2023,0.872178517508623
MEX,Mexico,false,2024,0.860515443690537
MEX,Mexico,false,2025,0.826382426690595
MHL,Marshall Islands,false,1960,
MHL,Marshall Islands,false,1961,3.44930926571425
MHL,Marshall Islands,false,1962,3.46131279565752
MHL,Marshall Islands,false,1963,3.41300244630277
MHL,Marshall Islands,false,1964,3.31815444445044
MHL,Marshall Islands,false,1965,3.21157980270626
MHL,Marshall Islands,false,1966,2.97228141288688
MHL,Marshall Islands,false,1967,3.98062504004196
MHL,Marshall Islands,false,1968,6.26941518080457
MHL,Marshall Islands,false,1969,7.01334284707085
MHL,Marshall Islands,false,1970,5.59059674922777
MHL,Marshall Islands,false,1971,3.64342198508036
MHL,Marshall Islands,false,1972,2.64384671517513
MHL,Marshall Islands,false,1973,2.42533453461366
MHL,Marshall Islands,false,1974,2.86724936742718
MHL,Marshall Islands,false,1975,3.33558620171944
MHL,Marshall Islands,false,1976,3.26121989854048
MHL,Marshall Islands,false,1977,3.22273780002996
MHL,Marshall Islands,false,1978,3.18461188539303
MHL,Marshall Islands,false,1979,3.17378509510862
MHL,Marshall Islands,false,1980,3.42444883601549
MHL,Marshall Islands,false,1981,3.95968341012167
MHL,Marshall Islands,false,1982,4.21990638528802
MHL,Marshall Islands,false,1983,4.14673531986314
MHL,Marshall Islands,false,1984,4.08920848506334
MHL,Marshall Islands,false,1985,4.04513103389294
MHL,Marshall Islands,false,1986,3.9591397334607
MHL,Marshall Islands,false,1987,3.84998992291675
MHL,Marshall Islands,false,1988,3.5915296219223
MHL,Marshall Islands,false,1989,2.94525811131444
MHL,Marshall Islands,false,1990,2.36478740634723
MHL,Marshall Islands,false,1991,2.08218438524189
MHL,Marshall Islands,false,1992,1.78350893049463
MHL,Marshall Islands,false,1993,1.50835649253379
MHL,Marshall Islands,false,1994,1.30585685625334
MHL,Marshall Islands,false,1995,1.15444404510935
MHL,Marshall Islands,false,1996,1.04905074757535
MHL,Marshall Islands,false,1997,0.987420553055034
MHL,Marshall Islands,false,1998,0.925483489018507
MHL,Marshall Islands,false,1999,0.970793961160646
MHL,Marshall Islands,false,2000,0.998938024888359
MHL,Marshall Islands,false,2001,0.81902470029652
MHL,Marshall Islands,false,2002,0.588994174565557
MHL,Marshall Islands,false,2003,0.415276541845766
MHL,Marshall Islands,false,2004,0.293918803877236
MHL,Marshall Islands,false,2005,0.221800143004125
MHL,Marshall Islands,false,2006,0.165547016575545
MHL,Marshall Islands,false,2007,0.0826708497774886
MHL,Marshall Islands,false,2008,-0.00960937876105589
MHL,Marshall Islands,false,2009,-0.0211438842102896
MHL,Marshall Islands,false,2010,0.0480478181120274
MHL,Marshall Islands,false,2011,-0.263585880501686
MHL,Marshall Islands,false,2012,-0.944590187330327
MHL,Marshall Islands,false,2013,-1.44566670550716
MHL,Marshall Islands,false,2014,-1.76164273882982
MHL,Marshall Islands,false,2015,-2.0204346660438
MHL,Marshall Islands,false,2016,-2.26102535172131
MHL,Marshall Islands,false,2017,-2.50442852271303
MHL,Marshall Islands,false,2018,-2.70999222878463
MHL,Marshall Islands,false,2019,-2.86271396531764
MHL,Marshall Islands,false,2020,-3.00092865880133
MHL,Marshall Islands,false,2021,-3.18559640580083
MHL,Marshall Islands,false,2022,-3.16808578519291
MHL,Marshall Islands,false,2023,-3.16867227675357
MHL,Marshall Islands,false,2024,-3.34957664335036
MHL,Marshall Islands,false,2025,-3.42983639556145
MIC,Middle income,true,1960,
MIC,Middle income,true,1961,1.34843047334078
MIC,Middle income,true,1962,1.96951386157012
MIC,Middle income,true,1963,2.50657401127971
MIC,Middle income,true,1964,2.45933364974901
MIC,Middle income,true,1965,2.43418465594141
MIC,Middle income,true,1966,2.52871268915379
MIC,Middle income,true,1967,2.46661480611811
MIC,Middle income,true,1968,2.47666567689671
MIC,Middle income,true,1969,2.50751733845815
MIC,Middle income,true,1970,2.50980664664355
MIC,Middle income,true,1971,2.46738489781198
MIC,Middle income,true,1972,2.37351892158057
MIC,Middle income,true,1973,2.35100013695365
MIC,Middle income,true,1974,2.28211892383375
MIC,Middle income,true,1975,2.18747829483838
MIC,Middle income,true,1976,2.11172862578214
MIC,Middle income,true,1977,2.05488020264048
MIC,Middle income,true,1978,2.03676366490747
MIC,Middle income,true,1979,2.04815835724368
MIC,Middle income,true,1980,2.07775320934485
MIC,Middle income,true,1981,2.10960635609925
MIC,Middle income,true,1982,2.15151181233444
MIC,Middle income,true,1983,2.11643262843932
MIC,Middle income,true,1984,2.06514617828858
MIC,Middle income,true,1985,2.06432206953299
MIC,Middle income,true,1986,2.0823418974603
MIC,Middle income,true,1987,2.09227621154378
MIC,Middle income,true,1988,2.06261962899816
MIC,Middle income,true,1989,2.01318794820266
MIC,Middle income,true,1990,2.0248338818643
MIC,Middle income,true,1991,1.89484110343107
MIC,Middle income,true,1992,1.80555432778686
MIC,Middle income,true,1993,1.73770673279809
MIC,Middle income,true,1994,1.69336691871754
MIC,Middle income,true,1995,1.66653296205534
MIC,Middle income,true,1996,1.6391573852328
MIC,Middle income,true,1997,1.6113818469191
MIC,Middle income,true,1998,1.57756467307101
MIC,Middle income,true,1999,1.52458734938414
MIC,Middle income,true,2000,1.49063611379765
MIC,Middle income,true,2001,1.45529846395811
MIC,Middle income,true,2002,1.38959772577756
MIC,Middle income,true,2003,1.35113905601698
MIC,Middle income,true,2004,1.34569319805985
MIC,Middle income,true,2005,1.31956020306759
MIC,Middle income,true,2006,1.29145773749071
MIC,Middle income,true,2007,1.26009254636998
MIC,Middle income,true,2008,1.26561759082169
MIC,Middle income,true,2009,1.26441761532654
MIC,Middle income,true,2010,1.25814914626728
MIC,Middle income,true,2011,1.25923996293022
MIC,Middle income,true,2012,1.28280367547149
MIC,Middle income,true,2013,1.26400344601371
MIC,Middle income,true,2014,1.24079018829353
MIC,Middle income,true,2015,1.18422155682844
MIC,Middle income,true,2016,1.14753562243349
MIC,Middle income,true,2017,1.12869322852262
MIC,Middle income,true,2018,1.07012826146571
MIC,Middle income,true,2019,1.01183245314391
MIC,Middle income,true,2020,0.943428520143934
MIC,Middle income,true,2021,0.841401299751263
MIC,Middle income,true,2022,0.756327928299984
MIC,Middle income,true,2023,0.759953149100681
MIC,Middle income,true,2024,0.809785499940091
MIC,Middle income,true,2025,0.806272627807298
MKD,North Macedonia,false,1960,
MKD,North Macedonia,false,1961,1.39174561420741
MKD,North Macedonia,false,1962,1.13253521133034
MKD,North Macedonia,false,1963,1.14793378870544
MKD,North Macedonia,false,1964,1.47773902722615
MKD,North Macedonia,false,1965,1.48250330596219
MKD,North Macedonia,false,1966,1.54544839154421
MKD,North Macedonia,false,1967,1.60158029924347
MKD,North Macedonia,false,1968,1.65685420499226
MKD,North Macedonia,false,1969,1.68957343629718
MKD,North Macedonia,false,1970,1.68842384431166
MKD,North Macedonia,false,1971,1.60984622398533
MKD,North Macedonia,false,1972,1.53608110473243
MKD,North Macedonia,false,1973,1.52672074592861
MKD,North Macedonia,false,1974,1.52115934621923
MKD,North Macedonia,false,1975,1.53719542736144
MKD,North Macedonia,false,1976,1.53753150978819
MKD,North Macedonia,false,1977,1.48457401890924
MKD,North Macedonia,false,1978,1.43099721949474
MKD,North Macedonia,false,1979,1.40907736829595
MKD,North Macedonia,false,1980,1.38116943604683
MKD,North Macedonia,false,1981,1.33744600111419
MKD,North Macedonia,false,1982,1.0102114316094
MKD,North Macedonia,false,1983,0.652002621017606
MKD,North Macedonia,false,1984,0.575577891175978
MKD,North Macedonia,false,1985,0.544189230163083
MKD,North Macedonia,false,1986,0.51502157754377
MKD,North Macedonia,false,1987,0.513561967478139
MKD,North Macedonia,false,1988,0.518514997169033
MKD,North Macedonia,false,1989,0.483349740676951
MKD,North Macedonia,false,1990,0.390354479735865
MKD,North Macedonia,false,1991,-0.373572867090514
MKD,North Macedonia,false,1992,-1.14815508117598
MKD,North Macedonia,false,1993,-1.27095567119672
MKD,North Macedonia,false,1994,-0.709488114346886
MKD,North Macedonia,false,1995,0.294047115056872
MKD,North Macedonia,false,1996,0.699015358344186
MKD,North Macedonia,false,1997,-0.782361148312478
MKD,North Macedonia,false,1998,0.532116992485007
MKD,North Macedonia,false,1999,0.478003427125101
MKD,North Macedonia,false,2000,0.455448702114895
MKD,North Macedonia,false,2001,0.420168685369998
MKD,North Macedonia,false,2002,-0.726260079023056
MKD,North Macedonia,false,2003,0.127038105260946
MKD,North Macedonia,false,2004,-0.323800435972555
MKD,North Macedonia,false,2005,-0.539897211401132
MKD,North Macedonia,false,2006,-0.55220427661592
MKD,North Macedonia,false,2007,-0.570953120211137
MKD,North Macedonia,false,2008,-0.578593804248589
MKD,North Macedonia,false,2009,-0.646827222901633
MKD,North Macedonia,false,2010,-0.63937448291812
MKD,North Macedonia,false,2011,-0.458327097678151
MKD,North Macedonia,false,2012,-0.391858319665176
MKD,North Macedonia,false,2013,-0.368848270904885
MKD,North Macedonia,false,2014,-0.268678976911211
MKD,North Macedonia,false,2015,-0.267729528193655
MKD,North Macedonia,false,2016,-0.320367473371963
MKD,North Macedonia,false,2017,-0.40242158713311
MKD,North Macedonia,false,2018,-0.507220756968942
MKD,North Macedonia,false,2019,-0.679308688552216
MKD,North Macedonia,false,2020,-1.07910572041332
MKD,North Macedonia,false,2021,-1.02945804668594
MKD,North Macedonia,false,2022,-0.294481335654044
MKD,North Macedonia,false,2023,-0.212923714310977
MKD,North Macedonia,false,2024,-0.189311904958652
MKD,North Macedonia,false,2025,-0.189286550678574
MLI,Mali,false,1960,
MLI,Mali,false,1961,1.46505557125963
MLI,Mali,false,1962,1.4780736581045
MLI,Mali,false,1963,1.47521229746136
MLI,Mali,false,1964,1.46828658985497
MLI,Mali,false,1965,1.47871858916455
MLI,Mali,false,1966,1.48013090887197
MLI,Mali,false,1967,1.49168122989301
MLI,Mali,false,1968,1.5251890311925
MLI,Mali,false,1969,1.54521383143118
MLI,Mali,false,1970,1.58613577782131
MLI,Mali,false,1971,1.6037749186269
MLI,Mali,false,1972,1.64495567475811
MLI,Mali,false,1973,1.73357229062764
MLI,Mali,false,1974,1.77776891089298
MLI,Mali,false,1975,1.79784557107911
MLI,Mali,false,1976,1.79329125330258
MLI,Mali,false,1977,1.85032874429318
MLI,Mali,false,1978,1.93673510959363
MLI,Mali,false,1979,1.99412054591491
MLI,Mali,false,1980,2.08314631953244
MLI,Mali,false,1981,2.13169741843462
MLI,Mali,false,1982,2.15308813186265
MLI,Mali,false,1983,2.19210350266286
MLI,Mali,false,1984,2.14499402515333
MLI,Mali,false,1985,2.0028574747032
MLI,Mali,false,1986,1.85282191198325
MLI,Mali,false,1987,1.74165638485707
MLI,Mali,false,1988,1.74518393142561
MLI,Mali,false,1989,1.86102280453852
MLI,Mali,false,1990,1.96820571058385
MLI,Mali,false,1991,1.98540443777679
MLI,Mali,false,1992,2.01579765286114
MLI,Mali,false,1993,2.08462699306597
MLI,Mali,false,1994,2.15247098778735
MLI,Mali,false,1995,2.1669139807504
MLI,Mali,false,1996,2.15534830365536
MLI,Mali,false,1997,2.27253609178861
MLI,Mali,false,1998,2.53261369818345
MLI,Mali,false,1999,2.78016882660174
MLI,Mali,false,2000,2.91308874187569
MLI,Mali,false,2001,3.00701165563643
MLI,Mali,false,2002,3.10676861781848
MLI,Mali,false,2003,3.17894001404545
MLI,Mali,false,2004,3.23794608826987
MLI,Mali,false,2005,3.27522299158149
MLI,Mali,false,2006,3.2804387949943
MLI,Mali,false,2007,3.28796078422057
MLI,Mali,false,2008,3.2862188900418
MLI,Mali,false,2009,3.25780569403424
MLI,Mali,false,2010,3.2485140091385
MLI,Mali,false,2011,3.23250831038309
MLI,Mali,false,2012,2.91998728475051
MLI,Mali,false,2013,2.92078257453733
MLI,Mali,false,2014,3.16065691731413
MLI,Mali,false,2015,3.1289280097663
MLI,Mali,false,2016,3.16701291267986
MLI,Mali,false,2017,3.18823649379751
MLI,Mali,false,2018,3.1254232369578
MLI,Mali,false,2019,3.01814494306617
MLI,Mali,false,2020,3.01751361469378
MLI,Mali,false,2021,3.06035796580474
MLI,Mali,false,2022,3.00942592606239
MLI,Mali,false,2023,2.97400537620334
MLI,Mali,false,2024,2.94115084753028
MLI,Mali,false,2025,2.89981455024173
MLT,Malta,false,1960,
MLT,Malta,false,1961,-0.398895895605156
MLT,Malta,false,1962,-0.415929121533107
MLT,Malta,false,1963,-0.417666319903278
MLT,Malta,false,1964,-0.403852676882117
MLT,Malta,false,1965,-0.765568929336958
MLT,Malta,false,1966,-1.13565889323359
MLT,Malta,false,1967,-1.1647518993493
MLT,Malta,false,1968,-1.17847840597764
MLT,Malta,false,1969,-1.17609980275292
MLT,Malta,false,1970,-0.543703456522926
MLT,Malta,false,1971,0.0165193689976679
MLT,Malta,false,1972,-0.0826241474749714
MLT,Malta,false,1973,-0.0826924714284027
MLT,Malta,false,1974,-0.067527758459834
MLT,Malta,false,1975,0.734392579767725
MLT,Malta,false,1976,0.508856893781478
MLT,Malta,false,1977,0.390375595306017
MLT,Malta,false,1978,1.04091990369059
MLT,Malta,false,1979,1.01360238083902
MLT,Malta,false,1980,1.04860267451293
MLT,Malta,false,1981,0.735340232751273
MLT,Malta,false,1982,2.14497741123595
MLT,Malta,false,1983,1.40948249289422
MLT,Malta,false,1984,0.02087376372126
MLT,Malta,false,1985,1.75674824972899
MLT,Malta,false,1986,1.67089816229853
MLT,Malta,false,1987,0.688607248214418
MLT,Malta,false,1988,0.821039289346079
MLT,Malta,false,1989,0.973294582315565
MLT,Malta,false,1990,0.978313699279678
MLT,Malta,false,1991,2.69509289211785
MLT,Malta,false,1992,1.03164027783494
MLT,Malta,false,1993,0.998755132026019
MLT,Malta,false,1994,0.93526391926236
MLT,Malta,false,1995,0.697143006602962
MLT,Malta,false,1996,0.656524533590292
MLT,Malta,false,1997,0.756792686540295
MLT,Malta,false,1998,0.649936278938043
MLT,Malta,false,1999,0.592860773979805
MLT,Malta,false,2000,0.645267230900854
MLT,Malta,false,2001,0.75110649818537
MLT,Malta,false,2002,0.745506921127166
MLT,Malta,false,2003,0.657732334391546
MLT,Malta,false,2004,0.67162845452858
MLT,Malta,false,2005,0.637436918202842
MLT,Malta,false,2006,0.364336947162944
MLT,Malta,false,2007,0.348755082369901
MLT,Malta,false,2008,0.650655460565174
MLT,Malta,false,2009,0.753906931031973
MLT,Malta,false,2010,0.49118281065151
MLT,Malta,false,2011,0.423700885195294
MLT,Malta,false,2012,0.899209211902256
MLT,Malta,false,2013,1.13206344183411
MLT,Malta,false,2014,2.02059558233422
MLT,Malta,false,2015,2.44719692467224
MLT,Malta,false,2016,2.28889794467689
MLT,Malta,false,2017,2.73472979835887
MLT,Malta,false,2018,3.53282607673569
MLT,Malta,false,2019,4.05171762437788
MLT,Malta,false,2020,2.2716254974907
MLT,Malta,false,2021,0.51468710034629
MLT,Malta,false,2022,2.47100289980875
MLT,Malta,false,2023,3.99255876861009
MLT,Malta,false,2024,2.87111128593908
MLT,Malta,false,2025,1.8906123268828
MMR,Myanmar,false,1960,
MMR,Myanmar,false,1961,2.18634979176609
MMR,Myanmar,false,1962,2.20039913928751
MMR,Myanmar,false,1963,2.2157254424199
MMR,Myanmar,false,1964,2.23182397635455
MMR,Myanmar,false,1965,2.25812484583624
MMR,Myanmar,false,1966,2.26846533222225
MMR,Myanmar,false,1967,2.26880679206669
MMR,Myanmar,false,1968,2.26965913331896
MMR,Myanmar,false,1969,2.26525162825306
MMR,Myanmar,false,1970,2.26088157769285
MMR,Myanmar,false,1971,2.23354876191716
MMR,Myanmar,false,1972,2.20903088681752
MMR,Myanmar,false,1973,2.08193751709596
MMR,Myanmar,false,1974,1.95070864521903
MMR,Myanmar,false,1975,1.93531960277648
MMR,Myanmar,false,1976,1.91108600294956
MMR,Myanmar,false,1977,1.92280622097824
MMR,Myanmar,false,1978,1.94864940048061
MMR,Myanmar,false,1979,1.93154085428877
MMR,Myanmar,false,1980,1.91624834382687
MMR,Myanmar,false,1981,1.88294959545959
MMR,Myanmar,false,1982,1.82670000332865
MMR,Myanmar,false,1983,1.95208542880678
MMR,Myanmar,false,1984,2.07318705550566
MMR,Myanmar,false,1985,1.99535756981766
MMR,Myanmar,false,1986,1.87203865962695
MMR,Myanmar,false,1987,1.74462327581601
MMR,Myanmar,false,1988,1.64379378529744
MMR,Myanmar,false,1989,1.57732937202558
MMR,Myanmar,false,1990,1.52506751457934
MMR,Myanmar,false,1991,1.43848109338153
MMR,Myanmar,false,1992,1.36750903862328
MMR,Myanmar,false,1993,1.33917937317586
MMR,Myanmar,false,1994,1.32297300734248
MMR,Myanmar,false,1995,1.2997864871869
MMR,Myanmar,false,1996,1.28154909567186
MMR,Myanmar,false,1997,1.27543675227322
MMR,Myanmar,false,1998,1.24820598731574
MMR,Myanmar,false,1999,1.1902615071828
MMR,Myanmar,false,2000,1.11707426022512
MMR,Myanmar,false,2001,1.05489130356671
MMR,Myanmar,false,2002,1.00325836797547
MMR,Myanmar,false,2003,0.93550676889734
MMR,Myanmar,false,2004,0.856837524813252
MMR,Myanmar,false,2005,0.78215232398828
MMR,Myanmar,false,2006,0.728331835978341
MMR,Myanmar,false,2007,0.708807824555326
MMR,Myanmar,false,2008,0.550688224031359
MMR,Myanmar,false,2009,0.555720175554536
MMR,Myanmar,false,2010,0.745099607969388
MMR,Myanmar,false,2011,0.803379211413432
MMR,Myanmar,false,2012,0.841507088171189
MMR,Myanmar,false,2013,0.849578652965248
MMR,Myanmar,false,2014,0.830118073348831
MMR,Myanmar,false,2015,0.800670952631538
MMR,Myanmar,false,2016,0.792792538685626
MMR,Myanmar,false,2017,0.772302033467657
MMR,Myanmar,false,2018,0.72443284342539
MMR,Myanmar,false,2019,0.702425162747352
MMR,Myanmar,false,2020,0.711376906349628
MMR,Myanmar,false,2021,0.696558038955431
MMR,Myanmar,false,2022,0.690074759264932
MMR,Myanmar,false,2023,0.698879396261223
MMR,Myanmar,false,2024,0.674364862610485
MMR,Myanmar,false,2025,0.641162929716532
MNA,"Middle East, North Africa, Afghanistan & Pakistan (excluding high income)",true,1960,
MNA,"Middle East, North Africa, Afghanistan & Pakistan (excluding high income)",true,1961,2.54381951767275
MNA,"Middle East, North Africa, Afghanistan & Pakistan (excluding high income)",true,1962,2.56822394445664
MNA,"Middle East, North Africa, Afghanistan & Pakistan (excluding high income)",true,1963,2.6139767113093
MNA,"Middle East, North Africa, Afghanistan & Pakistan (excluding high income)",true,1964,2.64127533680304
MNA,"Middle East, North Africa, Afghanistan & Pakistan (excluding high income)",true,1965,2.65776269897843
MNA,"Middle East, North Africa, Afghanistan & Pakistan (excluding high income)",true,1966,2.70554172147714
MNA,"Middle East, North Africa, Afghanistan & Pakistan (excluding high income)",true,1967,2.76150086169754
MNA,"Middle East, North Africa, Afghanistan & Pakistan (excluding high income)",true,1968,2.77593321651073
MNA,"Middle East, North Africa, Afghanistan & Pakistan (excluding high income)",true,1969,2.7853830885398
MNA,"Middle East, North Africa, Afghanistan & Pakistan (excluding high income)",true,1970,2.78040309594337
MNA,"Middle East, North Africa, Afghanistan & Pakistan (excluding high income)",true,1971,2.71576898196542
MNA,"Middle East, North Africa, Afghanistan & Pakistan (excluding high income)",true,1972,2.70597884539719
MNA,"Middle East, North Africa, Afghanistan & Pakistan (excluding high income)",true,1973,2.76150235059244
MNA,"Middle East, North Africa, Afghanistan & Pakistan (excluding high income)",true,1974,2.79021906239548
MNA,"Middle East, North Africa, Afghanistan & Pakistan (excluding high income)",true,1975,2.89834201670483
MNA,"Middle East, North Africa, Afghanistan & Pakistan (excluding high income)",true,1976,2.96693230785755
MNA,"Middle East, North Africa, Afghanistan & Pakistan (excluding high income)",true,1977,2.95077272452497
MNA,"Middle East, North Africa, Afghanistan & Pakistan (excluding high income)",true,1978,2.96820310338494
MNA,"Middle East, North Africa, Afghanistan & Pakistan (excluding high income)",true,1979,2.9957213943633
MNA,"Middle East, North Africa, Afghanistan & Pakistan (excluding high income)",true,1980,3.05521154719866
MNA,"Middle East, North Africa, Afghanistan & Pakistan (excluding high income)",true,1981,3.09925177757886
MNA,"Middle East, North Africa, Afghanistan & Pakistan (excluding high income)",true,1982,3.08284390918874
MNA,"Middle East, North Africa, Afghanistan & Pakistan (excluding high income)",true,1983,3.10106936557354
MNA,"Middle East, North Africa, Afghanistan & Pakistan (excluding high income)",true,1984,3.15556724396794
MNA,"Middle East, North Africa, Afghanistan & Pakistan (excluding high income)",true,1985,3.12495268462297
MNA,"Middle East, North Africa, Afghanistan & Pakistan (excluding high income)",true,1986,3.08265340264262
MNA,"Middle East, North Africa, Afghanistan & Pakistan (excluding high income)",true,1987,3.03678059810075
MNA,"Middle East, North Africa, Afghanistan & Pakistan (excluding high income)",true,1988,2.96736764495833
MNA,"Middle East, North Africa, Afghanistan & Pakistan (excluding high income)",true,1989,2.93775516946181
MNA,"Middle East, North Africa, Afghanistan & Pakistan (excluding high income)",true,1990,3.43521012525697
MNA,"Middle East, North Africa, Afghanistan & Pakistan (excluding high income)",true,1991,2.80765987845705
MNA,"Middle East, North Africa, Afghanistan & Pakistan (excluding high income)",true,1992,2.75633004446026
MNA,"Middle East, North Africa, Afghanistan & Pakistan (excluding high income)",true,1993,2.67990765771846
MNA,"Middle East, North Africa, Afghanistan & Pakistan (excluding high income)",true,1994,2.54249201233858
MNA,"Middle East, North Africa, Afghanistan & Pakistan (excluding high income)",true,1995,2.44744363887957
MNA,"Middle East, North Africa, Afghanistan & Pakistan (excluding high income)",true,1996,2.37707509778706
MNA,"Middle East, North Africa, Afghanistan & Pakistan (excluding high income)",true,1997,2.33213920521432
MNA,"Middle East, North Africa, Afghanistan & Pakistan (excluding high income)",true,1998,2.31855947114113
MNA,"Middle East, North Africa, Afghanistan & Pakistan (excluding high income)",true,1999,2.30498416641179
MNA,"Middle East, North Africa, Afghanistan & Pakistan (excluding high income)",true,2000,2.22489913140805
MNA,"Middle East, North Africa, Afghanistan & Pakistan (excluding high income)",true,2001,2.18831509937716
MNA,"Middle East, North Africa, Afghanistan & Pakistan (excluding high income)",true,2002,2.15669736132177
MNA,"Middle East, North Africa, Afghanistan & Pakistan (excluding high income)",true,2003,2.19844605745387
MNA,"Middle East, North Africa, Afghanistan & Pakistan (excluding high income)",true,2004,2.26630272401278
MNA,"Middle East, North Africa, Afghanistan & Pakistan (excluding high income)",true,2005,2.27258891220395
MNA,"Middle East, North Africa, Afghanistan & Pakistan (excluding high income)",true,2006,2.27794552457032
MNA,"Middle East, North Africa, Afghanistan & Pakistan (excluding high income)",true,2007,2.18320417992975
MNA,"Middle East, North Africa, Afghanistan & Pakistan (excluding high income)",true,2008,2.16627955714303
MNA,"Middle East, North Africa, Afghanistan & Pakistan (excluding high income)",true,2009,2.21106514928359
MNA,"Middle East, North Africa, Afghanistan & Pakistan (excluding high income)",true,2010,2.16349756712473
MNA,"Middle East, North Africa, Afghanistan & Pakistan (excluding high income)",true,2011,2.0994017558068
MNA,"Middle East, North Africa, Afghanistan & Pakistan (excluding high income)",true,2012,2.0015474490692
MNA,"Middle East, North Africa, Afghanistan & Pakistan (excluding high income)",true,2013,1.90738057430126
MNA,"Middle East, North Africa, Afghanistan & Pakistan (excluding high income)",true,2014,1.84422023667311
MNA,"Middle East, North Africa, Afghanistan & Pakistan (excluding high income)",true,2015,1.71263501631525
MNA,"Middle East, North Africa, Afghanistan & Pakistan (excluding high income)",true,2016,1.63683109950783
MNA,"Middle East, North Africa, Afghanistan & Pakistan (excluding high income)",true,2017,1.6781681424931
MNA,"Middle East, North Africa, Afghanistan & Pakistan (excluding high income)",true,2018,1.7627509545654
MNA,"Middle East, North Africa, Afghanistan & Pakistan (excluding high income)",true,2019,1.78568343276842
MNA,"Middle East, North Africa, Afghanistan & Pakistan (excluding high income)",true,2020,1.75398933414753
MNA,"Middle East, North Africa, Afghanistan & Pakistan (excluding high income)",true,2021,1.70753659078455
MNA,"Middle East, North Africa, Afghanistan & Pakistan (excluding high income)",true,2022,1.69604782645998
MNA,"Middle East, North Africa, Afghanistan & Pakistan (excluding high income)",true,2023,1.73896313941003
MNA,"Middle East, North Africa, Afghanistan & Pakistan (excluding high income)",true,2024,1.7152640194007
MNA,"Middle East, North Africa, Afghanistan & Pakistan (excluding high income)",true,2025,1.63316512463689
MNE,Montenegro,false,1960,
MNE,Montenegro,false,1961,2.17375925679767
MNE,Montenegro,false,1962,2.29818366231939
MNE,Montenegro,false,1963,2.1361742316178
MNE,Montenegro,false,1964,1.61214973467181
MNE,Montenegro,false,1965,0.872839676191004
MNE,Montenegro,false,1966,0.0174781001750046
MNE,Montenegro,false,1967,-0.690614297326432
MNE,Montenegro,false,1968,-1.02185211217188
MNE,Montenegro,false,1969,-0.803441582144579
MNE,Montenegro,false,1970,-0.181916253677007
MNE,Montenegro,false,1971,0.591913435667873
MNE,Montenegro,false,1972,1.22172601550803
MNE,Montenegro,false,1973,1.60363891147576
MNE,Montenegro,false,1974,1.62417214382816
MNE,Montenegro,false,1975,1.39767833972461
MNE,Montenegro,false,1976,1.10551246971039
MNE,Montenegro,false,1977,0.903317262251136
MNE,Montenegro,false,1978,0.80186846556567
MNE,Montenegro,false,1979,0.854425178299615
MNE,Montenegro,false,1980,1.00396105733667
MNE,Montenegro,false,1981,1.1869384945834
MNE,Montenegro,false,1982,1.29557745331934
MNE,Montenegro,false,1983,1.27042851904675
MNE,Montenegro,false,1984,1.06710956641822
MNE,Montenegro,false,1985,0.74841887224285
MNE,Montenegro,false,1986,0.381334703294713
MNE,Montenegro,false,1987,0.0712256014583022
MNE,Montenegro,false,1988,-0.120274094611961
MNE,Montenegro,false,1989,-0.138716842234699
MNE,Montenegro,false,1990,-0.0328127540676757
MNE,Montenegro,false,1991,0.120809885832418
MNE,Montenegro,false,1992,0.232144826993095
MNE,Montenegro,false,1993,0.271440061763539
MNE,Montenegro,false,1994,0.199581093444201
MNE,Montenegro,false,1995,0.0528165715682825
MNE,Montenegro,false,1996,-0.115971437246349
MNE,Montenegro,false,1997,-0.243010697842063
MNE,Montenegro,false,1998,-0.305295583261971
MNE,Montenegro,false,1999,-0.4193256157655
MNE,Montenegro,false,2000,-0.0279740186992493
MNE,Montenegro,false,2001,0.402363248322291
MNE,Montenegro,false,2002,0.400750772330341
MNE,Montenegro,false,2003,0.399151168806326
MNE,Montenegro,false,2004,0.177216475615812
MNE,Montenegro,false,2005,0.147929262061512
MNE,Montenegro,false,2006,0.12429981279666
MNE,Montenegro,false,2007,0.138110347731053
MNE,Montenegro,false,2008,0.177475866720179
MNE,Montenegro,false,2009,0.214529295893828
MNE,Montenegro,false,2010,0.183239906425096
MNE,Montenegro,false,2011,0.147930333573243
MNE,Montenegro,false,2012,0.172818849821581
MNE,Montenegro,false,2013,0.187941422115648
MNE,Montenegro,false,2014,0.185665017136334
MNE,Montenegro,false,2015,0.145306599207243
MNE,Montenegro,false,2016,0.11231965238542
MNE,Montenegro,false,2017,0.100532639617139
MNE,Montenegro,false,2018,0.0728190255904537
MNE,Montenegro,false,2019,0.0502716675485305
MNE,Montenegro,false,2020,-0.0260104378320954
MNE,Montenegro,false,2021,-0.245597310506825
MNE,Montenegro,false,2022,-0.234174139002603
MNE,Montenegro,false,2023,-0.00994290846928265
MNE,Montenegro,false,2024,-0.000641511915285095
MNE,Montenegro,false,2025,-0.0635300593940256
MNG,Mongolia,false,1960,
MNG,Mongolia,false,1961,3.19009737101048
MNG,Mongolia,false,1962,3.13670431043954
MNG,Mongolia,false,1963,2.83225245529327
MNG,Mongolia,false,1964,2.65921482305515
MNG,Mongolia,false,1965,2.77357991092692
MNG,Mongolia,false,1966,2.83923032044886
MNG,Mongolia,false,1967,2.81640981151285
MNG,Mongolia,false,1968,2.71421723130521
MNG,Mongolia,false,1969,2.59655212253032
MNG,Mongolia,false,1970,2.57979332854632
MNG,Mongolia,false,1971,2.65116125609439
MNG,Mongolia,false,1972,2.72552812282035
MNG,Mongolia,false,1973,2.79069288489164
MNG,Mongolia,false,1974,2.84411669407914
MNG,Mongolia,false,1975,2.87961400738083
MNG,Mongolia,false,1976,2.8906328531479
MNG,Mongolia,false,1977,2.85072663156536
MNG,Mongolia,false,1978,2.70522640427833
MNG,Mongolia,false,1979,2.5116811292293
MNG,Mongolia,false,1980,2.41987254563328
MNG,Mongolia,false,1981,2.41124837189573
MNG,Mongolia,false,1982,2.4096595294372
MNG,Mongolia,false,1983,2.41973528434082
MNG,Mongolia,false,1984,2.44417302800377
MNG,Mongolia,false,1985,2.48520178362189
MNG,Mongolia,false,1986,2.54098535586882
MNG,Mongolia,false,1987,2.59594196942848
MNG,Mongolia,false,1988,2.61153690252887
MNG,Mongolia,false,1989,2.27901401494206
MNG,Mongolia,false,1990,-1.20653291340797
MNG,Mongolia,false,1991,3.12554463819911
MNG,Mongolia,false,1992,0.112989877088484
MNG,Mongolia,false,1993,-0.122780957606697
MNG,Mongolia,false,1994,1.11448441138802
MNG,Mongolia,false,1995,1.61069462565483
MNG,Mongolia,false,1996,1.54144516833781
MNG,Mongolia,false,1997,1.41690699648118
MNG,Mongolia,false,1998,1.38919318660692
MNG,Mongolia,false,1999,1.41026329390347
MNG,Mongolia,false,2000,1.32711144076984
MNG,Mongolia,false,2001,1.22563721499933
MNG,Mongolia,false,2002,1.28530335948394
MNG,Mongolia,false,2003,1.27185524409713
MNG,Mongolia,false,2004,1.12405283429406
MNG,Mongolia,false,2005,1.10986290557005
MNG,Mongolia,false,2006,1.20548331364776
MNG,Mongolia,false,2007,1.34193846720281
MNG,Mongolia,false,2008,1.57679522082476
MNG,Mongolia,false,2009,1.79649232006396
MNG,Mongolia,false,2010,1.74992683110286
MNG,Mongolia,false,2011,1.7265777901103
MNG,Mongolia,false,2012,1.89795214519602
MNG,Mongolia,false,2013,2.06694708057063
MNG,Mongolia,false,2014,2.18707605433318
MNG,Mongolia,false,2015,2.12866951701474
MNG,Mongolia,false,2016,2.02736957640078
MNG,Mongolia,false,2017,1.92577883760149
MNG,Mongolia,false,2018,1.86480192831175
MNG,Mongolia,false,2019,1.8371507310985
MNG,Mongolia,false,2020,1.80542008661223
MNG,Mongolia,false,2021,1.684959051396
MNG,Mongolia,false,2022,1.46704738017187
MNG,Mongolia,false,2023,1.3708886685104
MNG,Mongolia,false,2024,1.24590299529718
MNG,Mongolia,false,2025,1.24589876857071
MNP,Northern Mariana Islands,false,1960,
MNP,Northern Mariana Islands,false,1961,2.92164483999472
MNP,Northern Mariana Islands,false,1962,3.11926793956129
MNP,Northern Mariana Islands,false,1963,3.3380582661554
MNP,Northern Mariana Islands,false,1964,3.38146971135909
MNP,Northern Mariana Islands,false,1965,3.35858007400812
MNP,Northern Mariana Islands,false,1966,3.33428089621579
MNP,Northern Mariana Islands,false,1967,1.28272907154331
MNP,Northern Mariana Islands,false,1968,-2.6489742323027
MNP,Northern Mariana Islands,false,1969,-4.68384971178868
MNP,Northern Mariana Islands,false,1970,1.7957722510456
MNP,Northern Mariana Islands,false,1971,10.2790845199473
MNP,Northern Mariana Islands,false,1972,11.4316827679897
MNP,Northern Mariana Islands,false,1973,9.38990721388197
MNP,Northern Mariana Islands,false,1974,5.43326190841972
MNP,Northern Mariana Islands,false,1975,2.75925984194089
MNP,Northern Mariana Islands,false,1976,2.44578299453976
MNP,Northern Mariana Islands,false,1977,2.23548140219276
MNP,Northern Mariana Islands,false,1978,2.14940755875276
MNP,Northern Mariana Islands,false,1979,2.19519514510406
MNP,Northern Mariana Islands,false,1980,6.66855051101745
MNP,Northern Mariana Islands,false,1981,11.7675858912373
MNP,Northern Mariana Islands,false,1982,11.9832113448872
MNP,Northern Mariana Islands,false,1983,10.9486221405458
MNP,Northern Mariana Islands,false,1984,10.059702267453
MNP,Northern Mariana Islands,false,1985,9.28510471830771
MNP,Northern Mariana Islands,false,1986,8.61407048088095
MNP,Northern Mariana Islands,false,1987,8.02572669183646
MNP,Northern Mariana Islands,false,1988,7.49930420031474
MNP,Northern Mariana Islands,false,1989,6.97835105011031
MNP,Northern Mariana Islands,false,1990,4.8187005236071
MNP,Northern Mariana Islands,false,1991,2.39596575611076
MNP,Northern Mariana Islands,false,1992,1.75948451311367
MNP,Northern Mariana Islands,false,1993,1.69207289433758
MNP,Northern Mariana Islands,false,1994,1.67889832865758
MNP,Northern Mariana Islands,false,1995,3.04746150270432
MNP,Northern Mariana Islands,false,1996,7.071285719985
MNP,Northern Mariana Islands,false,1997,9.0364482394478
MNP,Northern Mariana Islands,false,1998,8.04449384289569
MNP,Northern Mariana Islands,false,1999,7.19979543858211
MNP,Northern Mariana Islands,false,2000,3.63481386361787
MNP,Northern Mariana Islands,false,2001,-0.545695941220662
MNP,Northern Mariana Islands,false,2002,-1.7898698391983
MNP,Northern Mariana Islands,false,2003,-2.05303771417549
MNP,Northern Mariana Islands,false,2004,-2.29294440205974
MNP,Northern Mariana Islands,false,2005,-2.50860397803261
MNP,Northern Mariana Islands,false,2006,-2.71807103115674
MNP,Northern Mariana Islands,false,2007,-2.9110170154091
MNP,Northern Mariana Islands,false,2008,-3.08575533313163
MNP,Northern Mariana Islands,false,2009,-3.24545043037063
MNP,Northern Mariana Islands,false,2010,-2.25570725189976
MNP,Northern Mariana Islands,false,2011,-0.896950274724624
MNP,Northern Mariana Islands,false,2012,-0.700102071490281
MNP,Northern Mariana Islands,false,2013,-0.898187033104677
MNP,Northern Mariana Islands,false,2014,-1.10544695125402
MNP,Northern Mariana Islands,false,2015,-1.28073347255599
MNP,Northern Mariana Islands,false,2016,-1.44888981594755
MNP,Northern Mariana Islands,false,2017,-1.61620481831009
MNP,Northern Mariana Islands,false,2018,-1.78121757640998
MNP,Northern Mariana Islands,false,2019,-1.95055872430955
MNP,Northern Mariana Islands,false,2020,-1.25658949836081
MNP,Northern Mariana Islands,false,2021,-1.16183177026859
MNP,Northern Mariana Islands,false,2022,-1.93650806828242
MNP,Northern Mariana Islands,false,2023,-2.05003835843766
MNP,Northern Mariana Islands,false,2024,-1.93472893815204
MNP,Northern Mariana Islands,false,2025,-1.67849167730668
MOZ,Mozambique,false,1960,
MOZ,Mozambique,false,1961,1.78976365012273
MOZ,Mozambique,false,1962,1.94768658402485
MOZ,Mozambique,false,1963,1.99540798401864
MOZ,Mozambique,false,1964,2.02212420526424
MOZ,Mozambique,false,1965,2.06480323811709
MOZ,Mozambique,false,1966,2.09192879699268
MOZ,Mozambique,false,1967,2.11369540134976
MOZ,Mozambique,false,1968,2.15236900775577
MOZ,Mozambique,false,1969,2.18483330697775
MOZ,Mozambique,false,1970,2.24989399918894
MOZ,Mozambique,false,1971,2.46392042402391
MOZ,Mozambique,false,1972,2.75968907490517
MOZ,Mozambique,false,1973,2.96167596921756
MOZ,Mozambique,false,1974,3.09915742550433
MOZ,Mozambique,false,1975,3.24601604707273
MOZ,Mozambique,false,1976,3.36379161611863
MOZ,Mozambique,false,1977,3.56162195705673
MOZ,Mozambique,false,1978,3.77409618699155
MOZ,Mozambique,false,1979,3.79366303861639
MOZ,Mozambique,false,1980,2.74921484170095
MOZ,Mozambique,false,1981,2.02506463065038
MOZ,Mozambique,false,1982,2.19090120854327
MOZ,Mozambique,false,1983,2.08769818407045
MOZ,Mozambique,false,1984,1.98558572325584
MOZ,Mozambique,false,1985,1.87414219746729
MOZ,Mozambique,false,1986,1.75070143026712
MOZ,Mozambique,false,1987,0.40632800163785
MOZ,Mozambique,false,1988,-0.17184476447208
MOZ,Mozambique,false,1989,0.826879463334753
MOZ,Mozambique,false,1990,1.44375619693715
MOZ,Mozambique,false,1991,1.94778065719176
MOZ,Mozambique,false,1992,1.93755044660082
MOZ,Mozambique,false,1993,3.16588006726726
MOZ,Mozambique,false,1994,6.7597292831862
MOZ,Mozambique,false,1995,5.98142746197679
MOZ,Mozambique,false,1996,3.2785719951388
MOZ,Mozambique,false,1997,2.73622524372659
MOZ,Mozambique,false,1998,2.27759580542587
MOZ,Mozambique,false,1999,2.24695033794385
MOZ,Mozambique,false,2000,2.20366517231952
MOZ,Mozambique,false,2001,2.22591756896921
MOZ,Mozambique,false,2002,2.24357740312433
MOZ,Mozambique,false,2003,2.26412694670583
MOZ,Mozambique,false,2004,2.28307737180822
MOZ,Mozambique,false,2005,2.31300566720779
MOZ,Mozambique,false,2006,2.3486041998682
MOZ,Mozambique,false,2007,2.37944111058302
MOZ,Mozambique,false,2008,2.46564120587285
MOZ,Mozambique,false,2009,2.59095643753164
MOZ,Mozambique,false,2010,2.67685903538336
MOZ,Mozambique,false,2011,2.78615253564474
MOZ,Mozambique,false,2012,2.87101074780924
MOZ,Mozambique,false,2013,2.89055494992619
MOZ,Mozambique,false,2014,2.89895498583923
MOZ,Mozambique,false,2015,2.90106067133475
MOZ,Mozambique,false,2016,2.93066434696089
MOZ,Mozambique,false,2017,2.98845927899068
MOZ,Mozambique,false,2018,2.98089902972538
MOZ,Mozambique,false,2019,2.9397415898529
MOZ,Mozambique,false,2020,2.96490034295304
MOZ,Mozambique,false,2021,2.9577768101764
MOZ,Mozambique,false,2022,2.9473431712575
MOZ,Mozambique,false,2023,2.95358093047219
MOZ,Mozambique,false,2024,2.91994049442347
MOZ,Mozambique,false,2025,2.84630186701375
MRT,Mauritania,false,1960,
MRT,Mauritania,false,1961,2.61846246375525
MRT,Mauritania,false,1962,2.68381008289161
MRT,Mauritania,false,1963,2.75053124524719
MRT,Mauritania,false,1964,2.81770019550429
MRT,Mauritania,false,1965,2.88341521409635
MRT,Mauritania,false,1966,2.95011745876783
MRT,Mauritania,false,1967,3.00184319041556
MRT,Mauritania,false,1968,3.03135864633231
MRT,Mauritania,false,1969,3.0471171782895
MRT,Mauritania,false,1970,3.05134078280701
MRT,Mauritania,false,1971,3.03545835609263
MRT,Mauritania,false,1972,3.01083924073019
MRT,Mauritania,false,1973,2.99180097564537
MRT,Mauritania,false,1974,2.97481946893485
MRT,Mauritania,false,1975,2.95089808056624
MRT,Mauritania,false,1976,2.93201844659877
MRT,Mauritania,false,1977,2.8799669343812
MRT,Mauritania,false,1978,2.83618277762287
MRT,Mauritania,false,1979,2.83476146821053
MRT,Mauritania,false,1980,2.84077075599652
MRT,Mauritania,false,1981,2.86446503362075
MRT,Mauritania,false,1982,2.87857674179332
MRT,Mauritania,false,1983,2.8771632352728
MRT,Mauritania,false,1984,2.87999529641151
MRT,Mauritania,false,1985,2.88559266573209
MRT,Mauritania,false,1986,2.87969146068109
MRT,Mauritania,false,1987,2.8795899030444
MRT,Mauritania,false,1988,2.88879526231512
MRT,Mauritania,false,1989,2.51091496769222
MRT,Mauritania,false,1990,2.5335174710203
MRT,Mauritania,false,1991,2.92123792785109
MRT,Mauritania,false,1992,3.82669577865452
MRT,Mauritania,false,1993,4.04483281809764
MRT,Mauritania,false,1994,3.39678688176153
MRT,Mauritania,false,1995,2.74327836229324
MRT,Mauritania,false,1996,1.97732237962951
MRT,Mauritania,false,1997,2.22749819161846
MRT,Mauritania,false,1998,2.593086654003
MRT,Mauritania,false,1999,2.67329856414459
MRT,Mauritania,false,2000,2.78353822069134
MRT,Mauritania,false,2001,2.46862570579989
MRT,Mauritania,false,2002,2.2112923085405
MRT,Mauritania,false,2003,2.28829406566231
MRT,Mauritania,false,2004,2.34965515386841
MRT,Mauritania,false,2005,2.42430459268211
MRT,Mauritania,false,2006,2.50658248493226
MRT,Mauritania,false,2007,2.60052819123955
MRT,Mauritania,false,2008,2.87480873438379
MRT,Mauritania,false,2009,3.12899450909418
MRT,Mauritania,false,2010,3.19159403639576
MRT,Mauritania,false,2011,3.24512473547367
MRT,Mauritania,false,2012,3.26413503920642
MRT,Mauritania,false,2013,3.135806545909
MRT,Mauritania,false,2014,3.01218949095495
MRT,Mauritania,false,2015,3.00605924056849
MRT,Mauritania,false,2016,2.99795842489143
MRT,Mauritania,false,2017,2.98778789331469
MRT,Mauritania,false,2018,2.97356403059489
MRT,Mauritania,false,2019,2.95347297852629
MRT,Mauritania,false,2020,2.92092559048913
MRT,Mauritania,false,2021,2.88703345850902
MRT,Mauritania,false,2022,2.92956466448208
MRT,Mauritania,false,2023,2.96653079197429
MRT,Mauritania,false,2024,2.88395898961435
MRT,Mauritania,false,2025,2.77895808619534
MUS,Mauritius,false,1960,
MUS,Mauritius,false,1961,0.062596983282524
MUS,Mauritius,false,1962,2.83733679491855
MUS,Mauritius,false,1963,2.6089232743809
MUS,Mauritius,false,1964,2.4079632860718
MUS,Mauritius,false,1965,2.23175799688301
MUS,Mauritius,false,1966,2.07825391825284
MUS,Mauritius,false,1967,1.9455380416704
MUS,Mauritius,false,1968,1.8322860030699
MUS,Mauritius,false,1969,1.73729768611086
MUS,Mauritius,false,1970,1.65957892300445
MUS,Mauritius,false,1971,1.58900312538975
MUS,Mauritius,false,1972,1.51639266924615
MUS,Mauritius,false,1973,1.48715050140956
MUS,Mauritius,false,1974,1.51741920004679
MUS,Mauritius,false,1975,1.57717040981088
MUS,Mauritius,false,1976,1.61326195928039
MUS,Mauritius,false,1977,1.62727086648908
MUS,Mauritius,false,1978,1.30684309062206
MUS,Mauritius,false,1979,1.74041911636893
MUS,Mauritius,false,1980,1.68601231607574
MUS,Mauritius,false,1981,1.4819683080138
MUS,Mauritius,false,1982,1.22242818791707
MUS,Mauritius,false,1983,0.919667982370994
MUS,Mauritius,false,1984,1.0457354601341
MUS,Mauritius,false,1985,0.81732139513889
MUS,Mauritius,false,1986,0.764515985971925
MUS,Mauritius,false,1987,0.748099100249826
MUS,Mauritius,false,1988,0.688400517657601
MUS,Mauritius,false,1989,0.765914828413802
MUS,Mauritius,false,1990,0.712313471132199
MUS,Mauritius,false,1991,1.07946362530249
MUS,Mauritius,false,1992,1.31574311449685
MUS,Mauritius,false,1993,1.18554061440712
MUS,Mauritius,false,1994,1.40006449419438
MUS,Mauritius,false,1995,0.859933461061684
MUS,Mauritius,false,1996,1.02276454116174
MUS,Mauritius,false,1997,1.25209760994193
MUS,Mauritius,false,1998,1.05142162473208
MUS,Mauritius,false,1999,1.27124855157122
MUS,Mauritius,false,2000,0.982676166064297
MUS,Mauritius,false,2001,0.790047581068153
MUS,Mauritius,false,2002,0.694240135210974
MUS,Mauritius,false,2003,0.723661765578573
MUS,Mauritius,false,2004,0.627103982385528
MUS,Mauritius,false,2005,0.592099659929956
MUS,Mauritius,false,2006,0.466403525955087
MUS,Mauritius,false,2007,0.455526400702738
MUS,Mauritius,false,2008,0.361630847401639
MUS,Mauritius,false,2009,0.265537672832765
MUS,Mauritius,false,2010,0.237886692890185
MUS,Mauritius,false,2011,0.160140420765724
MUS,Mauritius,false,2012,0.277321025514609
MUS,Mauritius,false,2013,0.242165626741126
MUS,Mauritius,false,2014,0.181022097854624
MUS,Mauritius,false,2015,0.132404330287967
MUS,Mauritius,false,2016,0.0687082325715694
MUS,Mauritius,false,2017,0.0901672663767558
MUS,Mauritius,false,2018,0.0545354541381391
MUS,Mauritius,false,2019,0.0322330642925213
MUS,Mauritius,false,2020,0.00229068020969373
MUS,Mauritius,false,2021,0.0252729878913446
MUS,Mauritius,false,2022,-0.301401216835277
MUS,Mauritius,false,2023,-1.1051534726941
MUS,Mauritius,false,2024,-0.2299528038748
MUS,Mauritius,false,2025,-0.163726377394902
MWI,Malawi,false,1960,
MWI,Malawi,false,1961,2.38039429068488
MWI,Malawi,false,1962,2.41370183053521
MWI,Malawi,false,1963,2.44468605759743
MWI,Malawi,false,1964,2.4514095738988
MWI,Malawi,false,1965,2.44288330323923
MWI,Malawi,false,1966,2.45413767206842
MWI,Malawi,false,1967,2.47246488031704
MWI,Malawi,false,1968,2.47984205652288
MWI,Malawi,false,1969,2.46602432748585
MWI,Malawi,false,1970,2.46344349003254
MWI,Malawi,false,1971,2.50381258773252
MWI,Malawi,false,1972,2.55659391205399
MWI,Malawi,false,1973,2.6212796097092
MWI,Malawi,false,1974,2.70879599341223
MWI,Malawi,false,1975,2.80072280176353
MWI,Malawi,false,1976,2.9080535901255
MWI,Malawi,false,1977,3.10376342882029
MWI,Malawi,false,1978,3.41647294737698
MWI,Malawi,false,1979,3.69362364742043
MWI,Malawi,false,1980,3.85234956045916
MWI,Malawi,false,1981,3.92673408258975
MWI,Malawi,false,1982,3.94813860895721
MWI,Malawi,false,1983,3.94582497455838
MWI,Malawi,false,1984,3.90887997125253
MWI,Malawi,false,1985,3.84842356357611
MWI,Malawi,false,1986,3.68396422706543
MWI,Malawi,false,1987,4.77500903859102
MWI,Malawi,false,1988,5.39936640972062
MWI,Malawi,false,1989,4.71889242312826
MWI,Malawi,false,1990,3.94913594593981
MWI,Malawi,false,1991,3.07784774072047
MWI,Malawi,false,1992,2.91173826494271
MWI,Malawi,false,1993,1.45890484790257
MWI,Malawi,false,1994,-1.16516040362747
MWI,Malawi,false,1995,-0.145478657197626
MWI,Malawi,false,1996,1.97165297305688
MWI,Malawi,false,1997,2.00642058000582
MWI,Malawi,false,1998,2.16203188036192
MWI,Malawi,false,1999,2.33453883328598
MWI,Malawi,false,2000,2.39808527580859
MWI,Malawi,false,2001,2.41939427546647
MWI,Malawi,false,2002,2.44868795908692
MWI,Malawi,false,2003,2.50311318898405
MWI,Malawi,false,2004,2.58631203946607
MWI,Malawi,false,2005,2.67801100189358
MWI,Malawi,false,2006,2.75507030698051
MWI,Malawi,false,2007,2.82103771276785
MWI,Malawi,false,2008,2.90426164632368
MWI,Malawi,false,2009,2.95642545456471
MWI,Malawi,false,2010,2.94779608735928
MWI,Malawi,false,2011,2.91504427220952
MWI,Malawi,false,2012,2.87064589887138
MWI,Malawi,false,2013,2.83808966369485
MWI,Malawi,false,2014,2.80479012384928
MWI,Malawi,false,2015,2.75359183453625
MWI,Malawi,false,2016,2.72595787740448
MWI,Malawi,false,2017,2.70808949087835
MWI,Malawi,false,2018,2.67117568591664
MWI,Malawi,false,2019,2.65059567621331
MWI,Malawi,false,2020,2.63573735113183
MWI,Malawi,false,2021,2.59415828794597
MWI,Malawi,false,2022,2.567947782963
MWI,Malawi,false,2023,2.57135708610945
MWI,Malawi,false,2024,2.57641467045761
MWI,Malawi,false,2025,2.55685698114353
MYS,Malaysia,false,1960,
MYS,Malaysia,false,1961,2.58373842201017
MYS,Malaysia,false,1962,2.6079933251221
MYS,Malaysia,false,1963,2.61448951710449
MYS,Malaysia,false,1964,2.59611428546317
MYS,Malaysia,false,1965,2.54980960808065
MYS,Malaysia,false,1966,2.48940182057707
MYS,Malaysia,false,1967,2.36721910470141
MYS,Malaysia,false,1968,2.26900009863219
MYS,Malaysia,false,1969,2.26022307765599
MYS,Malaysia,false,1970,2.29763080032873
MYS,Malaysia,false,1971,2.3751040919662
MYS,Malaysia,false,1972,2.40180779094825
MYS,Malaysia,false,1973,2.39490013420869
MYS,Malaysia,false,1974,2.3969225246851
MYS,Malaysia,false,1975,2.39071194293749
MYS,Malaysia,false,1976,2.3959708559326
MYS,Malaysia,false,1977,2.40168174769843
MYS,Malaysia,false,1978,2.4007519821355
MYS,Malaysia,false,1979,2.40198093661577
MYS,Malaysia,false,1980,2.77631260870424
MYS,Malaysia,false,1981,3.15264589492806
MYS,Malaysia,false,1982,3.18472114484825
MYS,Malaysia,false,1983,3.22310878172444
MYS,Malaysia,false,1984,3.25801491550759
MYS,Malaysia,false,1985,3.28738816697012
MYS,Malaysia,false,1986,3.27741127041741
MYS,Malaysia,false,1987,3.22352401394525
MYS,Malaysia,false,1988,3.14398721440995
MYS,Malaysia,false,1989,3.03962219398994
MYS,Malaysia,false,1990,2.94872577944909
MYS,Malaysia,false,1991,2.8158546560368
MYS,Malaysia,false,1992,2.64753082839941
MYS,Malaysia,false,1993,2.55845902443816
MYS,Malaysia,false,1994,2.54353236939425
MYS,Malaysia,false,1995,2.54130598813685
MYS,Malaysia,false,1996,2.52310298452386
MYS,Malaysia,false,1997,2.48740927032502
MYS,Malaysia,false,1998,2.45609059309708
MYS,Malaysia,false,1999,2.38527879909653
MYS,Malaysia,false,2000,2.34480241175698
MYS,Malaysia,false,2001,2.40351289519482
MYS,Malaysia,false,2002,2.41855547054066
MYS,Malaysia,false,2003,2.36624571909165
MYS,Malaysia,false,2004,2.31172452935085
MYS,Malaysia,false,2005,2.26772984873607
MYS,Malaysia,false,2006,2.22705351047756
MYS,Malaysia,false,2007,2.17350461828888
MYS,Malaysia,false,2008,2.09531674831339
MYS,Malaysia,false,2009,1.99206021194285
MYS,Malaysia,false,2010,1.87040612656176
MYS,Malaysia,false,2011,1.75128008243176
MYS,Malaysia,false,2012,1.70269513202166
MYS,Malaysia,false,2013,1.70946282045073
MYS,Malaysia,false,2014,1.7147407282165
MYS,Malaysia,false,2015,1.73319445645586
MYS,Malaysia,false,2016,1.76731054757933
MYS,Malaysia,false,2017,1.76466064017847
MYS,Malaysia,false,2018,1.70174731907235
MYS,Malaysia,false,2019,1.59646653343981
MYS,Malaysia,false,2020,1.33363323143911
MYS,Malaysia,false,2021,1.15251304394292
MYS,Malaysia,false,2022,1.1977720012836
MYS,Malaysia,false,2023,1.23402869169549
MYS,Malaysia,false,2024,1.22058891015438
MYS,Malaysia,false,2025,1.17471679693395
NAC,North America,true,1960,
NAC,North America,true,1961,1.68866980012568
NAC,North America,true,1962,1.56737262028583
NAC,North America,true,1963,1.47789309314725
NAC,North America,true,1964,1.43458275295862
NAC,North America,true,1965,1.30174583761938
NAC,North America,true,1966,1.22043054682966
NAC,North America,true,1967,1.15504105071657
NAC,North America,true,1968,1.05606959299704
NAC,North America,true,1969,1.01331265867559
NAC,North America,true,1970,1.18700212308306
NAC,North America,true,1971,1.42404871170092
NAC,North America,true,1972,1.07900376813534
NAC,North America,true,1973,0.980013910076267
NAC,North America,true,1974,0.959876635243036
NAC,North America,true,1975,1.03151127159026
NAC,North America,true,1976,0.985478093700697
NAC,North America,true,1977,1.021578411015
NAC,North America,true,1978,1.05315475799638
NAC,North America,true,1979,1.09231298913316
NAC,North America,true,1980,0.991529648555235
NAC,North America,true,1981,1.00589653986473
NAC,North America,true,1982,0.976352774192286
NAC,North America,true,1983,0.921586078563739
NAC,North America,true,1984,0.873442093979038
NAC,North America,true,1985,0.888793787485956
NAC,North America,true,1986,0.930945636668025
NAC,North America,true,1987,0.93545354665928
NAC,North America,true,1988,0.946274049237871
NAC,North America,true,1989,1.02859281539009
NAC,North America,true,1990,1.16724566944081
NAC,North America,true,1991,1.32680596162554
NAC,North America,true,1992,1.36649823887321
NAC,North America,true,1993,1.29669476300867
NAC,North America,true,1994,1.21316336153584
NAC,North America,true,1995,1.175185020471
NAC,North America,true,1996,1.1515754395111
NAC,North America,true,1997,1.18305184867505
NAC,North America,true,1998,1.13250002702297
NAC,North America,true,1999,1.1152659124768
NAC,North America,true,2000,1.09487429044742
NAC,North America,true,2001,0.999111327504388
NAC,North America,true,2002,0.943123172764975
NAC,North America,true,2003,0.86329811235113
NAC,North America,true,2004,0.926016512556795
NAC,North America,true,2005,0.924079326653074
NAC,North America,true,2006,0.968958000292518
NAC,North America,true,2007,0.952856906506988
NAC,North America,true,2008,0.959364165339977
NAC,North America,true,2009,0.90301120571731
NAC,North America,true,2010,0.872248322965573
NAC,North America,true,2011,0.810385884625871
NAC,North America,true,2012,0.82654950888601
NAC,North America,true,2013,0.785955296629689
NAC,North America,true,2014,0.816364811510733
NAC,North America,true,2015,0.79398878386799
NAC,North America,true,2016,0.820075680421435
NAC,North America,true,2017,0.743268119320072
NAC,North America,true,2018,0.671925189322868
NAC,North America,true,2019,0.61147351678854
NAC,North America,true,2020,0.477859612731752
NAC,North America,true,2021,0.19823759626924
NAC,North America,true,2022,0.701227350749623
NAC,North America,true,2023,1.02888113096261
NAC,North America,true,2024,1.17699231428795
NAC,North America,true,2025,0.567525761500349
NAM,Namibia,false,1960,
NAM,Namibia,false,1961,1.94257915958139
NAM,Namibia,false,1962,2.08273515494746
NAM,Namibia,false,1963,2.22115723247584
NAM,Namibia,false,1964,2.34541434671878
NAM,Namibia,false,1965,2.45635633632105
NAM,Namibia,false,1966,2.55533765044564
NAM,Namibia,false,1967,2.67760045417758
NAM,Namibia,false,1968,2.76259840665815
NAM,Namibia,false,1969,2.83528514336344
NAM,Namibia,false,1970,2.91160790806045
NAM,Namibia,false,1971,2.95331294853002
NAM,Namibia,false,1972,3.005305725222
NAM,Namibia,false,1973,3.00378849998873
NAM,Namibia,false,1974,3.0172531128284
NAM,Namibia,false,1975,3.07881167742023
NAM,Namibia,false,1976,2.85698874084553
NAM,Namibia,false,1977,2.67071438332947
NAM,Namibia,false,1978,1.72121288811214
NAM,Namibia,false,1979,1.62885637441409
NAM,Namibia,false,1980,1.91430959367676
NAM,Namibia,false,1981,1.12122451200737
NAM,Namibia,false,1982,1.77835012810577
NAM,Namibia,false,1983,2.65693406158836
NAM,Namibia,false,1984,2.70784312649189
NAM,Namibia,false,1985,2.85758960511953
NAM,Namibia,false,1986,3.06949098144055
NAM,Namibia,false,1987,3.20240330367504
NAM,Namibia,false,1988,3.51712427298355
NAM,Namibia,false,1989,6.34565175933884
NAM,Namibia,false,1990,6.04762452874674
NAM,Namibia,false,1991,3.33109552708536
NAM,Namibia,false,1992,3.17286989481137
NAM,Namibia,false,1993,3.19048589219443
NAM,Namibia,false,1994,3.10674150290496
NAM,Namibia,false,1995,2.90451809453557
NAM,Namibia,false,1996,2.70517158693344
NAM,Namibia,false,1997,2.58822548786846
NAM,Namibia,false,1998,2.54139251078514
NAM,Namibia,false,1999,2.48639740874389
NAM,Namibia,false,2000,2.35219877188535
NAM,Namibia,false,2001,2.08953121470852
NAM,Namibia,false,2002,1.75728257510242
NAM,Namibia,false,2003,1.44425237074387
NAM,Namibia,false,2004,1.27571138513782
NAM,Namibia,false,2005,1.25364169808749
NAM,Namibia,false,2006,1.27859222127371
NAM,Namibia,false,2007,1.3321269140493
NAM,Namibia,false,2008,1.39984615902945
NAM,Namibia,false,2009,1.47115601688196
NAM,Namibia,false,2010,1.54841464345813
NAM,Namibia,false,2011,1.71587072736176
NAM,Namibia,false,2012,2.22673258326321
NAM,Namibia,false,2013,2.60198589808047
NAM,Namibia,false,2014,2.61288080068243
NAM,Namibia,false,2015,2.65295870908636
NAM,Namibia,false,2016,2.69727890929136
NAM,Namibia,false,2017,2.73527353433315
NAM,Namibia,false,2018,2.77246337174234
NAM,Namibia,false,2019,2.79932223646079
NAM,Namibia,false,2020,2.91019887709682
NAM,Namibia,false,2021,2.95314556354467
NAM,Namibia,false,2022,2.77600581415178
NAM,Namibia,false,2023,2.50947899094054
NAM,Namibia,false,2024,2.23715227334598
NAM,Namibia,false,2025,2.04761498541566
NCL,New Caledonia,false,1960,
NCL,New Caledonia,false,1961,3.32912350502977
NCL,New Caledonia,false,1962,3.35201618769523
NCL,New Caledonia,false,1963,3.13318666612797
NCL,New Caledonia,false,1964,2.85714529182558
NCL,New Caledonia,false,1965,2.78314228773617
NCL,New Caledonia,false,1966,2.81637207171435
NCL,New Caledonia,false,1967,2.84679756194015
NCL,New Caledonia,false,1968,2.85379416101119
NCL,New Caledonia,false,1969,3.30438711835275
NCL,New Caledonia,false,1970,4.1922781863956
NCL,New Caledonia,false,1971,4.62530845302214
NCL,New Caledonia,false,1972,4.62194911439544
NCL,New Caledonia,false,1973,4.60662427444147
NCL,New Caledonia,false,1974,4.56589458201935
NCL,New Caledonia,false,1975,4.47057493040381
NCL,New Caledonia,false,1976,3.31201821433718
NCL,New Caledonia,false,1977,1.7496696653262
NCL,New Caledonia,false,1978,1.23235611539571
NCL,New Caledonia,false,1979,1.18158129313809
NCL,New Caledonia,false,1980,1.13107811336518
NCL,New Caledonia,false,1981,1.07815608640718
NCL,New Caledonia,false,1982,1.02483471642983
NCL,New Caledonia,false,1983,1.30000142518651
NCL,New Caledonia,false,1984,1.65078320146471
NCL,New Caledonia,false,1985,1.66829432369755
NCL,New Caledonia,false,1986,1.64889912395132
NCL,New Caledonia,false,1987,1.67528906841151
NCL,New Caledonia,false,1988,1.7070490412272
NCL,New Caledonia,false,1989,2.07154480942722
NCL,New Caledonia,false,1990,2.54084862578377
NCL,New Caledonia,false,1991,2.67395311361723
NCL,New Caledonia,false,1992,2.63226109383085
NCL,New Caledonia,false,1993,2.5390760953236
NCL,New Caledonia,false,1994,2.46188731434976
NCL,New Caledonia,false,1995,2.40672436191472
NCL,New Caledonia,false,1996,2.29652457440987
NCL,New Caledonia,false,1997,2.18342754952717
NCL,New Caledonia,false,1998,2.11855225357606
NCL,New Caledonia,false,1999,2.07139596197975
NCL,New Caledonia,false,2000,2.07015601128576
NCL,New Caledonia,false,2001,2.04485779933828
NCL,New Caledonia,false,2002,1.96943812043973
NCL,New Caledonia,false,2003,1.89464715384192
NCL,New Caledonia,false,2004,1.74820694207225
NCL,New Caledonia,false,2005,1.45458459025355
NCL,New Caledonia,false,2006,1.28719801022213
NCL,New Caledonia,false,2007,1.27562580041589
NCL,New Caledonia,false,2008,1.22883322130144
NCL,New Caledonia,false,2009,1.34033215268725
NCL,New Caledonia,false,2010,1.66994351621015
NCL,New Caledonia,false,2011,1.8787771558269
NCL,New Caledonia,false,2012,1.89163090783472
NCL,New Caledonia,false,2013,1.89228098410746
NCL,New Caledonia,false,2014,1.57768044469833
NCL,New Caledonia,false,2015,0.688885628400534
NCL,New Caledonia,false,2016,0.0900120253294113
NCL,New Caledonia,false,2017,0.0433886162840042
NCL,New Caledonia,false,2018,-0.00176339785610822
NCL,New Caledonia,false,2019,0.0229217470195887
NCL,New Caledonia,false,2020,0.200781353226217
NCL,New Caledonia,false,2021,0.364601116942216
NCL,New Caledonia,false,2022,0.66709196832953
NCL,New Caledonia,false,2023,0.952185123510063
NCL,New Caledonia,false,2024,0.95072208560765
NCL,New Caledonia,false,2025,0.916376579929707
NER,Niger,false,1960,
NER,Niger,false,1961,2.89937156940821
NER,Niger,false,1962,2.90509624858582
NER,Niger,false,1963,2.90143194405961
NER,Niger,false,1964,2.88539386352651
NER,Niger,false,1965,2.85238476647929
NER,Niger,false,1966,2.8205309694033
NER,Niger,false,1967,2.79445637221781
NER,Niger,false,1968,2.76393473383356
NER,Niger,false,1969,2.73469949171708
NER,Niger,false,1970,2.71485723231712
NER,Niger,false,1971,2.67241278978744
NER,Niger,false,1972,2.65730065768783
NER,Niger,false,1973,2.67588891133571
NER,Niger,false,1974,2.68478757609532
NER,Niger,false,1975,2.70825509749018
NER,Niger,false,1976,2.74443603054066
NER,Niger,false,1977,2.79239605560001
NER,Niger,false,1978,2.86296916832524
NER,Niger,false,1979,2.94137448632528
NER,Niger,false,1980,2.98437724803892
NER,Niger,false,1981,2.98682250119376
NER,Niger,false,1982,2.97224673856301
NER,Niger,false,1983,2.96378138778661
NER,Niger,false,1984,2.95685968313407
NER,Niger,false,1985,2.97255475004147
NER,Niger,false,1986,3.00769828085259
NER,Niger,false,1987,3.02553237615271
NER,Niger,false,1988,3.02985788052672
NER,Niger,false,1989,3.04577447727581
NER,Niger,false,1990,3.07948454709256
NER,Niger,false,1991,3.0994180029753
NER,Niger,false,1992,3.11848225510655
NER,Niger,false,1993,3.16076464061933
NER,Niger,false,1994,3.21632398923127
NER,Niger,false,1995,3.3098246971535
NER,Niger,false,1996,3.34376645351566
NER,Niger,false,1997,3.32029101351841
NER,Niger,false,1998,3.38434700775298
NER,Niger,false,1999,3.4405793301062
NER,Niger,false,2000,3.46716382832898
NER,Niger,false,2001,3.50878624306039
NER,Niger,false,2002,3.53148102432579
NER,Niger,false,2003,3.5622769230714
NER,Niger,false,2004,3.59824904350361
NER,Niger,false,2005,3.62970414217364
NER,Niger,false,2006,3.65709371425878
NER,Niger,false,2007,3.68110827846052
NER,Niger,false,2008,3.70203244818704
NER,Niger,false,2009,3.71708044318123
NER,Niger,false,2010,3.72535077368531
NER,Niger,false,2011,3.72138303234104
NER,Niger,false,2012,3.77324639644684
NER,Niger,false,2013,3.75837207594511
NER,Niger,false,2014,3.6892808045974
NER,Niger,false,2015,3.69640590007582
NER,Niger,false,2016,3.67426137513091
NER,Niger,false,2017,3.56007044831691
NER,Niger,false,2018,3.45088050525461
NER,Niger,false,2019,3.36654855482346
NER,Niger,false,2020,3.29977391625444
NER,Niger,false,2021,3.25425239869281
NER,Niger,false,2022,3.25170642220024
NER,Niger,false,2023,3.29489175812772
NER,Niger,false,2024,3.28101480132484
NER,Niger,false,2025,3.22289981385576
NGA,Nigeria,false,1960,
NGA,Nigeria,false,1961,2.05520464816869
NGA,Nigeria,false,1962,2.09998826453802
NGA,Nigeria,false,1963,2.12414776592407
NGA,Nigeria,false,1964,2.14151540554873
NGA,Nigeria,false,1965,2.16912890314877
NGA,Nigeria,false,1966,2.17529193795192
NGA,Nigeria,false,1967,2.13540609474411
NGA,Nigeria,false,1968,2.15607095595453
NGA,Nigeria,false,1969,2.21937460327587
NGA,Nigeria,false,1970,2.28359240382951
NGA,Nigeria,false,1971,2.3356437200389
NGA,Nigeria,false,1972,2.39539467623687
NGA,Nigeria,false,1973,2.49480838624679
NGA,Nigeria,false,1974,2.62332417262733
NGA,Nigeria,false,1975,2.768857941331
NGA,Nigeria,false,1976,2.87143514738127
NGA,Nigeria,false,1977,2.98390652773332
NGA,Nigeria,false,1978,3.06398428248064
NGA,Nigeria,false,1979,3.08451719174793
NGA,Nigeria,false,1980,3.12066355658369
NGA,Nigeria,false,1981,3.07495335898149
NGA,Nigeria,false,1982,2.99231883880151
NGA,Nigeria,false,1983,2.59377141123926
NGA,Nigeria,false,1984,2.56288295556477
NGA,Nigeria,false,1985,2.83314546882475
NGA,Nigeria,false,1986,2.71663331013825
NGA,Nigeria,false,1987,2.66463093630457
NGA,Nigeria,false,1988,2.67440624256127
NGA,Nigeria,false,1989,2.69210483580786
NGA,Nigeria,false,1990,2.70288804324942
NGA,Nigeria,false,1991,2.64110316371064
NGA,Nigeria,false,1992,2.62528760714312
NGA,Nigeria,false,1993,2.65014775362862
NGA,Nigeria,false,1994,2.64135723468862
NGA,Nigeria,false,1995,2.63662927453146
NGA,Nigeria,false,1996,2.61429682326517
NGA,Nigeria,false,1997,2.60308705392213
NGA,Nigeria,false,1998,2.61337639810203
NGA,Nigeria,false,1999,2.63592921799734
NGA,Nigeria,false,2000,2.67439784501828
NGA,Nigeria,false,2001,2.7163954653619
NGA,Nigeria,false,2002,2.74147056608815
NGA,Nigeria,false,2003,2.75673506428828
NGA,Nigeria,false,2004,2.77053967849452
NGA,Nigeria,false,2005,2.76883385211034
NGA,Nigeria,false,2006,2.76124698861505
NGA,Nigeria,false,2007,2.77180099910734
NGA,Nigeria,false,2008,2.78453384410814
NGA,Nigeria,false,2009,2.78730820935027
NGA,Nigeria,false,2010,2.795149361277
NGA,Nigeria,false,2011,2.80278519998649
NGA,Nigeria,false,2012,2.77422930277333
NGA,Nigeria,false,2013,2.71468991073627
NGA,Nigeria,false,2014,2.64221399374699
NGA,Nigeria,false,2015,2.53617348598208
NGA,Nigeria,false,2016,2.47183239057048
NGA,Nigeria,false,2017,2.43170936923065
NGA,Nigeria,false,2018,2.31217263003389
NGA,Nigeria,false,2019,2.1944019229433
NGA,Nigeria,false,2020,2.13029714344341
NGA,Nigeria,false,2021,2.09618685225463
NGA,Nigeria,false,2022,2.09281687128387
NGA,Nigeria,false,2023,2.09838916935738
NGA,Nigeria,false,2024,2.08297776184189
NGA,Nigeria,false,2025,2.06227178599451
NIC,Nicaragua,false,1960,
NIC,Nicaragua,false,1961,2.98909653641935
NIC,Nicaragua,false,1962,2.99686847860746
NIC,Nicaragua,false,1963,3.01073181924445
NIC,Nicaragua,false,1964,3.03113727135801
NIC,Nicaragua,false,1965,3.06206579247298
NIC,Nicaragua,false,1966,3.09436798746284
NIC,Nicaragua,false,1967,3.11980004743417
NIC,Nicaragua,false,1968,3.13628387284989
NIC,Nicaragua,false,1969,3.13859361349657
NIC,Nicaragua,false,1970,3.12998741591648
NIC,Nicaragua,false,1971,3.1187461701017
NIC,Nicaragua,false,1972,2.90764191451417
NIC,Nicaragua,false,1973,2.89900014767445
NIC,Nicaragua,false,1974,3.07742437016185
NIC,Nicaragua,false,1975,3.05908606501741
NIC,Nicaragua,false,1976,3.03855327085568
NIC,Nicaragua,false,1977,3.0082733016848
NIC,Nicaragua,false,1978,2.8911019717957
NIC,Nicaragua,false,1979,2.69714255031379
NIC,Nicaragua,false,1980,2.73911424026696
NIC,Nicaragua,false,1981,2.82740603042691
NIC,Nicaragua,false,1982,2.74384111877106
NIC,Nicaragua,false,1983,2.62711752011175
NIC,Nicaragua,false,1984,2.48487269489396
NIC,Nicaragua,false,1985,2.38558879872816
NIC,Nicaragua,false,1986,2.33798824085367
NIC,Nicaragua,false,1987,2.29304783345379
NIC,Nicaragua,false,1988,2.29575767661769
NIC,Nicaragua,false,1989,2.3426469840593
NIC,Nicaragua,false,1990,2.33532526542317
NIC,Nicaragua,false,1991,2.30539160027034
NIC,Nicaragua,false,1992,2.26057691432804
NIC,Nicaragua,false,1993,2.19526818654442
NIC,Nicaragua,false,1994,2.12344956001799
NIC,Nicaragua,false,1995,2.03689558542684
NIC,Nicaragua,false,1996,1.85738578138211
NIC,Nicaragua,false,1997,1.66886011283246
NIC,Nicaragua,false,1998,1.52856081444745
NIC,Nicaragua,false,1999,1.43050495553198
NIC,Nicaragua,false,2000,1.3755333704478
NIC,Nicaragua,false,2001,1.28961325996451
NIC,Nicaragua,false,2002,1.21286138243943
NIC,Nicaragua,false,2003,1.1785630920639
NIC,Nicaragua,false,2004,1.18180960798577
NIC,Nicaragua,false,2005,1.30369984372022
NIC,Nicaragua,false,2006,1.42647684672934
NIC,Nicaragua,false,2007,1.43621553103677
NIC,Nicaragua,false,2008,1.43313226086457
NIC,Nicaragua,false,2009,1.42451653487476
NIC,Nicaragua,false,2010,1.41916789623706
NIC,Nicaragua,false,2011,1.41223292768918
NIC,Nicaragua,false,2012,1.40332726881517
NIC,Nicaragua,false,2013,1.3892875213501
NIC,Nicaragua,false,2014,1.37171758610881
NIC,Nicaragua,false,2015,1.35767667855894
NIC,Nicaragua,false,2016,1.34468900607336
NIC,Nicaragua,false,2017,1.33184988677682
NIC,Nicaragua,false,2018,1.31878207820366
NIC,Nicaragua,false,2019,1.29742127419157
NIC,Nicaragua,false,2020,1.25084741191992
NIC,Nicaragua,false,2021,1.20325375827905
NIC,Nicaragua,false,2022,1.28466010240759
NIC,Nicaragua,false,2023,1.37167812196347
NIC,Nicaragua,false,2024,1.34687135560209
NIC,Nicaragua,false,2025,1.31234789341176
NLD,Netherlands,false,1960,
NLD,Netherlands,false,1961,1.31529458823228
NLD,Netherlands,false,1962,1.42447506739908
NLD,Netherlands,false,1963,1.3484919646048
NLD,Netherlands,false,1964,1.33778133208209
NLD,Netherlands,false,1965,1.37266110512345
NLD,Netherlands,false,1966,1.30517073080104
NLD,Netherlands,false,1967,1.13314407259893
NLD,Netherlands,false,1968,1.03854696110739
NLD,Netherlands,false,1969,1.15796910892603
NLD,Netherlands,false,1970,1.2389326613278
NLD,Netherlands,false,1971,1.18913354289438
NLD,Netherlands,false,1972,1.01117285033374
NLD,Netherlands,false,1973,0.827331016213766
NLD,Netherlands,false,1974,0.78367225014689
NLD,Netherlands,false,1975,0.891389955359838
NLD,Netherlands,false,1976,0.784993389027855
NLD,Netherlands,false,1977,0.594626000826161
NLD,Netherlands,false,1978,0.615264576886905
NLD,Netherlands,false,1979,0.690282251587051
NLD,Netherlands,false,1980,0.791331808142327
NLD,Netherlands,false,1981,0.68604679796041
NLD,Netherlands,false,1982,0.458559864217281
NLD,Netherlands,false,1983,0.37922259579425
NLD,Netherlands,false,1984,0.396933189768028
NLD,Netherlands,false,1985,0.466326519882431
NLD,Netherlands,false,1986,0.554957725760648
NLD,Netherlands,false,1987,0.634526879264155
NLD,Netherlands,false,1988,0.646096227552241
NLD,Netherlands,false,1989,0.59990721305618
NLD,Netherlands,false,1990,0.688603823438797
NLD,Netherlands,false,1991,0.788031035375139
NLD,Netherlands,false,1992,0.756056593396787
NLD,Netherlands,false,1993,0.696991330125143
NLD,Netherlands,false,1994,0.602938474274189
NLD,Netherlands,false,1995,0.49392737251493
NLD,Netherlands,false,1996,0.461395747607711
NLD,Netherlands,false,1997,0.514767002117464
NLD,Netherlands,false,1998,0.616640530679659
NLD,Netherlands,false,1999,0.665493187073143
NLD,Netherlands,false,2000,0.714770362784392
NLD,Netherlands,false,2001,0.754840057734904
NLD,Netherlands,false,2002,0.638291666268526
NLD,Netherlands,false,2003,0.471814398788212
NLD,Netherlands,false,2004,0.347475412048658
NLD,Netherlands,false,2005,0.23366314793854
NLD,Netherlands,false,2006,0.160613668857538
NLD,Netherlands,false,2007,0.217521601194242
NLD,Netherlands,false,2008,0.389292461499527
NLD,Netherlands,false,2009,0.514284544827762
NLD,Netherlands,false,2010,0.512923100553586
NLD,Netherlands,false,2011,0.466428782200821
NLD,Netherlands,false,2012,0.370055034770235
NLD,Netherlands,false,2013,0.294820793441482
NLD,Netherlands,false,2014,0.359828172726548
NLD,Netherlands,false,2015,0.443220089035769
NLD,Netherlands,false,2016,0.532178879608489
NLD,Netherlands,false,2017,0.591203366164118
NLD,Netherlands,false,2018,0.583933408920832
NLD,Netherlands,false,2019,0.65507157480522
NLD,Netherlands,false,2020,0.55554079025497
NLD,Netherlands,false,2021,0.523490508168757
NLD,Netherlands,false,2022,0.953278922854537
NLD,Netherlands,false,2023,0.990139686700227
NLD,Netherlands,false,2024,0.648823280021657
NLD,Netherlands,false,2025,0.521869714098474
NOR,Norway,false,1960,
NOR,Norway,false,1961,0.794353922504427
NOR,Norway,false,1962,0.80340155650308
NOR,Norway,false,1963,0.756123515554719
NOR,Norway,false,1964,0.755402813635902
NOR,Norway,false,1965,0.777327076680891
NOR,Norway,false,1966,0.798379881806135
NOR,Norway,false,1967,0.836536531640014
NOR,Norway,false,1968,0.840602106098354
NOR,Norway,false,1969,0.814728248605471
NOR,Norway,false,1970,0.726516019496402
NOR,Norway,false,1971,0.701293381393909
NOR,Norway,false,1972,0.764803002233718
NOR,Norway,false,1973,0.699504829551889
NOR,Norway,false,1974,0.620349415188391
NOR,Norway,false,1975,0.551888897314436
NOR,Norway,false,1976,0.469013919500022
NOR,Norway,false,1977,0.422661319522559
NOR,Norway,false,1978,0.381788582949308
NOR,Norway,false,1979,0.340565570067307
NOR,Norway,false,1980,0.321225575570377
NOR,Norway,false,1981,0.344079656076061
NOR,Norway,false,1982,0.367278280054002
NOR,Norway,false,1983,0.331060292406033
NOR,Norway,false,1984,0.282202672828762
NOR,Norway,false,1985,0.299471500364252
NOR,Norway,false,1986,0.356688643730966
NOR,Norway,false,1987,0.468049546752802
NOR,Norway,false,1988,0.537922759339233
NOR,Norway,false,1989,0.412807534785616
NOR,Norway,false,1990,0.344151412835214
NOR,Norway,false,1991,0.476503585004921
NOR,Norway,false,1992,0.577180268126687
NOR,Norway,false,1993,0.5952293301816
NOR,Norway,false,1994,0.569388227765026
NOR,Norway,false,1995,0.519125519812519
NOR,Norway,false,1996,0.506881682762136
NOR,Norway,false,1997,0.54221993602931
NOR,Norway,false,1998,0.595410343346654
NOR,Norway,false,1999,0.684759433412698
NOR,Norway,false,2000,0.649044821192665
NOR,Norway,false,2001,0.506046910557235
NOR,Norway,false,2002,0.539290805050494
NOR,Norway,false,2003,0.586532691986894
NOR,Norway,false,2004,0.590930939690253
NOR,Norway,false,2005,0.681072964187373
NOR,Norway,false,2006,0.805392739160981
NOR,Norway,false,2007,1.03473451527827
NOR,Norway,false,2008,1.24633301535167
NOR,Norway,false,2009,1.2611272893768
NOR,Norway,false,2010,1.24566617956207
NOR,Norway,false,2011,1.297189390693
NOR,Norway,false,2012,1.31344098868985
NOR,Norway,false,2013,1.20914158930136
NOR,Norway,false,2014,1.12773667734928
NOR,Norway,false,2015,0.995084736958414
NOR,Norway,false,2016,0.880969815359919
NOR,Norway,false,2017,0.807673181884948
NOR,Norway,false,2018,0.660090844249
NOR,Norway,false,2019,0.675061373245644
NOR,Norway,false,2020,0.588757324043059
NOR,Norway,false,2021,0.534772281874925
NOR,Norway,false,2022,0.898395220610608
NOR,Norway,false,2023,1.13831142739624
NOR,Norway,false,2024,0.949855138372357
NOR,Norway,false,2025,0.690166127329719
NPL,Nepal,false,1960,
NPL,Nepal,false,1961,1.90532606188008
NPL,Nepal,false,1962,1.94559637163818
NPL,Nepal,false,1963,1.96423093760974
NPL,Nepal,false,1964,1.99833095399361
NPL,Nepal,false,1965,2.05270337462848
NPL,Nepal,false,1966,2.08401607663451
NPL,Nepal,false,1967,2.11621871256892
NPL,Nepal,false,1968,2.15255302704586
NPL,Nepal,false,1969,2.16655114658881
NPL,Nepal,false,1970,2.18804426803254
NPL,Nepal,false,1971,2.17831142561141
NPL,Nepal,false,1972,2.17165826695401
NPL,Nepal,false,1973,2.17901035024548
NPL,Nepal,false,1974,2.184556853433
NPL,Nepal,false,1975,2.20322019517039
NPL,Nepal,false,1976,2.18883692426696
NPL,Nepal,false,1977,2.24250407950159
NPL,Nepal,false,1978,2.32139337112464
NPL,Nepal,false,1979,2.33704722289842
NPL,Nepal,false,1980,2.35841399523803
NPL,Nepal,false,1981,2.34680701789386
NPL,Nepal,false,1982,2.33132359261436
NPL,Nepal,false,1983,2.37153469272205
NPL,Nepal,false,1984,2.34580997576512
NPL,Nepal,false,1985,2.27102749578173
NPL,Nepal,false,1986,2.20930183498894
NPL,Nepal,false,1987,2.11744076321302
NPL,Nepal,false,1988,2.10452210347206
NPL,Nepal,false,1989,2.22388619806665
NPL,Nepal,false,1990,2.41969921944806
NPL,Nepal,false,1991,2.58817841764484
NPL,Nepal,false,1992,2.82065681366559
NPL,Nepal,false,1993,2.73026688257275
NPL,Nepal,false,1994,2.50525729621082
NPL,Nepal,false,1995,2.40195786457922
NPL,Nepal,false,1996,2.20703682810923
NPL,Nepal,false,1997,2.07834822711058
NPL,Nepal,false,1998,1.96550365283425
NPL,Nepal,false,1999,1.86110099800161
NPL,Nepal,false,2000,1.73127486408485
NPL,Nepal,false,2001,1.61738284845393
NPL,Nepal,false,2002,1.52057612057996
NPL,Nepal,false,2003,1.41042300664335
NPL,Nepal,false,2004,1.26834840063401
NPL,Nepal,false,2005,1.11915460082368
NPL,Nepal,false,2006,0.968206396130087
NPL,Nepal,false,2007,0.83618340426827
NPL,Nepal,false,2008,0.749540559520267
NPL,Nepal,false,2009,0.675732337813135
NPL,Nepal,false,2010,0.619710468212554
NPL,Nepal,false,2011,0.447181720951167
NPL,Nepal,false,2012,0.256079255262795
NPL,Nepal,false,2013,0.199840751964584
NPL,Nepal,false,2014,0.298119921280857
NPL,Nepal,false,2015,0.545118124856758
NPL,Nepal,false,2016,0.472697719209503
NPL,Nepal,false,2017,0.199389989212823
NPL,Nepal,false,2018,0.244000280298262
NPL,Nepal,false,2019,1.18377302604311
NPL,Nepal,false,2020,1.92583106605859
NPL,Nepal,false,2021,1.74002411752275
NPL,Nepal,false,2022,0.81238557412485
NPL,Nepal,false,2023,-0.0700958873206174
NPL,Nepal,false,2024,-0.146800968936231
NPL,Nepal,false,2025,-0.111140420150509
NRU,Naoero,false,1960,
NRU,Naoero,false,1961,3.56076419628584
NRU,Naoero,false,1962,4.20445397434073
NRU,Naoero,false,1963,4.8417099438375
NRU,Naoero,false,1964,5.3825485607045
NRU,Naoero,false,1965,5.58883420008912
NRU,Naoero,false,1966,3.55405826730645
NRU,Naoero,false,1967,1.51095007834533
NRU,Naoero,false,1968,3.0974152302478
NRU,Naoero,false,1969,3.92024790086294
NRU,Naoero,false,1970,1.94122415096083
NRU,Naoero,false,1971,0.771975330210381
NRU,Naoero,false,1972,0.736705851474749
NRU,Naoero,false,1973,0.78959322350585
NRU,Naoero,false,1974,0.826750666038812
NRU,Naoero,false,1975,0.920207787442528
NRU,Naoero,false,1976,1.09601837313453
NRU,Naoero,false,1977,1.39174243306553
NRU,Naoero,false,1978,1.86714503819418
NRU,Naoero,false,1979,2.30268876652203
NRU,Naoero,false,1980,2.39476946602528
NRU,Naoero,false,1981,2.45363548668562
NRU,Naoero,false,1982,2.53178079842898
NRU,Naoero,false,1983,2.16543894353822
NRU,Naoero,false,1984,1.94063825454152
NRU,Naoero,false,1985,2.05583800021457
NRU,Naoero,false,1986,2.20907612673046
NRU,Naoero,false,1987,2.30675085695336
NRU,Naoero,false,1988,2.41853762810119
NRU,Naoero,false,1989,2.42534119285033
NRU,Naoero,false,1990,2.44068500570903
NRU,Naoero,false,1991,2.34193119067356
NRU,Naoero,false,1992,1.72114358921943
NRU,Naoero,false,1993,0.805053296966897
NRU,Naoero,false,1994,0.34586723544018
NRU,Naoero,false,1995,0.275835068004739
NRU,Naoero,false,1996,0.176921610921852
NRU,Naoero,false,1997,0.137389619256035
NRU,Naoero,false,1998,0.00980632508753104
NRU,Naoero,false,1999,-0.107922502503471
NRU,Naoero,false,2000,-0.186686372077639
NRU,Naoero,false,2001,-0.374421562656096
NRU,Naoero,false,2002,-0.474966260015287
NRU,Naoero,false,2003,-0.228389950823792
NRU,Naoero,false,2004,0.00994085193919146
NRU,Naoero,false,2005,-0.109403760477152
NRU,Naoero,false,2006,-0.149380100476041
NRU,Naoero,false,2007,-0.139623040534244
NRU,Naoero,false,2008,-0.109840741983694
NRU,Naoero,false,2009,0.0699126120860941
NRU,Naoero,false,2010,0.269206005345923
NRU,Naoero,false,2011,0.546151002552194
NRU,Naoero,false,2012,1.65974838801037
NRU,Naoero,false,2013,2.40581272210636
NRU,Naoero,false,2014,2.11682959453762
NRU,Naoero,false,2015,1.95433948782621
NRU,Naoero,false,2016,1.77348115445981
NRU,Naoero,false,2017,1.54848693435255
NRU,Naoero,false,2018,1.34206654488781
NRU,Naoero,false,2019,0.953874731639391
NRU,Naoero,false,2020,0.482136103995375
NRU,Naoero,false,2021,0.565263581170869
NRU,Naoero,false,2022,0.782649677702407
NRU,Naoero,false,2023,0.625107627709329
NRU,Naoero,false,2024,0.604485091438176
NRU,Naoero,false,2025,0.650761515673821
NZL,New Zealand,false,1960,
NZL,New Zealand,false,1961,1.99944049933518
NZL,New Zealand,false,1962,2.54211212405058
NZL,New Zealand,false,1963,1.98658254381755
NZL,New Zealand,false,1964,2.09497226471195
NZL,New Zealand,false,1965,1.64950611738654
NZL,New Zealand,false,1966,1.79104763183873
NZL,New Zealand,false,1967,1.7852325973011
NZL,New Zealand,false,1968,0.877166546691753
NZL,New Zealand,false,1969,0.894787617931309
NZL,New Zealand,false,1970,1.35759226639106
NZL,New Zealand,false,1971,1.49375095882477
NZL,New Zealand,false,1972,1.76835888765716
NZL,New Zealand,false,1973,1.95737000018805
NZL,New Zealand,false,1974,2.08528859369898
NZL,New Zealand,false,1975,1.94543372701951
NZL,New Zealand,false,1976,0.884790065593746
NZL,New Zealand,false,1977,0.311361735807443
NZL,New Zealand,false,1978,0.032044092945716
NZL,New Zealand,false,1979,-0.39164121838523
NZL,New Zealand,false,1980,0.125363651321035
NZL,New Zealand,false,1981,0.384751508652698
NZL,New Zealand,false,1982,0.993480548336686
NZL,New Zealand,false,1983,1.3594947716689
NZL,New Zealand,false,1984,0.865186524752234
NZL,New Zealand,false,1985,0.617838918191614
NZL,New Zealand,false,1986,-0.0246404042272856
NZL,New Zealand,false,1987,0.861875993248055
NZL,New Zealand,false,1988,0.274482468222468
NZL,New Zealand,false,1989,0.480054396222279
NZL,New Zealand,false,1990,0.92322272881111
NZL,New Zealand,false,1991,
NZL,New Zealand,false,1992,1.04173538422176
NZL,New Zealand,false,1993,1.14023110662887
NZL,New Zealand,false,1994,1.32923733494336
NZL,New Zealand,false,1995,1.46436378746179
NZL,New Zealand,false,1996,1.58266192727998
NZL,New Zealand,false,1997,1.31235828649882
NZL,New Zealand,false,1998,0.887279888633483
NZL,New Zealand,false,1999,0.525484536213216
NZL,New Zealand,false,2000,0.587564086381346
NZL,New Zealand,false,2001,0.589286034969052
NZL,New Zealand,false,2002,1.73717486434422
NZL,New Zealand,false,2003,1.97355854434158
NZL,New Zealand,false,2004,1.48621908244575
NZL,New Zealand,false,2005,1.12877350967992
NZL,New Zealand,false,2006,1.21898486028427
NZL,New Zealand,false,2007,0.932407687512324
NZL,New Zealand,false,2008,0.848701402422591
NZL,New Zealand,false,2009,0.999728031208421
NZL,New Zealand,false,2010,1.1117260560215
NZL,New Zealand,false,2011,0.762479795105218
NZL,New Zealand,false,2012,0.548220797298334
NZL,New Zealand,false,2013,0.768347998194806
NZL,New Zealand,false,2014,1.66101200071152
NZL,New Zealand,false,2015,2.0360339086492
NZL,New Zealand,false,2016,2.24603210015584
NZL,New Zealand,false,2017,2.08872272281936
NZL,New Zealand,false,2018,1.79124016759035
NZL,New Zealand,false,2019,1.41225538599445
NZL,New Zealand,false,2020,2.03338779187545
NZL,New Zealand,false,2021,0.240228529431089
NZL,New Zealand,false,2022,-0.0570512394609476
NZL,New Zealand,false,2023,2.3012774309073
NZL,New Zealand,false,2024,1.71596202828263
NZL,New Zealand,false,2025,0.653812611006536
OED,OECD members,true,1960,
OED,OECD members,true,1961,1.37587043873937
OED,OECD members,true,1962,1.38311911373172
OED,OECD members,true,1963,1.36328844469214
OED,OECD members,true,1964,1.35207697308974
OED,OECD members,true,1965,1.29729478134122
OED,OECD members,true,1966,1.2309571671622
OED,OECD members,true,1967,1.19272507974825
OED,OECD members,true,1968,1.15555350147525
OED,OECD members,true,1969,1.14824982964247
OED,OECD members,true,1970,1.12229322448412
OED,OECD members,true,1971,1.30955128970865
OED,OECD members,true,1972,1.16145365800362
OED,OECD members,true,1973,1.11258665317937
OED,OECD members,true,1974,1.07411347470159
OED,OECD members,true,1975,1.0298511677599
OED,OECD members,true,1976,0.95907430183673
OED,OECD members,true,1977,0.946889106533128
OED,OECD members,true,1978,0.944574731780306
OED,OECD members,true,1979,0.947630232989451
OED,OECD members,true,1980,0.931580891814915
OED,OECD members,true,1981,0.906603965262165
OED,OECD members,true,1982,0.85222843507109
OED,OECD members,true,1983,0.832763589781357
OED,OECD members,true,1984,0.790411186105177
OED,OECD members,true,1985,0.787147967842939
OED,OECD members,true,1986,0.796117823061681
OED,OECD members,true,1987,0.798731195267772
OED,OECD members,true,1988,0.809322508904297
OED,OECD members,true,1989,0.849656110830262
OED,OECD members,true,1990,0.890400345048058
OED,OECD members,true,1991,0.962637947205179
OED,OECD members,true,1992,0.945948192455025
OED,OECD members,true,1993,0.896172263666274
OED,OECD members,true,1994,0.837094763378002
OED,OECD members,true,1995,0.805342307194175
OED,OECD members,true,1996,0.781063701996324
OED,OECD members,true,1997,0.771759399416469
OED,OECD members,true,1998,0.740037296962581
OED,OECD members,true,1999,0.736106220073812
OED,OECD members,true,2000,0.713186353783694
OED,OECD members,true,2001,0.736132197504569
OED,OECD members,true,2002,0.739737687423553
OED,OECD members,true,2003,0.727683961257127
OED,OECD members,true,2004,0.72028584405618
OED,OECD members,true,2005,0.705153004624058
OED,OECD members,true,2006,0.726517310724537
OED,OECD members,true,2007,0.712694819028126
OED,OECD members,true,2008,0.786225083052498
OED,OECD members,true,2009,0.723981348565654
OED,OECD members,true,2010,0.677505276897995
OED,OECD members,true,2011,0.535651294988134
OED,OECD members,true,2012,0.620463861117399
OED,OECD members,true,2013,0.586576221862518
OED,OECD members,true,2014,0.608723585280234
OED,OECD members,true,2015,0.618839771408367
OED,OECD members,true,2016,0.633792799556659
OED,OECD members,true,2017,0.594005618994822
OED,OECD members,true,2018,0.596992636131392
OED,OECD members,true,2019,0.584169727660366
OED,OECD members,true,2020,0.377791181312229
OED,OECD members,true,2021,0.18049946526991
OED,OECD members,true,2022,0.495306996437536
OED,OECD members,true,2023,0.669046970502832
OED,OECD members,true,2024,0.645006539987646
OED,OECD members,true,2025,0.387043991013275
OMN,Oman,false,1960,
OMN,Oman,false,1961,1.75070501890693
OMN,Oman,false,1962,1.85122671138216
OMN,Oman,false,1963,1.96014803227287
OMN,Oman,false,1964,2.07347441331261
OMN,Oman,false,1965,2.18679604828201
OMN,Oman,false,1966,2.29191478660938
OMN,Oman,false,1967,2.39492290725343
OMN,Oman,false,1968,2.49264988259444
OMN,Oman,false,1969,2.5835527054861
OMN,Oman,false,1970,2.66466315671148
OMN,Oman,false,1971,2.74448148383549
OMN,Oman,false,1972,2.81900853688681
OMN,Oman,false,1973,2.89602534912221
OMN,Oman,false,1974,3.51617479779758
OMN,Oman,false,1975,4.17873270841804
OMN,Oman,false,1976,4.49847269305902
OMN,Oman,false,1977,4.86474782169084
OMN,Oman,false,1978,5.12638310895812
OMN,Oman,false,1979,5.2798541002405
OMN,Oman,false,1980,5.347147580703
OMN,Oman,false,1981,5.44901827891859
OMN,Oman,false,1982,5.55159142530483
OMN,Oman,false,1983,5.54967964547148
OMN,Oman,false,1984,5.45645645557677
OMN,Oman,false,1985,6.04599780392818
OMN,Oman,false,1986,6.42369339590833
OMN,Oman,false,1987,6.01172958113033
OMN,Oman,false,1988,5.67040937337118
OMN,Oman,false,1989,5.37130495022812
OMN,Oman,false,1990,5.10118491533865
OMN,Oman,false,1991,4.84236583473938
OMN,Oman,false,1992,4.57977744514796
OMN,Oman,false,1993,4.21470627849959
OMN,Oman,false,1994,2.9322860255282
OMN,Oman,false,1995,1.84158782920155
OMN,Oman,false,1996,1.70189456325344
OMN,Oman,false,1997,1.55461970088471
OMN,Oman,false,1998,1.43974820927183
OMN,Oman,false,1999,1.35945310317145
OMN,Oman,false,2000,1.2887385532573
OMN,Oman,false,2001,1.22318039389784
OMN,Oman,false,2002,1.158650010904
OMN,Oman,false,2003,1.13408417793778
OMN,Oman,false,2004,1.72066711093441
OMN,Oman,false,2005,2.26053863867014
OMN,Oman,false,2006,2.21104303950359
OMN,Oman,false,2007,2.17823116003406
OMN,Oman,false,2008,2.16896017651993
OMN,Oman,false,2009,2.18905153725591
OMN,Oman,false,2010,2.6751170964985
OMN,Oman,false,2011,10.9573181300856
OMN,Oman,false,2012,14.2253989455262
OMN,Oman,false,2013,7.77538929058871
OMN,Oman,false,2014,4.30179726376903
OMN,Oman,false,2015,4.45776887230624
OMN,Oman,false,2016,4.80473653238819
OMN,Oman,false,2017,3.28242998732701
OMN,Oman,false,2018,1.32413960038748
OMN,Oman,false,2019,-0.144431732263903
OMN,Oman,false,2020,-1.50860829621662
OMN,Oman,false,2021,-0.489266037731458
OMN,Oman,false,2022,4.98013669293962
OMN,Oman,false,2023,6.52704988451128
OMN,Oman,false,2024,4.49738628465102
OMN,Oman,false,2025,3.95650101545376
OSS,Other small states,true,1960,
OSS,Other small states,true,1961,1.46067228982249
OSS,Other small states,true,1962,1.86416576706916
OSS,Other small states,true,1963,1.85694104559214
OSS,Other small states,true,1964,1.8141797633167
OSS,Other small states,true,1965,1.72340596101679
OSS,Other small states,true,1966,1.59174550694102
OSS,Other small states,true,1967,1.47125412991297
OSS,Other small states,true,1968,1.47094017690881
OSS,Other small states,true,1969,1.53269820804253
OSS,Other small states,true,1970,1.61073635109556
OSS,Other small states,true,1971,1.70727823620123
OSS,Other small states,true,1972,1.75605466911622
OSS,Other small states,true,1973,1.72541411911824
OSS,Other small states,true,1974,1.6036531446431
OSS,Other small states,true,1975,1.65304407494968
OSS,Other small states,true,1976,1.79007892178726
OSS,Other small states,true,1977,1.88042352040204
OSS,Other small states,true,1978,1.84788917041586
OSS,Other small states,true,1979,1.8448182756772
OSS,Other small states,true,1980,1.83189988397247
OSS,Other small states,true,1981,1.7680288797741
OSS,Other small states,true,1982,1.75395037213895
OSS,Other small states,true,1983,1.68892737166789
OSS,Other small states,true,1984,1.66863777324048
OSS,Other small states,true,1985,1.78901387951964
OSS,Other small states,true,1986,1.86420638498777
OSS,Other small states,true,1987,1.88879298826118
OSS,Other small states,true,1988,1.91275540224843
OSS,Other small states,true,1989,1.99693047915458
OSS,Other small states,true,1990,2.07454664921959
OSS,Other small states,true,1991,2.01087581896192
OSS,Other small states,true,1992,0.768068189277883
OSS,Other small states,true,1993,0.516147074171147
OSS,Other small states,true,1994,0.851399277601467
OSS,Other small states,true,1995,0.659566950676745
OSS,Other small states,true,1996,1.0931923958603
OSS,Other small states,true,1997,1.31534234736945
OSS,Other small states,true,1998,1.31660230928611
OSS,Other small states,true,1999,0.125281856948694
OSS,Other small states,true,2000,0.304071119083061
OSS,Other small states,true,2001,1.75641709134838
OSS,Other small states,true,2002,1.73610314500155
OSS,Other small states,true,2003,1.30772245277832
OSS,Other small states,true,2004,0.983525086728544
OSS,Other small states,true,2005,1.04346547541932
OSS,Other small states,true,2006,1.15277468684613
OSS,Other small states,true,2007,1.20960326850617
OSS,Other small states,true,2008,1.22518060464554
OSS,Other small states,true,2009,1.16169892994006
OSS,Other small states,true,2010,1.11211730324926
OSS,Other small states,true,2011,1.01840380102388
OSS,Other small states,true,2012,1.06209068668662
OSS,Other small states,true,2013,1.05650163375909
OSS,Other small states,true,2014,1.08086870918851
OSS,Other small states,true,2015,1.1255181203762
OSS,Other small states,true,2016,1.09883402957305
OSS,Other small states,true,2017,1.15304626269071
OSS,Other small states,true,2018,1.20956677579268
OSS,Other small states,true,2019,1.20113624131693
OSS,Other small states,true,2020,1.0966115325234
OSS,Other small states,true,2021,0.998084267144432
OSS,Other small states,true,2022,1.24494821200593
OSS,Other small states,true,2023,0.964925235955626
OSS,Other small states,true,2024,0.852252955825721
OSS,Other small states,true,2025,0.793709792345381
PAK,Pakistan,false,1960,
PAK,Pakistan,false,1961,2.61692428891528
PAK,Pakistan,false,1962,2.59771591436219
PAK,Pakistan,false,1963,2.64686832380638
PAK,Pakistan,false,1964,2.69792525640101
PAK,Pakistan,false,1965,2.73587504585891
PAK,Pakistan,false,1966,2.77605746573216
PAK,Pakistan,false,1967,2.82147937181904
PAK,Pakistan,false,1968,2.84908372808406
PAK,Pakistan,false,1969,2.86375308045611
PAK,Pakistan,false,1970,2.87605370916423
PAK,Pakistan,false,1971,2.75587700704686
PAK,Pakistan,false,1972,2.76710611631107
PAK,Pakistan,false,1973,2.91192871794029
PAK,Pakistan,false,1974,2.94062916480139
PAK,Pakistan,false,1975,2.98931944120814
PAK,Pakistan,false,1976,3.06099476757709
PAK,Pakistan,false,1977,3.13596391872731
PAK,Pakistan,false,1978,3.20320937214696
PAK,Pakistan,false,1979,3.46407267837998
PAK,Pakistan,false,1980,4.08514964566703
PAK,Pakistan,false,1981,4.17810201190455
PAK,Pakistan,false,1982,3.75957440174228
PAK,Pakistan,false,1983,3.46220072057645
PAK,Pakistan,false,1984,3.13509160725294
PAK,Pakistan,false,1985,3.1692834201536
PAK,Pakistan,false,1986,3.38057189066263
PAK,Pakistan,false,1987,3.40943919604165
PAK,Pakistan,false,1988,3.36148582370259
PAK,Pakistan,false,1989,3.26806216038551
PAK,Pakistan,false,1990,3.34304854189447
PAK,Pakistan,false,1991,3.30645345087216
PAK,Pakistan,false,1992,2.86254207102062
PAK,Pakistan,false,1993,2.7725055318492
PAK,Pakistan,false,1994,2.89269657804833
PAK,Pakistan,false,1995,2.89031173222832
PAK,Pakistan,false,1996,2.9106898704011
PAK,Pakistan,false,1997,2.82827034753681
PAK,Pakistan,false,1998,2.76128567260809
PAK,Pakistan,false,1999,2.7219371038823
PAK,Pakistan,false,2000,2.82475983542412
PAK,Pakistan,false,2001,2.79615830892104
PAK,Pakistan,false,2002,2.45080308981688
PAK,Pakistan,false,2003,2.35391613887513
PAK,Pakistan,false,2004,2.4680911760913
PAK,Pakistan,false,2005,2.40377350441569
PAK,Pakistan,false,2006,2.3820052866049
PAK,Pakistan,false,2007,2.6420312522935
PAK,Pakistan,false,2008,2.67715693120755
PAK,Pakistan,false,2009,2.5412831091032
PAK,Pakistan,false,2010,2.47081701538021
PAK,Pakistan,false,2011,2.23690940334662
PAK,Pakistan,false,2012,1.90619981284679
PAK,Pakistan,false,2013,1.62722414834854
PAK,Pakistan,false,2014,1.50032405388564
PAK,Pakistan,false,2015,1.40250113589189
PAK,Pakistan,false,2016,1.30216393815952
PAK,Pakistan,false,2017,1.41409990353131
PAK,Pakistan,false,2018,1.62371483290292
PAK,Pakistan,false,2019,1.69187124669657
PAK,Pakistan,false,2020,1.80375141301202
PAK,Pakistan,false,2021,1.8867779716011
PAK,Pakistan,false,2022,1.74799739792983
PAK,Pakistan,false,2023,1.54880458608849
PAK,Pakistan,false,2024,1.50959876314033
PAK,Pakistan,false,2025,1.55994397009632
PAN,Panama,false,1960,
PAN,Panama,false,1961,2.96319596675849
PAN,Panama,false,1962,3.0090106638944
PAN,Panama,false,1963,3.0341472885667
PAN,Panama,false,1964,3.03285708659828
PAN,Panama,false,1965,3.00693482994189
PAN,Panama,false,1966,2.97723763392264
PAN,Panama,false,1967,2.94064044260943
PAN,Panama,false,1968,2.89714468643429
PAN,Panama,false,1969,2.85772841234394
PAN,Panama,false,1970,2.82757591176085
PAN,Panama,false,1971,2.80297815232897
PAN,Panama,false,1972,2.76600083012986
PAN,Panama,false,1973,2.71132251187135
PAN,Panama,false,1974,2.65568419736689
PAN,Panama,false,1975,2.60008244150739
PAN,Panama,false,1976,2.53885892350804
PAN,Panama,false,1977,2.47939741048088
PAN,Panama,false,1978,2.42798110992546
PAN,Panama,false,1979,2.39517223465171
PAN,Panama,false,1980,2.37700402742212
PAN,Panama,false,1981,2.36682264813635
PAN,Panama,false,1982,2.35932405587686
PAN,Panama,false,1983,2.35168878904876
PAN,Panama,false,1984,2.33676241835502
PAN,Panama,false,1985,2.30416860495858
PAN,Panama,false,1986,2.26457487892323
PAN,Panama,false,1987,2.22463462906122
PAN,Panama,false,1988,2.18612312048078
PAN,Panama,false,1989,2.14326293880665
PAN,Panama,false,1990,2.13050689339337
PAN,Panama,false,1991,2.12270714752088
PAN,Panama,false,1992,2.09377182912446
PAN,Panama,false,1993,2.07729579468022
PAN,Panama,false,1994,2.06064651920927
PAN,Panama,false,1995,2.03974255911592
PAN,Panama,false,1996,2.02267329531161
PAN,Panama,false,1997,2.01070630711665
PAN,Panama,false,1998,1.99702689961855
PAN,Panama,false,1999,1.98126957046463
PAN,Panama,false,2000,1.96400557919623
PAN,Panama,false,2001,1.94640732840296
PAN,Panama,false,2002,1.92966620283568
PAN,Panama,false,2003,1.91370154774712
PAN,Panama,false,2004,1.90499044238143
PAN,Panama,false,2005,1.8851653336108
PAN,Panama,false,2006,1.85404642513367
PAN,Panama,false,2007,1.83391184872287
PAN,Panama,false,2008,1.82065403181381
PAN,Panama,false,2009,1.80423120361282
PAN,Panama,false,2010,1.78385792968885
PAN,Panama,false,2011,1.774688616656
PAN,Panama,false,2012,1.76451937667994
PAN,Panama,false,2013,1.74234111694192
PAN,Panama,false,2014,1.73046380036004
PAN,Panama,false,2015,1.73037489560864
PAN,Panama,false,2016,1.72866876171939
PAN,Panama,false,2017,1.71320068899723
PAN,Panama,false,2018,1.67311565171591
PAN,Panama,false,2019,1.59097727067192
PAN,Panama,false,2020,1.37340966978709
PAN,Panama,false,2021,1.20723809203153
PAN,Panama,false,2022,1.26612423517538
PAN,Panama,false,2023,1.30902688797168
PAN,Panama,false,2024,1.26624987466078
PAN,Panama,false,2025,1.22403711826792
PER,Peru,false,1960,
PER,Peru,false,1961,2.91552788607425
PER,Peru,false,1962,2.91170953188299
PER,Peru,false,1963,2.9013886238878
PER,Peru,false,1964,2.89303697300122
PER,Peru,false,1965,2.87316408489562
PER,Peru,false,1966,2.85164368215185
PER,Peru,false,1967,2.83127203880249
PER,Peru,false,1968,2.81317180743938
PER,Peru,false,1969,2.79389280597849
PER,Peru,false,1970,2.50853074131782
PER,Peru,false,1971,2.46419619287587
PER,Peru,false,1972,2.65330140780541
PER,Peru,false,1973,2.58910595982888
PER,Peru,false,1974,2.53021182166389
PER,Peru,false,1975,2.49203162088518
PER,Peru,false,1976,2.46609956670875
PER,Peru,false,1977,2.46973783326123
PER,Peru,false,1978,2.49050254044295
PER,Peru,false,1979,2.49394091615229
PER,Peru,false,1980,2.49507841641763
PER,Peru,false,1981,2.49079465762394
PER,Peru,false,1982,2.48421250164339
PER,Peru,false,1983,2.48685840526671
PER,Peru,false,1984,2.47505069098403
PER,Peru,false,1985,2.43933984551116
PER,Peru,false,1986,2.35853586036006
PER,Peru,false,1987,2.28611616082833
PER,Peru,false,1988,2.2691453247117
PER,Peru,false,1989,2.24436468535525
PER,Peru,false,1990,2.21460821954372
PER,Peru,false,1991,2.10803008186069
PER,Peru,false,1992,2.0364508690957
PER,Peru,false,1993,2.01664193906499
PER,Peru,false,1994,1.977894145288
PER,Peru,false,1995,1.93836467845591
PER,Peru,false,1996,1.88065410074516
PER,Peru,false,1997,1.84880202733493
PER,Peru,false,1998,1.81901745317137
PER,Peru,false,1999,1.72719734410339
PER,Peru,false,2000,1.56043059120612
PER,Peru,false,2001,1.3676462262452
PER,Peru,false,2002,1.19300655774598
PER,Peru,false,2003,1.06536414066423
PER,Peru,false,2004,0.980296012446146
PER,Peru,false,2005,0.889996951132914
PER,Peru,false,2006,0.791526842084803
PER,Peru,false,2007,0.725382868960412
PER,Peru,false,2008,0.657968680657885
PER,Peru,false,2009,0.617089075143821
PER,Peru,false,2010,0.652636898148331
PER,Peru,false,2011,0.746934823460309
PER,Peru,false,2012,0.83691693370644
PER,Peru,false,2013,0.901339196033327
PER,Peru,false,2014,0.994129278893009
PER,Peru,false,2015,1.12847381931302
PER,Peru,false,2016,1.33357065112944
PER,Peru,false,2017,1.47336535107465
PER,Peru,false,2018,1.81253577188754
PER,Peru,false,2019,1.71486934751345
PER,Peru,false,2020,1.19250495254373
PER,Peru,false,2021,0.961612354333265
PER,Peru,false,2022,0.959183909355287
PER,Peru,false,2023,1.09975320783678
PER,Peru,false,2024,1.0937871324756
PER,Peru,false,2025,1.04316532874658
PHL,Philippines,false,1960,
PHL,Philippines,false,1961,3.17829224985788
PHL,Philippines,false,1962,3.18200508567463
PHL,Philippines,false,1963,3.15000313102439
PHL,Philippines,false,1964,3.1078745171606
PHL,Philippines,false,1965,3.05705850457282
PHL,Philippines,false,1966,2.99483969320958
PHL,Philippines,false,1967,2.94327289189659
PHL,Philippines,false,1968,2.89524034865302
PHL,Philippines,false,1969,2.82859562885522
PHL,Philippines,false,1970,2.58863709695368
PHL,Philippines,false,1971,2.35483652244374
PHL,Philippines,false,1972,2.28402783500202
PHL,Philippines,false,1973,2.22227491854617
PHL,Philippines,false,1974,2.16094703030034
PHL,Philippines,false,1975,2.27270266314574
PHL,Philippines,false,1976,2.53326413915467
PHL,Philippines,false,1977,2.66426932986087
PHL,Philippines,false,1978,2.68478538067958
PHL,Philippines,false,1979,2.6669478704724
PHL,Philippines,false,1980,2.60768810602227
PHL,Philippines,false,1981,2.60500769729096
PHL,Philippines,false,1982,2.7679309511258
PHL,Philippines,false,1983,2.91381919870856
PHL,Philippines,false,1984,2.8921000161406
PHL,Philippines,false,1985,2.72981168676784
PHL,Philippines,false,1986,2.56065401958045
PHL,Philippines,false,1987,2.63496969855059
PHL,Philippines,false,1988,2.68311652440946
PHL,Philippines,false,1989,2.52270173536448
PHL,Philippines,false,1990,2.56122112841079
PHL,Philippines,false,1991,2.40127859344235
PHL,Philippines,false,1992,2.36968384705809
PHL,Philippines,false,1993,2.4046342517232
PHL,Philippines,false,1994,2.1804905774884
PHL,Philippines,false,1995,2.18824211617999
PHL,Philippines,false,1996,2.30364180162275
PHL,Philippines,false,1997,2.35271515939024
PHL,Philippines,false,1998,2.51478327457395
PHL,Philippines,false,1999,2.55605721072455
PHL,Philippines,false,2000,2.37926588939747
PHL,Philippines,false,2001,2.20604531885261
PHL,Philippines,false,2002,2.02766985591781
PHL,Philippines,false,2003,1.98211355051959
PHL,Philippines,false,2004,1.94326756715565
PHL,Philippines,false,2005,1.85941217176991
PHL,Philippines,false,2006,1.68208380821541
PHL,Philippines,false,2007,1.73463407300361
PHL,Philippines,false,2008,1.76733466433421
PHL,Philippines,false,2009,1.801550616238
PHL,Philippines,false,2010,2.04795425200975
PHL,Philippines,false,2011,1.96473852483036
PHL,Philippines,false,2012,1.94226237851608
PHL,Philippines,false,2013,1.87971579705684
PHL,Philippines,false,2014,1.64283283802775
PHL,Philippines,false,2015,1.47875384302116
PHL,Philippines,false,2016,1.34190709540685
PHL,Philippines,false,2017,1.28830186666283
PHL,Philippines,false,2018,1.23686033319068
PHL,Philippines,false,2019,1.21615534645287
PHL,Philippines,false,2020,1.1455140860985
PHL,Philippines,false,2021,0.905660310915421
PHL,Philippines,false,2022,0.760479216015364
PHL,Philippines,false,2023,0.810000998681961
PHL,Philippines,false,2024,0.825602488528657
PHL,Philippines,false,2025,0.810982768568445
PLW,Palau,false,1960,
PLW,Palau,false,1961,2.40439480840999
PLW,Palau,false,1962,2.4603267046421
PLW,Palau,false,1963,2.46104200930057
PLW,Palau,false,1964,2.50886295878345
PLW,Palau,false,1965,2.44745648749795
PLW,Palau,false,1966,2.41675306643722
PLW,Palau,false,1967,1.67947782741781
PLW,Palau,false,1968,0.833791308611024
PLW,Palau,false,1969,0.710466588442652
PLW,Palau,false,1970,1.85560435912354
PLW,Palau,false,1971,3.38165140464792
PLW,Palau,false,1972,3.63251226443457
PLW,Palau,false,1973,2.89359879451072
PLW,Palau,false,1974,1.06978317277297
PLW,Palau,false,1975,-0.252545316137384
PLW,Palau,false,1976,-0.451432279735013
PLW,Palau,false,1977,-0.581142422880873
PLW,Palau,false,1978,-0.680955965989507
PLW,Palau,false,1979,-0.831421022170585
PLW,Palau,false,1980,-0.53641220949168
PLW,Palau,false,1981,1.06189949332755
PLW,Palau,false,1982,2.32716909565921
PLW,Palau,false,1983,2.42813485626817
PLW,Palau,false,1984,2.51313381932973
PLW,Palau,false,1985,2.59774089496349
PLW,Palau,false,1986,2.4250611029041
PLW,Palau,false,1987,2.1864189952794
PLW,Palau,false,1988,2.14646427079694
PLW,Palau,false,1989,2.02778154562045
PLW,Palau,false,1990,2.07926971736973
PLW,Palau,false,1991,2.29984547885007
PLW,Palau,false,1992,2.37330381051841
PLW,Palau,false,1993,2.36715728268732
PLW,Palau,false,1994,2.4019017204961
PLW,Palau,false,1995,2.5027068049112
PLW,Palau,false,1996,2.63437427138116
PLW,Palau,false,1997,2.53914429756709
PLW,Palau,false,1998,2.27133590447933
PLW,Palau,false,1999,2.01476421003137
PLW,Palau,false,2000,1.45489580126701
PLW,Palau,false,2001,0.903198457623669
PLW,Palau,false,2002,0.777252658271531
PLW,Palau,false,2003,0.796694883502806
PLW,Palau,false,2004,0.815628017637243
PLW,Palau,false,2005,-0.00504553596313102
PLW,Palau,false,2006,-1.14687139535809
PLW,Palau,false,2007,-1.49636421036855
PLW,Palau,false,2008,-1.52961662609278
PLW,Palau,false,2009,-1.59078597207349
PLW,Palau,false,2010,-1.68714418256042
PLW,Palau,false,2011,-1.74375203014582
PLW,Palau,false,2012,-1.74654999032287
PLW,Palau,false,2013,-0.66077669618437
PLW,Palau,false,2014,0.378927580628865
PLW,Palau,false,2015,0.309990384912456
PLW,Palau,false,2016,0.151826160128869
PLW,Palau,false,2017,0.0842483691607325
PLW,Palau,false,2018,0.0112277550221814
PLW,Palau,false,2019,-0.0898573575007226
PLW,Palau,false,2020,-0.0337173366498603
PLW,Palau,false,2021,-0.0505973306648282
PLW,Palau,false,2022,-0.135051508906549
PLW,Palau,false,2023,-0.180352864081089
PLW,Palau,false,2024,-0.180678723422048
PLW,Palau,false,2025,-0.181005762412027
PNG,Papua New Guinea,false,1960,
PNG,Papua New Guinea,false,1961,2.52495512728897
PNG,Papua New Guinea,false,1962,2.30886918124621
PNG,Papua New Guinea,false,1963,2.24111833062892
PNG,Papua New Guinea,false,1964,2.16877979482397
PNG,Papua New Guinea,false,1965,2.14716401517434
PNG,Papua New Guinea,false,1966,2.20966466851885
PNG,Papua New Guinea,false,1967,2.23909740833561
PNG,Papua New Guinea,false,1968,2.2533620850708
PNG,Papua New Guinea,false,1969,2.32036587903627
PNG,Papua New Guinea,false,1970,2.37064501523361
PNG,Papua New Guinea,false,1971,2.39729196049307
PNG,Papua New Guinea,false,1972,2.38751493496011
PNG,Papua New Guinea,false,1973,2.33875246017808
PNG,Papua New Guinea,false,1974,2.27967177493071
PNG,Papua New Guinea,false,1975,2.23266033599702
PNG,Papua New Guinea,false,1976,2.19634217875921
PNG,Papua New Guinea,false,1977,2.16590614822407
PNG,Papua New Guinea,false,1978,2.13287233225929
PNG,Papua New Guinea,false,1979,2.09615395406892
PNG,Papua New Guinea,false,1980,2.07048924866839
PNG,Papua New Guinea,false,1981,2.07028581263069
PNG,Papua New Guinea,false,1982,2.08237744079328
PNG,Papua New Guinea,false,1983,2.10201127455662
PNG,Papua New Guinea,false,1984,2.12403874054054
PNG,Papua New Guinea,false,1985,2.14234122191857
PNG,Papua New Guinea,false,1986,2.15703338020317
PNG,Papua New Guinea,false,1987,2.16361202578674
PNG,Papua New Guinea,false,1988,2.16055328455361
PNG,Papua New Guinea,false,1989,2.24299416665811
PNG,Papua New Guinea,false,1990,2.61054096368867
PNG,Papua New Guinea,false,1991,3.16649253096029
PNG,Papua New Guinea,false,1992,3.53853521817667
PNG,Papua New Guinea,false,1993,3.63331181284897
PNG,Papua New Guinea,false,1994,3.62122401820228
PNG,Papua New Guinea,false,1995,3.59664503111954
PNG,Papua New Guinea,false,1996,3.5759668470744
PNG,Papua New Guinea,false,1997,3.56159785450897
PNG,Papua New Guinea,false,1998,3.51626141886498
PNG,Papua New Guinea,false,1999,3.47976948021788
PNG,Papua New Guinea,false,2000,3.44925161413658
PNG,Papua New Guinea,false,2001,3.39779731324978
PNG,Papua New Guinea,false,2002,3.35700333077379
PNG,Papua New Guinea,false,2003,3.32025850994105
PNG,Papua New Guinea,false,2004,3.27757216652727
PNG,Papua New Guinea,false,2005,3.23201129836566
PNG,Papua New Guinea,false,2006,3.18938474785493
PNG,Papua New Guinea,false,2007,3.1455292294859
PNG,Papua New Guinea,false,2008,3.10574391860633
PNG,Papua New Guinea,false,2009,3.06322204516619
PNG,Papua New Guinea,false,2010,3.01998467654888
PNG,Papua New Guinea,false,2011,2.9153928127454
PNG,Papua New Guinea,false,2012,2.7860490568137
PNG,Papua New Guinea,false,2013,2.70166347823205
PNG,Papua New Guinea,false,2014,2.62396103229344
PNG,Papua New Guinea,false,2015,2.54613840522555
PNG,Papua New Guinea,false,2016,2.46804330802257
PNG,Papua New Guinea,false,2017,2.3925157995011
PNG,Papua New Guinea,false,2018,2.32386877655607
PNG,Papua New Guinea,false,2019,2.25754045467385
PNG,Papua New Guinea,false,2020,2.12866309675902
PNG,Papua New Guinea,false,2021,1.98860312209741
PNG,Papua New Guinea,false,2022,1.88244961375761
PNG,Papua New Guinea,false,2023,1.81103162496893
PNG,Papua New Guinea,false,2024,1.78260733820852
PNG,Papua New Guinea,false,2025,1.74625754996746
POL,Poland,false,1960,
POL,Poland,false,1961,1.09578967474124
POL,Poland,false,1962,1.14315401418553
POL,Poland,false,1963,1.32252564710048
POL,Poland,false,1964,1.38220463805364
POL,Poland,false,1965,0.976289383725576
POL,Poland,false,1966,0.747873418831712
POL,Poland,false,1967,0.961728386006623
POL,Poland,false,1968,0.956732069447229
POL,Poland,false,1969,0.782340328898866
POL,Poland,false,1970,0.355759845018321
POL,Poland,false,1971,0.364260163980666
POL,Poland,false,1972,0.826716475011768
POL,Poland,false,1973,0.908113632602921
POL,Poland,false,1974,0.959785770177262
POL,Poland,false,1975,0.99359553240035
POL,Poland,false,1976,0.99779538250044
POL,Poland,false,1977,0.963866722795674
POL,Poland,false,1978,0.794064583275141
POL,Poland,false,1979,0.802185476116554
POL,Poland,false,1980,0.923267472012982
POL,Poland,false,1981,0.90786848811038
POL,Poland,false,1982,0.920284572106585
POL,Poland,false,1983,0.937688926120541
POL,Poland,false,1984,0.90459069212033
POL,Poland,false,1985,0.803585474669463
POL,Poland,false,1986,0.681065576626595
POL,Poland,false,1987,0.564203449048717
POL,Poland,false,1988,0.414457482867701
POL,Poland,false,1989,0.361655504808961
POL,Poland,false,1990,0.392398205207372
POL,Poland,false,1991,0.354679168347882
POL,Poland,false,1992,0.306681390812185
POL,Poland,false,1993,0.254450913938076
POL,Poland,false,1994,0.211012328819338
POL,Poland,false,1995,0.13572103385363
POL,Poland,false,1996,0.0760741823645528
POL,Poland,false,1997,0.0654553694247315
POL,Poland,false,1998,0.0357533013623718
POL,Poland,false,1999,-0.0083027528251411
POL,Poland,false,2000,-1.04433539837844
POL,Poland,false,2001,-0.0275871247282958
POL,Poland,false,2002,-0.0463189372499392
POL,Poland,false,2003,-0.067492701646486
POL,Poland,false,2004,-0.0585127351273288
POL,Poland,false,2005,-0.043948953332248
POL,Poland,false,2006,-0.0633705742926632
POL,Poland,false,2007,-0.0543050208038707
POL,Poland,false,2008,0.0136373796827091
POL,Poland,false,2009,0.067763227021235
POL,Poland,false,2010,-0.285609121534849
POL,Poland,false,2011,0.0537697088781007
POL,Poland,false,2012,-0.000239076003298365
POL,Poland,false,2013,-0.0603600174744649
POL,Poland,false,2014,-0.0748462292920506
POL,Poland,false,2015,-0.0666411009657168
POL,Poland,false,2016,-0.04298513087435
POL,Poland,false,2017,0.0124800985844923
POL,Poland,false,2018,-0.000200132782838419
POL,Poland,false,2019,-0.0244271070993493
POL,Poland,false,2020,-1.19164026205913
POL,Poland,false,2021,-1.4341408496549
POL,Poland,false,2022,-0.433070695882457
POL,Poland,false,2023,-0.365658526875775
POL,Poland,false,2024,-0.349832361234927
POL,Poland,false,2025,-0.338028518667454
PRE,Pre-demographic dividend,true,1960,
PRE,Pre-demographic dividend,true,1961,2.31394691264465
PRE,Pre-demographic dividend,true,1962,2.38277133976004
PRE,Pre-demographic dividend,true,1963,2.43192858500032
PRE,Pre-demographic dividend,true,1964,2.47075598463448
PRE,Pre-demographic dividend,true,1965,2.50422576313737
PRE,Pre-demographic dividend,true,1966,2.52322124259913
PRE,Pre-demographic dividend,true,1967,2.54341324183141
PRE,Pre-demographic dividend,true,1968,2.5809028897564
PRE,Pre-demographic dividend,true,1969,2.62560904844792
PRE,Pre-demographic dividend,true,1970,2.66257253406454
PRE,Pre-demographic dividend,true,1971,2.67224706498754
PRE,Pre-demographic dividend,true,1972,2.66567610125126
PRE,Pre-demographic dividend,true,1973,2.75656750240687
PRE,Pre-demographic dividend,true,1974,2.83955646580761
PRE,Pre-demographic dividend,true,1975,2.85234165055986
PRE,Pre-demographic dividend,true,1976,2.84304547182383
PRE,Pre-demographic dividend,true,1977,2.87371083845095
PRE,Pre-demographic dividend,true,1978,3.06675240710225
PRE,Pre-demographic dividend,true,1979,3.12179299299069
PRE,Pre-demographic dividend,true,1980,2.85088915071322
PRE,Pre-demographic dividend,true,1981,2.45361835201264
PRE,Pre-demographic dividend,true,1982,2.55650335653237
PRE,Pre-demographic dividend,true,1983,2.79309335317121
PRE,Pre-demographic dividend,true,1984,2.82368244435388
PRE,Pre-demographic dividend,true,1985,2.82621865388108
PRE,Pre-demographic dividend,true,1986,2.75271475757258
PRE,Pre-demographic dividend,true,1987,2.72367720651479
PRE,Pre-demographic dividend,true,1988,2.640430088623
PRE,Pre-demographic dividend,true,1989,2.6736928095489
PRE,Pre-demographic dividend,true,1990,2.58663018753727
PRE,Pre-demographic dividend,true,1991,2.48726846242273
PRE,Pre-demographic dividend,true,1992,2.80040286060567
PRE,Pre-demographic dividend,true,1993,3.11834567348951
PRE,Pre-demographic dividend,true,1994,3.31842789148861
PRE,Pre-demographic dividend,true,1995,3.13430623557521
PRE,Pre-demographic dividend,true,1996,2.67285590434134
PRE,Pre-demographic dividend,true,1997,2.62030875817745
PRE,Pre-demographic dividend,true,1998,2.80613761647509
PRE,Pre-demographic dividend,true,1999,2.8608565369706
PRE,Pre-demographic dividend,true,2000,2.79934720276902
PRE,Pre-demographic dividend,true,2001,2.83148656240451
PRE,Pre-demographic dividend,true,2002,2.98405381522759
PRE,Pre-demographic dividend,true,2003,3.00001131983922
PRE,Pre-demographic dividend,true,2004,2.91522512839227
PRE,Pre-demographic dividend,true,2005,2.94021325804847
PRE,Pre-demographic dividend,true,2006,2.86222144921646
PRE,Pre-demographic dividend,true,2007,2.72380924850833
PRE,Pre-demographic dividend,true,2008,2.87578681075662
PRE,Pre-demographic dividend,true,2009,2.99130911466878
PRE,Pre-demographic dividend,true,2010,2.93867062766317
PRE,Pre-demographic dividend,true,2011,2.95103101975805
PRE,Pre-demographic dividend,true,2012,2.9784061093698
PRE,Pre-demographic dividend,true,2013,2.97650505081433
PRE,Pre-demographic dividend,true,2014,2.9067781234646
PRE,Pre-demographic dividend,true,2015,2.81042209261077
PRE,Pre-demographic dividend,true,2016,2.78683551773853
PRE,Pre-demographic dividend,true,2017,2.78382435608355
PRE,Pre-demographic dividend,true,2018,2.75361144165404
PRE,Pre-demographic dividend,true,2019,2.70679856435485
PRE,Pre-demographic dividend,true,2020,2.66958864781961
PRE,Pre-demographic dividend,true,2021,2.59941687874608
PRE,Pre-demographic dividend,true,2022,2.52277745421748
PRE,Pre-demographic dividend,true,2023,2.53506961491099
PRE,Pre-demographic dividend,true,2024,2.53906602897911
PRE,Pre-demographic dividend,true,2025,2.52823339248427
PRI,Puerto Rico (US),false,1960,
PRI,Puerto Rico (US),false,1961,1.75390951961888
PRI,Puerto Rico (US),false,1962,2.08665471807182
PRI,Puerto Rico (US),false,1963,2.18816476905175
PRI,Puerto Rico (US),false,1964,1.95855069106078
PRI,Puerto Rico (US),false,1965,1.55144868010407
PRI,Puerto Rico (US),false,1966,1.18779053856161
PRI,Puerto Rico (US),false,1967,0.784686198506567
PRI,Puerto Rico (US),false,1968,0.617590849260864
PRI,Puerto Rico (US),false,1969,0.826234252650182
PRI,Puerto Rico (US),false,1970,1.25322114449074
PRI,Puerto Rico (US),false,1971,1.61275276235287
PRI,Puerto Rico (US),false,1972,1.97395182320182
PRI,Puerto Rico (US),false,1973,2.16053159177698
PRI,Puerto Rico (US),false,1974,2.08024400439387
PRI,Puerto Rico (US),false,1975,1.84391684512292
PRI,Puerto Rico (US),false,1976,1.65141896454239
PRI,Puerto Rico (US),false,1977,1.46225771552751
PRI,Puerto Rico (US),false,1978,1.31009506167118
PRI,Puerto Rico (US),false,1979,1.22802479293144
PRI,Puerto Rico (US),false,1980,1.18958028431993
PRI,Puerto Rico (US),false,1981,1.13366199009904
PRI,Puerto Rico (US),false,1982,1.07059222662227
PRI,Puerto Rico (US),false,1983,1.02253405929605
PRI,Puerto Rico (US),false,1984,0.993257484264671
PRI,Puerto Rico (US),false,1985,0.976322961324904
PRI,Puerto Rico (US),false,1986,0.959374954914661
PRI,Puerto Rico (US),false,1987,0.942762657281243
PRI,Puerto Rico (US),false,1988,0.926818889529725
PRI,Puerto Rico (US),false,1989,0.909864623031999
PRI,Puerto Rico (US),false,1990,0.890295757233682
PRI,Puerto Rico (US),false,1991,0.707415569453379
PRI,Puerto Rico (US),false,1992,0.645450037357204
PRI,Puerto Rico (US),false,1993,0.842176258032361
PRI,Puerto Rico (US),false,1994,0.928877577460167
PRI,Puerto Rico (US),false,1995,0.923749875729803
PRI,Puerto Rico (US),false,1996,1.12186266889252
PRI,Puerto Rico (US),false,1997,0.929312007272833
PRI,Puerto Rico (US),false,1998,0.574788689661522
PRI,Puerto Rico (US),false,1999,0.500714523269446
PRI,Puerto Rico (US),false,2000,0.276558688867414
PRI,Puerto Rico (US),false,2001,0.214145951376015
PRI,Puerto Rico (US),false,2002,0.128937305848895
PRI,Puerto Rico (US),false,2003,0.0625899064015263
PRI,Puerto Rico (US),false,2004,0.0204626359646878
PRI,Puerto Rico (US),false,2005,-0.144242360500613
PRI,Puerto Rico (US),false,2006,-0.423467205495354
PRI,Puerto Rico (US),false,2007,-0.585620757159528
PRI,Puerto Rico (US),false,2008,-0.58667739163101
PRI,Puerto Rico (US),false,2009,-0.54540189449208
PRI,Puerto Rico (US),false,2010,-0.427201373092374
PRI,Puerto Rico (US),false,2011,-0.835844626893592
PRI,Puerto Rico (US),false,2012,-0.881614530044632
PRI,Puerto Rico (US),false,2013,-0.812294181036195
PRI,Puerto Rico (US),false,2014,-1.28624679549527
PRI,Puerto Rico (US),false,2015,-1.40026759210966
PRI,Puerto Rico (US),false,2016,-1.5604116086776
PRI,Puerto Rico (US),false,2017,-2.01987082911005
PRI,Puerto Rico (US),false,2018,-3.58604464903081
PRI,Puerto Rico (US),false,2019,0.364032148393714
PRI,Puerto Rico (US),false,2020,-0.640922494785493
PRI,Puerto Rico (US),false,2021,-0.576379102762983
PRI,Puerto Rico (US),false,2022,-1.31372535070036
PRI,Puerto Rico (US),false,2023,-0.509158872556824
PRI,Puerto Rico (US),false,2024,-0.0397420363111939
PRI,Puerto Rico (US),false,2025,-0.553782979963777
PRK,"Korea, Dem. People's Rep.",false,1960,
PRK,"Korea, Dem. People's Rep.",false,1961,2.25837186242333
PRK,"Korea, Dem. People's Rep.",false,1962,2.24445427988737
PRK,"Korea, Dem. People's Rep.",false,1963,2.45018900193276
PRK,"Korea, Dem. People's Rep.",false,1964,2.53551071911011
PRK,"Korea, Dem. People's Rep.",false,1965,2.52491290708188
PRK,"Korea, Dem. People's Rep.",false,1966,2.6111604121928
PRK,"Korea, Dem. People's Rep.",false,1967,2.82831888109811
PRK,"Korea, Dem. People's Rep.",false,1968,2.87582857963066
PRK,"Korea, Dem. People's Rep.",false,1969,2.76004262372826
PRK,"Korea, Dem. People's Rep.",false,1970,2.70660959207891
PRK,"Korea, Dem. People's Rep.",false,1971,2.60010734038207
PRK,"Korea, Dem. People's Rep.",false,1972,2.55255426386394
PRK,"Korea, Dem. People's Rep.",false,1973,2.32210240714274
PRK,"Korea, Dem. People's Rep.",false,1974,1.95475582197118
PRK,"Korea, Dem. People's Rep.",false,1975,1.77113440522205
PRK,"Korea, Dem. People's Rep.",false,1976,1.59231153778335
PRK,"Korea, Dem. People's Rep.",false,1977,1.43568921410325
PRK,"Korea, Dem. People's Rep.",false,1978,1.38069370361535
PRK,"Korea, Dem. People's Rep.",false,1979,1.38568122349671
PRK,"Korea, Dem. People's Rep.",false,1980,1.39877603432652
PRK,"Korea, Dem. People's Rep.",false,1981,1.43999666546849
PRK,"Korea, Dem. People's Rep.",false,1982,1.4757742367999
PRK,"Korea, Dem. People's Rep.",false,1983,1.46803656828284
PRK,"Korea, Dem. People's Rep.",false,1984,1.46403113177781
PRK,"Korea, Dem. People's Rep.",false,1985,1.46500806777224
PRK,"Korea, Dem. People's Rep.",false,1986,1.46958307179494
PRK,"Korea, Dem. People's Rep.",false,1987,1.46889428200632
PRK,"Korea, Dem. People's Rep.",false,1988,1.46250661607338
PRK,"Korea, Dem. People's Rep.",false,1989,1.45838472140608
PRK,"Korea, Dem. People's Rep.",false,1990,1.46851717868943
PRK,"Korea, Dem. People's Rep.",false,1991,1.48801633223606
PRK,"Korea, Dem. People's Rep.",false,1992,1.49273900122265
PRK,"Korea, Dem. People's Rep.",false,1993,1.47154474015851
PRK,"Korea, Dem. People's Rep.",false,1994,1.44208603503307
PRK,"Korea, Dem. People's Rep.",false,1995,1.22198132137694
PRK,"Korea, Dem. People's Rep.",false,1996,0.993936643105458
PRK,"Korea, Dem. People's Rep.",false,1997,0.935020971783511
PRK,"Korea, Dem. People's Rep.",false,1998,0.864820763436327
PRK,"Korea, Dem. People's Rep.",false,1999,0.79486992536677
PRK,"Korea, Dem. People's Rep.",false,2000,0.713737031349431
PRK,"Korea, Dem. People's Rep.",false,2001,0.629505065124145
PRK,"Korea, Dem. People's Rep.",false,2002,0.538597623627137
PRK,"Korea, Dem. People's Rep.",false,2003,0.609594776390389
PRK,"Korea, Dem. People's Rep.",false,2004,0.680784098097041
PRK,"Korea, Dem. People's Rep.",false,2005,0.581650142448516
PRK,"Korea, Dem. People's Rep.",false,2006,0.523597022459874
PRK,"Korea, Dem. People's Rep.",false,2007,0.495725212967157
PRK,"Korea, Dem. People's Rep.",false,2008,0.478578548402947
PRK,"Korea, Dem. People's Rep.",false,2009,0.458128289665172
PRK,"Korea, Dem. People's Rep.",false,2010,0.436879111426513
PRK,"Korea, Dem. People's Rep.",false,2011,0.44171264179715
PRK,"Korea, Dem. People's Rep.",false,2012,0.452614172409074
PRK,"Korea, Dem. People's Rep.",false,2013,0.465850679497933
PRK,"Korea, Dem. People's Rep.",false,2014,0.479753931920185
PRK,"Korea, Dem. People's Rep.",false,2015,0.486366779009783
PRK,"Korea, Dem. People's Rep.",false,2016,0.479685660941037
PRK,"Korea, Dem. People's Rep.",false,2017,0.463479822191171
PRK,"Korea, Dem. People's Rep.",false,2018,0.438418123483477
PRK,"Korea, Dem. People's Rep.",false,2019,0.409804313568107
PRK,"Korea, Dem. People's Rep.",false,2020,0.378273559953142
PRK,"Korea, Dem. People's Rep.",false,2021,0.36747843663433
PRK,"Korea, Dem. People's Rep.",false,2022,0.366471008261931
PRK,"Korea, Dem. People's Rep.",false,2023,0.338821174570736
PRK,"Korea, Dem. People's Rep.",false,2024,0.304699893187806
PRK,"Korea, Dem. People's Rep.",false,2025,0.272143344374275
PRT,Portugal,false,1960,
PRT,Portugal,false,1961,0.805085263650629
PRT,Portugal,false,1962,0.721622435848292
PRT,Portugal,false,1963,0.403565948731515
PRT,Portugal,false,1964,0.0554641622745771
PRT,Portugal,false,1965,-0.407786764016639
PRT,Portugal,false,1966,-0.754120303282112
PRT,Portugal,false,1967,-0.634300161386171
PRT,Portugal,false,1968,-0.427640384149605
PRT,Portugal,false,1969,-0.897396122779751
PRT,Portugal,false,1970,-0.886270250512273
PRT,Portugal,false,1971,-0.423397124354385
PRT,Portugal,false,1972,-0.154288053208668
PRT,Portugal,false,1973,0.0309322603347991
PRT,Portugal,false,1974,1.3948780479403
PRT,Portugal,false,1975,3.80041403952037
PRT,Portugal,false,1976,2.8440967172144
PRT,Portugal,false,1977,1.06175496688687
PRT,Portugal,false,1978,1.07895655527658
PRT,Portugal,false,1979,1.07199361183604
PRT,Portugal,false,1980,1.08143206705044
PRT,Portugal,false,1981,0.867080703431986
PRT,Portugal,false,1982,0.611332101414692
PRT,Portugal,false,1983,0.463965043811485
PRT,Portugal,false,1984,0.384553079813775
PRT,Portugal,false,1985,0.273538751901793
PRT,Portugal,false,1986,0.0909537577185482
PRT,Portugal,false,1987,-0.0269454386407305
PRT,Portugal,false,1988,-0.103951995334113
PRT,Portugal,false,1989,-0.145920470784671
PRT,Portugal,false,1990,-0.217948479672573
PRT,Portugal,false,1991,-0.230481754329704
PRT,Portugal,false,1992,-0.0777492667122609
PRT,Portugal,false,1993,0.122316595483017
PRT,Portugal,false,1994,0.269089467950249
PRT,Portugal,false,1995,0.346203938301886
PRT,Portugal,false,1996,0.375996187340096
PRT,Portugal,false,1997,0.446460604971181
PRT,Portugal,false,1998,0.505389233382722
PRT,Portugal,false,1999,0.565630442435222
PRT,Portugal,false,2000,0.702859953319024
PRT,Portugal,false,2001,0.705230637323876
PRT,Portugal,false,2002,0.547667939660689
PRT,Portugal,false,2003,0.375411414855816
PRT,Portugal,false,2004,0.239128989611917
PRT,Portugal,false,2005,0.185532266654625
PRT,Portugal,false,2006,0.18033244147767
PRT,Portugal,false,2007,0.196304384487306
PRT,Portugal,false,2008,0.144191279853498
PRT,Portugal,false,2009,0.0953308592370666
PRT,Portugal,false,2010,0.0459100367184907
PRT,Portugal,false,2011,-0.147084878575482
PRT,Portugal,false,2012,-0.405421787747567
PRT,Portugal,false,2013,-0.548815210952228
PRT,Portugal,false,2014,-0.539190466792077
PRT,Portugal,false,2015,-0.414141101993213
PRT,Portugal,false,2016,-0.315459016997883
PRT,Portugal,false,2017,-0.243889410358812
PRT,Portugal,false,2018,-0.160104021146769
PRT,Portugal,false,2019,0.0237334946497115
PRT,Portugal,false,2020,0.10511412524675
PRT,Portugal,false,2021,0.626850165433157
PRT,Portugal,false,2022,0.697256448023043
PRT,Portugal,false,2023,1.36912985956796
PRT,Portugal,false,2024,1.09536933248007
PRT,Portugal,false,2025,1.02505359028502
PRY,Paraguay,false,1960,
PRY,Paraguay,false,1961,2.30296503353652
PRY,Paraguay,false,1962,2.34522829499899
PRY,Paraguay,false,1963,2.44210002617055
PRY,Paraguay,false,1964,2.50121218935743
PRY,Paraguay,false,1965,2.48008564917623
PRY,Paraguay,false,1966,2.43609123242319
PRY,Paraguay,false,1967,2.37828895359514
PRY,Paraguay,false,1968,2.32246828062649
PRY,Paraguay,false,1969,2.27848872990814
PRY,Paraguay,false,1970,2.24594557639529
PRY,Paraguay,false,1971,2.25693324788283
PRY,Paraguay,false,1972,2.32058775076638
PRY,Paraguay,false,1973,2.41945038751402
PRY,Paraguay,false,1974,2.48798048771714
PRY,Paraguay,false,1975,2.48362059384926
PRY,Paraguay,false,1976,2.46552062096214
PRY,Paraguay,false,1977,2.47163409446367
PRY,Paraguay,false,1978,2.49334436658881
PRY,Paraguay,false,1979,2.54384518085846
PRY,Paraguay,false,1980,2.63045961983803
PRY,Paraguay,false,1981,2.72577670597429
PRY,Paraguay,false,1982,2.78421131528094
PRY,Paraguay,false,1983,2.80811213601999
PRY,Paraguay,false,1984,2.81902320856119
PRY,Paraguay,false,1985,2.82342693811327
PRY,Paraguay,false,1986,2.83088119594996
PRY,Paraguay,false,1987,2.8232799595741
PRY,Paraguay,false,1988,2.80445454879684
PRY,Paraguay,false,1989,2.76866375478912
PRY,Paraguay,false,1990,2.71114328092203
PRY,Paraguay,false,1991,2.65579242385309
PRY,Paraguay,false,1992,2.60163442704891
PRY,Paraguay,false,1993,2.53245316780671
PRY,Paraguay,false,1994,2.4615145741962
PRY,Paraguay,false,1995,2.39512785223415
PRY,Paraguay,false,1996,2.32519254374256
PRY,Paraguay,false,1997,2.25425084909918
PRY,Paraguay,false,1998,2.17892340656023
PRY,Paraguay,false,1999,2.08244088073438
PRY,Paraguay,false,2000,1.93460053752763
PRY,Paraguay,false,2001,1.6877597301062
PRY,Paraguay,false,2002,1.40951477388826
PRY,Paraguay,false,2003,1.22988802352585
PRY,Paraguay,false,2004,1.15243910027232
PRY,Paraguay,false,2005,1.1059635782753
PRY,Paraguay,false,2006,1.04172810758939
PRY,Paraguay,false,2007,0.980401604621513
PRY,Paraguay,false,2008,0.969992282647573
PRY,Paraguay,false,2009,1.0219490065143
PRY,Paraguay,false,2010,1.16985801191993
PRY,Paraguay,false,2011,1.32708039585856
PRY,Paraguay,false,2012,1.40686361602641
PRY,Paraguay,false,2013,1.43842436376869
PRY,Paraguay,false,2014,1.44981205714477
PRY,Paraguay,false,2015,1.46036822105512
PRY,Paraguay,false,2016,1.45104639106418
PRY,Paraguay,false,2017,1.42257756735462
PRY,Paraguay,false,2018,1.38999117307295
PRY,Paraguay,false,2019,1.35488116957369
PRY,Paraguay,false,2020,1.35198907049682
PRY,Paraguay,false,2021,1.21078357917422
PRY,Paraguay,false,2022,1.13476871860664
PRY,Paraguay,false,2023,1.23021616038983
PRY,Paraguay,false,2024,1.23438951533718
PRY,Paraguay,false,2025,1.20391081847026
PSE,West Bank and Gaza,false,1960,
PSE,West Bank and Gaza,false,1961,
PSE,West Bank and Gaza,false,1962,
PSE,West Bank and Gaza,false,1963,
PSE,West Bank and Gaza,false,1964,
PSE,West Bank and Gaza,false,1965,
PSE,West Bank and Gaza,false,1966,
PSE,West Bank and Gaza,false,1967,
PSE,West Bank and Gaza,false,1968,
PSE,West Bank and Gaza,false,1969,
PSE,West Bank and Gaza,false,1970,
PSE,West Bank and Gaza,false,1971,
PSE,West Bank and Gaza,false,1972,
PSE,West Bank and Gaza,false,1973,
PSE,West Bank and Gaza,false,1974,
PSE,West Bank and Gaza,false,1975,
PSE,West Bank and Gaza,false,1976,
PSE,West Bank and Gaza,false,1977,
PSE,West Bank and Gaza,false,1978,
PSE,West Bank and Gaza,false,1979,
PSE,West Bank and Gaza,false,1980,
PSE,West Bank and Gaza,false,1981,
PSE,West Bank and Gaza,false,1982,
PSE,West Bank and Gaza,false,1983,
PSE,West Bank and Gaza,false,1984,
PSE,West Bank and Gaza,false,1985,
PSE,West Bank and Gaza,false,1986,
PSE,West Bank and Gaza,false,1987,
PSE,West Bank and Gaza,false,1988,
PSE,West Bank and Gaza,false,1989,
PSE,West Bank and Gaza,false,1990,
PSE,West Bank and Gaza,false,1991,4.47788760269407
PSE,West Bank and Gaza,false,1992,4.47788607336765
PSE,West Bank and Gaza,false,1993,4.47788423489973
PSE,West Bank and Gaza,false,1994,4.47785249754387
PSE,West Bank and Gaza,false,1995,4.47787288220599
PSE,West Bank and Gaza,false,1996,4.47787800224899
PSE,West Bank and Gaza,false,1997,4.47787204469171
PSE,West Bank and Gaza,false,1998,2.55526947769926
PSE,West Bank and Gaza,false,1999,2.55526837039158
PSE,West Bank and Gaza,false,2000,2.55523569844846
PSE,West Bank and Gaza,false,2001,2.5552675698799
PSE,West Bank and Gaza,false,2002,2.55528456623402
PSE,West Bank and Gaza,false,2003,2.55524755562296
PSE,West Bank and Gaza,false,2004,2.55527589181892
PSE,West Bank and Gaza,false,2005,2.5552623734323
PSE,West Bank and Gaza,false,2006,2.55525867519272
PSE,West Bank and Gaza,false,2007,2.55525196026943
PSE,West Bank and Gaza,false,2008,2.75135880229092
PSE,West Bank and Gaza,false,2009,2.66795074941001
PSE,West Bank and Gaza,false,2010,2.59703221798976
PSE,West Bank and Gaza,false,2011,2.52518683079236
PSE,West Bank and Gaza,false,2012,2.46768715003228
PSE,West Bank and Gaza,false,2013,2.40084831983677
PSE,West Bank and Gaza,false,2014,2.3440772109436
PSE,West Bank and Gaza,false,2015,2.29048005844149
PSE,West Bank and Gaza,false,2016,2.24610527580178
PSE,West Bank and Gaza,false,2017,1.98868634871278
PSE,West Bank and Gaza,false,2018,2.5330114844554
PSE,West Bank and Gaza,false,2019,2.51178246264674
PSE,West Bank and Gaza,false,2020,2.48654993848325
PSE,West Bank and Gaza,false,2021,2.45703865277568
PSE,West Bank and Gaza,false,2022,2.42553777623863
PSE,West Bank and Gaza,false,2023,2.39326476511584
PSE,West Bank and Gaza,false,2024,2.36027908447521
PSE,West Bank and Gaza,false,2025,2.32556364928187
PSS,Pacific island small states,true,1960,
PSS,Pacific island small states,true,1961,2.82384827446407
PSS,Pacific island small states,true,1962,2.85635548349672
PSS,Pacific island small states,true,1963,2.86846207751723
PSS,Pacific island small states,true,1964,2.83378052623791
PSS,Pacific island small states,true,1965,2.8034544492677
PSS,Pacific island small states,true,1966,2.67977472102216
PSS,Pacific island small states,true,1967,2.39764996960515
PSS,Pacific island small states,true,1968,2.2320910233949
PSS,Pacific island small states,true,1969,2.22781555879006
PSS,Pacific island small states,true,1970,2.15675310562867
PSS,Pacific island small states,true,1971,2.03926283184184
PSS,Pacific island small states,true,1972,1.95574095591565
PSS,Pacific island small states,true,1973,1.89093719601962
PSS,Pacific island small states,true,1974,1.93077748028368
PSS,Pacific island small states,true,1975,2.01524868955685
PSS,Pacific island small states,true,1976,2.10584113280926
PSS,Pacific island small states,true,1977,2.17455271164534
PSS,Pacific island small states,true,1978,2.19278736563539
PSS,Pacific island small states,true,1979,2.23612578899287
PSS,Pacific island small states,true,1980,2.24168234962804
PSS,Pacific island small states,true,1981,2.24921676988443
PSS,Pacific island small states,true,1982,2.24017301889147
PSS,Pacific island small states,true,1983,2.21185694220003
PSS,Pacific island small states,true,1984,2.21123279431535
PSS,Pacific island small states,true,1985,2.21397027999844
PSS,Pacific island small states,true,1986,2.12284388150164
PSS,Pacific island small states,true,1987,1.8910914324846
PSS,Pacific island small states,true,1988,1.69756584221707
PSS,Pacific island small states,true,1989,1.59618109567351
PSS,Pacific island small states,true,1990,1.51553174263172
PSS,Pacific island small states,true,1991,1.44945226409515
PSS,Pacific island small states,true,1992,1.42545965105308
PSS,Pacific island small states,true,1993,1.39943591432399
PSS,Pacific island small states,true,1994,1.33252935546185
PSS,Pacific island small states,true,1995,1.25802332121135
PSS,Pacific island small states,true,1996,1.28315263449086
PSS,Pacific island small states,true,1997,1.4584188758485
PSS,Pacific island small states,true,1998,1.53408224064431
PSS,Pacific island small states,true,1999,1.47184006625357
PSS,Pacific island small states,true,2000,1.37976133820373
PSS,Pacific island small states,true,2001,1.3048387301221
PSS,Pacific island small states,true,2002,1.25715749305751
PSS,Pacific island small states,true,2003,1.20114398382466
PSS,Pacific island small states,true,2004,1.16796609205945
PSS,Pacific island small states,true,2005,1.13655756125424
PSS,Pacific island small states,true,2006,1.11066069971186
PSS,Pacific island small states,true,2007,1.08624420608688
PSS,Pacific island small states,true,2008,1.00961415963041
PSS,Pacific island small states,true,2009,0.964522671636588
PSS,Pacific island small states,true,2010,1.183838881745
PSS,Pacific island small states,true,2011,1.36652729130065
PSS,Pacific island small states,true,2012,1.32791059696534
PSS,Pacific island small states,true,2013,1.30975260096464
PSS,Pacific island small states,true,2014,1.309388684516
PSS,Pacific island small states,true,2015,1.30244106727406
PSS,Pacific island small states,true,2016,1.29191080769398
PSS,Pacific island small states,true,2017,1.29137065436152
PSS,Pacific island small states,true,2018,1.26723585430322
PSS,Pacific island small states,true,2019,1.0428091638606
PSS,Pacific island small states,true,2020,1.04048475391698
PSS,Pacific island small states,true,2021,1.1481035475349
PSS,Pacific island small states,true,2022,1.15709923057953
PSS,Pacific island small states,true,2023,1.24129959209673
PSS,Pacific island small states,true,2024,1.22857783792362
PSS,Pacific island small states,true,2025,1.21145320106702
PST,Post-demographic dividend,true,1960,
PST,Post-demographic dividend,true,1961,1.19373603494826
PST,Post-demographic dividend,true,1962,1.19948435843813
PST,Post-demographic dividend,true,1963,1.16244111114255
PST,Post-demographic dividend,true,1964,1.14162861956043
PST,Post-demographic dividend,true,1965,1.09350133679282
PST,Post-demographic dividend,true,1966,1.01452777922376
PST,Post-demographic dividend,true,1967,0.960502702107385
PST,Post-demographic dividend,true,1968,0.924419269415169
PST,Post-demographic dividend,true,1969,0.917520862490283
PST,Post-demographic dividend,true,1970,0.90347452137183
PST,Post-demographic dividend,true,1971,1.10824411603562
PST,Post-demographic dividend,true,1972,0.932535404288756
PST,Post-demographic dividend,true,1973,0.871144653029124
PST,Post-demographic dividend,true,1974,0.832586578375212
PST,Post-demographic dividend,true,1975,0.781164286330014
PST,Post-demographic dividend,true,1976,0.697845669640458
PST,Post-demographic dividend,true,1977,0.681924544657033
PST,Post-demographic dividend,true,1978,0.681677990779101
PST,Post-demographic dividend,true,1979,0.70789054760328
PST,Post-demographic dividend,true,1980,0.677772968694996
PST,Post-demographic dividend,true,1981,0.668681518776721
PST,Post-demographic dividend,true,1982,0.602295315374578
PST,Post-demographic dividend,true,1983,0.563715056821974
PST,Post-demographic dividend,true,1984,0.522684488256985
PST,Post-demographic dividend,true,1985,0.519831616679151
PST,Post-demographic dividend,true,1986,0.541676096036378
PST,Post-demographic dividend,true,1987,0.556062077497839
PST,Post-demographic dividend,true,1988,0.575768519026633
PST,Post-demographic dividend,true,1989,0.616843162511355
PST,Post-demographic dividend,true,1990,0.644464825872164
PST,Post-demographic dividend,true,1991,0.715033304987389
PST,Post-demographic dividend,true,1992,0.697246433316432
PST,Post-demographic dividend,true,1993,0.643085033860218
PST,Post-demographic dividend,true,1994,0.570363319240377
PST,Post-demographic dividend,true,1995,0.534884886479851
PST,Post-demographic dividend,true,1996,0.550879595069052
PST,Post-demographic dividend,true,1997,0.524712979339849
PST,Post-demographic dividend,true,1998,0.494153540136483
PST,Post-demographic dividend,true,1999,0.483856476819839
PST,Post-demographic dividend,true,2000,0.506639541129563
PST,Post-demographic dividend,true,2001,0.484093598871689
PST,Post-demographic dividend,true,2002,0.505167279967622
PST,Post-demographic dividend,true,2003,0.502572879325375
PST,Post-demographic dividend,true,2004,0.518876120315171
PST,Post-demographic dividend,true,2005,0.502564815977713
PST,Post-demographic dividend,true,2006,0.545356150465832
PST,Post-demographic dividend,true,2007,0.594784935011008
PST,Post-demographic dividend,true,2008,0.607735102357025
PST,Post-demographic dividend,true,2009,0.516160510005987
PST,Post-demographic dividend,true,2010,0.474124527896789
PST,Post-demographic dividend,true,2011,0.302401977706299
PST,Post-demographic dividend,true,2012,0.436781344037018
PST,Post-demographic dividend,true,2013,0.389382613401883
PST,Post-demographic dividend,true,2014,0.42185892828501
PST,Post-demographic dividend,true,2015,0.444076933123214
PST,Post-demographic dividend,true,2016,0.461347508759667
PST,Post-demographic dividend,true,2017,0.379493296941645
PST,Post-demographic dividend,true,2018,0.355636559299221
PST,Post-demographic dividend,true,2019,0.34068175408139
PST,Post-demographic dividend,true,2020,0.18890128876133
PST,Post-demographic dividend,true,2021,-0.0381233384223229
PST,Post-demographic dividend,true,2022,0.0754459661346514
PST,Post-demographic dividend,true,2023,0.343339336267454
PST,Post-demographic dividend,true,2024,0.625489391923098
PST,Post-demographic dividend,true,2025,0.382361704355291
PYF,French Polynesia,false,1960,
PYF,French Polynesia,false,1961,2.08517060757554
PYF,French Polynesia,false,1962,2.11594796074697
PYF,French Polynesia,false,1963,2.79795424460384
PYF,French Polynesia,false,1964,3.38112838308651
PYF,French Polynesia,false,1965,3.38308052124811
PYF,French Polynesia,false,1966,3.38217015161991
PYF,French Polynesia,false,1967,3.39908214190363
PYF,French Polynesia,false,1968,3.44259679340957
PYF,French Polynesia,false,1969,3.47251979184259
PYF,French Polynesia,false,1970,3.47972159341046
PYF,French Polynesia,false,1971,3.39322502659606
PYF,French Polynesia,false,1972,3.28677675438139
PYF,French Polynesia,false,1973,3.23779306757308
PYF,French Polynesia,false,1974,3.17625984697659
PYF,French Polynesia,false,1975,3.0948853670318
PYF,French Polynesia,false,1976,2.9903866620475
PYF,French Polynesia,false,1977,2.99494261209114
PYF,French Polynesia,false,1978,3.11853005079993
PYF,French Polynesia,false,1979,3.18268090895332
PYF,French Polynesia,false,1980,3.18297224848769
PYF,French Polynesia,false,1981,3.16716043803768
PYF,French Polynesia,false,1982,3.13295083900562
PYF,French Polynesia,false,1983,3.01681290370122
PYF,French Polynesia,false,1984,2.71052924510717
PYF,French Polynesia,false,1985,2.52855071719216
PYF,French Polynesia,false,1986,2.55347877797092
PYF,French Polynesia,false,1987,2.54189236836924
PYF,French Polynesia,false,1988,2.46043704913919
PYF,French Polynesia,false,1989,2.25419588569455
PYF,French Polynesia,false,1990,2.04905798046173
PYF,French Polynesia,false,1991,1.9285201110263
PYF,French Polynesia,false,1992,1.81973669430827
PYF,French Polynesia,false,1993,1.71521949579713
PYF,French Polynesia,false,1994,1.62185522370334
PYF,French Polynesia,false,1995,1.53341056008052
PYF,French Polynesia,false,1996,1.50626050741578
PYF,French Polynesia,false,1997,1.59788710227746
PYF,French Polynesia,false,1998,1.63202846612279
PYF,French Polynesia,false,1999,1.57792856584233
PYF,French Polynesia,false,2000,1.56922864809839
PYF,French Polynesia,false,2001,1.55235821897967
PYF,French Polynesia,false,2002,1.49553890144445
PYF,French Polynesia,false,2003,1.54664965449538
PYF,French Polynesia,false,2004,1.58373949574295
PYF,French Polynesia,false,2005,1.49587093988006
PYF,French Polynesia,false,2006,1.42179044575073
PYF,French Polynesia,false,2007,1.21399894849188
PYF,French Polynesia,false,2008,0.725858946942358
PYF,French Polynesia,false,2009,0.409772633029491
PYF,French Polynesia,false,2010,0.406991623911333
PYF,French Polynesia,false,2011,0.423008262968887
PYF,French Polynesia,false,2012,0.498155436017889
PYF,French Polynesia,false,2013,0.600207711920296
PYF,French Polynesia,false,2014,0.602054021803628
PYF,French Polynesia,false,2015,0.53369255935478
PYF,French Polynesia,false,2016,0.471058812613167
PYF,French Polynesia,false,2017,0.325069797127642
PYF,French Polynesia,false,2018,-0.0971598677616479
PYF,French Polynesia,false,2019,-0.279503231980126
PYF,French Polynesia,false,2020,0.0626967129843171
PYF,French Polynesia,false,2021,0.208586464560115
PYF,French Polynesia,false,2022,0.209222276724143
PYF,French Polynesia,false,2023,0.263581727538977
PYF,French Polynesia,false,2024,0.244792945440769
PYF,French Polynesia,false,2025,0.23322096373719
QAT,Qatar,false,1960,
QAT,Qatar,false,1961,9.70506047558882
QAT,Qatar,false,1962,11.7558996224506
QAT,Qatar,false,1963,12.1187992283286
QAT,Qatar,false,1964,12.1120937112538
QAT,Qatar,false,1965,11.9182984924537
QAT,Qatar,false,1966,11.9431043473999
QAT,Qatar,false,1967,12.0525037312897
QAT,Qatar,false,1968,11.9202313944286
QAT,Qatar,false,1969,11.5915089532159
QAT,Qatar,false,1970,12.163121252342
QAT,Qatar,false,1971,12.1232172931347
QAT,Qatar,false,1972,10.9231320570215
QAT,Qatar,false,1973,9.95479885327033
QAT,Qatar,false,1974,9.15784699616857
QAT,Qatar,false,1975,8.49480227931862
QAT,Qatar,false,1976,7.94421603085854
QAT,Qatar,false,1977,7.47832424796309
QAT,Qatar,false,1978,7.0777755502111
QAT,Qatar,false,1979,6.7409095202251
QAT,Qatar,false,1980,6.45324806043854
QAT,Qatar,false,1981,6.19726035476403
QAT,Qatar,false,1982,5.94599090879776
QAT,Qatar,false,1983,5.66923359783165
QAT,Qatar,false,1984,5.36413963478148
QAT,Qatar,false,1985,5.06175419402699
QAT,Qatar,false,1986,4.4055325366713
QAT,Qatar,false,1987,3.74241641631862
QAT,Qatar,false,1988,3.52864689870194
QAT,Qatar,false,1989,3.43726708403481
QAT,Qatar,false,1990,3.35643602188212
QAT,Qatar,false,1991,3.28019147147729
QAT,Qatar,false,1992,3.20283512184474
QAT,Qatar,false,1993,3.12076652290476
QAT,Qatar,false,1994,3.0315206362832
QAT,Qatar,false,1995,2.93298487226868
QAT,Qatar,false,1996,2.81689866772079
QAT,Qatar,false,1997,3.98026081252323
QAT,Qatar,false,1998,5.31317487167119
QAT,Qatar,false,1999,5.35902375394354
QAT,Qatar,false,2000,5.16843199678991
QAT,Qatar,false,2001,4.98033999658033
QAT,Qatar,false,2002,4.79240521936012
QAT,Qatar,false,2003,4.59965670712594
QAT,Qatar,false,2004,3.77511702353838
QAT,Qatar,false,2005,6.51693576890975
QAT,Qatar,false,2006,16.4332567938557
QAT,Qatar,false,2007,21.700342942038
QAT,Qatar,false,2008,16.6072361839519
QAT,Qatar,false,2009,12.0021690542876
QAT,Qatar,false,2010,0.491609879237911
QAT,Qatar,false,2011,0.489204894825294
QAT,Qatar,false,2012,5.83800010216327
QAT,Qatar,false,2013,10.6721263976401
QAT,Qatar,false,2014,11.5817147814941
QAT,Qatar,false,2015,8.58173306173289
QAT,Qatar,false,2016,5.49972976958708
QAT,Qatar,false,2017,2.73590293320866
QAT,Qatar,false,2018,1.3621056096195
QAT,Qatar,false,2019,2.21962210028933
QAT,Qatar,false,2020,5.72571544841687
QAT,Qatar,false,2021,-10.9274424335586
QAT,Qatar,false,2022,5.90701824957099
QAT,Qatar,false,2023,-0.0489708509014485
QAT,Qatar,false,2024,7.32265165181291
QAT,Qatar,false,2025,3.92476698437933
ROU,Romania,false,1960,
ROU,Romania,false,1961,0.802690192184129
ROU,Romania,false,1962,0.651595835691077
ROU,Romania,false,1963,0.647377535798313
ROU,Romania,false,1964,0.643086645958438
ROU,Romania,false,1965,0.592612643075023
ROU,Romania,false,1966,0.961514846201681
ROU,Romania,false,1967,1.64542826578947
ROU,Romania,false,1968,1.3504476706304
ROU,Romania,false,1969,1.05158168279261
ROU,Romania,false,1970,1.19852285419382
ROU,Romania,false,1971,1.03738983756395
ROU,Romania,false,1972,0.955222600818755
ROU,Romania,false,1973,0.85663776612112
ROU,Romania,false,1974,0.925588793249952
ROU,Romania,false,1975,1.24829220616137
ROU,Romania,false,1976,1.20458776216374
ROU,Romania,false,1977,0.944235678563911
ROU,Romania,false,1978,0.893984020893602
ROU,Romania,false,1979,0.631327429634966
ROU,Romania,false,1980,0.527314447799743
ROU,Romania,false,1981,0.654341869540002
ROU,Romania,false,1982,0.547287797531317
ROU,Romania,false,1983,0.376306456784292
ROU,Romania,false,1984,0.35427994718411
ROU,Romania,false,1985,0.407515550779296
ROU,Romania,false,1986,0.455749591132157
ROU,Romania,false,1987,0.491803435719855
ROU,Romania,false,1988,0.470502241971901
ROU,Romania,false,1989,0.449148207465758
ROU,Romania,false,1990,0.17417662808295
ROU,Romania,false,1991,-0.868693831241648
ROU,Romania,false,1992,-0.9034629284532
ROU,Romania,false,1993,-0.136109142211483
ROU,Romania,false,1994,-0.14537906455364
ROU,Romania,false,1995,-0.20231879638046
ROU,Romania,false,1996,-0.288129485530899
ROU,Romania,false,1997,-0.287897951541563
ROU,Romania,false,1998,-0.206980241940766
ROU,Romania,false,1999,-0.156978616024445
ROU,Romania,false,2000,-0.129440039806255
ROU,Romania,false,2001,-1.39542998635748
ROU,Romania,false,2002,-1.83065499370162
ROU,Romania,false,2003,-0.7212622974018
ROU,Romania,false,2004,-0.569786272532879
ROU,Romania,false,2005,-0.61753095660306
ROU,Romania,false,2006,-0.592402560029107
ROU,Romania,false,2007,-1.47722298197717
ROU,Romania,false,2008,-1.66638264306554
ROU,Romania,false,2009,-0.833088754778975
ROU,Romania,false,2010,-0.593959183588628
ROU,Romania,false,2011,-0.491866212866043
ROU,Romania,false,2012,-0.445177936198383
ROU,Romania,false,2013,-0.371323062878035
ROU,Romania,false,2014,-0.374575497762261
ROU,Romania,false,2015,-0.470052227864654
ROU,Romania,false,2016,-0.573660845379617
ROU,Romania,false,2017,-0.578007015146885
ROU,Romania,false,2018,-0.587493307403584
ROU,Romania,false,2019,-0.526814821936341
ROU,Romania,false,2020,-0.550759892541776
ROU,Romania,false,2021,-0.746036478523061
ROU,Romania,false,2022,-0.385412679960785
ROU,Romania,false,2023,0.0659152146414443
ROU,Romania,false,2024,-0.0485820204761977
ROU,Romania,false,2025,-0.165649007627974
RUS,Russian Federation,false,1960,
RUS,Russian Federation,false,1961,1.11060183638626
RUS,Russian Federation,false,1962,1.11145521122451
RUS,Russian Federation,false,1963,1.11053215737069
RUS,Russian Federation,false,1964,1.11110025764706
RUS,Russian Federation,false,1965,1.11072584654368
RUS,Russian Federation,false,1966,0.568815874401956
RUS,Russian Federation,false,1967,0.569499004627627
RUS,Russian Federation,false,1968,0.5693766257186
RUS,Russian Federation,false,1969,0.569238017722672
RUS,Russian Federation,false,1970,0.569083468255144
RUS,Russian Federation,false,1971,0.574250600262548
RUS,Russian Federation,false,1972,0.57324610343637
RUS,Russian Federation,false,1973,0.574501349565654
RUS,Russian Federation,false,1974,0.573468037351157
RUS,Russian Federation,false,1975,0.573923976270934
RUS,Russian Federation,false,1976,0.703185038023715
RUS,Russian Federation,false,1977,0.70268347396018
RUS,Russian Federation,false,1978,0.702887650025717
RUS,Russian Federation,false,1979,0.703053203604969
RUS,Russian Federation,false,1980,0.709655479527404
RUS,Russian Federation,false,1981,0.667503222289735
RUS,Russian Federation,false,1982,0.628287744424107
RUS,Russian Federation,false,1983,0.598250932058307
RUS,Russian Federation,false,1984,0.757352967626051
RUS,Russian Federation,false,1985,0.776688028447148
RUS,Russian Federation,false,1986,0.717573866435774
RUS,Russian Federation,false,1987,0.697384550046896
RUS,Russian Federation,false,1988,0.648303809439665
RUS,Russian Federation,false,1989,0.586603532881112
RUS,Russian Federation,false,1990,0.168017665366762
RUS,Russian Federation,false,1991,0.286681805330924
RUS,Russian Federation,false,1992,0.0969789790408762
RUS,Russian Federation,false,1993,-0.0534820276606834
RUS,Russian Federation,false,1994,-0.0342679070319955
RUS,Russian Federation,false,1995,-0.0216487632128753
RUS,Russian Federation,false,1996,-0.145451546598357
RUS,Russian Federation,false,1997,-0.165341653753189
RUS,Russian Federation,false,1998,-0.165486143348056
RUS,Russian Federation,false,1999,-0.309278191504336
RUS,Russian Federation,false,2000,-0.420614990249978
RUS,Russian Federation,false,2001,-0.424090524785415
RUS,Russian Federation,false,2002,-0.460024258081391
RUS,Russian Federation,false,2003,-0.453780668020263
RUS,Russian Federation,false,2004,-0.402681471328549
RUS,Russian Federation,false,2005,-0.381452794741516
RUS,Russian Federation,false,2006,-0.327445270108383
RUS,Russian Federation,false,2007,-0.17108203294568
RUS,Russian Federation,false,2008,-0.0439492591634852
RUS,Russian Federation,false,2009,0.030107060167659
RUS,Russian Federation,false,2010,0.0448964884428055
RUS,Russian Federation,false,2011,0.118045544446964
RUS,Russian Federation,false,2012,0.251575708072649
RUS,Russian Federation,false,2013,0.297503474179596
RUS,Russian Federation,false,2014,0.299667432459938
RUS,Russian Federation,false,2015,0.279352077762368
RUS,Russian Federation,false,2016,0.258751057379474
RUS,Russian Federation,false,2017,0.191382528772924
RUS,Russian Federation,false,2018,0.0721356165400605
RUS,Russian Federation,false,2019,0.037947213753429
RUS,Russian Federation,false,2020,-0.143202031827637
RUS,Russian Federation,false,2021,-0.343724409889771
RUS,Russian Federation,false,2022,-0.352843110363082
RUS,Russian Federation,false,2023,-0.285217600763343
RUS,Russian Federation,false,2024,-0.108858652841079
RUS,Russian Federation,false,2025,-0.108864402490546
RWA,Rwanda,false,1960,
RWA,Rwanda,false,1961,2.75703524902543
RWA,Rwanda,false,1962,2.51875601129914
RWA,Rwanda,false,1963,2.26125883139658
RWA,Rwanda,false,1964,2.3036256415404
RWA,Rwanda,false,1965,2.61558043431631
RWA,Rwanda,false,1966,2.83441074110454
RWA,Rwanda,false,1967,3.01932977905873
RWA,Rwanda,false,1968,3.10411169908327
RWA,Rwanda,false,1969,3.08391743372013
RWA,Rwanda,false,1970,3.04534917338397
RWA,Rwanda,false,1971,2.95478097370043
RWA,Rwanda,false,1972,2.89168034234476
RWA,Rwanda,false,1973,2.91220669064796
RWA,Rwanda,false,1974,2.92972471881705
RWA,Rwanda,false,1975,2.94010709955122
RWA,Rwanda,false,1976,2.95575717204717
RWA,Rwanda,false,1977,2.95398549061943
RWA,Rwanda,false,1978,2.96151673577013
RWA,Rwanda,false,1979,3.01977661024809
RWA,Rwanda,false,1980,3.10602803640107
RWA,Rwanda,false,1981,3.19812515562507
RWA,Rwanda,false,1982,3.28034794567009
RWA,Rwanda,false,1983,3.33618501562006
RWA,Rwanda,false,1984,3.36862025455561
RWA,Rwanda,false,1985,3.37421863082111
RWA,Rwanda,false,1986,3.34144525912117
RWA,Rwanda,false,1987,3.2772434013752
RWA,Rwanda,false,1988,3.18710379833714
RWA,Rwanda,false,1989,3.06161711777066
RWA,Rwanda,false,1990,2.61829283647187
RWA,Rwanda,false,1991,2.03545104921753
RWA,Rwanda,false,1992,2.05526782083456
RWA,Rwanda,false,1993,3.80355388592275
RWA,Rwanda,false,1994,-16.1282982694482
RWA,Rwanda,false,1995,-17.9882140556853
RWA,Rwanda,false,1996,16.7499598547072
RWA,Rwanda,false,1997,14.4953754701447
RWA,Rwanda,false,1998,4.12314094141164
RWA,Rwanda,false,1999,0.816180266067736
RWA,Rwanda,false,2000,0.806991709703052
RWA,Rwanda,false,2001,0.886774966312804
RWA,Rwanda,false,2002,1.35537693210796
RWA,Rwanda,false,2003,2.19817405049677
RWA,Rwanda,false,2004,2.6429108159401
RWA,Rwanda,false,2005,2.66009812240039
RWA,Rwanda,false,2006,2.66683575241351
RWA,Rwanda,false,2007,2.66008171576066
RWA,Rwanda,false,2008,2.62837643087324
RWA,Rwanda,false,2009,2.57922030255665
RWA,Rwanda,false,2010,2.52365134392041
RWA,Rwanda,false,2011,2.45262873450153
RWA,Rwanda,false,2012,2.39380128171382
RWA,Rwanda,false,2013,2.40340085493768
RWA,Rwanda,false,2014,2.41721473954366
RWA,Rwanda,false,2015,2.39322566941773
RWA,Rwanda,false,2016,2.36997866838859
RWA,Rwanda,false,2017,2.34556709244995
RWA,Rwanda,false,2018,2.31630729613291
RWA,Rwanda,false,2019,2.28086099658628
RWA,Rwanda,false,2020,2.24244883430144
RWA,Rwanda,false,2021,2.1909353521865
RWA,Rwanda,false,2022,2.19046619232976
RWA,Rwanda,false,2023,2.1984982050137
RWA,Rwanda,false,2024,2.14176839550509
RWA,Rwanda,false,2025,2.17017465948949
SAS,South Asia,true,1960,
SAS,South Asia,true,1961,2.43076032355007
SAS,South Asia,true,1962,2.41961229095326
SAS,South Asia,true,1963,2.39963035415617
SAS,South Asia,true,1964,2.39731519451758
SAS,South Asia,true,1965,2.32140473391369
SAS,South Asia,true,1966,2.22531069391647
SAS,South Asia,true,1967,2.23619282122086
SAS,South Asia,true,1968,2.23882573404094
SAS,South Asia,true,1969,2.19751096465545
SAS,South Asia,true,1970,2.26021272108156
SAS,South Asia,true,1971,2.16413799969374
SAS,South Asia,true,1972,2.16299068198524
SAS,South Asia,true,1973,2.30972895947823
SAS,South Asia,true,1974,2.34747300347465
SAS,South Asia,true,1975,2.37711846682273
SAS,South Asia,true,1976,2.36006285502927
SAS,South Asia,true,1977,2.36122751216238
SAS,South Asia,true,1978,2.31010828069153
SAS,South Asia,true,1979,2.32690696509594
SAS,South Asia,true,1980,2.3754497521298
SAS,South Asia,true,1981,2.3614683847141
SAS,South Asia,true,1982,2.35928771732902
SAS,South Asia,true,1983,2.34907722437005
SAS,South Asia,true,1984,2.33571194142677
SAS,South Asia,true,1985,2.31277643831441
SAS,South Asia,true,1986,2.29247659565801
SAS,South Asia,true,1987,2.2549888649433
SAS,South Asia,true,1988,2.21413000730235
SAS,South Asia,true,1989,2.19489832493793
SAS,South Asia,true,1990,2.16740973841702
SAS,South Asia,true,1991,2.12482191400023
SAS,South Asia,true,1992,2.10476453746125
SAS,South Asia,true,1993,2.07670147527085
SAS,South Asia,true,1994,2.02240418352352
SAS,South Asia,true,1995,1.99663515240926
SAS,South Asia,true,1996,1.98137773016869
SAS,South Asia,true,1997,1.95521739172978
SAS,South Asia,true,1998,1.93054510841714
SAS,South Asia,true,1999,1.9003911093533
SAS,South Asia,true,2000,1.87010525668308
SAS,South Asia,true,2001,1.83909851813667
SAS,South Asia,true,2002,1.76474012365179
SAS,South Asia,true,2003,1.68257244504411
SAS,South Asia,true,2004,1.64264882971034
SAS,South Asia,true,2005,1.56659200685869
SAS,South Asia,true,2006,1.49600531261475
SAS,South Asia,true,2007,1.43510998704335
SAS,South Asia,true,2008,1.36756382052146
SAS,South Asia,true,2009,1.36492318210314
SAS,South Asia,true,2010,1.36549213990938
SAS,South Asia,true,2011,1.33404162065593
SAS,South Asia,true,2012,1.30130285791405
SAS,South Asia,true,2013,1.21325530961961
SAS,South Asia,true,2014,1.20320813189132
SAS,South Asia,true,2015,1.1468644959451
SAS,South Asia,true,2016,1.14742662932202
SAS,South Asia,true,2017,1.11322183437414
SAS,South Asia,true,2018,1.0528841436166
SAS,South Asia,true,2019,1.01724945450809
SAS,South Asia,true,2020,0.970749727379122
SAS,South Asia,true,2021,0.842298209099239
SAS,South Asia,true,2022,0.805672047808918
SAS,South Asia,true,2023,0.880272546944629
SAS,South Asia,true,2024,0.886479316682577
SAS,South Asia,true,2025,0.882496398833338
SAU,Saudi Arabia,false,1960,
SAU,Saudi Arabia,false,1961,3.66621399112939
SAU,Saudi Arabia,false,1962,3.67471998809837
SAU,Saudi Arabia,false,1963,3.68679858289543
SAU,Saudi Arabia,false,1964,3.70449423490375
SAU,Saudi Arabia,false,1965,3.71483672178757
SAU,Saudi Arabia,false,1966,3.72374625659819
SAU,Saudi Arabia,false,1967,3.78785180156329
SAU,Saudi Arabia,false,1968,3.89707437128361
SAU,Saudi Arabia,false,1969,4.01267297722994
SAU,Saudi Arabia,false,1970,4.16577893312734
SAU,Saudi Arabia,false,1971,4.43525592558777
SAU,Saudi Arabia,false,1972,4.76359736039995
SAU,Saudi Arabia,false,1973,5.0090437555239
SAU,Saudi Arabia,false,1974,5.15626948504332
SAU,Saudi Arabia,false,1975,5.2412247682935
SAU,Saudi Arabia,false,1976,5.37592245724945
SAU,Saudi Arabia,false,1977,5.56438196346993
SAU,Saudi Arabia,false,1978,5.71307616322771
SAU,Saudi Arabia,false,1979,5.80728931141649
SAU,Saudi Arabia,false,1980,5.86124064365628
SAU,Saudi Arabia,false,1981,5.9776796718877
SAU,Saudi Arabia,false,1982,6.10130873154298
SAU,Saudi Arabia,false,1983,6.08900149035124
SAU,Saudi Arabia,false,1984,5.94634856433277
SAU,Saudi Arabia,false,1985,5.73656582147556
SAU,Saudi Arabia,false,1986,5.68506013393552
SAU,Saudi Arabia,false,1987,5.65001560313947
SAU,Saudi Arabia,false,1988,5.32095708351149
SAU,Saudi Arabia,false,1989,5.05462528517375
SAU,Saudi Arabia,false,1990,4.93426587149085
SAU,Saudi Arabia,false,1991,4.7717195983932
SAU,Saudi Arabia,false,1992,4.60467680578702
SAU,Saudi Arabia,false,1993,4.42858817368274
SAU,Saudi Arabia,false,1994,4.27991376620104
SAU,Saudi Arabia,false,1995,4.1420652625708
SAU,Saudi Arabia,false,1996,3.99580388744035
SAU,Saudi Arabia,false,1997,3.85735211036338
SAU,Saudi Arabia,false,1998,3.73624103162125
SAU,Saudi Arabia,false,1999,3.61877543912069
SAU,Saudi Arabia,false,2000,4.45983244526442
SAU,Saudi Arabia,false,2001,5.20103909905512
SAU,Saudi Arabia,false,2002,4.97645227766539
SAU,Saudi Arabia,false,2003,4.77427146298185
SAU,Saudi Arabia,false,2004,4.59154568390222
SAU,Saudi Arabia,false,2005,4.42738945238289
SAU,Saudi Arabia,false,2006,4.28087578648729
SAU,Saudi Arabia,false,2007,4.14945109151013
SAU,Saudi Arabia,false,2008,4.02875655811595
SAU,Saudi Arabia,false,2009,3.91489465968371
SAU,Saudi Arabia,false,2010,-0.992481797243179
SAU,Saudi Arabia,false,2011,4.53867163626294
SAU,Saudi Arabia,false,2012,4.20264227505544
SAU,Saudi Arabia,false,2013,5.41149124124804
SAU,Saudi Arabia,false,2014,2.45043139330282
SAU,Saudi Arabia,false,2015,5.18685551856216
SAU,Saudi Arabia,false,2016,3.74506540506437
SAU,Saudi Arabia,false,2017,0.0747825622238132
SAU,Saudi Arabia,false,2018,-2.5537682578428
SAU,Saudi Arabia,false,2019,-0.439701419074031
SAU,Saudi Arabia,false,2020,4.833138517103
SAU,Saudi Arabia,false,2021,-2.46456261487283
SAU,Saudi Arabia,false,2022,4.41891994509507
SAU,Saudi Arabia,false,2023,4.63821572656175
SAU,Saudi Arabia,false,2024,4.63120232685885
SAU,Saudi Arabia,false,2025,4.63120314543082
SDN,Sudan,false,1960,
SDN,Sudan,false,1961,3.18216342107723
SDN,Sudan,false,1962,3.2370093127031
SDN,Sudan,false,1963,3.29794754408435
SDN,Sudan,false,1964,3.33946327702524
SDN,Sudan,false,1965,3.37252712365509
SDN,Sudan,false,1966,3.38638896216967
SDN,Sudan,false,1967,3.40322048848927
SDN,Sudan,false,1968,3.42302657689166
SDN,Sudan,false,1969,3.42958502252999
SDN,Sudan,false,1970,3.45187614793846
SDN,Sudan,false,1971,3.44357929812784
SDN,Sudan,false,1972,3.42915284758565
SDN,Sudan,false,1973,4.07809970400618
SDN,Sudan,false,1974,3.99157188026824
SDN,Sudan,false,1975,3.50237191752093
SDN,Sudan,false,1976,3.52700479626027
SDN,Sudan,false,1977,3.48627326798893
SDN,Sudan,false,1978,3.9534520847615
SDN,Sudan,false,1979,4.12128017913598
SDN,Sudan,false,1980,4.21171715460334
SDN,Sudan,false,1981,4.14340457719432
SDN,Sudan,false,1982,3.89421789560568
SDN,Sudan,false,1983,3.31511430933211
SDN,Sudan,false,1984,2.25979521551364
SDN,Sudan,false,1985,1.82170888297285
SDN,Sudan,false,1986,1.90265456774078
SDN,Sudan,false,1987,2.03292711670026
SDN,Sudan,false,1988,2.07221777730043
SDN,Sudan,false,1989,2.05825384870159
SDN,Sudan,false,1990,2.03430893863514
SDN,Sudan,false,1991,2.0192784229958
SDN,Sudan,false,1992,2.01195688460037
SDN,Sudan,false,1993,2.23517636613403
SDN,Sudan,false,1994,2.52008196636254
SDN,Sudan,false,1995,2.57914709353572
SDN,Sudan,false,1996,2.24195302329294
SDN,Sudan,false,1997,2.22732302778578
SDN,Sudan,false,1998,2.52287733643727
SDN,Sudan,false,1999,2.50663940455787
SDN,Sudan,false,2000,2.49754561643296
SDN,Sudan,false,2001,2.48541577821616
SDN,Sudan,false,2002,2.46596917532427
SDN,Sudan,false,2003,2.25738358789851
SDN,Sudan,false,2004,2.18560495236388
SDN,Sudan,false,2005,2.28355924873297
SDN,Sudan,false,2006,2.30819636827177
SDN,Sudan,false,2007,2.38350034195252
SDN,Sudan,false,2008,2.59050308685206
SDN,Sudan,false,2009,2.77210926299041
SDN,Sudan,false,2010,2.41578933319134
SDN,Sudan,false,2011,2.0304098222439
SDN,Sudan,false,2012,2.14168968629865
SDN,Sudan,false,2013,2.30951835174238
SDN,Sudan,false,2014,2.70863780408064
SDN,Sudan,false,2015,3.04689971719172
SDN,Sudan,false,2016,3.04008474256183
SDN,Sudan,false,2017,3.46430091592296
SDN,Sudan,false,2018,3.48828675547566
SDN,Sudan,false,2019,2.93537902352139
SDN,Sudan,false,2020,2.6882512565735
SDN,Sudan,false,2021,2.6941220236505
SDN,Sudan,false,2022,2.70189520043666
SDN,Sudan,false,2023,1.32652175747925
SDN,Sudan,false,2024,0.808373216038761
SDN,Sudan,false,2025,2.3763155422004
SEN,Senegal,false,1960,
SEN,Senegal,false,1961,2.81748096900715
SEN,Senegal,false,1962,2.82073326778007
SEN,Senegal,false,1963,2.82256029455455
SEN,Senegal,false,1964,2.8378577001018
SEN,Senegal,false,1965,2.87894325241237
SEN,Senegal,false,1966,2.93109606343671
SEN,Senegal,false,1967,2.9716025775211
SEN,Senegal,false,1968,2.98442559728274
SEN,Senegal,false,1969,2.98262882904199
SEN,Senegal,false,1970,2.98509819973603
SEN,Senegal,false,1971,2.98948442892748
SEN,Senegal,false,1972,2.99197305396704
SEN,Senegal,false,1973,2.98251676613151
SEN,Senegal,false,1974,2.91017124088259
SEN,Senegal,false,1975,2.77212999447369
SEN,Senegal,false,1976,2.6292016172694
SEN,Senegal,false,1977,2.43747874841247
SEN,Senegal,false,1978,2.3357011243472
SEN,Senegal,false,1979,2.39207763796717
SEN,Senegal,false,1980,2.47218014471202
SEN,Senegal,false,1981,2.55902817475478
SEN,Senegal,false,1982,2.62972878181791
SEN,Senegal,false,1983,2.68483009110068
SEN,Senegal,false,1984,2.72727133941746
SEN,Senegal,false,1985,2.79056064316103
SEN,Senegal,false,1986,2.87458943199436
SEN,Senegal,false,1987,2.91341593418838
SEN,Senegal,false,1988,2.89611580449774
SEN,Senegal,false,1989,2.87460998220746
SEN,Senegal,false,1990,2.86848639350223
SEN,Senegal,false,1991,2.84196309841074
SEN,Senegal,false,1992,2.79707003044845
SEN,Senegal,false,1993,2.75172642740774
SEN,Senegal,false,1994,2.67683552339622
SEN,Senegal,false,1995,2.56448010712284
SEN,Senegal,false,1996,2.44401329997373
SEN,Senegal,false,1997,2.35950995516652
SEN,Senegal,false,1998,2.33643949046346
SEN,Senegal,false,1999,2.37025662196919
SEN,Senegal,false,2000,2.41009917724256
SEN,Senegal,false,2001,2.42496943712898
SEN,Senegal,false,2002,2.44966153599012
SEN,Senegal,false,2003,2.40684962152091
SEN,Senegal,false,2004,2.34632515714346
SEN,Senegal,false,2005,2.33918136359556
SEN,Senegal,false,2006,2.32792929230269
SEN,Senegal,false,2007,2.32279384441662
SEN,Senegal,false,2008,2.3395118470328
SEN,Senegal,false,2009,2.36561415953051
SEN,Senegal,false,2010,2.38690195279185
SEN,Senegal,false,2011,2.52791519909846
SEN,Senegal,false,2012,2.67702425205872
SEN,Senegal,false,2013,2.96345954605318
SEN,Senegal,false,2014,3.16757470346908
SEN,Senegal,false,2015,3.07014792428801
SEN,Senegal,false,2016,2.97843134010735
SEN,Senegal,false,2017,2.88769908740551
SEN,Senegal,false,2018,2.8004569855314
SEN,Senegal,false,2019,2.71760793051867
SEN,Senegal,false,2020,2.63303572524896
SEN,Senegal,false,2021,2.53848919398481
SEN,Senegal,false,2022,2.46764281803509
SEN,Senegal,false,2023,2.38738348832592
SEN,Senegal,false,2024,2.32058603495657
SEN,Senegal,false,2025,2.29738465638923
SGP,Singapore,false,1960,
SGP,Singapore,false,1961,3.34479340675401
SGP,Singapore,false,1962,2.76910469544055
SGP,Singapore,false,1963,2.52749548206484
SGP,Singapore,false,1964,2.56297370452389
SGP,Singapore,false,1965,2.43005118260502
SGP,Singapore,false,1966,2.48619300668598
SGP,Singapore,false,1967,2.20867874028433
SGP,Singapore,false,1968,1.72452639562583
SGP,Singapore,false,1969,1.50452955145281
SGP,Singapore,false,1970,1.55489873401336
SGP,Singapore,false,1971,1.83378763451827
SGP,Singapore,false,1972,1.85220871957903
SGP,Singapore,false,1973,1.86869708026235
SGP,Singapore,false,1974,1.6641425915583
SGP,Singapore,false,1975,1.46026991588953
SGP,Singapore,false,1976,1.347723377756
SGP,Singapore,false,1977,1.38572346856491
SGP,Singapore,false,1978,1.20970078915976
SGP,Singapore,false,1979,1.26239247977074
SGP,Singapore,false,1980,1.26923429916508
SGP,Singapore,false,1981,4.80768900934127
SGP,Singapore,false,1982,4.38859363289509
SGP,Singapore,false,1983,1.29874466224405
SGP,Singapore,false,1984,1.89022198562678
SGP,Singapore,false,1985,0.136645170706526
SGP,Singapore,false,1986,-0.0944905570612704
SGP,Singapore,false,1987,1.50383305795572
SGP,Singapore,false,1988,2.53777386733667
SGP,Singapore,false,1989,2.93574373454983
SGP,Singapore,false,1990,3.88909360745296
SGP,Singapore,false,1991,2.84548286486563
SGP,Singapore,false,1992,3.00425639462047
SGP,Singapore,false,1993,2.5298067473268
SGP,Singapore,false,1994,3.13658693183625
SGP,Singapore,false,1995,3.03781348481124
SGP,Singapore,false,1996,4.06431846839031
SGP,Singapore,false,1997,3.35744219516066
SGP,Singapore,false,1998,3.39721227677289
SGP,Singapore,false,1999,0.799148451003927
SGP,Singapore,false,2000,1.73204223254257
SGP,Singapore,false,2001,2.69735584326358
SGP,Singapore,false,2002,0.912639805776796
SGP,Singapore,false,2003,-1.47453284191939
SGP,Singapore,false,2004,1.2519166730553
SGP,Singapore,false,2005,2.35051128857175
SGP,Singapore,false,2006,3.1293891560754
SGP,Singapore,false,2007,4.16600286360933
SGP,Singapore,false,2008,5.32151708302623
SGP,Singapore,false,2009,3.0159499147579
SGP,Singapore,false,2010,1.77183287926401
SGP,Singapore,false,2011,2.08490245606007
SGP,Singapore,false,2012,2.45339033031018
SGP,Singapore,false,2013,1.61930809858875
SGP,Singapore,false,2014,1.29844017799226
SGP,Singapore,false,2015,1.18637693749822
SGP,Singapore,false,2016,1.29743609938602
SGP,Singapore,false,2017,0.0885954699924263
SGP,Singapore,false,2018,0.469704298714121
SGP,Singapore,false,2019,1.14428330688929
SGP,Singapore,false,2020,-0.311904961250833
SGP,Singapore,false,2021,-4.17033630017526
SGP,Singapore,false,2022,3.30862052439523
SGP,Singapore,false,2023,4.85831607781442
SGP,Singapore,false,2024,1.99449365639324
SGP,Singapore,false,2025,1.22350531679895
SLB,Solomon Islands,false,1960,
SLB,Solomon Islands,false,1961,2.28176919978663
SLB,Solomon Islands,false,1962,2.27533310198735
SLB,Solomon Islands,false,1963,2.29091461876261
SLB,Solomon Islands,false,1964,2.31017892589431
SLB,Solomon Islands,false,1965,2.32504799934995
SLB,Solomon Islands,false,1966,2.33832509047318
SLB,Solomon Islands,false,1967,2.37321619186999
SLB,Solomon Islands,false,1968,2.42819281042766
SLB,Solomon Islands,false,1969,2.46169527517518
SLB,Solomon Islands,false,1970,2.35102719447955
SLB,Solomon Islands,false,1971,2.27211243441929
SLB,Solomon Islands,false,1972,2.38338994738663
SLB,Solomon Islands,false,1973,2.55104983710276
SLB,Solomon Islands,false,1974,2.73759023822447
SLB,Solomon Islands,false,1975,2.88206715866975
SLB,Solomon Islands,false,1976,3.16250879771738
SLB,Solomon Islands,false,1977,3.42718284593919
SLB,Solomon Islands,false,1978,3.48806230749872
SLB,Solomon Islands,false,1979,3.50669362437743
SLB,Solomon Islands,false,1980,3.49627995346202
SLB,Solomon Islands,false,1981,3.47473525767316
SLB,Solomon Islands,false,1982,3.44624591440364
SLB,Solomon Islands,false,1983,3.41590942663168
SLB,Solomon Islands,false,1984,3.38620408699442
SLB,Solomon Islands,false,1985,3.34505592558777
SLB,Solomon Islands,false,1986,3.26933140698862
SLB,Solomon Islands,false,1987,3.22721750814366
SLB,Solomon Islands,false,1988,3.21599043746711
SLB,Solomon Islands,false,1989,3.16746027547681
SLB,Solomon Islands,false,1990,3.11124698251204
SLB,Solomon Islands,false,1991,3.0612649631935
SLB,Solomon Islands,false,1992,3.01690308400192
SLB,Solomon Islands,false,1993,2.97458172666175
SLB,Solomon Islands,false,1994,2.94272259646508
SLB,Solomon Islands,false,1995,2.91631515355324
SLB,Solomon Islands,false,1996,2.88873510615365
SLB,Solomon Islands,false,1997,2.8540188695447
SLB,Solomon Islands,false,1998,2.80632296765175
SLB,Solomon Islands,false,1999,2.69069672268738
SLB,Solomon Islands,false,2000,2.28927444576947
SLB,Solomon Islands,false,2001,1.94611771082024
SLB,Solomon Islands,false,2002,1.8849339938907
SLB,Solomon Islands,false,2003,1.83654662621824
SLB,Solomon Islands,false,2004,1.79794695108568
SLB,Solomon Islands,false,2005,1.76867502615455
SLB,Solomon Islands,false,2006,1.74709011654713
SLB,Solomon Islands,false,2007,1.72668771876675
SLB,Solomon Islands,false,2008,1.71153079844048
SLB,Solomon Islands,false,2009,1.8212048247057
SLB,Solomon Islands,false,2010,2.82139788482931
SLB,Solomon Islands,false,2011,3.67971542315203
SLB,Solomon Islands,false,2012,3.668421041016
SLB,Solomon Islands,false,2013,3.65262148165308
SLB,Solomon Islands,false,2014,3.62509398993661
SLB,Solomon Islands,false,2015,3.58337916462009
SLB,Solomon Islands,false,2016,3.52842038261052
SLB,Solomon Islands,false,2017,3.45614796025836
SLB,Solomon Islands,false,2018,3.35985912747517
SLB,Solomon Islands,false,2019,2.65049803426017
SLB,Solomon Islands,false,2020,2.22072148638778
SLB,Solomon Islands,false,2021,2.40116798691356
SLB,Solomon Islands,false,2022,2.39378076885188
SLB,Solomon Islands,false,2023,2.39583243369756
SLB,Solomon Islands,false,2024,2.37078352276169
SLB,Solomon Islands,false,2025,2.34616812843002
SLE,Sierra Leone,false,1960,
SLE,Sierra Leone,false,1961,1.56899222481449
SLE,Sierra Leone,false,1962,1.63633280380623
SLE,Sierra Leone,false,1963,1.69401870862574
SLE,Sierra Leone,false,1964,1.75311689442744
SLE,Sierra Leone,false,1965,1.80979774173713
SLE,Sierra Leone,false,1966,1.84509330381926
SLE,Sierra Leone,false,1967,1.88092183370458
SLE,Sierra Leone,false,1968,1.89989471660997
SLE,Sierra Leone,false,1969,1.89021267545548
SLE,Sierra Leone,false,1970,1.89526726772072
SLE,Sierra Leone,false,1971,1.86055684169564
SLE,Sierra Leone,false,1972,1.83474410438027
SLE,Sierra Leone,false,1973,1.85056597229072
SLE,Sierra Leone,false,1974,1.8490304778947
SLE,Sierra Leone,false,1975,1.83879425253895
SLE,Sierra Leone,false,1976,1.80443664932759
SLE,Sierra Leone,false,1977,1.84932948323094
SLE,Sierra Leone,false,1978,1.93118650008661
SLE,Sierra Leone,false,1979,1.95132411787952
SLE,Sierra Leone,false,1980,1.99371131212565
SLE,Sierra Leone,false,1981,2.02247724885616
SLE,Sierra Leone,false,1982,2.05259133603925
SLE,Sierra Leone,false,1983,2.13258657598005
SLE,Sierra Leone,false,1984,2.19064371195873
SLE,Sierra Leone,false,1985,2.21428610829017
SLE,Sierra Leone,false,1986,2.44193542883564
SLE,Sierra Leone,false,1987,2.68173482797972
SLE,Sierra Leone,false,1988,2.69969584969167
SLE,Sierra Leone,false,1989,2.4979481791751
SLE,Sierra Leone,false,1990,3.95613903304841
SLE,Sierra Leone,false,1991,1.17112421590504
SLE,Sierra Leone,false,1992,-1.89960509806835
SLE,Sierra Leone,false,1993,-0.221926070264204
SLE,Sierra Leone,false,1994,0.38354307131519
SLE,Sierra Leone,false,1995,0.145445271515241
SLE,Sierra Leone,false,1996,0.478159659694952
SLE,Sierra Leone,false,1997,1.28965414945358
SLE,Sierra Leone,false,1998,0.984135554562289
SLE,Sierra Leone,false,1999,0.516798095780814
SLE,Sierra Leone,false,2000,2.41540405213567
SLE,Sierra Leone,false,2001,5.90551884410875
SLE,Sierra Leone,false,2002,5.76970115082171
SLE,Sierra Leone,false,2003,4.06499006251213
SLE,Sierra Leone,false,2004,3.38061570413438
SLE,Sierra Leone,false,2005,2.68947280362006
SLE,Sierra Leone,false,2006,2.2066693720303
SLE,Sierra Leone,false,2007,2.19611425557566
SLE,Sierra Leone,false,2008,2.49702214618885
SLE,Sierra Leone,false,2009,2.69336857329164
SLE,Sierra Leone,false,2010,2.72150859888002
SLE,Sierra Leone,false,2011,2.60978263924562
SLE,Sierra Leone,false,2012,2.53259491687101
SLE,Sierra Leone,false,2013,2.45725730456865
SLE,Sierra Leone,false,2014,2.38905832119365
SLE,Sierra Leone,false,2015,2.31819402812025
SLE,Sierra Leone,false,2016,2.35457342669593
SLE,Sierra Leone,false,2017,2.38578952940087
SLE,Sierra Leone,false,2018,2.34731039123252
SLE,Sierra Leone,false,2019,2.32146457882717
SLE,Sierra Leone,false,2020,2.30847202655897
SLE,Sierra Leone,false,2021,2.27463021517533
SLE,Sierra Leone,false,2022,2.22598462352813
SLE,Sierra Leone,false,2023,2.19524258771884
SLE,Sierra Leone,false,2024,2.1226891332086
SLE,Sierra Leone,false,2025,2.03619305233604
SLV,El Salvador,false,1960,
SLV,El Salvador,false,1961,2.77532064524918
SLV,El Salvador,false,1962,2.72176987635704
SLV,El Salvador,false,1963,2.65912474273457
SLV,El Salvador,false,1964,2.71014583485565
SLV,El Salvador,false,1965,2.77559116721443
SLV,El Salvador,false,1966,2.81956985091188
SLV,El Salvador,false,1967,2.82286429566869
SLV,El Salvador,false,1968,2.78461332104355
SLV,El Salvador,false,1969,2.71260789563093
SLV,El Salvador,false,1970,2.54830683331097
SLV,El Salvador,false,1971,2.38964208712503
SLV,El Salvador,false,1972,2.34894687981904
SLV,El Salvador,false,1973,2.3440815200802
SLV,El Salvador,false,1974,2.29944871925279
SLV,El Salvador,false,1975,2.22774030970766
SLV,El Salvador,false,1976,2.15741411816938
SLV,El Salvador,false,1977,2.137079388421
SLV,El Salvador,false,1978,2.13588450236873
SLV,El Salvador,false,1979,1.94437317239709
SLV,El Salvador,false,1980,1.3301499663198
SLV,El Salvador,false,1981,0.663311904420063
SLV,El Salvador,false,1982,1.12864400772766
SLV,El Salvador,false,1983,1.81980197577049
SLV,El Salvador,false,1984,1.90710613158838
SLV,El Salvador,false,1985,1.99544232138623
SLV,El Salvador,false,1986,1.98364527858509
SLV,El Salvador,false,1987,1.97666177089698
SLV,El Salvador,false,1988,2.0099674797558
SLV,El Salvador,false,1989,1.96572023068097
SLV,El Salvador,false,1990,1.88340510512497
SLV,El Salvador,false,1991,1.75043889541275
SLV,El Salvador,false,1992,1.63408681572402
SLV,El Salvador,false,1993,1.32228263595871
SLV,El Salvador,false,1994,0.952558466946274
SLV,El Salvador,false,1995,0.836549188274834
SLV,El Salvador,false,1996,0.746151024345767
SLV,El Salvador,false,1997,0.674551204861833
SLV,El Salvador,false,1998,0.61751823622014
SLV,El Salvador,false,1999,0.561593603832819
SLV,El Salvador,false,2000,0.497012728838862
SLV,El Salvador,false,2001,0.414627692393218
SLV,El Salvador,false,2002,0.310690003422966
SLV,El Salvador,false,2003,0.199712545823042
SLV,El Salvador,false,2004,0.101172439142576
SLV,El Salvador,false,2005,0.0151037668199
SLV,El Salvador,false,2006,-0.0542809466140504
SLV,El Salvador,false,2007,0.124956903635591
SLV,El Salvador,false,2008,0.32349566022278
SLV,El Salvador,false,2009,0.314334857085954
SLV,El Salvador,false,2010,0.329632681613896
SLV,El Salvador,false,2011,0.359883978139975
SLV,El Salvador,false,2012,0.390819912101065
SLV,El Salvador,false,2013,0.405850184762601
SLV,El Salvador,false,2014,0.392073398284828
SLV,El Salvador,false,2015,0.335654632494608
SLV,El Salvador,false,2016,0.276539934558171
SLV,El Salvador,false,2017,0.205133928097967
SLV,El Salvador,false,2018,0.100922206462958
SLV,El Salvador,false,2019,0.0403628806830014
SLV,El Salvador,false,2020,0.198362574897496
SLV,El Salvador,false,2021,0.338002420196154
SLV,El Salvador,false,2022,0.39146192798287
SLV,El Salvador,false,2023,0.465531145369394
SLV,El Salvador,false,2024,0.451762522948611
SLV,El Salvador,false,2025,0.429954275845337
SMR,San Marino,false,1960,
SMR,San Marino,false,1961,2.37626065447306
SMR,San Marino,false,1962,2.40146616440365
SMR,San Marino,false,1963,2.42358411724005
SMR,San Marino,false,1964,2.36623371213477
SMR,San Marino,false,1965,1.91359902588111
SMR,San Marino,false,1966,1.25188266389744
SMR,San Marino,false,1967,0.937213982886303
SMR,San Marino,false,1968,0.973312136720139
SMR,San Marino,false,1969,0.919559521187151
SMR,San Marino,false,1970,0.784664466903938
SMR,San Marino,false,1971,1.37209357337086
SMR,San Marino,false,1972,1.9782400748196
SMR,San Marino,false,1973,1.08526965821505
SMR,San Marino,false,1974,0.199884344074586
SMR,San Marino,false,1975,0.0840424463796105
SMR,San Marino,false,1976,0.335465248032737
SMR,San Marino,false,1977,4.63701542563873
SMR,San Marino,false,1978,4.91778546450704
SMR,San Marino,false,1979,1.38858321440046
SMR,San Marino,false,1980,1.2353029709797
SMR,San Marino,false,1981,1.17445218692633
SMR,San Marino,false,1982,0.979618268019872
SMR,San Marino,false,1983,0.785840915186969
SMR,San Marino,false,1984,0.524959141637343
SMR,San Marino,false,1985,0.620108609752449
SMR,San Marino,false,1986,0.669313905760668
SMR,San Marino,false,1987,0.22064348565734
SMR,San Marino,false,1988,0.689673053688166
SMR,San Marino,false,1989,1.35228271098042
SMR,San Marino,false,1990,1.37684733107899
SMR,San Marino,false,1991,1.36234972179124
SMR,San Marino,false,1992,1.36891249128106
SMR,San Marino,false,1993,1.42809596235528
SMR,San Marino,false,1994,1.42410358895514
SMR,San Marino,false,1995,1.34052946785269
SMR,San Marino,false,1996,1.27963831425084
SMR,San Marino,false,1997,1.24021713683827
SMR,San Marino,false,1998,1.25182183574034
SMR,San Marino,false,1999,1.27036547927293
SMR,San Marino,false,2000,1.27682083101072
SMR,San Marino,false,2001,1.27546128614055
SMR,San Marino,false,2002,1.27394921306293
SMR,San Marino,false,2003,1.27229099015188
SMR,San Marino,false,2004,5.63499845738975
SMR,San Marino,false,2005,1.2784145237654
SMR,San Marino,false,2006,1.15962645690926
SMR,San Marino,false,2007,3.34586141198724
SMR,San Marino,false,2008,1.43466268697041
SMR,San Marino,false,2009,4.33883404775675
SMR,San Marino,false,2010,0.615052590123215
SMR,San Marino,false,2011,-1.97304928375177
SMR,San Marino,false,2012,2.56940400817854
SMR,San Marino,false,2013,-1.28704227360667
SMR,San Marino,false,2014,-1.17512311839658
SMR,San Marino,false,2015,0.738348484872901
SMR,San Marino,false,2016,0.618202520367254
SMR,San Marino,false,2017,2.16366806498297
SMR,San Marino,false,2018,2.03966279076457
SMR,San Marino,false,2019,0.407603368403658
SMR,San Marino,false,2020,0.308211037123611
SMR,San Marino,false,2021,-1.50099888558244
SMR,San Marino,false,2022,-1.46164026701119
SMR,San Marino,false,2023,0.310582221115543
SMR,San Marino,false,2024,0.344944841346899
SMR,San Marino,false,2025,0.387745396648668
SOM,"Somalia, Fed. Rep.",false,1960,
SOM,"Somalia, Fed. Rep.",false,1961,2.59856756140979
SOM,"Somalia, Fed. Rep.",false,1962,2.60914528197528
SOM,"Somalia, Fed. Rep.",false,1963,2.61461445515309
SOM,"Somalia, Fed. Rep.",false,1964,2.61582253076327
SOM,"Somalia, Fed. Rep.",false,1965,2.62980195781212
SOM,"Somalia, Fed. Rep.",false,1966,2.62644218326139
SOM,"Somalia, Fed. Rep.",false,1967,2.62289762131041
SOM,"Somalia, Fed. Rep.",false,1968,2.6298138913795
SOM,"Somalia, Fed. Rep.",false,1969,2.6275910461738
SOM,"Somalia, Fed. Rep.",false,1970,2.64080631070446
SOM,"Somalia, Fed. Rep.",false,1971,2.62003316225248
SOM,"Somalia, Fed. Rep.",false,1972,2.61666821934792
SOM,"Somalia, Fed. Rep.",false,1973,2.65903274695096
SOM,"Somalia, Fed. Rep.",false,1974,2.59241978649231
SOM,"Somalia, Fed. Rep.",false,1975,2.51382631181487
SOM,"Somalia, Fed. Rep.",false,1976,2.51138428837191
SOM,"Somalia, Fed. Rep.",false,1977,2.67224587145141
SOM,"Somalia, Fed. Rep.",false,1978,7.1186959185997
SOM,"Somalia, Fed. Rep.",false,1979,12.3739962108146
SOM,"Somalia, Fed. Rep.",false,1980,8.56078717246432
SOM,"Somalia, Fed. Rep.",false,1981,0.783542698979642
SOM,"Somalia, Fed. Rep.",false,1982,0.350238860081654
SOM,"Somalia, Fed. Rep.",false,1983,3.18967696621317
SOM,"Somalia, Fed. Rep.",false,1984,3.64279283570459
SOM,"Somalia, Fed. Rep.",false,1985,4.03814200929352
SOM,"Somalia, Fed. Rep.",false,1986,4.11965503527741
SOM,"Somalia, Fed. Rep.",false,1987,3.57022208359072
SOM,"Somalia, Fed. Rep.",false,1988,0.09759631496132
SOM,"Somalia, Fed. Rep.",false,1989,-1.68006060639648
SOM,"Somalia, Fed. Rep.",false,1990,-0.450864809500564
SOM,"Somalia, Fed. Rep.",false,1991,-3.87267657909347
SOM,"Somalia, Fed. Rep.",false,1992,-4.78949728181007
SOM,"Somalia, Fed. Rep.",false,1993,2.82782725608436
SOM,"Somalia, Fed. Rep.",false,1994,5.04035864614898
SOM,"Somalia, Fed. Rep.",false,1995,3.60874173050947
SOM,"Somalia, Fed. Rep.",false,1996,3.63215700093217
SOM,"Somalia, Fed. Rep.",false,1997,3.51230611737778
SOM,"Somalia, Fed. Rep.",false,1998,4.14193373307933
SOM,"Somalia, Fed. Rep.",false,1999,4.04491224932546
SOM,"Somalia, Fed. Rep.",false,2000,4.00097862828906
SOM,"Somalia, Fed. Rep.",false,2001,3.98983884745091
SOM,"Somalia, Fed. Rep.",false,2002,3.75080850397474
SOM,"Somalia, Fed. Rep.",false,2003,3.69115278037828
SOM,"Somalia, Fed. Rep.",false,2004,3.68380578936556
SOM,"Somalia, Fed. Rep.",false,2005,3.47204363776718
SOM,"Somalia, Fed. Rep.",false,2006,3.06479248294565
SOM,"Somalia, Fed. Rep.",false,2007,3.11334404047468
SOM,"Somalia, Fed. Rep.",false,2008,2.96295013077131
SOM,"Somalia, Fed. Rep.",false,2009,2.52395215945852
SOM,"Somalia, Fed. Rep.",false,2010,2.48169887268086
SOM,"Somalia, Fed. Rep.",false,2011,0.707617147612372
SOM,"Somalia, Fed. Rep.",false,2012,0.905528519522503
SOM,"Somalia, Fed. Rep.",false,2013,3.22508679396084
SOM,"Somalia, Fed. Rep.",false,2014,3.58614089585868
SOM,"Somalia, Fed. Rep.",false,2015,3.44441462928404
SOM,"Somalia, Fed. Rep.",false,2016,3.8489103342184
SOM,"Somalia, Fed. Rep.",false,2017,3.88144974373944
SOM,"Somalia, Fed. Rep.",false,2018,3.52933303532182
SOM,"Somalia, Fed. Rep.",false,2019,3.67525774477084
SOM,"Somalia, Fed. Rep.",false,2020,3.79592066888979
SOM,"Somalia, Fed. Rep.",false,2021,3.65720037777736
SOM,"Somalia, Fed. Rep.",false,2022,3.0251275475745
SOM,"Somalia, Fed. Rep.",false,2023,3.07939219638342
SOM,"Somalia, Fed. Rep.",false,2024,3.48215481810475
SOM,"Somalia, Fed. Rep.",false,2025,3.3397984923678
SRB,Serbia,false,1960,
SRB,Serbia,false,1961,0.751575277115895
SRB,Serbia,false,1962,0.762319578988888
SRB,Serbia,false,1963,0.704988810836648
SRB,Serbia,false,1964,0.659361362118125
SRB,Serbia,false,1965,0.638523881319286
SRB,Serbia,false,1966,0.743886281494888
SRB,Serbia,false,1967,0.554940788252938
SRB,Serbia,false,1968,0.587717200979848
SRB,Serbia,false,1969,1.6370665019584
SRB,Serbia,false,1970,0.584314274207748
SRB,Serbia,false,1971,0.649984144434649
SRB,Serbia,false,1972,0.55720218545603
SRB,Serbia,false,1973,0.438776002160413
SRB,Serbia,false,1974,0.576882621648656
SRB,Serbia,false,1975,0.580807307674808
SRB,Serbia,false,1976,0.679703097426325
SRB,Serbia,false,1977,0.588776305145934
SRB,Serbia,false,1978,0.551007621204205
SRB,Serbia,false,1979,0.504852390383254
SRB,Serbia,false,1980,2.19720407936809
SRB,Serbia,false,1981,0.352744328065843
SRB,Serbia,false,1982,0.342552477457934
SRB,Serbia,false,1983,0.318491778206452
SRB,Serbia,false,1984,0.326235035424635
SRB,Serbia,false,1985,0.285671557444063
SRB,Serbia,false,1986,0.228455331786536
SRB,Serbia,false,1987,0.180678520153583
SRB,Serbia,false,1988,0.205570770411982
SRB,Serbia,false,1989,0.121295451144896
SRB,Serbia,false,1990,0.0525591771428475
SRB,Serbia,false,1991,-3.90277142857118
SRB,Serbia,false,1992,0.11088378609906
SRB,Serbia,false,1993,0.134902586702462
SRB,Serbia,false,1994,0.110034513212393
SRB,Serbia,false,1995,0.072821576920751
SRB,Serbia,false,1996,-0.079722247154375
SRB,Serbia,false,1997,-0.310721363571753
SRB,Serbia,false,1998,-0.406072368732139
SRB,Serbia,false,1999,-0.361977304916285
SRB,Serbia,false,2000,-0.319524801286905
SRB,Serbia,false,2001,-0.171946646904854
SRB,Serbia,false,2002,-0.0453495280597072
SRB,Serbia,false,2003,-0.259535430666336
SRB,Serbia,false,2004,-0.233328451597809
SRB,Serbia,false,2005,-0.300431132565912
SRB,Serbia,false,2006,-0.393204593401
SRB,Serbia,false,2007,-0.405458541825536
SRB,Serbia,false,2008,-0.425705551624613
SRB,Serbia,false,2009,-0.400994905201716
SRB,Serbia,false,2010,-0.402005900874718
SRB,Serbia,false,2011,-0.756021911874037
SRB,Serbia,false,2012,-0.485136859373739
SRB,Serbia,false,2013,-0.48641352023891
SRB,Serbia,false,2014,-0.486295171509944
SRB,Serbia,false,2015,-0.511754332722809
SRB,Serbia,false,2016,-0.523694463062603
SRB,Serbia,false,2017,-0.532191341024444
SRB,Serbia,false,2018,-0.546351968633598
SRB,Serbia,false,2019,-0.536610017822353
SRB,Serbia,false,2020,-0.666107601320794
SRB,Serbia,false,2021,-0.943688169512831
SRB,Serbia,false,2022,-2.5170575672922
SRB,Serbia,false,2023,-0.621120944154492
SRB,Serbia,false,2024,-0.555761423984425
SRB,Serbia,false,2025,-0.56842544719633
SSA,Sub-Saharan Africa (excluding high income),true,1960,
SSA,Sub-Saharan Africa (excluding high income),true,1961,2.40158703642738
SSA,Sub-Saharan Africa (excluding high income),true,1962,2.4498881921297
SSA,Sub-Saharan Africa (excluding high income),true,1963,2.48256992731927
SSA,Sub-Saharan Africa (excluding high income),true,1964,2.52018471245176
SSA,Sub-Saharan Africa (excluding high income),true,1965,2.55356158166989
SSA,Sub-Saharan Africa (excluding high income),true,1966,2.56403719213442
SSA,Sub-Saharan Africa (excluding high income),true,1967,2.58764706747576
SSA,Sub-Saharan Africa (excluding high income),true,1968,2.62936027948079
SSA,Sub-Saharan Africa (excluding high income),true,1969,2.66409199479844
SSA,Sub-Saharan Africa (excluding high income),true,1970,2.69122322039814
SSA,Sub-Saharan Africa (excluding high income),true,1971,2.69197711783637
SSA,Sub-Saharan Africa (excluding high income),true,1972,2.68064726697094
SSA,Sub-Saharan Africa (excluding high income),true,1973,2.75617549446545
SSA,Sub-Saharan Africa (excluding high income),true,1974,2.82042096107307
SSA,Sub-Saharan Africa (excluding high income),true,1975,2.82065888436347
SSA,Sub-Saharan Africa (excluding high income),true,1976,2.82098138385655
SSA,Sub-Saharan Africa (excluding high income),true,1977,2.7837340645881
SSA,Sub-Saharan Africa (excluding high income),true,1978,2.90976729661784
SSA,Sub-Saharan Africa (excluding high income),true,1979,3.00760823697134
SSA,Sub-Saharan Africa (excluding high income),true,1980,2.93115789735573
SSA,Sub-Saharan Africa (excluding high income),true,1981,2.99284822866568
SSA,Sub-Saharan Africa (excluding high income),true,1982,3.08468518972611
SSA,Sub-Saharan Africa (excluding high income),true,1983,2.96306167570596
SSA,Sub-Saharan Africa (excluding high income),true,1984,2.86529880745623
SSA,Sub-Saharan Africa (excluding high income),true,1985,2.89639967221837
SSA,Sub-Saharan Africa (excluding high income),true,1986,2.88829885995347
SSA,Sub-Saharan Africa (excluding high income),true,1987,2.89196378051848
SSA,Sub-Saharan Africa (excluding high income),true,1988,2.84188802643226
SSA,Sub-Saharan Africa (excluding high income),true,1989,2.80394650029829
SSA,Sub-Saharan Africa (excluding high income),true,1990,2.78424066750866
SSA,Sub-Saharan Africa (excluding high income),true,1991,2.70752912432513
SSA,Sub-Saharan Africa (excluding high income),true,1992,2.69911479691922
SSA,Sub-Saharan Africa (excluding high income),true,1993,2.74019848904766
SSA,Sub-Saharan Africa (excluding high income),true,1994,2.65903629542208
SSA,Sub-Saharan Africa (excluding high income),true,1995,2.65187374137342
SSA,Sub-Saharan Africa (excluding high income),true,1996,2.67923655730211
SSA,Sub-Saharan Africa (excluding high income),true,1997,2.62764910585422
SSA,Sub-Saharan Africa (excluding high income),true,1998,2.65737072545775
SSA,Sub-Saharan Africa (excluding high income),true,1999,2.6642868411163
SSA,Sub-Saharan Africa (excluding high income),true,2000,2.65664406366237
SSA,Sub-Saharan Africa (excluding high income),true,2001,2.67390803312624
SSA,Sub-Saharan Africa (excluding high income),true,2002,2.68947073008483
SSA,Sub-Saharan Africa (excluding high income),true,2003,2.69832811923321
SSA,Sub-Saharan Africa (excluding high income),true,2004,2.71678624750088
SSA,Sub-Saharan Africa (excluding high income),true,2005,2.73160957542571
SSA,Sub-Saharan Africa (excluding high income),true,2006,2.73364203447535
SSA,Sub-Saharan Africa (excluding high income),true,2007,2.74637394438357
SSA,Sub-Saharan Africa (excluding high income),true,2008,2.76768308317798
SSA,Sub-Saharan Africa (excluding high income),true,2009,2.76266522394411
SSA,Sub-Saharan Africa (excluding high income),true,2010,2.75877854808438
SSA,Sub-Saharan Africa (excluding high income),true,2011,2.74170914731842
SSA,Sub-Saharan Africa (excluding high income),true,2012,2.72737532160174
SSA,Sub-Saharan Africa (excluding high income),true,2013,2.73856521059055
SSA,Sub-Saharan Africa (excluding high income),true,2014,2.71140876548985
SSA,Sub-Saharan Africa (excluding high income),true,2015,2.69377960193039
SSA,Sub-Saharan Africa (excluding high income),true,2016,2.64925017265166
SSA,Sub-Saharan Africa (excluding high income),true,2017,2.63040996144115
SSA,Sub-Saharan Africa (excluding high income),true,2018,2.64828628995291
SSA,Sub-Saharan Africa (excluding high income),true,2019,2.60531006556233
SSA,Sub-Saharan Africa (excluding high income),true,2020,2.57214511042028
SSA,Sub-Saharan Africa (excluding high income),true,2021,2.53057187220254
SSA,Sub-Saharan Africa (excluding high income),true,2022,2.48130101186999
SSA,Sub-Saharan Africa (excluding high income),true,2023,2.4629403357372
SSA,Sub-Saharan Africa (excluding high income),true,2024,2.44274860744435
SSA,Sub-Saharan Africa (excluding high income),true,2025,2.42925369746173
SSD,South Sudan,false,1960,
SSD,South Sudan,false,1961,1.52890035182107
SSD,South Sudan,false,1962,1.58589380295288
SSD,South Sudan,false,1963,1.58642600311421
SSD,South Sudan,false,1964,1.84602411120863
SSD,South Sudan,false,1965,1.89623851952638
SSD,South Sudan,false,1966,1.44995162669354
SSD,South Sudan,false,1967,1.26573844173653
SSD,South Sudan,false,1968,1.32988260084819
SSD,South Sudan,false,1969,1.31614277847943
SSD,South Sudan,false,1970,1.30127426086222
SSD,South Sudan,false,1971,1.71652276738751
SSD,South Sudan,false,1972,2.10675296416204
SSD,South Sudan,false,1973,2.36796059150749
SSD,South Sudan,false,1974,2.60879083860661
SSD,South Sudan,false,1975,2.60420856115398
SSD,South Sudan,false,1976,2.59373343996214
SSD,South Sudan,false,1977,2.57056050170216
SSD,South Sudan,false,1978,2.54255485896338
SSD,South Sudan,false,1979,2.51077091087818
SSD,South Sudan,false,1980,2.48331780772874
SSD,South Sudan,false,1981,2.46400536604862
SSD,South Sudan,false,1982,2.45241640982113
SSD,South Sudan,false,1983,2.25381207605461
SSD,South Sudan,false,1984,1.89234499882689
SSD,South Sudan,false,1985,1.74589040047037
SSD,South Sudan,false,1986,1.78250179296615
SSD,South Sudan,false,1987,0.832795582960257
SSD,South Sudan,false,1988,-2.33162565019773
SSD,South Sudan,false,1989,-2.81989948269971
SSD,South Sudan,false,1990,0.516440812279898
SSD,South Sudan,false,1991,2.06902707902113
SSD,South Sudan,false,1992,1.49949056534963
SSD,South Sudan,false,1993,0.937654698124933
SSD,South Sudan,false,1994,2.29749535929988
SSD,South Sudan,false,1995,3.00404641411754
SSD,South Sudan,false,1996,2.4775331375234
SSD,South Sudan,false,1997,2.80176886344108
SSD,South Sudan,false,1998,1.99359584146431
SSD,South Sudan,false,1999,2.66104262937174
SSD,South Sudan,false,2000,4.41687038815206
SSD,South Sudan,false,2001,4.47577583092792
SSD,South Sudan,false,2002,4.47049405409342
SSD,South Sudan,false,2003,4.53889048481808
SSD,South Sudan,false,2004,4.66850589649025
SSD,South Sudan,false,2005,4.81908754947047
SSD,South Sudan,false,2006,4.96525465188372
SSD,South Sudan,false,2007,5.03930740277703
SSD,South Sudan,false,2008,4.98590020248472
SSD,South Sudan,false,2009,4.71716057220357
SSD,South Sudan,false,2010,5.29254618151503
SSD,South Sudan,false,2011,5.41366403885379
SSD,South Sudan,false,2012,4.44972889782953
SSD,South Sudan,false,2013,3.74120236356755
SSD,South Sudan,false,2014,0.614232824755906
SSD,South Sudan,false,2015,-1.14143555707987
SSD,South Sudan,false,2016,-2.52965683465808
SSD,South Sudan,false,2017,-5.41590990485178
SSD,South Sudan,false,2018,-1.33625896422837
SSD,South Sudan,false,2019,2.92439531185626
SSD,South Sudan,false,2020,2.60487164966918
SSD,South Sudan,false,2021,1.55179411079181
SSD,South Sudan,false,2022,1.42002025455897
SSD,South Sudan,false,2023,4.10816463205266
SSD,South Sudan,false,2024,3.92792442239756
SSD,South Sudan,false,2025,2.0337018417734
SSF,Sub-Saharan Africa,true,1960,
SSF,Sub-Saharan Africa,true,1961,2.40166224425369
SSF,Sub-Saharan Africa,true,1962,2.44992554818061
SSF,Sub-Saharan Africa,true,1963,2.48258092235862
SSF,Sub-Saharan Africa,true,1964,2.52018193225548
SSF,Sub-Saharan Africa,true,1965,2.5535537873907
SSF,Sub-Saharan Africa,true,1966,2.56402408509673
SSF,Sub-Saharan Africa,true,1967,2.5876232649207
SSF,Sub-Saharan Africa,true,1968,2.6293219711012
SSF,Sub-Saharan Africa,true,1969,2.66403973052321
SSF,Sub-Saharan Africa,true,1970,2.69115743501271
SSF,Sub-Saharan Africa,true,1971,2.69185542917992
SSF,Sub-Saharan Africa,true,1972,2.68059826394649
SSF,Sub-Saharan Africa,true,1973,2.75595511147382
SSF,Sub-Saharan Africa,true,1974,2.82024338418614
SSF,Sub-Saharan Africa,true,1975,2.82056922979188
SSF,Sub-Saharan Africa,true,1976,2.82084178868471
SSF,Sub-Saharan Africa,true,1977,2.78361469620624
SSF,Sub-Saharan Africa,true,1978,2.90936979644065
SSF,Sub-Saharan Africa,true,1979,3.00724856283808
SSF,Sub-Saharan Africa,true,1980,2.9308270818029
SSF,Sub-Saharan Africa,true,1981,2.99256244304446
SSF,Sub-Saharan Africa,true,1982,3.08429218030812
SSF,Sub-Saharan Africa,true,1983,2.96258942286943
SSF,Sub-Saharan Africa,true,1984,2.86495993005608
SSF,Sub-Saharan Africa,true,1985,2.89609550727378
SSF,Sub-Saharan Africa,true,1986,2.88797561712022
SSF,Sub-Saharan Africa,true,1987,2.8921560180815
SSF,Sub-Saharan Africa,true,1988,2.84153922738676
SSF,Sub-Saharan Africa,true,1989,2.80364196948732
SSF,Sub-Saharan Africa,true,1990,2.78393112045755
SSF,Sub-Saharan Africa,true,1991,2.70734687562679
SSF,Sub-Saharan Africa,true,1992,2.69882330668272
SSF,Sub-Saharan Africa,true,1993,2.74011430389807
SSF,Sub-Saharan Africa,true,1994,2.65903715598865
SSF,Sub-Saharan Africa,true,1995,2.65172356963433
SSF,Sub-Saharan Africa,true,1996,2.67908436193871
SSF,Sub-Saharan Africa,true,1997,2.62746892102878
SSF,Sub-Saharan Africa,true,1998,2.65728471454759
SSF,Sub-Saharan Africa,true,1999,2.66420162489777
SSF,Sub-Saharan Africa,true,2000,2.65643197482242
SSF,Sub-Saharan Africa,true,2001,2.67360374506944
SSF,Sub-Saharan Africa,true,2002,2.68951353581012
SSF,Sub-Saharan Africa,true,2003,2.69789014792803
SSF,Sub-Saharan Africa,true,2004,2.71644521907161
SSF,Sub-Saharan Africa,true,2005,2.73136562485226
SSF,Sub-Saharan Africa,true,2006,2.73357282064004
SSF,Sub-Saharan Africa,true,2007,2.74614036754918
SSF,Sub-Saharan Africa,true,2008,2.7676283324021
SSF,Sub-Saharan Africa,true,2009,2.7624245378099
SSF,Sub-Saharan Africa,true,2010,2.75878191547823
SSF,Sub-Saharan Africa,true,2011,2.74118426364775
SSF,Sub-Saharan Africa,true,2012,2.72721061814711
SSF,Sub-Saharan Africa,true,2013,2.7384822175657
SSF,Sub-Saharan Africa,true,2014,2.71130226644117
SSF,Sub-Saharan Africa,true,2015,2.69373720181663
SSF,Sub-Saharan Africa,true,2016,2.64913137238487
SSF,Sub-Saharan Africa,true,2017,2.63028429729826
SSF,Sub-Saharan Africa,true,2018,2.64813725378739
SSF,Sub-Saharan Africa,true,2019,2.60516152659926
SSF,Sub-Saharan Africa,true,2020,2.57199901173513
SSF,Sub-Saharan Africa,true,2021,2.53042768655601
SSF,Sub-Saharan Africa,true,2022,2.48277688054378
SSF,Sub-Saharan Africa,true,2023,2.46269453367738
SSF,Sub-Saharan Africa,true,2024,2.44264156497122
SSF,Sub-Saharan Africa,true,2025,2.42913202460595
SST,Small states,true,1960,
SST,Small states,true,1961,1.80818014512123
SST,Small states,true,1962,2.04287951923819
SST,Small states,true,1963,2.05112908163334
SST,Small states,true,1964,1.99295525979979
SST,Small states,true,1965,1.90739577314429
SST,Small states,true,1966,1.80380456673553
SST,Small states,true,1967,1.68740739994675
SST,Small states,true,1968,1.65681286431586
SST,Small states,true,1969,1.67546680387903
SST,Small states,true,1970,1.66010271031192
SST,Small states,true,1971,1.65865304315798
SST,Small states,true,1972,1.60658409704734
SST,Small states,true,1973,1.50862543696507
SST,Small states,true,1974,1.42504313521384
SST,Small states,true,1975,1.45606266281709
SST,Small states,true,1976,1.54617728290428
SST,Small states,true,1977,1.60569210065425
SST,Small states,true,1978,1.58371561422031
SST,Small states,true,1979,1.58135641733012
SST,Small states,true,1980,1.58363166717787
SST,Small states,true,1981,1.55031307365642
SST,Small states,true,1982,1.53588535600597
SST,Small states,true,1983,1.49540323633612
SST,Small states,true,1984,1.48439798260033
SST,Small states,true,1985,1.57698640694457
SST,Small states,true,1986,1.62106278944176
SST,Small states,true,1987,1.58511429381717
SST,Small states,true,1988,1.56598194524122
SST,Small states,true,1989,1.60157650155664
SST,Small states,true,1990,1.61939933416913
SST,Small states,true,1991,1.59036847554682
SST,Small states,true,1992,0.852086464146259
SST,Small states,true,1993,0.689838922375873
SST,Small states,true,1994,0.889663782655115
SST,Small states,true,1995,0.78260091253967
SST,Small states,true,1996,1.06170924441906
SST,Small states,true,1997,1.21551650316496
SST,Small states,true,1998,1.22099168662333
SST,Small states,true,1999,0.467922089269321
SST,Small states,true,2000,0.56346741191941
SST,Small states,true,2001,1.45341264754823
SST,Small states,true,2002,1.44008640185084
SST,Small states,true,2003,1.16812684611627
SST,Small states,true,2004,0.944330013631572
SST,Small states,true,2005,0.61392879633674
SST,Small states,true,2006,1.0081446776882
SST,Small states,true,2007,1.05499280838558
SST,Small states,true,2008,1.05553601041805
SST,Small states,true,2009,0.985225774709059
SST,Small states,true,2010,1.00805671545675
SST,Small states,true,2011,0.979641176990648
SST,Small states,true,2012,0.999210240289512
SST,Small states,true,2013,1.00324280772
SST,Small states,true,2014,1.01586382738715
SST,Small states,true,2015,1.03601606918122
SST,Small states,true,2016,1.01453694865616
SST,Small states,true,2017,1.03612470789208
SST,Small states,true,2018,1.15640527639564
SST,Small states,true,2019,1.08792342830391
SST,Small states,true,2020,0.920713681116119
SST,Small states,true,2021,0.891610040984682
SST,Small states,true,2022,1.04213937591557
SST,Small states,true,2023,0.897105994356687
SST,Small states,true,2024,0.806191276603831
SST,Small states,true,2025,0.758404978573975
STP,Sao Tome and Principe,false,1960,
STP,Sao Tome and Principe,false,1961,1.01669261276963
STP,Sao Tome and Principe,false,1962,1.00790079212404
STP,Sao Tome and Principe,false,1963,1.01638691688797
STP,Sao Tome and Principe,false,1964,1.06826952058127
STP,Sao Tome and Principe,false,1965,1.14351100478063
STP,Sao Tome and Principe,false,1966,1.24225199985571
STP,Sao Tome and Principe,false,1967,1.39563877666148
STP,Sao Tome and Principe,false,1968,1.575918460396
STP,Sao Tome and Principe,false,1969,1.74749886005561
STP,Sao Tome and Principe,false,1970,2.00775729819666
STP,Sao Tome and Principe,false,1971,2.17139446955817
STP,Sao Tome and Principe,false,1972,2.13388321357742
STP,Sao Tome and Principe,false,1973,2.14487070604295
STP,Sao Tome and Principe,false,1974,2.23810619823753
STP,Sao Tome and Principe,false,1975,2.37611832401866
STP,Sao Tome and Principe,false,1976,2.52134292381298
STP,Sao Tome and Principe,false,1977,2.64021594726524
STP,Sao Tome and Principe,false,1978,2.69391476379537
STP,Sao Tome and Principe,false,1979,2.58688640913746
STP,Sao Tome and Principe,false,1980,2.35333967718996
STP,Sao Tome and Principe,false,1981,2.07982029736442
STP,Sao Tome and Principe,false,1982,1.86394923949714
STP,Sao Tome and Principe,false,1983,1.8097241901964
STP,Sao Tome and Principe,false,1984,1.91110981248022
STP,Sao Tome and Principe,false,1985,2.10561505767341
STP,Sao Tome and Principe,false,1986,2.2675305493402
STP,Sao Tome and Principe,false,1987,2.46070291250447
STP,Sao Tome and Principe,false,1988,2.61647617818336
STP,Sao Tome and Principe,false,1989,2.56642961506755
STP,Sao Tome and Principe,false,1990,2.47050130575644
STP,Sao Tome and Principe,false,1991,2.18525084376235
STP,Sao Tome and Principe,false,1992,1.90150209053952
STP,Sao Tome and Principe,false,1993,1.82310513532768
STP,Sao Tome and Principe,false,1994,1.72117364864983
STP,Sao Tome and Principe,false,1995,1.6164640326471
STP,Sao Tome and Principe,false,1996,1.5206817055962
STP,Sao Tome and Principe,false,1997,1.42091094568126
STP,Sao Tome and Principe,false,1998,1.3079747242935
STP,Sao Tome and Principe,false,1999,1.19425275204243
STP,Sao Tome and Principe,false,2000,1.10033924534294
STP,Sao Tome and Principe,false,2001,1.62335301537299
STP,Sao Tome and Principe,false,2002,2.39433369314868
STP,Sao Tome and Principe,false,2003,2.56289213876339
STP,Sao Tome and Principe,false,2004,2.49821189998236
STP,Sao Tome and Principe,false,2005,2.46392543668319
STP,Sao Tome and Principe,false,2006,2.44392306226435
STP,Sao Tome and Principe,false,2007,2.42274880138795
STP,Sao Tome and Principe,false,2008,2.38327636004872
STP,Sao Tome and Principe,false,2009,2.30924305588459
STP,Sao Tome and Principe,false,2010,2.1960816383463
STP,Sao Tome and Principe,false,2011,2.09396113456698
STP,Sao Tome and Principe,false,2012,2.02092788368455
STP,Sao Tome and Principe,false,2013,1.93896614465408
STP,Sao Tome and Principe,false,2014,1.85635532189371
STP,Sao Tome and Principe,false,2015,1.77510214302047
STP,Sao Tome and Principe,false,2016,1.6823011731644
STP,Sao Tome and Principe,false,2017,1.59795344333085
STP,Sao Tome and Principe,false,2018,1.54237554431048
STP,Sao Tome and Principe,false,2019,1.51332392108067
STP,Sao Tome and Principe,false,2020,1.87691054092554
STP,Sao Tome and Principe,false,2021,2.06017354745306
STP,Sao Tome and Principe,false,2022,1.93819561963228
STP,Sao Tome and Principe,false,2023,1.99754660166419
STP,Sao Tome and Principe,false,2024,2.0004655038868
STP,Sao Tome and Principe,false,2025,1.98329290197673
SUR,Suriname,false,1960,
SUR,Suriname,false,1961,3.30674853850826
SUR,Suriname,false,1962,3.99583967672701
SUR,Suriname,false,1963,4.51822793750489
SUR,Suriname,false,1964,3.96273438148096
SUR,Suriname,false,1965,3.48470416139043
SUR,Suriname,false,1966,3.42051514179487
SUR,Suriname,false,1967,3.42680017054743
SUR,Suriname,false,1968,3.42413649683741
SUR,Suriname,false,1969,3.40701705717174
SUR,Suriname,false,1970,3.35960680237228
SUR,Suriname,false,1971,3.23866028741434
SUR,Suriname,false,1972,1.38876868596256
SUR,Suriname,false,1973,-0.413775434809678
SUR,Suriname,false,1974,-0.531005189705403
SUR,Suriname,false,1975,-0.638598786613723
SUR,Suriname,false,1976,-0.739234037902964
SUR,Suriname,false,1977,-0.833256260341396
SUR,Suriname,false,1978,-0.930125194631889
SUR,Suriname,false,1979,-1.027536230724
SUR,Suriname,false,1980,-0.590987657285956
SUR,Suriname,false,1981,0.0218423198477507
SUR,Suriname,false,1982,0.291484141517409
SUR,Suriname,false,1983,0.580167680342495
SUR,Suriname,false,1984,0.905992090843073
SUR,Suriname,false,1985,1.24266223709671
SUR,Suriname,false,1986,1.3750983388251
SUR,Suriname,false,1987,1.16087518152376
SUR,Suriname,false,1988,1.33045316714963
SUR,Suriname,false,1989,1.52525174000201
SUR,Suriname,false,1990,0.995011266767108
SUR,Suriname,false,1991,0.6090609107497
SUR,Suriname,false,1992,0.618785018405407
SUR,Suriname,false,1993,0.421296747951677
SUR,Suriname,false,1994,0.718288232960697
SUR,Suriname,false,1995,1.69749645431176
SUR,Suriname,false,1996,2.12435847636189
SUR,Suriname,false,1997,2.08306804632028
SUR,Suriname,false,1998,2.06286243195902
SUR,Suriname,false,1999,2.05779708457492
SUR,Suriname,false,2000,2.06184130338408
SUR,Suriname,false,2001,2.0592440925481
SUR,Suriname,false,2002,2.03259733141667
SUR,Suriname,false,2003,1.96683193341399
SUR,Suriname,false,2004,1.47189322083765
SUR,Suriname,false,2005,1.04333354504085
SUR,Suriname,false,2006,1.0885764053437
SUR,Suriname,false,2007,1.13996043251437
SUR,Suriname,false,2008,1.16620762103283
SUR,Suriname,false,2009,1.17005849053812
SUR,Suriname,false,2010,1.16234546951658
SUR,Suriname,false,2011,1.14737217748715
SUR,Suriname,false,2012,1.1375560373964
SUR,Suriname,false,2013,1.12880323190541
SUR,Suriname,false,2014,1.11029432439557
SUR,Suriname,false,2015,1.08108226631897
SUR,Suriname,false,2016,1.04842483742266
SUR,Suriname,false,2017,1.00824404428043
SUR,Suriname,false,2018,0.972162135207174
SUR,Suriname,false,2019,1.03794155144619
SUR,Suriname,false,2020,1.07530477821816
SUR,Suriname,false,2021,0.907003624018977
SUR,Suriname,false,2022,0.848956801428746
SUR,Suriname,false,2023,0.914027369002208
SUR,Suriname,false,2024,0.877853398525397
SUR,Suriname,false,2025,0.850523968746845
SVK,Slovak Republic,false,1960,
SVK,Slovak Republic,false,1961,2.99236759278997
SVK,Slovak Republic,false,1962,1.10373125690825
SVK,Slovak Republic,false,1963,1.02883408574012
SVK,Slovak Republic,false,1964,1.05291053584313
SVK,Slovak Republic,false,1965,1.00346609779566
SVK,Slovak Republic,false,1966,0.926446929305
SVK,Slovak Republic,false,1967,0.850944297257204
SVK,Slovak Republic,false,1968,0.773470987216663
SVK,Slovak Republic,false,1969,0.770721176320319
SVK,Slovak Republic,false,1970,0.433176523644296
SVK,Slovak Republic,false,1971,0.422751142162509
SVK,Slovak Republic,false,1972,0.855864874103741
SVK,Slovak Republic,false,1973,0.970405426654067
SVK,Slovak Republic,false,1974,1.0326455261866
SVK,Slovak Republic,false,1975,1.04961038811862
SVK,Slovak Republic,false,1976,1.05791840570578
SVK,Slovak Republic,false,1977,1.05907443980237
SVK,Slovak Republic,false,1978,1.01996377640607
SVK,Slovak Republic,false,1979,0.993954931762582
SVK,Slovak Republic,false,1980,0.823532690227528
SVK,Slovak Republic,false,1981,0.726099437372322
SVK,Slovak Republic,false,1982,0.774370072451157
SVK,Slovak Republic,false,1983,0.726754862038002
SVK,Slovak Republic,false,1984,0.687462659789032
SVK,Slovak Republic,false,1985,0.673954439753091
SVK,Slovak Republic,false,1986,0.619376645352564
SVK,Slovak Republic,false,1987,0.556839232981892
SVK,Slovak Republic,false,1988,0.530027872017792
SVK,Slovak Republic,false,1989,0.481564764827773
SVK,Slovak Republic,false,1990,0.439617094726275
SVK,Slovak Republic,false,1991,0.0774724369780578
SVK,Slovak Republic,false,1992,0.0324651148981277
SVK,Slovak Republic,false,1993,0.381719886651125
SVK,Slovak Republic,false,1994,0.39405443003197
SVK,Slovak Republic,false,1995,0.29263220653253
SVK,Slovak Republic,false,1996,0.211674396431709
SVK,Slovak Republic,false,1997,0.184629991205462
SVK,Slovak Republic,false,1998,0.13412159848536
SVK,Slovak Republic,false,1999,0.102053161046239
SVK,Slovak Republic,false,2000,-0.135376487794425
SVK,Slovak Republic,false,2001,-0.18301227099618
SVK,Slovak Republic,false,2002,-0.0363525509687338
SVK,Slovak Republic,false,2003,-0.0658215070322074
SVK,Slovak Republic,false,2004,-0.0203617202597358
SVK,Slovak Republic,false,2005,0.00980913417308711
SVK,Slovak Republic,false,2006,0.00459711883568263
SVK,Slovak Republic,false,2007,0.0291784011934372
SVK,Slovak Republic,false,2008,0.0857552995195914
SVK,Slovak Republic,false,2009,0.133257321027673
SVK,Slovak Republic,false,2010,0.0931912731899838
SVK,Slovak Republic,false,2011,0.128936462723796
SVK,Slovak Republic,false,2012,0.170183855326072
SVK,Slovak Republic,false,2013,0.107458009492367
SVK,Slovak Republic,false,2014,0.0970454215834878
SVK,Slovak Republic,false,2015,0.0950338786482762
SVK,Slovak Republic,false,2016,0.128922329956911
SVK,Slovak Republic,false,2017,0.155178995687406
SVK,Slovak Republic,false,2018,0.138508159611326
SVK,Slovak Republic,false,2019,0.135328072840865
SVK,Slovak Republic,false,2020,0.0857694756149868
SVK,Slovak Republic,false,2021,-0.212358807611049
SVK,Slovak Republic,false,2022,-0.284860959688394
SVK,Slovak Republic,false,2023,-0.0923148510113108
SVK,Slovak Republic,false,2024,-0.0861108401600769
SVK,Slovak Republic,false,2025,-0.152382641257418
SVN,Slovenia,false,1960,
SVN,Slovenia,false,1961,0.592102460583273
SVN,Slovenia,false,1962,0.595289738970183
SVN,Slovenia,false,1963,0.827298841981668
SVN,Slovenia,false,1964,0.932146105584889
SVN,Slovenia,false,1965,1.03899603291351
SVN,Slovenia,false,1966,1.25006712104123
SVN,Slovenia,false,1967,1.16824614024188
SVN,Slovenia,false,1968,0.884959963254321
SVN,Slovenia,false,1969,0.545750560338995
SVN,Slovenia,false,1970,0.640755485966657
SVN,Slovenia,false,1971,0.776389847588266
SVN,Slovenia,false,1972,0.79632159823407
SVN,Slovenia,false,1973,0.822072701460941
SVN,Slovenia,false,1974,0.532626457849935
SVN,Slovenia,false,1975,0.977621392692378
SVN,Slovenia,false,1976,1.47591248581357
SVN,Slovenia,false,1977,1.20832808120785
SVN,Slovenia,false,1978,1.08888570220455
SVN,Slovenia,false,1979,1.07078261989884
SVN,Slovenia,false,1980,0.989248309059707
SVN,Slovenia,false,1981,0.273960830473185
SVN,Slovenia,false,1982,0.199273553477761
SVN,Slovenia,false,1983,0.625521424980407
SVN,Slovenia,false,1984,0.510213262809939
SVN,Slovenia,false,1985,0.489804905359526
SVN,Slovenia,false,1986,1.24492184531935
SVN,Slovenia,false,1987,1.2039359321304
SVN,Slovenia,false,1988,0.272022154341591
SVN,Slovenia,false,1989,0.0578723002503228
SVN,Slovenia,false,1990,0.0906243427921073
SVN,Slovenia,false,1991,0.0634382236559831
SVN,Slovenia,false,1992,-0.14669940294923
SVN,Slovenia,false,1993,-0.23830047754197
SVN,Slovenia,false,1994,-0.115694093241137
SVN,Slovenia,false,1995,0.0215614999899353
SVN,Slovenia,false,1996,-0.0625361337459717
SVN,Slovenia,false,1997,-0.134454343022371
SVN,Slovenia,false,1998,-0.218117656735081
SVN,Slovenia,false,1999,0.0714308445137258
SVN,Slovenia,false,2000,0.29607496005045
SVN,Slovenia,false,2001,0.157498742047657
SVN,Slovenia,false,2002,0.123915442323272
SVN,Slovenia,false,2003,0.0602967792572922
SVN,Slovenia,false,2004,0.0640662022616923
SVN,Slovenia,false,2005,0.173208905073743
SVN,Slovenia,false,2006,0.31911453657107
SVN,Slovenia,false,2007,0.559207815536831
SVN,Slovenia,false,2008,0.158140843634363
SVN,Slovenia,false,2009,0.903875535210913
SVN,Slovenia,false,2010,0.43607948463593
SVN,Slovenia,false,2011,0.207732702329724
SVN,Slovenia,false,2012,0.210024305900448
SVN,Slovenia,false,2013,0.135726228915631
SVN,Slovenia,false,2014,0.0983519219451147
SVN,Slovenia,false,2015,0.075190689011533
SVN,Slovenia,false,2016,0.0731972072415279
SVN,Slovenia,false,2017,0.0651590392490152
SVN,Slovenia,false,2018,0.362584395134764
SVN,Slovenia,false,2019,0.696304046333357
SVN,Slovenia,false,2020,0.669754656164979
SVN,Slovenia,false,2021,0.268851969969908
SVN,Slovenia,false,2022,0.189424378732817
SVN,Slovenia,false,2023,0.396216782960902
SVN,Slovenia,false,2024,0.326705896075754
SVN,Slovenia,false,2025,0.168420657387838
SWE,Sweden,false,1960,
SWE,Sweden,false,1961,0.471081377263699
SWE,Sweden,false,1962,0.55153490392046
SWE,Sweden,false,1963,0.563633784442054
SWE,Sweden,false,1964,0.747117164606475
SWE,Sweden,false,1965,0.941845548835765
SWE,Sweden,false,1966,0.951566377508855
SWE,Sweden,false,1967,0.767228099090544
SWE,Sweden,false,1968,0.561996748688562
SWE,Sweden,false,1969,0.702745811085643
SWE,Sweden,false,1970,0.933484921810651
SWE,Sweden,false,1971,0.688095590706231
SWE,Sweden,false,1972,0.295500378583874
SWE,Sweden,false,1973,0.172364079652845
SWE,Sweden,false,1974,0.290164816134143
SWE,Sweden,false,1975,0.3972757346008
SWE,Sweden,false,1976,0.363686099368844
SWE,Sweden,false,1977,0.355157699857837
SWE,Sweden,false,1978,0.291145575708214
SWE,Sweden,false,1979,0.21822324745441
SWE,Sweden,false,1980,0.202996791804766
SWE,Sweden,false,1981,0.119920399357645
SWE,Sweden,false,1982,0.0571917222643352
SWE,Sweden,false,1983,0.0452736046530332
SWE,Sweden,false,1984,0.0908696147250346
SWE,Sweden,false,1985,0.165170618633822
SWE,Sweden,false,1986,0.23256888459452
SWE,Sweden,false,1987,0.333678891427395
SWE,Sweden,false,1988,0.459598369773659
SWE,Sweden,false,1989,0.66718292068369
SWE,Sweden,false,1990,0.772602675661167
SWE,Sweden,false,1991,0.681643117607529
SWE,Sweden,false,1992,0.586529928761034
SWE,Sweden,false,1993,0.580838814302139
SWE,Sweden,false,1994,0.710705461619655
SWE,Sweden,false,1995,0.524703941553734
SWE,Sweden,false,1996,0.159147080582875
SWE,Sweden,false,1997,0.0572622034229794
SWE,Sweden,false,1998,0.0555121222123307
SWE,Sweden,false,1999,0.0779271508703018
SWE,Sweden,false,2000,0.160575484575313
SWE,Sweden,false,2001,0.268470527954234
SWE,Sweden,false,2002,0.325438067703728
SWE,Sweden,false,2003,0.372092942799084
SWE,Sweden,false,2004,0.393298991357658
SWE,Sweden,false,2005,0.399942762807279
SWE,Sweden,false,2006,0.562483906481893
SWE,Sweden,false,2007,0.741552514625445
SWE,Sweden,false,2008,0.779033290770134
SWE,Sweden,false,2009,0.851904412936677
SWE,Sweden,false,2010,0.852524628765313
SWE,Sweden,false,2011,0.755150133665177
SWE,Sweden,false,2012,0.739763272434863
SWE,Sweden,false,2013,0.847348652246305
SWE,Sweden,false,2014,0.992219728591882
SWE,Sweden,false,2015,1.05745468551674
SWE,Sweden,false,2016,1.25645398510305
SWE,Sweden,false,2017,1.34744505956262
SWE,Sweden,false,2018,1.16164515996039
SWE,Sweden,false,2019,1.01372226345511
SWE,Sweden,false,2020,0.722703912882934
SWE,Sweden,false,2021,0.600591532839468
SWE,Sweden,false,2022,0.68058286829853
SWE,Sweden,false,2023,0.472717863265105
SWE,Sweden,false,2024,0.313432129983607
SWE,Sweden,false,2025,0.254281358853672
SWZ,Eswatini,false,1960,
SWZ,Eswatini,false,1961,2.26949009124184
SWZ,Eswatini,false,1962,2.26728750998605
SWZ,Eswatini,false,1963,2.2962914197621
SWZ,Eswatini,false,1964,2.37766991366799
SWZ,Eswatini,false,1965,2.52428030587552
SWZ,Eswatini,false,1966,2.65038344249984
SWZ,Eswatini,false,1967,2.54161691056596
SWZ,Eswatini,false,1968,2.44307459244508
SWZ,Eswatini,false,1969,2.5272775036418
SWZ,Eswatini,false,1970,2.60400827019153
SWZ,Eswatini,false,1971,2.67614659632928
SWZ,Eswatini,false,1972,2.74345775710836
SWZ,Eswatini,false,1973,2.80493312171263
SWZ,Eswatini,false,1974,2.87049067698096
SWZ,Eswatini,false,1975,2.93527065511219
SWZ,Eswatini,false,1976,3.03747007004282
SWZ,Eswatini,false,1977,3.20011362104073
SWZ,Eswatini,false,1978,3.2944549841144
SWZ,Eswatini,false,1979,3.30291681177236
SWZ,Eswatini,false,1980,3.31335262217991
SWZ,Eswatini,false,1981,3.32371717153383
SWZ,Eswatini,false,1982,3.32348876512679
SWZ,Eswatini,false,1983,3.28656020093579
SWZ,Eswatini,false,1984,3.25853243303505
SWZ,Eswatini,false,1985,3.66492130358346
SWZ,Eswatini,false,1986,3.96129875098962
SWZ,Eswatini,false,1987,3.88145694932167
SWZ,Eswatini,false,1988,4.60388194208911
SWZ,Eswatini,false,1989,4.64202127284993
SWZ,Eswatini,false,1990,4.05007206685909
SWZ,Eswatini,false,1991,4.01723775393439
SWZ,Eswatini,false,1992,3.80548239176343
SWZ,Eswatini,false,1993,2.91465814625799
SWZ,Eswatini,false,1994,-0.0109136023747648
SWZ,Eswatini,false,1995,-0.0802412430488199
SWZ,Eswatini,false,1996,1.98019605226475
SWZ,Eswatini,false,1997,1.68240400828878
SWZ,Eswatini,false,1998,1.28492880676892
SWZ,Eswatini,false,1999,1.08553641403639
SWZ,Eswatini,false,2000,1.02616676195214
SWZ,Eswatini,false,2001,0.922357932930459
SWZ,Eswatini,false,2002,0.793842610388924
SWZ,Eswatini,false,2003,0.682836011828583
SWZ,Eswatini,false,2004,0.603686468671865
SWZ,Eswatini,false,2005,0.544843998142576
SWZ,Eswatini,false,2006,0.500496085577333
SWZ,Eswatini,false,2007,0.576423998080883
SWZ,Eswatini,false,2008,0.6748941459051
SWZ,Eswatini,false,2009,0.6410569310186
SWZ,Eswatini,false,2010,0.586161116007687
SWZ,Eswatini,false,2011,0.554659161024556
SWZ,Eswatini,false,2012,0.537986822820009
SWZ,Eswatini,false,2013,0.54369252057836
SWZ,Eswatini,false,2014,0.556770676458685
SWZ,Eswatini,false,2015,0.57162769864017
SWZ,Eswatini,false,2016,0.584038792817515
SWZ,Eswatini,false,2017,0.752960394981198
SWZ,Eswatini,false,2018,0.922518621738631
SWZ,Eswatini,false,2019,0.931970814127083
SWZ,Eswatini,false,2020,1.0836305772053
SWZ,Eswatini,false,2021,1.15567266949473
SWZ,Eswatini,false,2022,1.01620740015869
SWZ,Eswatini,false,2023,0.946270731993531
SWZ,Eswatini,false,2024,0.995913343966098
SWZ,Eswatini,false,2025,1.06859931393766
SXM,Sint Maarten (Dutch part),false,1960,
SXM,Sint Maarten (Dutch part),false,1961,8.97699994287096
SXM,Sint Maarten (Dutch part),false,1962,9.43914842872523
SXM,Sint Maarten (Dutch part),false,1963,9.35260580108235
SXM,Sint Maarten (Dutch part),false,1964,9.01222326614706
SXM,Sint Maarten (Dutch part),false,1965,8.78184623933366
SXM,Sint Maarten (Dutch part),false,1966,8.54532588807002
SXM,Sint Maarten (Dutch part),false,1967,8.36645877646908
SXM,Sint Maarten (Dutch part),false,1968,8.12100554255433
SXM,Sint Maarten (Dutch part),false,1969,7.83069363594834
SXM,Sint Maarten (Dutch part),false,1970,7.54280726730546
SXM,Sint Maarten (Dutch part),false,1971,7.12976658544665
SXM,Sint Maarten (Dutch part),false,1972,6.89928714869514
SXM,Sint Maarten (Dutch part),false,1973,7.02387075769156
SXM,Sint Maarten (Dutch part),false,1974,7.01121976517129
SXM,Sint Maarten (Dutch part),false,1975,6.84903115618091
SXM,Sint Maarten (Dutch part),false,1976,6.61591557371073
SXM,Sint Maarten (Dutch part),false,1977,6.45642515599375
SXM,Sint Maarten (Dutch part),false,1978,6.30961943363511
SXM,Sint Maarten (Dutch part),false,1979,6.01182670534765
SXM,Sint Maarten (Dutch part),false,1980,5.69498751268246
SXM,Sint Maarten (Dutch part),false,1981,6.94118006457137
SXM,Sint Maarten (Dutch part),false,1982,9.35864660064441
SXM,Sint Maarten (Dutch part),false,1983,9.93659978153333
SXM,Sint Maarten (Dutch part),false,1984,9.23587353771873
SXM,Sint Maarten (Dutch part),false,1985,8.64130668445581
SXM,Sint Maarten (Dutch part),false,1986,8.15448705521561
SXM,Sint Maarten (Dutch part),false,1987,7.75182994397662
SXM,Sint Maarten (Dutch part),false,1988,7.41174466507446
SXM,Sint Maarten (Dutch part),false,1989,7.17562215707722
SXM,Sint Maarten (Dutch part),false,1990,6.98052078388536
SXM,Sint Maarten (Dutch part),false,1991,6.8348828682187
SXM,Sint Maarten (Dutch part),false,1992,4.93827304900289
SXM,Sint Maarten (Dutch part),false,1993,1.44358017700243
SXM,Sint Maarten (Dutch part),false,1994,-0.34092896979464
SXM,Sint Maarten (Dutch part),false,1995,-0.455338443145306
SXM,Sint Maarten (Dutch part),false,1996,-0.549157132022842
SXM,Sint Maarten (Dutch part),false,1997,-0.615855411464812
SXM,Sint Maarten (Dutch part),false,1998,-0.674156266717121
SXM,Sint Maarten (Dutch part),false,1999,-0.694871703790685
SXM,Sint Maarten (Dutch part),false,2000,-0.660731148699809
SXM,Sint Maarten (Dutch part),false,2001,-0.152848043546464
SXM,Sint Maarten (Dutch part),false,2002,0.758684701305817
SXM,Sint Maarten (Dutch part),false,2003,1.1784296790245
SXM,Sint Maarten (Dutch part),false,2004,1.15208281910581
SXM,Sint Maarten (Dutch part),false,2005,1.15143945524835
SXM,Sint Maarten (Dutch part),false,2006,1.15066788701478
SXM,Sint Maarten (Dutch part),false,2007,1.11318403688444
SXM,Sint Maarten (Dutch part),false,2008,1.07377881990499
SXM,Sint Maarten (Dutch part),false,2009,1.03848703265675
SXM,Sint Maarten (Dutch part),false,2010,0.900652591853574
SXM,Sint Maarten (Dutch part),false,2011,1.38995199936431
SXM,Sint Maarten (Dutch part),false,2012,2.18221965906343
SXM,Sint Maarten (Dutch part),false,2013,2.34501483099113
SXM,Sint Maarten (Dutch part),false,2014,2.25583842596276
SXM,Sint Maarten (Dutch part),false,2015,2.15537793742833
SXM,Sint Maarten (Dutch part),false,2016,2.05501156733828
SXM,Sint Maarten (Dutch part),false,2017,1.93416606270848
SXM,Sint Maarten (Dutch part),false,2018,1.81943322551715
SXM,Sint Maarten (Dutch part),false,2019,1.6805019872063
SXM,Sint Maarten (Dutch part),false,2020,1.53087407274557
SXM,Sint Maarten (Dutch part),false,2021,1.36356391629724
SXM,Sint Maarten (Dutch part),false,2022,1.35708688873829
SXM,Sint Maarten (Dutch part),false,2023,1.43721256242405
SXM,Sint Maarten (Dutch part),false,2024,1.39608999302398
SXM,Sint Maarten (Dutch part),false,2025,1.3131397652904
SYC,Seychelles,false,1960,
SYC,Seychelles,false,1961,2.8114253994075
SYC,Seychelles,false,1962,2.65283412851695
SYC,Seychelles,false,1963,2.54222482865351
SYC,Seychelles,false,1964,2.50510378549847
SYC,Seychelles,false,1965,2.51127008150753
SYC,Seychelles,false,1966,2.49287849562221
SYC,Seychelles,false,1967,2.45829233488979
SYC,Seychelles,false,1968,2.42082186439871
SYC,Seychelles,false,1969,2.37887912354064
SYC,Seychelles,false,1970,2.33106388516473
SYC,Seychelles,false,1971,2.02232294949978
SYC,Seychelles,false,1972,2.40971162645164
SYC,Seychelles,false,1973,1.52853198717111
SYC,Seychelles,false,1974,1.82014795916412
SYC,Seychelles,false,1975,2.31181763519904
SYC,Seychelles,false,1976,2.02350889021151
SYC,Seychelles,false,1977,2.09673230296572
SYC,Seychelles,false,1978,0.587401637333465
SYC,Seychelles,false,1979,0.858731926379591
SYC,Seychelles,false,1980,0.913088830947179
SYC,Seychelles,false,1981,1.21607833480473
SYC,Seychelles,false,1982,0.588566721464479
SYC,Seychelles,false,1983,-0.121166945572642
SYC,Seychelles,false,1984,0.592011151605746
SYC,Seychelles,false,1985,0.811016979877327
SYC,Seychelles,false,1986,0.623397691790536
SYC,Seychelles,false,1987,4.24510817517846
SYC,Seychelles,false,1988,0.373031455343419
SYC,Seychelles,false,1989,0.597440909323117
SYC,Seychelles,false,1990,0.490359665520713
SYC,Seychelles,false,1991,1.33196201246149
SYC,Seychelles,false,1992,0.458917817927268
SYC,Seychelles,false,1993,2.08375833946223
SYC,Seychelles,false,1994,2.66576847259254
SYC,Seychelles,false,1995,1.47017208971374
SYC,Seychelles,false,1996,1.46719302641952
SYC,Seychelles,false,1997,1.17345364830244
SYC,Seychelles,false,1998,1.95568618974172
SYC,Seychelles,false,1999,1.96419636705016
SYC,Seychelles,false,2000,0.892658566766174
SYC,Seychelles,false,2001,0.0874745178458057
SYC,Seychelles,false,2002,3.05738532610948
SYC,Seychelles,false,2003,-1.13151642070391
SYC,Seychelles,false,2004,-0.370334934558794
SYC,Seychelles,false,2005,0.463308214458562
SYC,Seychelles,false,2006,2.0805967352947
SYC,Seychelles,false,2007,0.510514982843497
SYC,Seychelles,false,2008,2.23628271543202
SYC,Seychelles,false,2009,0.39253094807516
SYC,Seychelles,false,2010,2.79232906929128
SYC,Seychelles,false,2011,-2.62865635521684
SYC,Seychelles,false,2012,0.980980190128322
SYC,Seychelles,false,2013,1.84687609296508
SYC,Seychelles,false,2014,1.55539570911507
SYC,Seychelles,false,2015,2.22979505321923
SYC,Seychelles,false,2016,1.33763477950025
SYC,Seychelles,false,2017,1.22403375818123
SYC,Seychelles,false,2018,0.954291917891324
SYC,Seychelles,false,2019,0.887925293341637
SYC,Seychelles,false,2020,0.853707878128979
SYC,Seychelles,false,2021,0.805183391179401
SYC,Seychelles,false,2022,
SYC,Seychelles,false,2023,-0.0876274304874622
SYC,Seychelles,false,2024,1.31136094801067
SYC,Seychelles,false,2025,1.12749264749076
SYR,Syrian Arab Republic,false,1960,
SYR,Syrian Arab Republic,false,1961,2.9924565819662
SYR,Syrian Arab Republic,false,1962,2.94398459066759
SYR,Syrian Arab Republic,false,1963,3.00181221054998
SYR,Syrian Arab Republic,false,1964,3.05663132905379
SYR,Syrian Arab Republic,false,1965,3.10515426386107
SYR,Syrian Arab Republic,false,1966,3.14721844798714
SYR,Syrian Arab Republic,false,1967,3.17856580100366
SYR,Syrian Arab Republic,false,1968,3.20436900477396
SYR,Syrian Arab Republic,false,1969,3.23255868046689
SYR,Syrian Arab Republic,false,1970,3.27277826028542
SYR,Syrian Arab Republic,false,1971,3.35172720996848
SYR,Syrian Arab Republic,false,1972,3.39615470003481
SYR,Syrian Arab Republic,false,1973,3.37481514469446
SYR,Syrian Arab Republic,false,1974,3.36796769047348
SYR,Syrian Arab Republic,false,1975,3.39552147222842
SYR,Syrian Arab Republic,false,1976,3.42163753002886
SYR,Syrian Arab Republic,false,1977,3.43488726385305
SYR,Syrian Arab Republic,false,1978,3.42928023556298
SYR,Syrian Arab Republic,false,1979,3.39516772652549
SYR,Syrian Arab Republic,false,1980,3.3574229992635
SYR,Syrian Arab Republic,false,1981,3.32150917439771
SYR,Syrian Arab Republic,false,1982,3.31710946767804
SYR,Syrian Arab Republic,false,1983,3.4124843280533
SYR,Syrian Arab Republic,false,1984,3.50762904262895
SYR,Syrian Arab Republic,false,1985,3.51762726687206
SYR,Syrian Arab Republic,false,1986,3.48808249665066
SYR,Syrian Arab Republic,false,1987,3.44874315239096
SYR,Syrian Arab Republic,false,1988,3.39541335503712
SYR,Syrian Arab Republic,false,1989,3.31227336956076
SYR,Syrian Arab Republic,false,1990,3.23272086100047
SYR,Syrian Arab Republic,false,1991,3.14276682156051
SYR,Syrian Arab Republic,false,1992,3.07043753248059
SYR,Syrian Arab Republic,false,1993,3.01785988391191
SYR,Syrian Arab Republic,false,1994,2.94902840334724
SYR,Syrian Arab Republic,false,1995,2.83254019010482
SYR,Syrian Arab Republic,false,1996,2.70847861472762
SYR,Syrian Arab Republic,false,1997,2.62495453798521
SYR,Syrian Arab Republic,false,1998,2.57951161365654
SYR,Syrian Arab Republic,false,1999,2.54408360788724
SYR,Syrian Arab Republic,false,2000,2.49405999884142
SYR,Syrian Arab Republic,false,2001,2.45461714631082
SYR,Syrian Arab Republic,false,2002,2.41609659016013
SYR,Syrian Arab Republic,false,2003,2.38129035278314
SYR,Syrian Arab Republic,false,2004,2.47115145720736
SYR,Syrian Arab Republic,false,2005,2.56920506363659
SYR,Syrian Arab Republic,false,2006,4.28105517398245
SYR,Syrian Arab Republic,false,2007,6.15726388722661
SYR,Syrian Arab Republic,false,2008,3.53953603606328
SYR,Syrian Arab Republic,false,2009,1.561038004306
SYR,Syrian Arab Republic,false,2010,2.27386735787712
SYR,Syrian Arab Republic,false,2011,1.74463187292712
SYR,Syrian Arab Republic,false,2012,-0.518583748688814
SYR,Syrian Arab Republic,false,2013,-4.92076611917059
SYR,Syrian Arab Republic,false,2014,-6.64640777600442
SYR,Syrian Arab Republic,false,2015,-4.27812265662123
SYR,Syrian Arab Republic,false,2016,-1.19521490586433
SYR,Syrian Arab Republic,false,2017,0.160516443980316
SYR,Syrian Arab Republic,false,2018,1.82043236963093
SYR,Syrian Arab Republic,false,2019,3.88559879868016
SYR,Syrian Arab Republic,false,2020,3.36188761247899
SYR,Syrian Arab Republic,false,2021,2.71541292038855
SYR,Syrian Arab Republic,false,2022,3.78051313340953
SYR,Syrian Arab Republic,false,2023,4.91861526815481
SYR,Syrian Arab Republic,false,2024,4.46809539676654
SYR,Syrian Arab Republic,false,2025,3.76901619394327
TCA,Turks and Caicos Islands,false,1960,
TCA,Turks and Caicos Islands,false,1961,0.409946211758397
TCA,Turks and Caicos Islands,false,1962,0.248712155209355
TCA,Turks and Caicos Islands,false,1963,0.194983665426589
TCA,Turks and Caicos Islands,false,1964,0.17692856703189
TCA,Turks and Caicos Islands,false,1965,0.0176756518356829
TCA,Turks and Caicos Islands,false,1966,-0.0707213607976809
TCA,Turks and Caicos Islands,false,1967,0.0530457089620026
TCA,Turks and Caicos Islands,false,1968,-0.0176787766747049
TCA,Turks and Caicos Islands,false,1969,-0.0707463771990594
TCA,Turks and Caicos Islands,false,1970,0.265041236520113
TCA,Turks and Caicos Islands,false,1971,1.52353879418741
TCA,Turks and Caicos Islands,false,1972,2.75962323009938
TCA,Turks and Caicos Islands,false,1973,2.91565842914555
TCA,Turks and Caicos Islands,false,1974,2.96066273928007
TCA,Turks and Caicos Islands,false,1975,2.98388971661523
TCA,Turks and Caicos Islands,false,1976,3.00258782715394
TCA,Turks and Caicos Islands,false,1977,3.01708776333633
TCA,Turks and Caicos Islands,false,1978,3.14071845858244
TCA,Turks and Caicos Islands,false,1979,3.09983816016053
TCA,Turks and Caicos Islands,false,1980,3.47042224231203
TCA,Turks and Caicos Islands,false,1981,4.44747545121595
TCA,Turks and Caicos Islands,false,1982,4.80190983737778
TCA,Turks and Caicos Islands,false,1983,4.708413492548
TCA,Turks and Caicos Islands,false,1984,4.60652099780533
TCA,Turks and Caicos Islands,false,1985,4.44565367178727
TCA,Turks and Caicos Islands,false,1986,4.31677339264537
TCA,Turks and Caicos Islands,false,1987,4.13811380396066
TCA,Turks and Caicos Islands,false,1988,3.91798787201968
TCA,Turks and Caicos Islands,false,1989,3.8059946917319
TCA,Turks and Caicos Islands,false,1990,4.32740915412679
TCA,Turks and Caicos Islands,false,1991,5.14430093946209
TCA,Turks and Caicos Islands,false,1992,5.26333144853333
TCA,Turks and Caicos Islands,false,1993,5.09539924209708
TCA,Turks and Caicos Islands,false,1994,4.97387455535085
TCA,Turks and Caicos Islands,false,1995,4.8179136428359
TCA,Turks and Caicos Islands,false,1996,4.62814202658333
TCA,Turks and Caicos Islands,false,1997,4.44765833441677
TCA,Turks and Caicos Islands,false,1998,4.33379386351613
TCA,Turks and Caicos Islands,false,1999,4.24845670602461
TCA,Turks and Caicos Islands,false,2000,4.20351344193977
TCA,Turks and Caicos Islands,false,2001,4.41778096843734
TCA,Turks and Caicos Islands,false,2002,5.084110798197
TCA,Turks and Caicos Islands,false,2003,5.34102926307635
TCA,Turks and Caicos Islands,false,2004,5.06579381753678
TCA,Turks and Caicos Islands,false,2005,4.83400403777914
TCA,Turks and Caicos Islands,false,2006,4.62300559145202
TCA,Turks and Caicos Islands,false,2007,4.4643842476665
TCA,Turks and Caicos Islands,false,2008,4.31003259671228
TCA,Turks and Caicos Islands,false,2009,4.1459119693161
TCA,Turks and Caicos Islands,false,2010,3.94722663611378
TCA,Turks and Caicos Islands,false,2011,3.65477665825526
TCA,Turks and Caicos Islands,false,2012,4.06897157854252
TCA,Turks and Caicos Islands,false,2013,4.64054070760549
TCA,Turks and Caicos Islands,false,2014,4.06734083176964
TCA,Turks and Caicos Islands,false,2015,4.34092296180069
TCA,Turks and Caicos Islands,false,2016,4.56566213237616
TCA,Turks and Caicos Islands,false,2017,4.08606209437612
TCA,Turks and Caicos Islands,false,2018,4.04120189777229
TCA,Turks and Caicos Islands,false,2019,3.79390439929271
TCA,Turks and Caicos Islands,false,2020,2.78709560637585
TCA,Turks and Caicos Islands,false,2021,1.91238576461203
TCA,Turks and Caicos Islands,false,2022,1.32618037626777
TCA,Turks and Caicos Islands,false,2023,0.762674129802692
TCA,Turks and Caicos Islands,false,2024,0.726821053031156
TCA,Turks and Caicos Islands,false,2025,0.685300893811321
TCD,Chad,false,1960,
TCD,Chad,false,1961,2.01601008682063
TCD,Chad,false,1962,2.02473857435913
TCD,Chad,false,1963,2.03566507226671
TCD,Chad,false,1964,2.03336559914203
TCD,Chad,false,1965,1.99779187226255
TCD,Chad,false,1966,1.95697504351163
TCD,Chad,false,1967,1.94580790312177
TCD,Chad,false,1968,1.9676528240493
TCD,Chad,false,1969,2.01635084091658
TCD,Chad,false,1970,2.07937058008427
TCD,Chad,false,1971,2.10987205265138
TCD,Chad,false,1972,2.23203191563616
TCD,Chad,false,1973,2.35205935225256
TCD,Chad,false,1974,2.29285744116595
TCD,Chad,false,1975,2.15585403342245
TCD,Chad,false,1976,1.99716064788319
TCD,Chad,false,1977,1.87283435279686
TCD,Chad,false,1978,1.82319356848302
TCD,Chad,false,1979,2.10887339886022
TCD,Chad,false,1980,0.223238801047376
TCD,Chad,false,1981,0.121862541933437
TCD,Chad,false,1982,4.6992902807204
TCD,Chad,false,1983,4.95381346913092
TCD,Chad,false,1984,1.31712177408269
TCD,Chad,false,1985,1.00823086553233
TCD,Chad,false,1986,2.99229715476877
TCD,Chad,false,1987,3.50364920335052
TCD,Chad,false,1988,3.38597976291247
TCD,Chad,false,1989,3.39011606063469
TCD,Chad,false,1990,2.76650764072333
TCD,Chad,false,1991,3.65701555224212
TCD,Chad,false,1992,4.2431121638925
TCD,Chad,false,1993,2.35805086936322
TCD,Chad,false,1994,2.30098346349967
TCD,Chad,false,1995,4.40674928139961
TCD,Chad,false,1996,4.429169919678
TCD,Chad,false,1997,3.45193185234224
TCD,Chad,false,1998,3.44028362441506
TCD,Chad,false,1999,3.51320614922956
TCD,Chad,false,2000,3.45886279310456
TCD,Chad,false,2001,3.3732389780589
TCD,Chad,false,2002,3.48319249588089
TCD,Chad,false,2003,3.9958067889148
TCD,Chad,false,2004,4.4546309402426
TCD,Chad,false,2005,4.03110110056051
TCD,Chad,false,2006,3.59763738193098
TCD,Chad,false,2007,3.44475544445336
TCD,Chad,false,2008,3.49922011538019
TCD,Chad,false,2009,3.57296976276489
TCD,Chad,false,2010,3.46077094768596
TCD,Chad,false,2011,3.53020185416521
TCD,Chad,false,2012,3.51265481153462
TCD,Chad,false,2013,3.5694788341769
TCD,Chad,false,2014,3.56998697827762
TCD,Chad,false,2015,3.18336105662872
TCD,Chad,false,2016,3.13868697646131
TCD,Chad,false,2017,3.30639583736028
TCD,Chad,false,2018,3.35956028710956
TCD,Chad,false,2019,3.21991132048391
TCD,Chad,false,2020,3.18197036099619
TCD,Chad,false,2021,3.44423869357111
TCD,Chad,false,2022,3.45668911084691
TCD,Chad,false,2023,4.57399213394625
TCD,Chad,false,2024,4.94853027382671
TCD,Chad,false,2025,3.41211675890953
TEA,East Asia & Pacific (IDA & IBRD countries),true,1960,
TEA,East Asia & Pacific (IDA & IBRD countries),true,1961,-0.0785514003510564
TEA,East Asia & Pacific (IDA & IBRD countries),true,1962,1.31178244706467
TEA,East Asia & Pacific (IDA & IBRD countries),true,1963,2.540454770313
TEA,East Asia & Pacific (IDA & IBRD countries),true,1964,2.43674375109991
TEA,East Asia & Pacific (IDA & IBRD countries),true,1965,2.4414370075058
TEA,East Asia & Pacific (IDA & IBRD countries),true,1966,2.71698481216366
TEA,East Asia & Pacific (IDA & IBRD countries),true,1967,2.57188057324712
TEA,East Asia & Pacific (IDA & IBRD countries),true,1968,2.60416107958554
TEA,East Asia & Pacific (IDA & IBRD countries),true,1969,2.70082062871047
TEA,East Asia & Pacific (IDA & IBRD countries),true,1970,2.69927802604639
TEA,East Asia & Pacific (IDA & IBRD countries),true,1971,2.67493558339247
TEA,East Asia & Pacific (IDA & IBRD countries),true,1972,2.45607942657078
TEA,East Asia & Pacific (IDA & IBRD countries),true,1973,2.31632001712584
TEA,East Asia & Pacific (IDA & IBRD countries),true,1974,2.13901320158501
TEA,East Asia & Pacific (IDA & IBRD countries),true,1975,1.8950592182144
TEA,East Asia & Pacific (IDA & IBRD countries),true,1976,1.72367334243834
TEA,East Asia & Pacific (IDA & IBRD countries),true,1977,1.58923295169006
TEA,East Asia & Pacific (IDA & IBRD countries),true,1978,1.57191282105546
TEA,East Asia & Pacific (IDA & IBRD countries),true,1979,1.57684502370144
TEA,East Asia & Pacific (IDA & IBRD countries),true,1980,1.53151149035364
TEA,East Asia & Pacific (IDA & IBRD countries),true,1981,1.55606938471282
TEA,East Asia & Pacific (IDA & IBRD countries),true,1982,1.70237583581497
TEA,East Asia & Pacific (IDA & IBRD countries),true,1983,1.69376499987222
TEA,East Asia & Pacific (IDA & IBRD countries),true,1984,1.59601191942524
TEA,East Asia & Pacific (IDA & IBRD countries),true,1985,1.60989794709067
TEA,East Asia & Pacific (IDA & IBRD countries),true,1986,1.67313996988149
TEA,East Asia & Pacific (IDA & IBRD countries),true,1987,1.74298785085412
TEA,East Asia & Pacific (IDA & IBRD countries),true,1988,1.73999961778659
TEA,East Asia & Pacific (IDA & IBRD countries),true,1989,1.67133526978089
TEA,East Asia & Pacific (IDA & IBRD countries),true,1990,1.6165545825019
TEA,East Asia & Pacific (IDA & IBRD countries),true,1991,1.53553858705312
TEA,East Asia & Pacific (IDA & IBRD countries),true,1992,1.42688154478845
TEA,East Asia & Pacific (IDA & IBRD countries),true,1993,1.36783468871236
TEA,East Asia & Pacific (IDA & IBRD countries),true,1994,1.34401440668143
TEA,East Asia & Pacific (IDA & IBRD countries),true,1995,1.31220507220334
TEA,East Asia & Pacific (IDA & IBRD countries),true,1996,1.27894868254075
TEA,East Asia & Pacific (IDA & IBRD countries),true,1997,1.25481743471809
TEA,East Asia & Pacific (IDA & IBRD countries),true,1998,1.19198298070373
TEA,East Asia & Pacific (IDA & IBRD countries),true,1999,1.08610594367408
TEA,East Asia & Pacific (IDA & IBRD countries),true,2000,1.00260715390457
TEA,East Asia & Pacific (IDA & IBRD countries),true,2001,0.947946949253806
TEA,East Asia & Pacific (IDA & IBRD countries),true,2002,0.893646031652772
TEA,East Asia & Pacific (IDA & IBRD countries),true,2003,0.849673896242395
TEA,East Asia & Pacific (IDA & IBRD countries),true,2004,0.815425021025006
TEA,East Asia & Pacific (IDA & IBRD countries),true,2005,0.805430527344366
TEA,East Asia & Pacific (IDA & IBRD countries),true,2006,0.798097134173755
TEA,East Asia & Pacific (IDA & IBRD countries),true,2007,0.793915564225837
TEA,East Asia & Pacific (IDA & IBRD countries),true,2008,0.784611887579809
TEA,East Asia & Pacific (IDA & IBRD countries),true,2009,0.75758332689394
TEA,East Asia & Pacific (IDA & IBRD countries),true,2010,0.745622555784235
TEA,East Asia & Pacific (IDA & IBRD countries),true,2011,0.786862262066253
TEA,East Asia & Pacific (IDA & IBRD countries),true,2012,0.879291839891735
TEA,East Asia & Pacific (IDA & IBRD countries),true,2013,0.862640122804811
TEA,East Asia & Pacific (IDA & IBRD countries),true,2014,0.817847922103466
TEA,East Asia & Pacific (IDA & IBRD countries),true,2015,0.768433864028813
TEA,East Asia & Pacific (IDA & IBRD countries),true,2016,0.751293281787118
TEA,East Asia & Pacific (IDA & IBRD countries),true,2017,0.761249005677729
TEA,East Asia & Pacific (IDA & IBRD countries),true,2018,0.645371494905098
TEA,East Asia & Pacific (IDA & IBRD countries),true,2019,0.552005486782092
TEA,East Asia & Pacific (IDA & IBRD countries),true,2020,0.453261414135534
TEA,East Asia & Pacific (IDA & IBRD countries),true,2021,0.31401226881642
TEA,East Asia & Pacific (IDA & IBRD countries),true,2022,0.23329577316355
TEA,East Asia & Pacific (IDA & IBRD countries),true,2023,0.183862594333235
TEA,East Asia & Pacific (IDA & IBRD countries),true,2024,0.166308498832557
TEA,East Asia & Pacific (IDA & IBRD countries),true,2025,0.128259615137576
TEC,Europe & Central Asia (IDA & IBRD countries),true,1960,
TEC,Europe & Central Asia (IDA & IBRD countries),true,1961,1.51847949345935
TEC,Europe & Central Asia (IDA & IBRD countries),true,1962,1.48895151419344
TEC,Europe & Central Asia (IDA & IBRD countries),true,1963,1.48966013881361
TEC,Europe & Central Asia (IDA & IBRD countries),true,1964,1.47935472000239
TEC,Europe & Central Asia (IDA & IBRD countries),true,1965,1.39377530222449
TEC,Europe & Central Asia (IDA & IBRD countries),true,1966,1.17532860869984
TEC,Europe & Central Asia (IDA & IBRD countries),true,1967,1.22631655967919
TEC,Europe & Central Asia (IDA & IBRD countries),true,1968,1.19156681543317
TEC,Europe & Central Asia (IDA & IBRD countries),true,1969,1.14699528843532
TEC,Europe & Central Asia (IDA & IBRD countries),true,1970,1.03604785001558
TEC,Europe & Central Asia (IDA & IBRD countries),true,1971,1.03314853532789
TEC,Europe & Central Asia (IDA & IBRD countries),true,1972,1.09074950285067
TEC,Europe & Central Asia (IDA & IBRD countries),true,1973,1.0662436469603
TEC,Europe & Central Asia (IDA & IBRD countries),true,1974,1.06086483645677
TEC,Europe & Central Asia (IDA & IBRD countries),true,1975,1.05704508360777
TEC,Europe & Central Asia (IDA & IBRD countries),true,1976,1.10692966428842
TEC,Europe & Central Asia (IDA & IBRD countries),true,1977,1.10357954333301
TEC,Europe & Central Asia (IDA & IBRD countries),true,1978,1.06166860758369
TEC,Europe & Central Asia (IDA & IBRD countries),true,1979,1.00412261145368
TEC,Europe & Central Asia (IDA & IBRD countries),true,1980,1.0273840666199
TEC,Europe & Central Asia (IDA & IBRD countries),true,1981,0.985877965341706
TEC,Europe & Central Asia (IDA & IBRD countries),true,1982,0.984393710125256
TEC,Europe & Central Asia (IDA & IBRD countries),true,1983,1.00276899473557
TEC,Europe & Central Asia (IDA & IBRD countries),true,1984,1.06225699465726
TEC,Europe & Central Asia (IDA & IBRD countries),true,1985,1.04776018020197
TEC,Europe & Central Asia (IDA & IBRD countries),true,1986,1.02187750207692
TEC,Europe & Central Asia (IDA & IBRD countries),true,1987,1.00857426768423
TEC,Europe & Central Asia (IDA & IBRD countries),true,1988,0.955280452008173
TEC,Europe & Central Asia (IDA & IBRD countries),true,1989,0.880817652538169
TEC,Europe & Central Asia (IDA & IBRD countries),true,1990,0.644574722937747
TEC,Europe & Central Asia (IDA & IBRD countries),true,1991,0.495653128860582
TEC,Europe & Central Asia (IDA & IBRD countries),true,1992,0.394569251594705
TEC,Europe & Central Asia (IDA & IBRD countries),true,1993,0.300285427088897
TEC,Europe & Central Asia (IDA & IBRD countries),true,1994,0.218516144939466
TEC,Europe & Central Asia (IDA & IBRD countries),true,1995,0.157691906532256
TEC,Europe & Central Asia (IDA & IBRD countries),true,1996,0.12085309597583
TEC,Europe & Central Asia (IDA & IBRD countries),true,1997,0.0712732029488936
TEC,Europe & Central Asia (IDA & IBRD countries),true,1998,0.0221590969971344
TEC,Europe & Central Asia (IDA & IBRD countries),true,1999,-0.0193746075841928
TEC,Europe & Central Asia (IDA & IBRD countries),true,2000,-0.0516989573263383
TEC,Europe & Central Asia (IDA & IBRD countries),true,2001,-0.0737396918271373
TEC,Europe & Central Asia (IDA & IBRD countries),true,2002,-0.0669972734810155
TEC,Europe & Central Asia (IDA & IBRD countries),true,2003,0.022605811183776
TEC,Europe & Central Asia (IDA & IBRD countries),true,2004,0.0525326442561035
TEC,Europe & Central Asia (IDA & IBRD countries),true,2005,0.0449896005763164
TEC,Europe & Central Asia (IDA & IBRD countries),true,2006,0.0869193516950928
TEC,Europe & Central Asia (IDA & IBRD countries),true,2007,-0.00776731437025663
TEC,Europe & Central Asia (IDA & IBRD countries),true,2008,0.239628390944328
TEC,Europe & Central Asia (IDA & IBRD countries),true,2009,0.35690382716137
TEC,Europe & Central Asia (IDA & IBRD countries),true,2010,0.369045723134963
TEC,Europe & Central Asia (IDA & IBRD countries),true,2011,0.430233519028764
TEC,Europe & Central Asia (IDA & IBRD countries),true,2012,0.469784321945042
TEC,Europe & Central Asia (IDA & IBRD countries),true,2013,0.48824490624404
TEC,Europe & Central Asia (IDA & IBRD countries),true,2014,0.511643063357293
TEC,Europe & Central Asia (IDA & IBRD countries),true,2015,0.492688776205437
TEC,Europe & Central Asia (IDA & IBRD countries),true,2016,0.494941793569477
TEC,Europe & Central Asia (IDA & IBRD countries),true,2017,0.45897213033258
TEC,Europe & Central Asia (IDA & IBRD countries),true,2018,0.421928354843313
TEC,Europe & Central Asia (IDA & IBRD countries),true,2019,0.43092937954452
TEC,Europe & Central Asia (IDA & IBRD countries),true,2020,0.196606051680253
TEC,Europe & Central Asia (IDA & IBRD countries),true,2021,0.0566125487591527
TEC,Europe & Central Asia (IDA & IBRD countries),true,2022,-0.467968565667359
TEC,Europe & Central Asia (IDA & IBRD countries),true,2023,-0.509492541975487
TEC,Europe & Central Asia (IDA & IBRD countries),true,2024,0.301119159174174
TEC,Europe & Central Asia (IDA & IBRD countries),true,2025,0.558598108857146
TGO,Togo,false,1960,
TGO,Togo,false,1961,1.75410405447791
TGO,Togo,false,1962,1.76051415203075
TGO,Togo,false,1963,1.83611306966138
TGO,Togo,false,1964,1.92673506390907
TGO,Togo,false,1965,1.99060327517322
TGO,Togo,false,1966,2.04376017254146
TGO,Togo,false,1967,2.07468485370934
TGO,Togo,false,1968,2.10850927754161
TGO,Togo,false,1969,4.49885080485206
TGO,Togo,false,1970,5.06021047318232
TGO,Togo,false,1971,3.22037924706
TGO,Togo,false,1972,2.84394930738133
TGO,Togo,false,1973,2.62081173323004
TGO,Togo,false,1974,2.51790486828912
TGO,Togo,false,1975,2.44477765129483
TGO,Togo,false,1976,2.39388214506781
TGO,Togo,false,1977,2.36903224640257
TGO,Togo,false,1978,2.39059962226608
TGO,Togo,false,1979,2.53137554554105
TGO,Togo,false,1980,2.79939824049117
TGO,Togo,false,1981,3.10497027629344
TGO,Togo,false,1982,2.81513899630319
TGO,Togo,false,1983,2.38303950297286
TGO,Togo,false,1984,2.36753624357856
TGO,Togo,false,1985,2.81898112438845
TGO,Togo,false,1986,3.13699725978163
TGO,Togo,false,1987,3.02606584972363
TGO,Togo,false,1988,3.0130879101746
TGO,Togo,false,1989,2.96493684235161
TGO,Togo,false,1990,2.92614491062438
TGO,Togo,false,1991,2.88251198022219
TGO,Togo,false,1992,2.83557163245535
TGO,Togo,false,1993,-1.14077539893679
TGO,Togo,false,1994,0.416034311921291
TGO,Togo,false,1995,5.14839691135018
TGO,Togo,false,1996,4.30189881851522
TGO,Togo,false,1997,3.38312181757761
TGO,Togo,false,1998,2.51037911481296
TGO,Togo,false,1999,2.47629413171843
TGO,Togo,false,2000,2.49694541999729
TGO,Togo,false,2001,2.48616573955035
TGO,Togo,false,2002,2.47686827426846
TGO,Togo,false,2003,2.49455979585183
TGO,Togo,false,2004,2.43812237847062
TGO,Togo,false,2005,2.465585096448
TGO,Togo,false,2006,2.85028115220356
TGO,Togo,false,2007,3.15943065724402
TGO,Togo,false,2008,3.21297180409526
TGO,Togo,false,2009,3.22903074698961
TGO,Togo,false,2010,3.12855507905751
TGO,Togo,false,2011,2.72570995210441
TGO,Togo,false,2012,2.32840848204104
TGO,Togo,false,2013,2.15773898903495
TGO,Togo,false,2014,2.02090495483301
TGO,Togo,false,2015,1.91106686899123
TGO,Togo,false,2016,1.81308919594096
TGO,Togo,false,2017,1.70055326010166
TGO,Togo,false,2018,1.81055738571426
TGO,Togo,false,2019,2.14516244090598
TGO,Togo,false,2020,2.18244940997049
TGO,Togo,false,2021,1.88405259258743
TGO,Togo,false,2022,1.65504210377245
TGO,Togo,false,2023,1.90565010531245
TGO,Togo,false,2024,2.197364628925
TGO,Togo,false,2025,2.17758924189303
THA,Thailand,false,1960,
THA,Thailand,false,1961,2.93069234462544
THA,Thailand,false,1962,2.96007952695934
THA,Thailand,false,1963,2.97923079566546
THA,Thailand,false,1964,2.98747192809308
THA,Thailand,false,1965,2.98873309292341
THA,Thailand,false,1966,2.96290498317245
THA,Thailand,false,1967,2.9230380018249
THA,Thailand,false,1968,2.87834251515722
THA,Thailand,false,1969,2.81628791708856
THA,Thailand,false,1970,2.76529963229465
THA,Thailand,false,1971,2.69725445467986
THA,Thailand,false,1972,2.66216999485487
THA,Thailand,false,1973,2.63760183827926
THA,Thailand,false,1974,2.54790807795309
THA,Thailand,false,1975,2.44066673122309
THA,Thailand,false,1976,2.30946843297936
THA,Thailand,false,1977,2.23626183565551
THA,Thailand,false,1978,2.18170911561353
THA,Thailand,false,1979,2.10037141390493
THA,Thailand,false,1980,2.06182786239566
THA,Thailand,false,1981,2.0078184838506
THA,Thailand,false,1982,1.95332622947543
THA,Thailand,false,1983,1.93657526021608
THA,Thailand,false,1984,1.89910865056655
THA,Thailand,false,1985,1.84510814954302
THA,Thailand,false,1986,1.78830519117593
THA,Thailand,false,1987,1.73612916326133
THA,Thailand,false,1988,1.70502694404775
THA,Thailand,false,1989,1.64649465378947
THA,Thailand,false,1990,1.63811607952745
THA,Thailand,false,1991,1.62920710678797
THA,Thailand,false,1992,1.58945961673195
THA,Thailand,false,1993,1.54362711687309
THA,Thailand,false,1994,1.47432944245539
THA,Thailand,false,1995,1.42705987153545
THA,Thailand,false,1996,1.38103987322343
THA,Thailand,false,1997,1.33372170098054
THA,Thailand,false,1998,1.30564502997303
THA,Thailand,false,1999,1.25409899110086
THA,Thailand,false,2000,1.13127017975852
THA,Thailand,false,2001,1.01584846841136
THA,Thailand,false,2002,0.962026884907362
THA,Thailand,false,2003,0.931947504633534
THA,Thailand,false,2004,0.896077275303913
THA,Thailand,false,2005,0.860087894461849
THA,Thailand,false,2006,0.83006330336846
THA,Thailand,false,2007,0.800044180541195
THA,Thailand,false,2008,0.768156179389423
THA,Thailand,false,2009,0.73854268159594
THA,Thailand,false,2010,0.670617338343587
THA,Thailand,false,2011,0.621807948253872
THA,Thailand,false,2012,0.619591346751357
THA,Thailand,false,2013,0.587325698680648
THA,Thailand,false,2014,0.530129864137193
THA,Thailand,false,2015,0.460976294059414
THA,Thailand,false,2016,0.451266062797186
THA,Thailand,false,2017,0.422963510133952
THA,Thailand,false,2018,0.302929452489855
THA,Thailand,false,2019,0.204609851692418
THA,Thailand,false,2020,0.166540794566251
THA,Thailand,false,2021,0.119758274714782
THA,Thailand,false,2022,0.0111485454856964
THA,Thailand,false,2023,-0.0458651887192549
THA,Thailand,false,2024,-0.0480210554154485
THA,Thailand,false,2025,-0.0672045728198196
TJK,Tajikistan,false,1960,
TJK,Tajikistan,false,1961,3.24551254290557
TJK,Tajikistan,false,1962,3.30089869569961
TJK,Tajikistan,false,1963,3.34515517109644
TJK,Tajikistan,false,1964,3.35363779231261
TJK,Tajikistan,false,1965,3.3336569839065
TJK,Tajikistan,false,1966,3.32113276802048
TJK,Tajikistan,false,1967,3.31802203113047
TJK,Tajikistan,false,1968,3.31216560496357
TJK,Tajikistan,false,1969,3.26598144594205
TJK,Tajikistan,false,1970,3.16543817393938
TJK,Tajikistan,false,1971,3.08653149227023
TJK,Tajikistan,false,1972,3.08365979761596
TJK,Tajikistan,false,1973,3.10769714781606
TJK,Tajikistan,false,1974,3.12266991514234
TJK,Tajikistan,false,1975,3.13651741443711
TJK,Tajikistan,false,1976,3.14640356341965
TJK,Tajikistan,false,1977,3.14730924554859
TJK,Tajikistan,false,1978,3.10578788624202
TJK,Tajikistan,false,1979,2.98493027772227
TJK,Tajikistan,false,1980,2.85791873284097
TJK,Tajikistan,false,1981,2.80773867223727
TJK,Tajikistan,false,1982,2.83479310015619
TJK,Tajikistan,false,1983,2.8843769469939
TJK,Tajikistan,false,1984,2.92521055222868
TJK,Tajikistan,false,1985,3.05500309580076
TJK,Tajikistan,false,1986,3.26157511200752
TJK,Tajikistan,false,1987,3.43801951655771
TJK,Tajikistan,false,1988,3.50004216385013
TJK,Tajikistan,false,1989,2.93329660090518
TJK,Tajikistan,false,1990,2.46625645196378
TJK,Tajikistan,false,1991,2.6041206740472
TJK,Tajikistan,false,1992,1.93373586962239
TJK,Tajikistan,false,1993,1.32919819031035
TJK,Tajikistan,false,1994,1.73808466897799
TJK,Tajikistan,false,1995,2.09310346198551
TJK,Tajikistan,false,1996,1.96324157737844
TJK,Tajikistan,false,1997,1.20112677928097
TJK,Tajikistan,false,1998,0.593820013625566
TJK,Tajikistan,false,1999,0.516328987572414
TJK,Tajikistan,false,2000,1.22252956506886
TJK,Tajikistan,false,2001,1.93263055464193
TJK,Tajikistan,false,2002,1.92125173999603
TJK,Tajikistan,false,2003,1.92429974773697
TJK,Tajikistan,false,2004,1.96260002776105
TJK,Tajikistan,false,2005,1.95661200705717
TJK,Tajikistan,false,2006,1.90026148122724
TJK,Tajikistan,false,2007,1.92134154744809
TJK,Tajikistan,false,2008,1.98075956919701
TJK,Tajikistan,false,2009,2.04782606461211
TJK,Tajikistan,false,2010,2.13859732955825
TJK,Tajikistan,false,2011,2.23107820470165
TJK,Tajikistan,false,2012,2.39042338057157
TJK,Tajikistan,false,2013,2.49710956677516
TJK,Tajikistan,false,2014,2.50974038960922
TJK,Tajikistan,false,2015,2.55779351442662
TJK,Tajikistan,false,2016,2.53351872618566
TJK,Tajikistan,false,2017,2.45467083241302
TJK,Tajikistan,false,2018,2.40737599740749
TJK,Tajikistan,false,2019,2.36385658944468
TJK,Tajikistan,false,2020,2.27553632959872
TJK,Tajikistan,false,2021,2.20738922074721
TJK,Tajikistan,false,2022,2.13728529423458
TJK,Tajikistan,false,2023,2.01812009749216
TJK,Tajikistan,false,2024,1.91732317936133
TJK,Tajikistan,false,2025,1.83193545840317
TKM,Turkmenistan,false,1960,
TKM,Turkmenistan,false,1961,3.11167510873897
TKM,Turkmenistan,false,1962,3.12478429912467
TKM,Turkmenistan,false,1963,3.09906421446654
TKM,Turkmenistan,false,1964,3.04176884925031
TKM,Turkmenistan,false,1965,2.9620962430909
TKM,Turkmenistan,false,1966,2.8719042894804
TKM,Turkmenistan,false,1967,2.7840783546501
TKM,Turkmenistan,false,1968,2.70866233374547
TKM,Turkmenistan,false,1969,2.65073632034238
TKM,Turkmenistan,false,1970,2.61129947352453
TKM,Turkmenistan,false,1971,2.58528335506101
TKM,Turkmenistan,false,1972,2.55509021022816
TKM,Turkmenistan,false,1973,2.54112630773877
TKM,Turkmenistan,false,1974,2.54478334963389
TKM,Turkmenistan,false,1975,2.53908924655112
TKM,Turkmenistan,false,1976,2.53129875026105
TKM,Turkmenistan,false,1977,2.52506966486501
TKM,Turkmenistan,false,1978,2.52655189956911
TKM,Turkmenistan,false,1979,2.54148086543505
TKM,Turkmenistan,false,1980,2.5694472591136
TKM,Turkmenistan,false,1981,2.61310929397064
TKM,Turkmenistan,false,1982,2.66003821088099
TKM,Turkmenistan,false,1983,2.70876523840782
TKM,Turkmenistan,false,1984,2.78225542997342
TKM,Turkmenistan,false,1985,2.91994033139881
TKM,Turkmenistan,false,1986,3.04101629155997
TKM,Turkmenistan,false,1987,3.08594100853158
TKM,Turkmenistan,false,1988,3.04160841686036
TKM,Turkmenistan,false,1989,2.85531834719525
TKM,Turkmenistan,false,1990,2.6433634576391
TKM,Turkmenistan,false,1991,2.50344724262282
TKM,Turkmenistan,false,1992,2.27672304793338
TKM,Turkmenistan,false,1993,2.19933509118075
TKM,Turkmenistan,false,1994,2.06791726669577
TKM,Turkmenistan,false,1995,1.79451640950769
TKM,Turkmenistan,false,1996,1.7177432660259
TKM,Turkmenistan,false,1997,1.69553703429869
TKM,Turkmenistan,false,1998,1.68690409367485
TKM,Turkmenistan,false,1999,1.83462323809047
TKM,Turkmenistan,false,2000,1.99474439724003
TKM,Turkmenistan,false,2001,2.00333203545625
TKM,Turkmenistan,false,2002,1.99174937358472
TKM,Turkmenistan,false,2003,1.95992500636987
TKM,Turkmenistan,false,2004,1.91878016561315
TKM,Turkmenistan,false,2005,1.88138831359517
TKM,Turkmenistan,false,2006,1.85993465591178
TKM,Turkmenistan,false,2007,1.86589170971238
TKM,Turkmenistan,false,2008,1.90736323009162
TKM,Turkmenistan,false,2009,1.97407060173285
TKM,Turkmenistan,false,2010,2.0473578649564
TKM,Turkmenistan,false,2011,2.11713816000684
TKM,Turkmenistan,false,2012,2.17776450077759
TKM,Turkmenistan,false,2013,2.22679030905497
TKM,Turkmenistan,false,2014,2.26303880447268
TKM,Turkmenistan,false,2015,2.28610385900461
TKM,Turkmenistan,false,2016,2.2945212778352
TKM,Turkmenistan,false,2017,2.28530711165221
TKM,Turkmenistan,false,2018,2.25592915498978
TKM,Turkmenistan,false,2019,2.20552575085177
TKM,Turkmenistan,false,2020,2.12265535789649
TKM,Turkmenistan,false,2021,2.02444537373143
TKM,Turkmenistan,false,2022,1.92922787802207
TKM,Turkmenistan,false,2023,1.83970100027524
TKM,Turkmenistan,false,2024,1.75064111797897
TKM,Turkmenistan,false,2025,1.64558945876185
TLA,Latin America & the Caribbean (IDA & IBRD countries),true,1960,
TLA,Latin America & the Caribbean (IDA & IBRD countries),true,1961,2.79357056244156
TLA,Latin America & the Caribbean (IDA & IBRD countries),true,1962,2.79657648122534
TLA,Latin America & the Caribbean (IDA & IBRD countries),true,1963,2.78474533760258
TLA,Latin America & the Caribbean (IDA & IBRD countries),true,1964,2.76266953441592
TLA,Latin America & the Caribbean (IDA & IBRD countries),true,1965,2.72894135184353
TLA,Latin America & the Caribbean (IDA & IBRD countries),true,1966,2.68821253970614
TLA,Latin America & the Caribbean (IDA & IBRD countries),true,1967,2.64435194333457
TLA,Latin America & the Caribbean (IDA & IBRD countries),true,1968,2.59863008995682
TLA,Latin America & the Caribbean (IDA & IBRD countries),true,1969,2.55537963106865
TLA,Latin America & the Caribbean (IDA & IBRD countries),true,1970,2.50454333152365
TLA,Latin America & the Caribbean (IDA & IBRD countries),true,1971,2.46828503802943
TLA,Latin America & the Caribbean (IDA & IBRD countries),true,1972,2.45104807023886
TLA,Latin America & the Caribbean (IDA & IBRD countries),true,1973,2.43150992575536
TLA,Latin America & the Caribbean (IDA & IBRD countries),true,1974,2.40592166081204
TLA,Latin America & the Caribbean (IDA & IBRD countries),true,1975,2.37517270405163
TLA,Latin America & the Caribbean (IDA & IBRD countries),true,1976,2.34749358863831
TLA,Latin America & the Caribbean (IDA & IBRD countries),true,1977,2.33806688024666
TLA,Latin America & the Caribbean (IDA & IBRD countries),true,1978,2.33362151288056
TLA,Latin America & the Caribbean (IDA & IBRD countries),true,1979,2.30945208474689
TLA,Latin America & the Caribbean (IDA & IBRD countries),true,1980,2.28028110512356
TLA,Latin America & the Caribbean (IDA & IBRD countries),true,1981,2.23342090001656
TLA,Latin America & the Caribbean (IDA & IBRD countries),true,1982,2.19114252484041
TLA,Latin America & the Caribbean (IDA & IBRD countries),true,1983,2.17785952724415
TLA,Latin America & the Caribbean (IDA & IBRD countries),true,1984,2.15364376631289
TLA,Latin America & the Caribbean (IDA & IBRD countries),true,1985,2.10927328535449
TLA,Latin America & the Caribbean (IDA & IBRD countries),true,1986,2.06042157471608
TLA,Latin America & the Caribbean (IDA & IBRD countries),true,1987,2.01784423585407
TLA,Latin America & the Caribbean (IDA & IBRD countries),true,1988,1.9844338723741
TLA,Latin America & the Caribbean (IDA & IBRD countries),true,1989,1.94670573366118
TLA,Latin America & the Caribbean (IDA & IBRD countries),true,1990,1.91628157061624
TLA,Latin America & the Caribbean (IDA & IBRD countries),true,1991,1.87098871656405
TLA,Latin America & the Caribbean (IDA & IBRD countries),true,1992,1.82869400326532
TLA,Latin America & the Caribbean (IDA & IBRD countries),true,1993,1.78883053278508
TLA,Latin America & the Caribbean (IDA & IBRD countries),true,1994,1.74232931558626
TLA,Latin America & the Caribbean (IDA & IBRD countries),true,1995,1.70929268749571
TLA,Latin America & the Caribbean (IDA & IBRD countries),true,1996,1.66778248513331
TLA,Latin America & the Caribbean (IDA & IBRD countries),true,1997,1.62881833131036
TLA,Latin America & the Caribbean (IDA & IBRD countries),true,1998,1.60486313605702
TLA,Latin America & the Caribbean (IDA & IBRD countries),true,1999,1.5650724408169
TLA,Latin America & the Caribbean (IDA & IBRD countries),true,2000,1.49578815559574
TLA,Latin America & the Caribbean (IDA & IBRD countries),true,2001,1.42741394579892
TLA,Latin America & the Caribbean (IDA & IBRD countries),true,2002,1.37233266459055
TLA,Latin America & the Caribbean (IDA & IBRD countries),true,2003,1.32201804298939
TLA,Latin America & the Caribbean (IDA & IBRD countries),true,2004,1.2792199361117
TLA,Latin America & the Caribbean (IDA & IBRD countries),true,2005,1.23769748141138
TLA,Latin America & the Caribbean (IDA & IBRD countries),true,2006,1.21976576945127
TLA,Latin America & the Caribbean (IDA & IBRD countries),true,2007,1.20083460818448
TLA,Latin America & the Caribbean (IDA & IBRD countries),true,2008,1.18219090660481
TLA,Latin America & the Caribbean (IDA & IBRD countries),true,2009,1.15368995337642
TLA,Latin America & the Caribbean (IDA & IBRD countries),true,2010,1.11973184926313
TLA,Latin America & the Caribbean (IDA & IBRD countries),true,2011,1.10432364405486
TLA,Latin America & the Caribbean (IDA & IBRD countries),true,2012,1.09272607406844
TLA,Latin America & the Caribbean (IDA & IBRD countries),true,2013,1.06959595652867
TLA,Latin America & the Caribbean (IDA & IBRD countries),true,2014,1.04619686538486
TLA,Latin America & the Caribbean (IDA & IBRD countries),true,2015,1.01129193629703
TLA,Latin America & the Caribbean (IDA & IBRD countries),true,2016,0.977702558791852
TLA,Latin America & the Caribbean (IDA & IBRD countries),true,2017,0.941276850505142
TLA,Latin America & the Caribbean (IDA & IBRD countries),true,2018,0.890295525521512
TLA,Latin America & the Caribbean (IDA & IBRD countries),true,2019,0.833705241452608
TLA,Latin America & the Caribbean (IDA & IBRD countries),true,2020,0.730174026610969
TLA,Latin America & the Caribbean (IDA & IBRD countries),true,2021,0.603142566290651
TLA,Latin America & the Caribbean (IDA & IBRD countries),true,2022,0.625181508078684
TLA,Latin America & the Caribbean (IDA & IBRD countries),true,2023,0.712391178156926
TLA,Latin America & the Caribbean (IDA & IBRD countries),true,2024,0.714412993725169
TLA,Latin America & the Caribbean (IDA & IBRD countries),true,2025,0.687521739687515
TLS,Timor-Leste,false,1960,
TLS,Timor-Leste,false,1961,1.52068471428167
TLS,Timor-Leste,false,1962,1.56213872148793
TLS,Timor-Leste,false,1963,1.60071143503654
TLS,Timor-Leste,false,1964,1.63667458198596
TLS,Timor-Leste,false,1965,1.66555670700936
TLS,Timor-Leste,false,1966,1.69393820926154
TLS,Timor-Leste,false,1967,1.7210116952183
TLS,Timor-Leste,false,1968,1.74341676301628
TLS,Timor-Leste,false,1969,1.7602992892316
TLS,Timor-Leste,false,1970,1.77180456449822
TLS,Timor-Leste,false,1971,1.77364678534006
TLS,Timor-Leste,false,1972,1.76001613367723
TLS,Timor-Leste,false,1973,1.7119044976446
TLS,Timor-Leste,false,1974,1.35848084921827
TLS,Timor-Leste,false,1975,1.23316827413398
TLS,Timor-Leste,false,1976,1.56947534731784
TLS,Timor-Leste,false,1977,1.74483497659318
TLS,Timor-Leste,false,1978,1.67754457167152
TLS,Timor-Leste,false,1979,1.56911259956607
TLS,Timor-Leste,false,1980,1.73092736045679
TLS,Timor-Leste,false,1981,1.62126442193023
TLS,Timor-Leste,false,1982,1.30202299336041
TLS,Timor-Leste,false,1983,1.27082853348461
TLS,Timor-Leste,false,1984,1.32945986767048
TLS,Timor-Leste,false,1985,1.42950241238063
TLS,Timor-Leste,false,1986,1.49876367478622
TLS,Timor-Leste,false,1987,1.58400013471838
TLS,Timor-Leste,false,1988,1.69322596441896
TLS,Timor-Leste,false,1989,1.9126349423685
TLS,Timor-Leste,false,1990,2.05813665395536
TLS,Timor-Leste,false,1991,2.33115091847767
TLS,Timor-Leste,false,1992,2.66750772525115
TLS,Timor-Leste,false,1993,2.72963814698554
TLS,Timor-Leste,false,1994,2.76812017321357
TLS,Timor-Leste,false,1995,2.76234559956866
TLS,Timor-Leste,false,1996,2.74223228341134
TLS,Timor-Leste,false,1997,2.75258803206647
TLS,Timor-Leste,false,1998,2.7259642618715
TLS,Timor-Leste,false,1999,-12.1498964309756
TLS,Timor-Leste,false,2000,-11.356645253535
TLS,Timor-Leste,false,2001,8.63046111911907
TLS,Timor-Leste,false,2002,7.91588252986364
TLS,Timor-Leste,false,2003,4.20086521764908
TLS,Timor-Leste,false,2004,1.3213970309566
TLS,Timor-Leste,false,2005,2.04941163420411
TLS,Timor-Leste,false,2006,2.93915722136614
TLS,Timor-Leste,false,2007,2.85582868913771
TLS,Timor-Leste,false,2008,2.7037190705407
TLS,Timor-Leste,false,2009,2.52049124930661
TLS,Timor-Leste,false,2010,2.41648998363508
TLS,Timor-Leste,false,2011,2.32623937394203
TLS,Timor-Leste,false,2012,2.19848397897983
TLS,Timor-Leste,false,2013,2.07630476166789
TLS,Timor-Leste,false,2014,1.98314794878844
TLS,Timor-Leste,false,2015,1.94624234080117
TLS,Timor-Leste,false,2016,1.90525943887907
TLS,Timor-Leste,false,2017,1.88641549739516
TLS,Timor-Leste,false,2018,1.91930286555216
TLS,Timor-Leste,false,2019,1.93928707188808
TLS,Timor-Leste,false,2020,1.91159373351817
TLS,Timor-Leste,false,2021,1.80006893139932
TLS,Timor-Leste,false,2022,1.40884587356384
TLS,Timor-Leste,false,2023,1.08884743970717
TLS,Timor-Leste,false,2024,1.17433638550192
TLS,Timor-Leste,false,2025,1.26841125849065
TMN,"Middle East, North Africa, Afghanistan & Pakistan (IDA & IBRD)",true,1960,
TMN,"Middle East, North Africa, Afghanistan & Pakistan (IDA & IBRD)",true,1961,2.54381951767275
TMN,"Middle East, North Africa, Afghanistan & Pakistan (IDA & IBRD)",true,1962,2.56822394445664
TMN,"Middle East, North Africa, Afghanistan & Pakistan (IDA & IBRD)",true,1963,2.6139767113093
TMN,"Middle East, North Africa, Afghanistan & Pakistan (IDA & IBRD)",true,1964,2.64127533680304
TMN,"Middle East, North Africa, Afghanistan & Pakistan (IDA & IBRD)",true,1965,2.65776269897843
TMN,"Middle East, North Africa, Afghanistan & Pakistan (IDA & IBRD)",true,1966,2.70554172147714
TMN,"Middle East, North Africa, Afghanistan & Pakistan (IDA & IBRD)",true,1967,2.76150086169754
TMN,"Middle East, North Africa, Afghanistan & Pakistan (IDA & IBRD)",true,1968,2.77593321651073
TMN,"Middle East, North Africa, Afghanistan & Pakistan (IDA & IBRD)",true,1969,2.7853830885398
TMN,"Middle East, North Africa, Afghanistan & Pakistan (IDA & IBRD)",true,1970,2.78040309594337
TMN,"Middle East, North Africa, Afghanistan & Pakistan (IDA & IBRD)",true,1971,2.71576898196542
TMN,"Middle East, North Africa, Afghanistan & Pakistan (IDA & IBRD)",true,1972,2.70597884539719
TMN,"Middle East, North Africa, Afghanistan & Pakistan (IDA & IBRD)",true,1973,2.76150235059244
TMN,"Middle East, North Africa, Afghanistan & Pakistan (IDA & IBRD)",true,1974,2.79021906239548
TMN,"Middle East, North Africa, Afghanistan & Pakistan (IDA & IBRD)",true,1975,2.89834201670483
TMN,"Middle East, North Africa, Afghanistan & Pakistan (IDA & IBRD)",true,1976,2.96693230785755
TMN,"Middle East, North Africa, Afghanistan & Pakistan (IDA & IBRD)",true,1977,2.95077272452497
TMN,"Middle East, North Africa, Afghanistan & Pakistan (IDA & IBRD)",true,1978,2.96820310338494
TMN,"Middle East, North Africa, Afghanistan & Pakistan (IDA & IBRD)",true,1979,2.9957213943633
TMN,"Middle East, North Africa, Afghanistan & Pakistan (IDA & IBRD)",true,1980,3.05521154719866
TMN,"Middle East, North Africa, Afghanistan & Pakistan (IDA & IBRD)",true,1981,3.09925177757886
TMN,"Middle East, North Africa, Afghanistan & Pakistan (IDA & IBRD)",true,1982,3.08284390918874
TMN,"Middle East, North Africa, Afghanistan & Pakistan (IDA & IBRD)",true,1983,3.10106936557354
TMN,"Middle East, North Africa, Afghanistan & Pakistan (IDA & IBRD)",true,1984,3.15556724396794
TMN,"Middle East, North Africa, Afghanistan & Pakistan (IDA & IBRD)",true,1985,3.12495268462297
TMN,"Middle East, North Africa, Afghanistan & Pakistan (IDA & IBRD)",true,1986,3.08265340264262
TMN,"Middle East, North Africa, Afghanistan & Pakistan (IDA & IBRD)",true,1987,3.03678059810075
TMN,"Middle East, North Africa, Afghanistan & Pakistan (IDA & IBRD)",true,1988,2.96736764495833
TMN,"Middle East, North Africa, Afghanistan & Pakistan (IDA & IBRD)",true,1989,2.93775516946181
TMN,"Middle East, North Africa, Afghanistan & Pakistan (IDA & IBRD)",true,1990,2.88620335885177
TMN,"Middle East, North Africa, Afghanistan & Pakistan (IDA & IBRD)",true,1991,2.79838735116677
TMN,"Middle East, North Africa, Afghanistan & Pakistan (IDA & IBRD)",true,1992,2.74660816304909
TMN,"Middle East, North Africa, Afghanistan & Pakistan (IDA & IBRD)",true,1993,2.66957291202657
TMN,"Middle East, North Africa, Afghanistan & Pakistan (IDA & IBRD)",true,1994,2.5311567270057
TMN,"Middle East, North Africa, Afghanistan & Pakistan (IDA & IBRD)",true,1995,2.43531193810948
TMN,"Middle East, North Africa, Afghanistan & Pakistan (IDA & IBRD)",true,1996,2.36425932808127
TMN,"Middle East, North Africa, Afghanistan & Pakistan (IDA & IBRD)",true,1997,2.31876667828729
TMN,"Middle East, North Africa, Afghanistan & Pakistan (IDA & IBRD)",true,1998,2.31706649829223
TMN,"Middle East, North Africa, Afghanistan & Pakistan (IDA & IBRD)",true,1999,2.30340170576697
TMN,"Middle East, North Africa, Afghanistan & Pakistan (IDA & IBRD)",true,2000,2.22280441613587
TMN,"Middle East, North Africa, Afghanistan & Pakistan (IDA & IBRD)",true,2001,2.18598001825325
TMN,"Middle East, North Africa, Afghanistan & Pakistan (IDA & IBRD)",true,2002,2.15415118484166
TMN,"Middle East, North Africa, Afghanistan & Pakistan (IDA & IBRD)",true,2003,2.19615812834471
TMN,"Middle East, North Africa, Afghanistan & Pakistan (IDA & IBRD)",true,2004,2.2644437016203
TMN,"Middle East, North Africa, Afghanistan & Pakistan (IDA & IBRD)",true,2005,2.27076517841604
TMN,"Middle East, North Africa, Afghanistan & Pakistan (IDA & IBRD)",true,2006,2.27615132512189
TMN,"Middle East, North Africa, Afghanistan & Pakistan (IDA & IBRD)",true,2007,2.18078917349353
TMN,"Middle East, North Africa, Afghanistan & Pakistan (IDA & IBRD)",true,2008,2.16246339743565
TMN,"Middle East, North Africa, Afghanistan & Pakistan (IDA & IBRD)",true,2009,2.20806946205631
TMN,"Middle East, North Africa, Afghanistan & Pakistan (IDA & IBRD)",true,2010,2.16064221940925
TMN,"Middle East, North Africa, Afghanistan & Pakistan (IDA & IBRD)",true,2011,2.09658529368184
TMN,"Middle East, North Africa, Afghanistan & Pakistan (IDA & IBRD)",true,2012,1.99845017760602
TMN,"Middle East, North Africa, Afghanistan & Pakistan (IDA & IBRD)",true,2013,1.90408584576261
TMN,"Middle East, North Africa, Afghanistan & Pakistan (IDA & IBRD)",true,2014,1.84086612089953
TMN,"Middle East, North Africa, Afghanistan & Pakistan (IDA & IBRD)",true,2015,1.70873649614423
TMN,"Middle East, North Africa, Afghanistan & Pakistan (IDA & IBRD)",true,2016,1.63269589993256
TMN,"Middle East, North Africa, Afghanistan & Pakistan (IDA & IBRD)",true,2017,1.67605084854725
TMN,"Middle East, North Africa, Afghanistan & Pakistan (IDA & IBRD)",true,2018,1.75747020495062
TMN,"Middle East, North Africa, Afghanistan & Pakistan (IDA & IBRD)",true,2019,1.78066780462406
TMN,"Middle East, North Africa, Afghanistan & Pakistan (IDA & IBRD)",true,2020,1.74889177292591
TMN,"Middle East, North Africa, Afghanistan & Pakistan (IDA & IBRD)",true,2021,1.7022820773622
TMN,"Middle East, North Africa, Afghanistan & Pakistan (IDA & IBRD)",true,2022,1.69089538433865
TMN,"Middle East, North Africa, Afghanistan & Pakistan (IDA & IBRD)",true,2023,1.73430944588312
TMN,"Middle East, North Africa, Afghanistan & Pakistan (IDA & IBRD)",true,2024,1.7106462612973
TMN,"Middle East, North Africa, Afghanistan & Pakistan (IDA & IBRD)",true,2025,1.6281746415265
TON,Tonga,false,1960,
TON,Tonga,false,1961,2.78244868208665
TON,Tonga,false,1962,2.75860567903952
TON,Tonga,false,1963,2.7429888239326
TON,Tonga,false,1964,2.73609999019653
TON,Tonga,false,1965,2.73042201762263
TON,Tonga,false,1966,2.70016274337598
TON,Tonga,false,1967,2.29644602781961
TON,Tonga,false,1968,1.90987830093763
TON,Tonga,false,1969,1.86563942027497
TON,Tonga,false,1970,1.81251449961232
TON,Tonga,false,1971,1.75580122588817
TON,Tonga,false,1972,1.68544612706912
TON,Tonga,false,1973,1.64512313167644
TON,Tonga,false,1974,2.09269537428882
TON,Tonga,false,1975,2.54123636849043
TON,Tonga,false,1976,2.45098335965447
TON,Tonga,false,1977,1.45797948429492
TON,Tonga,false,1978,0.493996229645997
TON,Tonga,false,1979,0.349169537492683
TON,Tonga,false,1980,0.230399512098399
TON,Tonga,false,1981,0.143092247353255
TON,Tonga,false,1982,0.0724900357948518
TON,Tonga,false,1983,0.0183694088628442
TON,Tonga,false,1984,-0.00816376513300912
TON,Tonga,false,1985,-0.00612326125085289
TON,Tonga,false,1986,0.0265314245869884
TON,Tonga,false,1987,0.372735758905758
TON,Tonga,false,1988,0.600979791546612
TON,Tonga,false,1989,0.437562450799529
TON,Tonga,false,1990,0.2983382674185
TON,Tonga,false,1991,0.195395738411958
TON,Tonga,false,1992,0.127052743972781
TON,Tonga,false,1993,0.0809494110412487
TON,Tonga,false,1994,0.0629153808908238
TON,Tonga,false,1995,0.0588848817609876
TON,Tonga,false,1996,0.0498753127545872
TON,Tonga,false,1997,0.397116207949899
TON,Tonga,false,1998,0.706716722309235
TON,Tonga,false,1999,0.646895105662644
TON,Tonga,false,2000,0.616444657597358
TON,Tonga,false,2001,0.593306428110937
TON,Tonga,false,2002,0.565742330137992
TON,Tonga,false,2003,0.566388827048018
TON,Tonga,false,2004,0.579379767566292
TON,Tonga,false,2005,0.56941817120878
TON,Tonga,false,2006,0.549254886800715
TON,Tonga,false,2007,0.444175977594245
TON,Tonga,false,2008,0.275093040718062
TON,Tonga,false,2009,0.170850043659503
TON,Tonga,false,2010,0.183594875501069
TON,Tonga,false,2011,0.158161636914974
TON,Tonga,false,2012,-0.102311314323862
TON,Tonga,false,2013,-0.356114444715887
TON,Tonga,false,2014,-0.438960491824116
TON,Tonga,false,2015,-0.483301677921251
TON,Tonga,false,2016,-0.539650395978897
TON,Tonga,false,2017,-0.159332355407353
TON,Tonga,false,2018,0.20007307916608
TON,Tonga,false,2019,0.09657445504329
TON,Tonga,false,2020,0.0331168127621577
TON,Tonga,false,2021,-0.202657341819835
TON,Tonga,false,2022,-0.425589151486705
TON,Tonga,false,2023,-0.424539964766316
TON,Tonga,false,2024,-0.404269322267007
TON,Tonga,false,2025,-0.416512960445247
TSA,South Asia (IDA & IBRD),true,1960,
TSA,South Asia (IDA & IBRD),true,1961,2.43076032355007
TSA,South Asia (IDA & IBRD),true,1962,2.41961229095326
TSA,South Asia (IDA & IBRD),true,1963,2.39963035415617
TSA,South Asia (IDA & IBRD),true,1964,2.39731519451758
TSA,South Asia (IDA & IBRD),true,1965,2.32140473391369
TSA,South Asia (IDA & IBRD),true,1966,2.22531069391647
TSA,South Asia (IDA & IBRD),true,1967,2.23619282122086
TSA,South Asia (IDA & IBRD),true,1968,2.23882573404094
TSA,South Asia (IDA & IBRD),true,1969,2.19751096465545
TSA,South Asia (IDA & IBRD),true,1970,2.26021272108156
TSA,South Asia (IDA & IBRD),true,1971,2.16413799969374
TSA,South Asia (IDA & IBRD),true,1972,2.16299068198524
TSA,South Asia (IDA & IBRD),true,1973,2.30972895947823
TSA,South Asia (IDA & IBRD),true,1974,2.34747300347465
TSA,South Asia (IDA & IBRD),true,1975,2.37711846682273
TSA,South Asia (IDA & IBRD),true,1976,2.36006285502927
TSA,South Asia (IDA & IBRD),true,1977,2.36122751216238
TSA,South Asia (IDA & IBRD),true,1978,2.31010828069153
TSA,South Asia (IDA & IBRD),true,1979,2.32690696509594
TSA,South Asia (IDA & IBRD),true,1980,2.3754497521298
TSA,South Asia (IDA & IBRD),true,1981,2.3614683847141
TSA,South Asia (IDA & IBRD),true,1982,2.35928771732902
TSA,South Asia (IDA & IBRD),true,1983,2.34907722437005
TSA,South Asia (IDA & IBRD),true,1984,2.33571194142677
TSA,South Asia (IDA & IBRD),true,1985,2.31277643831441
TSA,South Asia (IDA & IBRD),true,1986,2.29247659565801
TSA,South Asia (IDA & IBRD),true,1987,2.2549888649433
TSA,South Asia (IDA & IBRD),true,1988,2.21413000730235
TSA,South Asia (IDA & IBRD),true,1989,2.19489832493793
TSA,South Asia (IDA & IBRD),true,1990,2.16740973841702
TSA,South Asia (IDA & IBRD),true,1991,2.12482191400023
TSA,South Asia (IDA & IBRD),true,1992,2.10476453746125
TSA,South Asia (IDA & IBRD),true,1993,2.07670147527085
TSA,South Asia (IDA & IBRD),true,1994,2.02240418352352
TSA,South Asia (IDA & IBRD),true,1995,1.99663515240926
TSA,South Asia (IDA & IBRD),true,1996,1.98137773016869
TSA,South Asia (IDA & IBRD),true,1997,1.95521739172978
TSA,South Asia (IDA & IBRD),true,1998,1.93054510841714
TSA,South Asia (IDA & IBRD),true,1999,1.9003911093533
TSA,South Asia (IDA & IBRD),true,2000,1.87010525668308
TSA,South Asia (IDA & IBRD),true,2001,1.83909851813667
TSA,South Asia (IDA & IBRD),true,2002,1.76474012365179
TSA,South Asia (IDA & IBRD),true,2003,1.68257244504411
TSA,South Asia (IDA & IBRD),true,2004,1.64264882971034
TSA,South Asia (IDA & IBRD),true,2005,1.56659200685869
TSA,South Asia (IDA & IBRD),true,2006,1.49600531261475
TSA,South Asia (IDA & IBRD),true,2007,1.43510998704335
TSA,South Asia (IDA & IBRD),true,2008,1.36756382052146
TSA,South Asia (IDA & IBRD),true,2009,1.36492318210314
TSA,South Asia (IDA & IBRD),true,2010,1.36549213990938
TSA,South Asia (IDA & IBRD),true,2011,1.33404162065593
TSA,South Asia (IDA & IBRD),true,2012,1.30130285791405
TSA,South Asia (IDA & IBRD),true,2013,1.21325530961961
TSA,South Asia (IDA & IBRD),true,2014,1.20320813189132
TSA,South Asia (IDA & IBRD),true,2015,1.1468644959451
TSA,South Asia (IDA & IBRD),true,2016,1.14742662932202
TSA,South Asia (IDA & IBRD),true,2017,1.11322183437414
TSA,South Asia (IDA & IBRD),true,2018,1.0528841436166
TSA,South Asia (IDA & IBRD),true,2019,1.01724945450809
TSA,South Asia (IDA & IBRD),true,2020,0.970749727379122
TSA,South Asia (IDA & IBRD),true,2021,0.842298209099239
TSA,South Asia (IDA & IBRD),true,2022,0.805672047808918
TSA,South Asia (IDA & IBRD),true,2023,0.880272546944629
TSA,South Asia (IDA & IBRD),true,2024,0.886479316682577
TSA,South Asia (IDA & IBRD),true,2025,0.882496398833338
TSS,Sub-Saharan Africa (IDA & IBRD countries),true,1960,
TSS,Sub-Saharan Africa (IDA & IBRD countries),true,1961,2.40166224425369
TSS,Sub-Saharan Africa (IDA & IBRD countries),true,1962,2.44992554818061
TSS,Sub-Saharan Africa (IDA & IBRD countries),true,1963,2.48258092235862
TSS,Sub-Saharan Africa (IDA & IBRD countries),true,1964,2.52018193225548
TSS,Sub-Saharan Africa (IDA & IBRD countries),true,1965,2.5535537873907
TSS,Sub-Saharan Africa (IDA & IBRD countries),true,1966,2.56402408509673
TSS,Sub-Saharan Africa (IDA & IBRD countries),true,1967,2.5876232649207
TSS,Sub-Saharan Africa (IDA & IBRD countries),true,1968,2.6293219711012
TSS,Sub-Saharan Africa (IDA & IBRD countries),true,1969,2.66403973052321
TSS,Sub-Saharan Africa (IDA & IBRD countries),true,1970,2.69115743501271
TSS,Sub-Saharan Africa (IDA & IBRD countries),true,1971,2.69185542917992
TSS,Sub-Saharan Africa (IDA & IBRD countries),true,1972,2.68059826394649
TSS,Sub-Saharan Africa (IDA & IBRD countries),true,1973,2.75595511147382
TSS,Sub-Saharan Africa (IDA & IBRD countries),true,1974,2.82024338418614
TSS,Sub-Saharan Africa (IDA & IBRD countries),true,1975,2.82056922979188
TSS,Sub-Saharan Africa (IDA & IBRD countries),true,1976,2.82084178868471
TSS,Sub-Saharan Africa (IDA & IBRD countries),true,1977,2.78361469620624
TSS,Sub-Saharan Africa (IDA & IBRD countries),true,1978,2.90936979644065
TSS,Sub-Saharan Africa (IDA & IBRD countries),true,1979,3.00724856283808
TSS,Sub-Saharan Africa (IDA & IBRD countries),true,1980,2.9308270818029
TSS,Sub-Saharan Africa (IDA & IBRD countries),true,1981,2.99256244304446
TSS,Sub-Saharan Africa (IDA & IBRD countries),true,1982,3.08429218030812
TSS,Sub-Saharan Africa (IDA & IBRD countries),true,1983,2.96258942286943
TSS,Sub-Saharan Africa (IDA & IBRD countries),true,1984,2.86495993005608
TSS,Sub-Saharan Africa (IDA & IBRD countries),true,1985,2.89609550727378
TSS,Sub-Saharan Africa (IDA & IBRD countries),true,1986,2.88797561712022
TSS,Sub-Saharan Africa (IDA & IBRD countries),true,1987,2.8921560180815
TSS,Sub-Saharan Africa (IDA & IBRD countries),true,1988,2.84153922738676
TSS,Sub-Saharan Africa (IDA & IBRD countries),true,1989,2.80364196948732
TSS,Sub-Saharan Africa (IDA & IBRD countries),true,1990,2.78393112045755
TSS,Sub-Saharan Africa (IDA & IBRD countries),true,1991,2.70734687562679
TSS,Sub-Saharan Africa (IDA & IBRD countries),true,1992,2.69882330668272
TSS,Sub-Saharan Africa (IDA & IBRD countries),true,1993,2.74011430389807
TSS,Sub-Saharan Africa (IDA & IBRD countries),true,1994,2.65903715598865
TSS,Sub-Saharan Africa (IDA & IBRD countries),true,1995,2.65172356963433
TSS,Sub-Saharan Africa (IDA & IBRD countries),true,1996,2.67908436193871
TSS,Sub-Saharan Africa (IDA & IBRD countries),true,1997,2.62746892102878
TSS,Sub-Saharan Africa (IDA & IBRD countries),true,1998,2.65728471454759
TSS,Sub-Saharan Africa (IDA & IBRD countries),true,1999,2.66420162489777
TSS,Sub-Saharan Africa (IDA & IBRD countries),true,2000,2.65643197482242
TSS,Sub-Saharan Africa (IDA & IBRD countries),true,2001,2.67360374506944
TSS,Sub-Saharan Africa (IDA & IBRD countries),true,2002,2.68951353581012
TSS,Sub-Saharan Africa (IDA & IBRD countries),true,2003,2.69789014792803
TSS,Sub-Saharan Africa (IDA & IBRD countries),true,2004,2.71644521907161
TSS,Sub-Saharan Africa (IDA & IBRD countries),true,2005,2.73136562485226
TSS,Sub-Saharan Africa (IDA & IBRD countries),true,2006,2.73357282064004
TSS,Sub-Saharan Africa (IDA & IBRD countries),true,2007,2.74614036754918
TSS,Sub-Saharan Africa (IDA & IBRD countries),true,2008,2.7676283324021
TSS,Sub-Saharan Africa (IDA & IBRD countries),true,2009,2.7624245378099
TSS,Sub-Saharan Africa (IDA & IBRD countries),true,2010,2.75878191547823
TSS,Sub-Saharan Africa (IDA & IBRD countries),true,2011,2.74118426364775
TSS,Sub-Saharan Africa (IDA & IBRD countries),true,2012,2.72721061814711
TSS,Sub-Saharan Africa (IDA & IBRD countries),true,2013,2.7384822175657
TSS,Sub-Saharan Africa (IDA & IBRD countries),true,2014,2.71130226644117
TSS,Sub-Saharan Africa (IDA & IBRD countries),true,2015,2.69373720181663
TSS,Sub-Saharan Africa (IDA & IBRD countries),true,2016,2.64913137238487
TSS,Sub-Saharan Africa (IDA & IBRD countries),true,2017,2.63028429729826
TSS,Sub-Saharan Africa (IDA & IBRD countries),true,2018,2.64813725378739
TSS,Sub-Saharan Africa (IDA & IBRD countries),true,2019,2.60516152659926
TSS,Sub-Saharan Africa (IDA & IBRD countries),true,2020,2.57199901173513
TSS,Sub-Saharan Africa (IDA & IBRD countries),true,2021,2.53042768655601
TSS,Sub-Saharan Africa (IDA & IBRD countries),true,2022,2.48277688054378
TSS,Sub-Saharan Africa (IDA & IBRD countries),true,2023,2.46269453367738
TSS,Sub-Saharan Africa (IDA & IBRD countries),true,2024,2.44264156497122
TSS,Sub-Saharan Africa (IDA & IBRD countries),true,2025,2.42913202460595
TTO,Trinidad and Tobago,false,1960,
TTO,Trinidad and Tobago,false,1961,2.13123674946673
TTO,Trinidad and Tobago,false,1962,1.95608007658676
TTO,Trinidad and Tobago,false,1963,1.86949943301294
TTO,Trinidad and Tobago,false,1964,1.7858021983154
TTO,Trinidad and Tobago,false,1965,1.67942480515261
TTO,Trinidad and Tobago,false,1966,1.55098702563312
TTO,Trinidad and Tobago,false,1967,1.41955836419143
TTO,Trinidad and Tobago,false,1968,1.30757478378314
TTO,Trinidad and Tobago,false,1969,1.2001916636422
TTO,Trinidad and Tobago,false,1970,1.09169784604068
TTO,Trinidad and Tobago,false,1971,1.11472446974582
TTO,Trinidad and Tobago,false,1972,1.22291123181176
TTO,Trinidad and Tobago,false,1973,1.26594379413501
TTO,Trinidad and Tobago,false,1974,1.24819614443994
TTO,Trinidad and Tobago,false,1975,1.21363517673057
TTO,Trinidad and Tobago,false,1976,1.21164999295438
TTO,Trinidad and Tobago,false,1977,1.23429648455509
TTO,Trinidad and Tobago,false,1978,1.27258228634035
TTO,Trinidad and Tobago,false,1979,1.29569072184912
TTO,Trinidad and Tobago,false,1980,1.26538941118977
TTO,Trinidad and Tobago,false,1981,1.18643266562972
TTO,Trinidad and Tobago,false,1982,1.12087632947758
TTO,Trinidad and Tobago,false,1983,1.09225369943429
TTO,Trinidad and Tobago,false,1984,1.06706853199187
TTO,Trinidad and Tobago,false,1985,1.21864791146413
TTO,Trinidad and Tobago,false,1986,1.31840988705887
TTO,Trinidad and Tobago,false,1987,1.17663580982661
TTO,Trinidad and Tobago,false,1988,1.03823999487909
TTO,Trinidad and Tobago,false,1989,0.933060507492481
TTO,Trinidad and Tobago,false,1990,0.850752261763777
TTO,Trinidad and Tobago,false,1991,0.792486108298516
TTO,Trinidad and Tobago,false,1992,0.750088861459708
TTO,Trinidad and Tobago,false,1993,0.688993141481666
TTO,Trinidad and Tobago,false,1994,0.61312700175952
TTO,Trinidad and Tobago,false,1995,0.528584437291786
TTO,Trinidad and Tobago,false,1996,0.443666738699283
TTO,Trinidad and Tobago,false,1997,0.376559274218246
TTO,Trinidad and Tobago,false,1998,0.335542949338288
TTO,Trinidad and Tobago,false,1999,0.341570955039463
TTO,Trinidad and Tobago,false,2000,0.384592207827917
TTO,Trinidad and Tobago,false,2001,0.437978261429968
TTO,Trinidad and Tobago,false,2002,0.48495379094578
TTO,Trinidad and Tobago,false,2003,0.501588638492564
TTO,Trinidad and Tobago,false,2004,0.497078430407533
TTO,Trinidad and Tobago,false,2005,-3.855661582685
TTO,Trinidad and Tobago,false,2006,0.26615888493115
TTO,Trinidad and Tobago,false,2007,0.403209610635395
TTO,Trinidad and Tobago,false,2008,0.413435896307233
TTO,Trinidad and Tobago,false,2009,0.116012084682397
TTO,Trinidad and Tobago,false,2010,0.579036711567976
TTO,Trinidad and Tobago,false,2011,0.778994109506155
TTO,Trinidad and Tobago,false,2012,0.538824146577348
TTO,Trinidad and Tobago,false,2013,0.400859959050308
TTO,Trinidad and Tobago,false,2014,0.356379989236334
TTO,Trinidad and Tobago,false,2015,0.32088962269951
TTO,Trinidad and Tobago,false,2016,0.312772812072739
TTO,Trinidad and Tobago,false,2017,0.202027127649021
TTO,Trinidad and Tobago,false,2018,0.18852465203732
TTO,Trinidad and Tobago,false,2019,0.351942101931713
TTO,Trinidad and Tobago,false,2020,0.200680476473799
TTO,Trinidad and Tobago,false,2021,0.0609300519200696
TTO,Trinidad and Tobago,false,2022,-0.128266918103601
TTO,Trinidad and Tobago,false,2023,0.124756950526578
TTO,Trinidad and Tobago,false,2024,0.0601642729371072
TTO,Trinidad and Tobago,false,2025,-0.0415920932776015
TUN,Tunisia,false,1960,
TUN,Tunisia,false,1961,1.14149601585088
TUN,Tunisia,false,1962,1.21718210758098
TUN,Tunisia,false,1963,1.31864665679504
TUN,Tunisia,false,1964,1.40717809245491
TUN,Tunisia,false,1965,1.58027800984485
TUN,Tunisia,false,1966,1.97326211680893
TUN,Tunisia,false,1967,2.30925023467748
TUN,Tunisia,false,1968,2.46730939342627
TUN,Tunisia,false,1969,2.52523485444931
TUN,Tunisia,false,1970,2.50008754457303
TUN,Tunisia,false,1971,2.50684392873467
TUN,Tunisia,false,1972,2.53149714219045
TUN,Tunisia,false,1973,2.57353852346793
TUN,Tunisia,false,1974,2.62772388071346
TUN,Tunisia,false,1975,2.68306373209253
TUN,Tunisia,false,1976,2.66539246938439
TUN,Tunisia,false,1977,2.61576636511961
TUN,Tunisia,false,1978,2.46229925939827
TUN,Tunisia,false,1979,2.30358297982867
TUN,Tunisia,false,1980,2.29330154232813
TUN,Tunisia,false,1981,2.27611665242692
TUN,Tunisia,false,1982,2.20040800162305
TUN,Tunisia,false,1983,2.07933870113623
TUN,Tunisia,false,1984,2.32945683647599
TUN,Tunisia,false,1985,2.59563017349708
TUN,Tunisia,false,1986,2.53705029672138
TUN,Tunisia,false,1987,2.46513393039272
TUN,Tunisia,false,1988,2.34022356945689
TUN,Tunisia,false,1989,2.19801607245399
TUN,Tunisia,false,1990,2.09824676539887
TUN,Tunisia,false,1991,2.10770264279961
TUN,Tunisia,false,1992,2.10298061493524
TUN,Tunisia,false,1993,1.99999574167744
TUN,Tunisia,false,1994,1.79614120435734
TUN,Tunisia,false,1995,1.57112483149253
TUN,Tunisia,false,1996,1.44320056827616
TUN,Tunisia,false,1997,1.35543878502605
TUN,Tunisia,false,1998,1.26983091069473
TUN,Tunisia,false,1999,1.19074438326818
TUN,Tunisia,false,2000,1.12222559070037
TUN,Tunisia,false,2001,1.06692195988269
TUN,Tunisia,false,2002,1.02654008179225
TUN,Tunisia,false,2003,0.999023084325491
TUN,Tunisia,false,2004,0.934209359397325
TUN,Tunisia,false,2005,0.874656405933051
TUN,Tunisia,false,2006,0.8828182844401
TUN,Tunisia,false,2007,0.916799634880203
TUN,Tunisia,false,2008,0.961991588143559
TUN,Tunisia,false,2009,1.01963219046734
TUN,Tunisia,false,2010,1.07673286637757
TUN,Tunisia,false,2011,1.10896127086771
TUN,Tunisia,false,2012,1.12911133130148
TUN,Tunisia,false,2013,1.18925109300243
TUN,Tunisia,false,2014,1.18603354474404
TUN,Tunisia,false,2015,1.12871973379756
TUN,Tunisia,false,2016,1.10253911569433
TUN,Tunisia,false,2017,1.05116025482594
TUN,Tunisia,false,2018,0.982378425356264
TUN,Tunisia,false,2019,0.926946081730267
TUN,Tunisia,false,2020,0.830022185577052
TUN,Tunisia,false,2021,0.620790374510459
TUN,Tunisia,false,2022,0.585173208533683
TUN,Tunisia,false,2023,0.666925034776371
TUN,Tunisia,false,2024,0.626519256572759
TUN,Tunisia,false,2025,0.580403828948731
TUR,Turkiye,false,1960,
TUR,Turkiye,false,1961,2.7481341991326
TUR,Turkiye,false,1962,2.6999312672182
TUR,Turkiye,false,1963,2.67382042142113
TUR,Turkiye,false,1964,2.6217404628547
TUR,Turkiye,false,1965,2.51122742236873
TUR,Turkiye,false,1966,2.54108684098155
TUR,Turkiye,false,1967,2.59652771372896
TUR,Turkiye,false,1968,2.52655576323865
TUR,Turkiye,false,1969,2.44983723776896
TUR,Turkiye,false,1970,2.34923181240437
TUR,Turkiye,false,1971,2.37384583733504
TUR,Turkiye,false,1972,2.40070520789104
TUR,Turkiye,false,1973,2.31315572098016
TUR,Turkiye,false,1974,2.21458278545427
TUR,Turkiye,false,1975,2.07454436942688
TUR,Turkiye,false,1976,2.04184610320268
TUR,Turkiye,false,1977,2.06285843234594
TUR,Turkiye,false,1978,2.0181709885216
TUR,Turkiye,false,1979,1.96277819897275
TUR,Turkiye,false,1980,1.99827279308554
TUR,Turkiye,false,1981,1.98932745853202
TUR,Turkiye,false,1982,2.1377808515577
TUR,Turkiye,false,1983,2.35015474389478
TUR,Turkiye,false,1984,2.29890148671451
TUR,Turkiye,false,1985,2.22038416830572
TUR,Turkiye,false,1986,2.1289208915688
TUR,Turkiye,false,1987,2.03769869991681
TUR,Turkiye,false,1988,1.99711197505007
TUR,Turkiye,false,1989,1.96008255174558
TUR,Turkiye,false,1990,1.87208457619709
TUR,Turkiye,false,1991,1.75939857025913
TUR,Turkiye,false,1992,1.70479077867469
TUR,Turkiye,false,1993,1.72507084421117
TUR,Turkiye,false,1994,1.73850114428048
TUR,Turkiye,false,1995,1.63671354378767
TUR,Turkiye,false,1996,1.5070440949697
TUR,Turkiye,false,1997,1.44522126567333
TUR,Turkiye,false,1998,1.39260558297453
TUR,Turkiye,false,1999,1.33651905329422
TUR,Turkiye,false,2000,1.28297648712556
TUR,Turkiye,false,2001,1.2442785656482
TUR,Turkiye,false,2002,1.20587153637377
TUR,Turkiye,false,2003,1.16094416683032
TUR,Turkiye,false,2004,1.11548254617054
TUR,Turkiye,false,2005,1.06864181704433
TUR,Turkiye,false,2006,1.02715519431982
TUR,Turkiye,false,2007,0.160856263475951
TUR,Turkiye,false,2008,1.26560336535681
TUR,Turkiye,false,2009,1.3803027157145
TUR,Turkiye,false,2010,1.51943093763293
TUR,Turkiye,false,2011,1.46777416449143
TUR,Turkiye,false,2012,1.27471801981307
TUR,Turkiye,false,2013,1.28441474668
TUR,Turkiye,false,2014,1.3490889002021
TUR,Turkiye,false,2015,1.33411577030414
TUR,Turkiye,false,2016,1.34542593504869
TUR,Turkiye,false,2017,1.29675571220462
TUR,Turkiye,false,2018,1.35360298648434
TUR,Turkiye,false,2019,1.42969688109789
TUR,Turkiye,false,2020,0.970386031353162
TUR,Turkiye,false,2021,0.910444902564511
TUR,Turkiye,false,2022,0.984586244469359
TUR,Turkiye,false,2023,0.406389351118662
TUR,Turkiye,false,2024,0.225580501096507
TUR,Turkiye,false,2025,0.419954927193433
TUV,Tuvalu,false,1960,
TUV,Tuvalu,false,1961,0.889210909767912
TUV,Tuvalu,false,1962,0.898922066192162
TUV,Tuvalu,false,1963,0.908303187875469
TUV,Tuvalu,false,1964,0.0173867687128334
TUV,Tuvalu,false,1965,-0.645332317197163
TUV,Tuvalu,false,1966,-0.508728401796596
TUV,Tuvalu,false,1967,-0.599754840652707
TUV,Tuvalu,false,1968,-0.496631031391719
TUV,Tuvalu,false,1969,0.124389176411777
TUV,Tuvalu,false,1970,0.566674085918647
TUV,Tuvalu,false,1971,0.387734007083144
TUV,Tuvalu,false,1972,0.123055302510661
TUV,Tuvalu,false,1973,-0.193440665261612
TUV,Tuvalu,false,1974,2.45165717484417
TUV,Tuvalu,false,1975,4.94279349369963
TUV,Tuvalu,false,1976,4.58510148740404
TUV,Tuvalu,false,1977,4.30929928634386
TUV,Tuvalu,false,1978,3.97325589435973
TUV,Tuvalu,false,1979,3.21079840583942
TUV,Tuvalu,false,1980,2.50184870229751
TUV,Tuvalu,false,1981,2.1488874148372
TUV,Tuvalu,false,1982,1.8170348497314
TUV,Tuvalu,false,1983,1.61784412692521
TUV,Tuvalu,false,1984,1.44034100513874
TUV,Tuvalu,false,1985,1.80591815383975
TUV,Tuvalu,false,1986,2.10301054214544
TUV,Tuvalu,false,1987,1.85681727288685
TUV,Tuvalu,false,1988,1.74082198231025
TUV,Tuvalu,false,1989,1.67640712914131
TUV,Tuvalu,false,1990,1.55787801340932
TUV,Tuvalu,false,1991,1.46679827124271
TUV,Tuvalu,false,1992,1.22455053501328
TUV,Tuvalu,false,1993,0.968957151612279
TUV,Tuvalu,false,1994,0.883658180049794
TUV,Tuvalu,false,1995,0.789748249240041
TUV,Tuvalu,false,1996,0.665881528180704
TUV,Tuvalu,false,1997,0.618932719604204
TUV,Tuvalu,false,1998,0.541086673696092
TUV,Tuvalu,false,1999,0.475010129444783
TUV,Tuvalu,false,2000,0.504202748824808
TUV,Tuvalu,false,2001,0.43910159418246
TUV,Tuvalu,false,2002,0.385236563682417
TUV,Tuvalu,false,2003,0.745422232035146
TUV,Tuvalu,false,2004,1.24034187139951
TUV,Tuvalu,false,2005,1.25533132598724
TUV,Tuvalu,false,2006,1.16024506194636
TUV,Tuvalu,false,2007,1.24519841921979
TUV,Tuvalu,false,2008,1.3559199103652
TUV,Tuvalu,false,2009,1.34734017778276
TUV,Tuvalu,false,2010,1.45198280440794
TUV,Tuvalu,false,2011,1.55186810751479
TUV,Tuvalu,false,2012,1.41846349919564
TUV,Tuvalu,false,2013,0.610897728449108
TUV,Tuvalu,false,2014,-0.154650929162867
TUV,Tuvalu,false,2015,-0.1913701773267
TUV,Tuvalu,false,2016,-0.301466450395575
TUV,Tuvalu,false,2017,-0.559660160739733
TUV,Tuvalu,false,2018,-1.09159270779589
TUV,Tuvalu,false,2019,-1.59388335810663
TUV,Tuvalu,false,2020,-1.73502922439289
TUV,Tuvalu,false,2021,-1.99103357602457
TUV,Tuvalu,false,2022,-2.00145390945735
TUV,Tuvalu,false,2023,-1.77710654146662
TUV,Tuvalu,false,2024,-1.74703857618302
TUV,Tuvalu,false,2025,-1.6093983073263
TZA,Tanzania,false,1960,
TZA,Tanzania,false,1961,2.85212872171048
TZA,Tanzania,false,1962,2.90091140875824
TZA,Tanzania,false,1963,2.92939479641117
TZA,Tanzania,false,1964,2.9946388794533
TZA,Tanzania,false,1965,3.03495807827148
TZA,Tanzania,false,1966,3.0625462970905
TZA,Tanzania,false,1967,3.10210241059402
TZA,Tanzania,false,1968,3.24166761649137
TZA,Tanzania,false,1969,3.39068946964228
TZA,Tanzania,false,1970,3.4378636836861
TZA,Tanzania,false,1971,3.48689394774172
TZA,Tanzania,false,1972,3.57045624591974
TZA,Tanzania,false,1973,3.60027787098264
TZA,Tanzania,false,1974,3.60848945776361
TZA,Tanzania,false,1975,3.63908396908399
TZA,Tanzania,false,1976,3.63755866169759
TZA,Tanzania,false,1977,3.61866152328231
TZA,Tanzania,false,1978,3.53077102252449
TZA,Tanzania,false,1979,3.36644037435699
TZA,Tanzania,false,1980,3.16438478703584
TZA,Tanzania,false,1981,3.05317909248486
TZA,Tanzania,false,1982,3.05557860245516
TZA,Tanzania,false,1983,3.28538970486807
TZA,Tanzania,false,1984,3.26304867803527
TZA,Tanzania,false,1985,3.26413176180487
TZA,Tanzania,false,1986,3.30998403207783
TZA,Tanzania,false,1987,3.26283888168599
TZA,Tanzania,false,1988,3.03017868342338
TZA,Tanzania,false,1989,2.66533890395574
TZA,Tanzania,false,1990,2.60523548410201
TZA,Tanzania,false,1991,2.53453102605205
TZA,Tanzania,false,1992,2.49709386912698
TZA,Tanzania,false,1993,3.13737726435695
TZA,Tanzania,false,1994,3.84179855606781
TZA,Tanzania,false,1995,3.14652813346473
TZA,Tanzania,false,1996,1.83364600544135
TZA,Tanzania,false,1997,2.02274347919653
TZA,Tanzania,false,1998,2.63261492761807
TZA,Tanzania,false,1999,2.67776635574134
TZA,Tanzania,false,2000,2.84152432501121
TZA,Tanzania,false,2001,2.70152074754623
TZA,Tanzania,false,2002,2.58850722069614
TZA,Tanzania,false,2003,2.64525638066994
TZA,Tanzania,false,2004,2.71326096371365
TZA,Tanzania,false,2005,2.77513941065557
TZA,Tanzania,false,2006,2.80055623798532
TZA,Tanzania,false,2007,2.79133312179469
TZA,Tanzania,false,2008,2.70285900109119
TZA,Tanzania,false,2009,2.46693695085578
TZA,Tanzania,false,2010,2.54448522649017
TZA,Tanzania,false,2011,2.79985031213535
TZA,Tanzania,false,2012,2.8799437394168
TZA,Tanzania,false,2013,3.01455736724095
TZA,Tanzania,false,2014,3.08040316049107
TZA,Tanzania,false,2015,3.26181042317192
TZA,Tanzania,false,2016,3.40729531415315
TZA,Tanzania,false,2017,3.3414302210835
TZA,Tanzania,false,2018,3.15572113764533
TZA,Tanzania,false,2019,2.98060939385811
TZA,Tanzania,false,2020,2.99305168844906
TZA,Tanzania,false,2021,3.00113934816488
TZA,Tanzania,false,2022,2.95046658393064
TZA,Tanzania,false,2023,2.90250073555304
TZA,Tanzania,false,2024,2.87426672866542
TZA,Tanzania,false,2025,2.85515014149945
UGA,Uganda,false,1960,
UGA,Uganda,false,1961,2.85436766477907
UGA,Uganda,false,1962,2.88358378727794
UGA,Uganda,false,1963,2.93986298067628
UGA,Uganda,false,1964,2.98721516182428
UGA,Uganda,false,1965,3.01521514314754
UGA,Uganda,false,1966,3.04563914079287
UGA,Uganda,false,1967,3.08748107440163
UGA,Uganda,false,1968,3.13567860737741
UGA,Uganda,false,1969,3.10544035923079
UGA,Uganda,false,1970,3.01692871630496
UGA,Uganda,false,1971,2.83309975420133
UGA,Uganda,false,1972,2.48887451803699
UGA,Uganda,false,1973,2.34635933976225
UGA,Uganda,false,1974,2.48680439087536
UGA,Uganda,false,1975,2.59533257288408
UGA,Uganda,false,1976,2.62658805838474
UGA,Uganda,false,1977,2.64290079458233
UGA,Uganda,false,1978,2.65421051917739
UGA,Uganda,false,1979,2.41349513090816
UGA,Uganda,false,1980,2.08226565426716
UGA,Uganda,false,1981,2.09242115788023
UGA,Uganda,false,1982,2.31273917399455
UGA,Uganda,false,1983,2.4791706010125
UGA,Uganda,false,1984,2.67655183281159
UGA,Uganda,false,1985,2.8080477109938
UGA,Uganda,false,1986,2.91184663472622
UGA,Uganda,false,1987,3.09740811737208
UGA,Uganda,false,1988,3.18496327397902
UGA,Uganda,false,1989,3.22725704444423
UGA,Uganda,false,1990,3.2344599665248
UGA,Uganda,false,1991,3.28085919198602
UGA,Uganda,false,1992,3.40647506748478
UGA,Uganda,false,1993,3.4537864825563
UGA,Uganda,false,1994,3.35593325916572
UGA,Uganda,false,1995,2.73161443108009
UGA,Uganda,false,1996,2.70145587024081
UGA,Uganda,false,1997,2.8989305129642
UGA,Uganda,false,1998,2.97399633980632
UGA,Uganda,false,1999,3.24006928294857
UGA,Uganda,false,2000,3.14418360294887
UGA,Uganda,false,2001,3.05906863525199
UGA,Uganda,false,2002,3.13158750187579
UGA,Uganda,false,2003,3.15822372497188
UGA,Uganda,false,2004,2.99944519470383
UGA,Uganda,false,2005,2.93492118829227
UGA,Uganda,false,2006,2.92745935131587
UGA,Uganda,false,2007,2.94106654284048
UGA,Uganda,false,2008,2.9444861420196
UGA,Uganda,false,2009,2.94129171098808
UGA,Uganda,false,2010,2.9438913354304
UGA,Uganda,false,2011,2.93194913680129
UGA,Uganda,false,2012,2.90422608403173
UGA,Uganda,false,2013,2.86955163863091
UGA,Uganda,false,2014,2.95144499872136
UGA,Uganda,false,2015,3.07329293941893
UGA,Uganda,false,2016,3.32192491389275
UGA,Uganda,false,2017,3.49059590870242
UGA,Uganda,false,2018,3.39741097582772
UGA,Uganda,false,2019,3.39132142318772
UGA,Uganda,false,2020,3.33341751069644
UGA,Uganda,false,2021,3.21773661761443
UGA,Uganda,false,2022,3.00759449042677
UGA,Uganda,false,2023,2.80083228962433
UGA,Uganda,false,2024,2.75373170025335
UGA,Uganda,false,2025,2.70194383324801
UKR,Ukraine,false,1960,
UKR,Ukraine,false,1961,1.33531846186007
UKR,Ukraine,false,1962,1.2454628093369
UKR,Ukraine,false,1963,1.17345809598308
UKR,Ukraine,false,1964,1.0933219610835
UKR,Ukraine,false,1965,0.964686284119638
UKR,Ukraine,false,1966,0.911574871570864
UKR,Ukraine,false,1967,0.89867092208984
UKR,Ukraine,false,1968,0.858209849772858
UKR,Ukraine,false,1969,0.773438524216021
UKR,Ukraine,false,1970,0.604962317155543
UKR,Ukraine,false,1971,0.65795004881002
UKR,Ukraine,false,1972,0.782259633872424
UKR,Ukraine,false,1973,0.68637605671355
UKR,Ukraine,false,1974,0.618355276004561
UKR,Ukraine,false,1975,0.59247642666202
UKR,Ukraine,false,1976,0.521734522511783
UKR,Ukraine,false,1977,0.438036172888639
UKR,Ukraine,false,1978,0.373794191595451
UKR,Ukraine,false,1979,0.403331276919612
UKR,Ukraine,false,1980,0.469060111899921
UKR,Ukraine,false,1981,0.467583508255192
UKR,Ukraine,false,1982,0.424374323448127
UKR,Ukraine,false,1983,0.463788584263996
UKR,Ukraine,false,1984,0.49361522166582
UKR,Ukraine,false,1985,0.433684745489531
UKR,Ukraine,false,1986,0.409997829463664
UKR,Ukraine,false,1987,0.383115170495451
UKR,Ukraine,false,1988,0.405114492529911
UKR,Ukraine,false,1989,0.37236443824199
UKR,Ukraine,false,1990,0.262138262818918
UKR,Ukraine,false,1991,0.224262872730958
UKR,Ukraine,false,1992,0.292283164777446
UKR,Ukraine,false,1993,0.0505475129812724
UKR,Ukraine,false,1994,-0.525019256069775
UKR,Ukraine,false,1995,-0.791314942324349
UKR,Ukraine,false,1996,-0.854165873072084
UKR,Ukraine,false,1997,-0.861119151410882
UKR,Ukraine,false,1998,-0.804922047186478
UKR,Ukraine,false,1999,-0.803711705470069
UKR,Ukraine,false,2000,-0.843515300409476
UKR,Ukraine,false,2001,-0.911802334090355
UKR,Ukraine,false,2002,-0.878622609109747
UKR,Ukraine,false,2003,-0.746752569088852
UKR,Ukraine,false,2004,-0.697090406399135
UKR,Ukraine,false,2005,-0.824471243376951
UKR,Ukraine,false,2006,-0.646951976746368
UKR,Ukraine,false,2007,-0.457691249751745
UKR,Ukraine,false,2008,-0.518999631278387
UKR,Ukraine,false,2009,-0.418318079718443
UKR,Ukraine,false,2010,-0.360396778842802
UKR,Ukraine,false,2011,-0.319413470604977
UKR,Ukraine,false,2012,-0.211412120058561
UKR,Ukraine,false,2013,-0.180396113217713
UKR,Ukraine,false,2014,-0.335269423483557
UKR,Ukraine,false,2015,-0.40865263025121
UKR,Ukraine,false,2016,-0.36774838525265
UKR,Ukraine,false,2017,-0.397112648136029
UKR,Ukraine,false,2018,-0.501151978990809
UKR,Ukraine,false,2019,-0.557746010589576
UKR,Ukraine,false,2020,-0.619037730087783
UKR,Ukraine,false,2021,-0.857231073467664
UKR,Ukraine,false,2022,-7.61932022603164
UKR,Ukraine,false,2023,-8.42300777431605
UKR,Ukraine,false,2024,0.33702862573394
UKR,Ukraine,false,2025,2.91573569457478
UMC,Upper middle income,true,1960,
UMC,Upper middle income,true,1961,0.652777672592027
UMC,Upper middle income,true,1962,1.66017233714081
UMC,Upper middle income,true,1963,2.54156482860586
UMC,Upper middle income,true,1964,2.4625791328687
UMC,Upper middle income,true,1965,2.44916797785023
UMC,Upper middle income,true,1966,2.63981988819971
UMC,Upper middle income,true,1967,2.53132806780338
UMC,Upper middle income,true,1968,2.54264369131507
UMC,Upper middle income,true,1969,2.6029108224528
UMC,Upper middle income,true,1970,2.58403374708053
UMC,Upper middle income,true,1971,2.56343933077654
UMC,Upper middle income,true,1972,2.40081112273075
UMC,Upper middle income,true,1973,2.2918659660856
UMC,Upper middle income,true,1974,2.16003742007783
UMC,Upper middle income,true,1975,1.99951819924355
UMC,Upper middle income,true,1976,1.89513858116384
UMC,Upper middle income,true,1977,1.79474896856867
UMC,Upper middle income,true,1978,1.77669413223683
UMC,Upper middle income,true,1979,1.75554924113064
UMC,Upper middle income,true,1980,1.71924183105929
UMC,Upper middle income,true,1981,1.76637995179642
UMC,Upper middle income,true,1982,1.86163606014656
UMC,Upper middle income,true,1983,1.81982289479877
UMC,Upper middle income,true,1984,1.74572111112935
UMC,Upper middle income,true,1985,1.74489823330919
UMC,Upper middle income,true,1986,1.783140150923
UMC,Upper middle income,true,1987,1.82099075870911
UMC,Upper middle income,true,1988,1.79630884693847
UMC,Upper middle income,true,1989,1.73231690035647
UMC,Upper middle income,true,1990,1.66345209148891
UMC,Upper middle income,true,1991,1.55952367660855
UMC,Upper middle income,true,1992,1.45830903813766
UMC,Upper middle income,true,1993,1.36711080889657
UMC,Upper middle income,true,1994,1.30627120727481
UMC,Upper middle income,true,1995,1.26925442611132
UMC,Upper middle income,true,1996,1.2446081139053
UMC,Upper middle income,true,1997,1.21659119515708
UMC,Upper middle income,true,1998,1.17776416253043
UMC,Upper middle income,true,1999,1.11663305244438
UMC,Upper middle income,true,2000,1.06376033153172
UMC,Upper middle income,true,2001,1.00787856640962
UMC,Upper middle income,true,2002,0.94125247626824
UMC,Upper middle income,true,2003,0.910767177312156
UMC,Upper middle income,true,2004,0.90949676957957
UMC,Upper middle income,true,2005,0.900016830096578
UMC,Upper middle income,true,2006,0.879663065619946
UMC,Upper middle income,true,2007,0.828791035539741
UMC,Upper middle income,true,2008,0.867362305395734
UMC,Upper middle income,true,2009,0.869778855353797
UMC,Upper middle income,true,2010,0.853975999885211
UMC,Upper middle income,true,2011,0.876197947140483
UMC,Upper middle income,true,2012,0.951904089622583
UMC,Upper middle income,true,2013,0.942952867368013
UMC,Upper middle income,true,2014,0.937424279998297
UMC,Upper middle income,true,2015,0.890873354029235
UMC,Upper middle income,true,2016,0.845665537032691
UMC,Upper middle income,true,2017,0.839963610203264
UMC,Upper middle income,true,2018,0.781640672917611
UMC,Upper middle income,true,2019,0.700281374828841
UMC,Upper middle income,true,2020,0.576283874965047
UMC,Upper middle income,true,2021,0.443111035197472
UMC,Upper middle income,true,2022,0.293068436871359
UMC,Upper middle income,true,2023,0.249719323418953
UMC,Upper middle income,true,2024,0.343160938123363
UMC,Upper middle income,true,2025,0.340736903610036
URY,Uruguay,false,1960,
URY,Uruguay,false,1961,1.2603070862254
URY,Uruguay,false,1962,1.21250473408929
URY,Uruguay,false,1963,1.16802655253739
URY,Uruguay,false,1964,1.11482302975285
URY,Uruguay,false,1965,1.04939728740425
URY,Uruguay,false,1966,0.982672927588653
URY,Uruguay,false,1967,0.905570476769081
URY,Uruguay,false,1968,0.813909218217912
URY,Uruguay,false,1969,0.700652942836779
URY,Uruguay,false,1970,0.604985221938376
URY,Uruguay,false,1971,0.559381399085033
URY,Uruguay,false,1972,0.539507849533265
URY,Uruguay,false,1973,0.547434142808986
URY,Uruguay,false,1974,0.590786204296072
URY,Uruguay,false,1975,0.641816831357887
URY,Uruguay,false,1976,0.661798147064247
URY,Uruguay,false,1977,0.622979359711899
URY,Uruguay,false,1978,0.557105459685174
URY,Uruguay,false,1979,0.483769235243481
URY,Uruguay,false,1980,0.40903975932411
URY,Uruguay,false,1981,0.38183039050652
URY,Uruguay,false,1982,0.412411436806429
URY,Uruguay,false,1983,0.445520473619639
URY,Uruguay,false,1984,0.457667008298166
URY,Uruguay,false,1985,0.483394564540091
URY,Uruguay,false,1986,0.522589894361019
URY,Uruguay,false,1987,0.560636879371842
URY,Uruguay,false,1988,0.590567988250426
URY,Uruguay,false,1989,0.59452102052382
URY,Uruguay,false,1990,0.5863044602648
URY,Uruguay,false,1991,0.576577815081659
URY,Uruguay,false,1992,0.554068643934089
URY,Uruguay,false,1993,0.528682164061756
URY,Uruguay,false,1994,0.52104822142472
URY,Uruguay,false,1995,0.522015798423953
URY,Uruguay,false,1996,0.527975679567825
URY,Uruguay,false,1997,0.529453063948236
URY,Uruguay,false,1998,0.493144265488424
URY,Uruguay,false,1999,0.45385356103469
URY,Uruguay,false,2000,0.373944815859448
URY,Uruguay,false,2001,0.246007398484151
URY,Uruguay,false,2002,0.140879525241248
URY,Uruguay,false,2003,0.0707006512477159
URY,Uruguay,false,2004,0.0597775816533495
URY,Uruguay,false,2005,0.0798609372229262
URY,Uruguay,false,2006,0.113607393322573
URY,Uruguay,false,2007,0.171519933968135
URY,Uruguay,false,2008,0.212934707039678
URY,Uruguay,false,2009,0.239373352045262
URY,Uruguay,false,2010,0.256129913246022
URY,Uruguay,false,2011,0.248141512237734
URY,Uruguay,false,2012,0.257451630638359
URY,Uruguay,false,2013,0.297452387025821
URY,Uruguay,false,2014,0.328187100513488
URY,Uruguay,false,2015,0.347483697847475
URY,Uruguay,false,2016,0.333941294134426
URY,Uruguay,false,2017,0.270549143036717
URY,Uruguay,false,2018,0.179744266709225
URY,Uruguay,false,2019,0.0786838170441181
URY,Uruguay,false,2020,0.0518527053450753
URY,Uruguay,false,2021,-0.0668956092956434
URY,Uruguay,false,2022,-0.170369337727093
URY,Uruguay,false,2023,-0.0835522251458198
URY,Uruguay,false,2024,-0.0440759548302792
URY,Uruguay,false,2025,-0.0561194093953689
USA,United States,false,1960,
USA,United States,false,1961,1.65773003738953
USA,United States,false,1962,1.53799735825387
USA,United States,false,1963,1.43916476170683
USA,United States,false,1964,1.38904605518369
USA,United States,false,1965,1.25017164562845
USA,United States,false,1966,1.1548931907552
USA,United States,false,1967,1.08888120728762
USA,United States,false,1968,0.998461043585335
USA,United States,false,1969,0.977242811872469
USA,United States,false,1970,1.16500266687286
USA,United States,false,1971,1.26433369185094
USA,United States,false,1972,1.07052275237269
USA,United States,false,1973,0.954476728552297
USA,United States,false,1974,0.913660196067714
USA,United States,false,1975,0.985986067347125
USA,United States,false,1976,0.950220048994522
USA,United States,false,1977,1.00577199618134
USA,United States,false,1978,1.0595730803427
USA,United States,false,1979,1.10357656509899
USA,United States,false,1980,0.959589922764484
USA,United States,false,1981,0.981415437259678
USA,United States,false,1982,0.953317566163514
USA,United States,false,1983,0.914378513375149
USA,United States,false,1984,0.865817336309961
USA,United States,false,1985,0.886129040850881
USA,United States,false,1986,0.924164157058979
USA,United States,false,1987,0.893829201032046
USA,United States,false,1988,0.907999040167679
USA,United States,false,1989,0.944405555428529
USA,United States,false,1990,1.12965052045579
USA,United States,false,1991,1.33626074073779
USA,United States,false,1992,1.38688569247935
USA,United States,false,1993,1.31867999977741
USA,United States,false,1994,1.2262960888682
USA,United States,false,1995,1.19078709090209
USA,United States,false,1996,1.16341161998189
USA,United States,false,1997,1.20396029701272
USA,United States,false,1998,1.16571452642589
USA,United States,false,1999,1.14834004729055
USA,United States,false,2000,1.11276899679534
USA,United States,false,2001,0.989741382223669
USA,United States,false,2002,0.927797485710314
USA,United States,false,2003,0.859481712840946
USA,United States,false,2004,0.925483968943482
USA,United States,false,2005,0.921713167161207
USA,United States,false,2006,0.964253917136075
USA,United States,false,2007,0.951055242772428
USA,United States,false,2008,0.945865287282592
USA,United States,false,2009,0.876651298802912
USA,United States,false,2010,0.846129865832117
USA,United States,false,2011,0.79239433316435
USA,United States,false,2012,0.79838290137163
USA,United States,false,2013,0.756560083436754
USA,United States,false,2014,0.796023797809134
USA,United States,false,2015,0.797904713382564
USA,United States,false,2016,0.785625485688815
USA,United States,false,2017,0.692906252591617
USA,United States,false,2018,0.586433075122573
USA,United States,false,2019,0.515108555014533
USA,United States,false,2020,0.408543376643957
USA,United States,false,2021,0.157323851413364
USA,United States,false,2022,0.569329881519084
USA,United States,false,2023,0.822589035790284
USA,United States,false,2024,0.960096778979565
USA,United States,false,2025,0.522468081877868
UZB,Uzbekistan,false,1960,
UZB,Uzbekistan,false,1961,3.69032513859326
UZB,Uzbekistan,false,1962,3.87632538082316
UZB,Uzbekistan,false,1963,3.85366881132595
UZB,Uzbekistan,false,1964,3.7890215741971
UZB,Uzbekistan,false,1965,3.73845621491939
UZB,Uzbekistan,false,1966,3.63815746049439
UZB,Uzbekistan,false,1967,3.53175555111433
UZB,Uzbekistan,false,1968,3.43926977265143
UZB,Uzbekistan,false,1969,3.30754425931884
UZB,Uzbekistan,false,1970,3.10386040207172
UZB,Uzbekistan,false,1971,2.92280856539907
UZB,Uzbekistan,false,1972,2.87768980535795
UZB,Uzbekistan,false,1973,2.89345601598016
UZB,Uzbekistan,false,1974,2.90314672970829
UZB,Uzbekistan,false,1975,2.9061788621378
UZB,Uzbekistan,false,1976,2.89977164999084
UZB,Uzbekistan,false,1977,2.88819045560464
UZB,Uzbekistan,false,1978,2.78905753576941
UZB,Uzbekistan,false,1979,2.65891297111272
UZB,Uzbekistan,false,1980,2.62276841389339
UZB,Uzbekistan,false,1981,2.622778168567
UZB,Uzbekistan,false,1982,2.63235738002068
UZB,Uzbekistan,false,1983,2.67111372870924
UZB,Uzbekistan,false,1984,2.74431796090117
UZB,Uzbekistan,false,1985,2.81683339612151
UZB,Uzbekistan,false,1986,2.86905937253958
UZB,Uzbekistan,false,1987,2.8639015887922
UZB,Uzbekistan,false,1988,2.76417872860282
UZB,Uzbekistan,false,1989,2.61973219547038
UZB,Uzbekistan,false,1990,2.41231876405867
UZB,Uzbekistan,false,1991,2.40407257640565
UZB,Uzbekistan,false,1992,2.46045204933374
UZB,Uzbekistan,false,1993,2.31355972382299
UZB,Uzbekistan,false,1994,2.1387662310173
UZB,Uzbekistan,false,1995,2.00222286057627
UZB,Uzbekistan,false,1996,1.87771255752777
UZB,Uzbekistan,false,1997,1.72779025760169
UZB,Uzbekistan,false,1998,1.57004048296478
UZB,Uzbekistan,false,1999,1.40332451286924
UZB,Uzbekistan,false,2000,1.26281282930164
UZB,Uzbekistan,false,2001,1.21591389648504
UZB,Uzbekistan,false,2002,1.2267746913706
UZB,Uzbekistan,false,2003,1.21806027288929
UZB,Uzbekistan,false,2004,1.22957581560979
UZB,Uzbekistan,false,2005,1.25081983337066
UZB,Uzbekistan,false,2006,1.28947762259063
UZB,Uzbekistan,false,2007,1.40203000437259
UZB,Uzbekistan,false,2008,1.53479281387558
UZB,Uzbekistan,false,2009,1.60393517508693
UZB,Uzbekistan,false,2010,1.58433607799586
UZB,Uzbekistan,false,2011,1.5301816854096
UZB,Uzbekistan,false,2012,1.51059514364954
UZB,Uzbekistan,false,2013,1.56705560068108
UZB,Uzbekistan,false,2014,1.66460383205049
UZB,Uzbekistan,false,2015,1.72657003352444
UZB,Uzbekistan,false,2016,1.7256215086876
UZB,Uzbekistan,false,2017,1.69442489458676
UZB,Uzbekistan,false,2018,1.72706882389247
UZB,Uzbekistan,false,2019,1.80974442927918
UZB,Uzbekistan,false,2020,1.86830671569358
UZB,Uzbekistan,false,2021,1.9382099918182
UZB,Uzbekistan,false,2022,2.00999064709715
UZB,Uzbekistan,false,2023,2.02114614047908
UZB,Uzbekistan,false,2024,1.97065383660565
UZB,Uzbekistan,false,2025,1.88404754637167
VCT,St. Vincent and the Grenadines,false,1960,
VCT,St. Vincent and the Grenadines,false,1961,1.74093132858166
VCT,St. Vincent and the Grenadines,false,1962,1.57825650705864
VCT,St. Vincent and the Grenadines,false,1963,1.4645315499776
VCT,St. Vincent and the Grenadines,false,1964,1.37544799902781
VCT,St. Vincent and the Grenadines,false,1965,1.30401015367808
VCT,St. Vincent and the Grenadines,false,1966,1.22966479833449
VCT,St. Vincent and the Grenadines,false,1967,1.15783036218749
VCT,St. Vincent and the Grenadines,false,1968,1.06704991673004
VCT,St. Vincent and the Grenadines,false,1969,0.988479406662574
VCT,St. Vincent and the Grenadines,false,1970,0.948588951679242
VCT,St. Vincent and the Grenadines,false,1971,0.941739831431205
VCT,St. Vincent and the Grenadines,false,1972,0.943180287211848
VCT,St. Vincent and the Grenadines,false,1973,0.917143454727561
VCT,St. Vincent and the Grenadines,false,1974,0.87265430430011
VCT,St. Vincent and the Grenadines,false,1975,0.831241688792796
VCT,St. Vincent and the Grenadines,false,1976,0.803639534280188
VCT,St. Vincent and the Grenadines,false,1977,0.789389716945332
VCT,St. Vincent and the Grenadines,false,1978,0.757912346929833
VCT,St. Vincent and the Grenadines,false,1979,0.68168969408475
VCT,St. Vincent and the Grenadines,false,1980,0.707785188936135
VCT,St. Vincent and the Grenadines,false,1981,0.821846507256359
VCT,St. Vincent and the Grenadines,false,1982,0.849125182249564
VCT,St. Vincent and the Grenadines,false,1983,0.816706997665516
VCT,St. Vincent and the Grenadines,false,1984,0.791520272708172
VCT,St. Vincent and the Grenadines,false,1985,0.757659977777474
VCT,St. Vincent and the Grenadines,false,1986,0.711707559516087
VCT,St. Vincent and the Grenadines,false,1987,0.656691007430271
VCT,St. Vincent and the Grenadines,false,1988,0.595490726853875
VCT,St. Vincent and the Grenadines,false,1989,0.553329037610513
VCT,St. Vincent and the Grenadines,false,1990,0.484123518217095
VCT,St. Vincent and the Grenadines,false,1991,0.366016281210552
VCT,St. Vincent and the Grenadines,false,1992,0.255416614554016
VCT,St. Vincent and the Grenadines,false,1993,0.200671339382992
VCT,St. Vincent and the Grenadines,false,1994,0.162195973569135
VCT,St. Vincent and the Grenadines,false,1995,0.114176986713966
VCT,St. Vincent and the Grenadines,false,1996,0.0636700498150164
VCT,St. Vincent and the Grenadines,false,1997,0.0194466543528162
VCT,St. Vincent and the Grenadines,false,1998,0.0344643231392806
VCT,St. Vincent and the Grenadines,false,1999,0.164205099002532
VCT,St. Vincent and the Grenadines,false,2000,0.157771141222912
VCT,St. Vincent and the Grenadines,false,2001,-0.0387586661300469
VCT,St. Vincent and the Grenadines,false,2002,-0.135773754811697
VCT,St. Vincent and the Grenadines,false,2003,-0.181908142422976
VCT,St. Vincent and the Grenadines,false,2004,-0.270825385911129
VCT,St. Vincent and the Grenadines,false,2005,-0.341789621854884
VCT,St. Vincent and the Grenadines,false,2006,-0.388481492207911
VCT,St. Vincent and the Grenadines,false,2007,-0.432128431956044
VCT,St. Vincent and the Grenadines,false,2008,-0.452015740934878
VCT,St. Vincent and the Grenadines,false,2009,-0.469450522710604
VCT,St. Vincent and the Grenadines,false,2010,-0.498034748761649
VCT,St. Vincent and the Grenadines,false,2011,-0.556296690606872
VCT,St. Vincent and the Grenadines,false,2012,-0.562167608407819
VCT,St. Vincent and the Grenadines,false,2013,-0.554247952481518
VCT,St. Vincent and the Grenadines,false,2014,-0.55640705517064
VCT,St. Vincent and the Grenadines,false,2015,-0.536144317925753
VCT,St. Vincent and the Grenadines,false,2016,-0.572879410655285
VCT,St. Vincent and the Grenadines,false,2017,-0.647135439549124
VCT,St. Vincent and the Grenadines,false,2018,-0.699944450029761
VCT,St. Vincent and the Grenadines,false,2019,-0.725995928811949
VCT,St. Vincent and the Grenadines,false,2020,-0.617259161571258
VCT,St. Vincent and the Grenadines,false,2021,-0.663868269423874
VCT,St. Vincent and the Grenadines,false,2022,-0.776041417794061
VCT,St. Vincent and the Grenadines,false,2023,-0.711025816110263
VCT,St. Vincent and the Grenadines,false,2024,-0.700214310937747
VCT,St. Vincent and the Grenadines,false,2025,-0.690139370317183
VEN,"Venezuela, RB",false,1960,
VEN,"Venezuela, RB",false,1961,3.5610998156399
VEN,"Venezuela, RB",false,1962,3.49723386798958
VEN,"Venezuela, RB",false,1963,3.44743054176691
VEN,"Venezuela, RB",false,1964,3.40229694421621
VEN,"Venezuela, RB",false,1965,3.35622144763596
VEN,"Venezuela, RB",false,1966,3.31693849961177
VEN,"Venezuela, RB",false,1967,3.27412842154232
VEN,"Venezuela, RB",false,1968,3.2204179987469
VEN,"Venezuela, RB",false,1969,3.15375291477192
VEN,"Venezuela, RB",false,1970,3.09913259359461
VEN,"Venezuela, RB",false,1971,3.05459422386915
VEN,"Venezuela, RB",false,1972,3.00500106904498
VEN,"Venezuela, RB",false,1973,2.96696597438552
VEN,"Venezuela, RB",false,1974,2.9395819591844
VEN,"Venezuela, RB",false,1975,2.9216883785441
VEN,"Venezuela, RB",false,1976,2.911170001683
VEN,"Venezuela, RB",false,1977,2.90120378571083
VEN,"Venezuela, RB",false,1978,2.88423643148571
VEN,"Venezuela, RB",false,1979,2.85729074115345
VEN,"Venezuela, RB",false,1980,2.81591887200814
VEN,"Venezuela, RB",false,1981,2.77330334164225
VEN,"Venezuela, RB",false,1982,2.73257068541178
VEN,"Venezuela, RB",false,1983,2.69463088437118
VEN,"Venezuela, RB",false,1984,2.66099754289596
VEN,"Venezuela, RB",false,1985,2.62614099270944
VEN,"Venezuela, RB",false,1986,2.61200318869266
VEN,"Venezuela, RB",false,1987,2.59621676285258
VEN,"Venezuela, RB",false,1988,2.5550534835076
VEN,"Venezuela, RB",false,1989,2.50092436734704
VEN,"Venezuela, RB",false,1990,2.44084938719203
VEN,"Venezuela, RB",false,1991,2.38168897149485
VEN,"Venezuela, RB",false,1992,2.31745661857209
VEN,"Venezuela, RB",false,1993,2.25329732143847
VEN,"Venezuela, RB",false,1994,2.19027461047796
VEN,"Venezuela, RB",false,1995,2.13415920641198
VEN,"Venezuela, RB",false,1996,2.08805824636671
VEN,"Venezuela, RB",false,1997,2.05088234370289
VEN,"Venezuela, RB",false,1998,2.01000402655574
VEN,"Venezuela, RB",false,1999,1.95213333149154
VEN,"Venezuela, RB",false,2000,1.89379499634952
VEN,"Venezuela, RB",false,2001,1.83097359469052
VEN,"Venezuela, RB",false,2002,1.80801767033013
VEN,"Venezuela, RB",false,2003,1.78086326604433
VEN,"Venezuela, RB",false,2004,1.71593189812023
VEN,"Venezuela, RB",false,2005,1.67515351433713
VEN,"Venezuela, RB",false,2006,1.62520895526481
VEN,"Venezuela, RB",false,2007,1.54785544927575
VEN,"Venezuela, RB",false,2008,1.45176982660994
VEN,"Venezuela, RB",false,2009,1.36163698615317
VEN,"Venezuela, RB",false,2010,1.30934216855774
VEN,"Venezuela, RB",false,2011,1.28319630933634
VEN,"Venezuela, RB",false,2012,1.25510683013417
VEN,"Venezuela, RB",false,2013,1.20531461336652
VEN,"Venezuela, RB",false,2014,1.13646612916995
VEN,"Venezuela, RB",false,2015,1.0518040406043
VEN,"Venezuela, RB",false,2016,0.62520243689416
VEN,"Venezuela, RB",false,2017,-0.653495206896492
VEN,"Venezuela, RB",false,2018,-2.51030049026678
VEN,"Venezuela, RB",false,2019,-2.96041293052007
VEN,"Venezuela, RB",false,2020,-1.72190477685565
VEN,"Venezuela, RB",false,2021,-0.727752243229035
VEN,"Venezuela, RB",false,2022,-0.087895947265923
VEN,"Venezuela, RB",false,2023,0.310851368612458
VEN,"Venezuela, RB",false,2024,0.369232130679939
VEN,"Venezuela, RB",false,2025,0.39124515392802
VGB,British Virgin Islands,false,1960,
VGB,British Virgin Islands,false,1961,1.05106072708501
VGB,British Virgin Islands,false,1962,0.447094634476685
VGB,British Virgin Islands,false,1963,0.543748250239824
VGB,British Virgin Islands,false,1964,0.663311607810866
VGB,British Virgin Islands,false,1965,1.08372445729273
VGB,British Virgin Islands,false,1966,1.8716803133385
VGB,British Virgin Islands,false,1967,2.73186576767635
VGB,British Virgin Islands,false,1968,4.01277910907793
VGB,British Virgin Islands,false,1969,5.75348861752218
VGB,British Virgin Islands,false,1970,4.11030837217779
VGB,British Virgin Islands,false,1971,1.61777045315819
VGB,British Virgin Islands,false,1972,1.3772967348452
VGB,British Virgin Islands,false,1973,1.28144652277221
VGB,British Virgin Islands,false,1974,1.2175980923545
VGB,British Virgin Islands,false,1975,1.06162134504182
VGB,British Virgin Islands,false,1976,0.966463070379966
VGB,British Virgin Islands,false,1977,0.846162471143595
VGB,British Virgin Islands,false,1978,0.793142588183426
VGB,British Virgin Islands,false,1979,0.723082185784318
VGB,British Virgin Islands,false,1980,1.4935783417602
VGB,British Virgin Islands,false,1981,3.08751137959062
VGB,British Virgin Islands,false,1982,3.77822716525049
VGB,British Virgin Islands,false,1983,3.6972635668532
VGB,British Virgin Islands,false,1984,3.57322650881274
VGB,British Virgin Islands,false,1985,3.44240360617755
VGB,British Virgin Islands,false,1986,3.38613569321436
VGB,British Virgin Islands,false,1987,3.35274956163481
VGB,British Virgin Islands,false,1988,3.36666830835784
VGB,British Virgin Islands,false,1989,3.34927487811142
VGB,British Virgin Islands,false,1990,3.39366850066762
VGB,British Virgin Islands,false,1991,3.02929939776637
VGB,British Virgin Islands,false,1992,2.47724687288271
VGB,British Virgin Islands,false,1993,2.3585156119127
VGB,British Virgin Islands,false,1994,2.42488985675443
VGB,British Virgin Islands,false,1995,2.46281527845414
VGB,British Virgin Islands,false,1996,2.47472977406325
VGB,British Virgin Islands,false,1997,2.53232763348439
VGB,British Virgin Islands,false,1998,2.5373788503084
VGB,British Virgin Islands,false,1999,2.52528303041001
VGB,British Virgin Islands,false,2000,2.55699302788739
VGB,British Virgin Islands,false,2001,2.70504102080714
VGB,British Virgin Islands,false,2002,3.00311489640163
VGB,British Virgin Islands,false,2003,3.23230783571079
VGB,British Virgin Islands,false,2004,3.31919840076176
VGB,British Virgin Islands,false,2005,3.36902915080001
VGB,British Virgin Islands,false,2006,3.4390199082653
VGB,British Virgin Islands,false,2007,3.50223322043735
VGB,British Virgin Islands,false,2008,3.57028666496744
VGB,British Virgin Islands,false,2009,3.47659578432137
VGB,British Virgin Islands,false,2010,1.66509594565746
VGB,British Virgin Islands,false,2011,3.6716015538272
VGB,British Virgin Islands,false,2012,5.53862651548459
VGB,British Virgin Islands,false,2013,4.37795543415716
VGB,British Virgin Islands,false,2014,3.89440691825982
VGB,British Virgin Islands,false,2015,4.55459685304489
VGB,British Virgin Islands,false,2016,-1.8135515178247
VGB,British Virgin Islands,false,2017,-3.54213397683474
VGB,British Virgin Islands,false,2018,5.81552290387566
VGB,British Virgin Islands,false,2019,4.8931677135622
VGB,British Virgin Islands,false,2020,2.01285185510385
VGB,British Virgin Islands,false,2021,1.79872484022046
VGB,British Virgin Islands,false,2022,1.33986872052852
VGB,British Virgin Islands,false,2023,1.72311000328138
VGB,British Virgin Islands,false,2024,1.23892682902476
VGB,British Virgin Islands,false,2025,0.659068330129875
VIR,Virgin Islands (U.S.),false,1960,
VIR,Virgin Islands (U.S.),false,1961,5.39052648362024
VIR,Virgin Islands (U.S.),false,1962,2.02027073175195
VIR,Virgin Islands (U.S.),false,1963,12.8518850800978
VIR,Virgin Islands (U.S.),false,1964,2.4815169119724
VIR,Virgin Islands (U.S.),false,1965,6.40788566845224
VIR,Virgin Islands (U.S.),false,1966,6.02188599930549
VIR,Virgin Islands (U.S.),false,1967,6.08792367127818
VIR,Virgin Islands (U.S.),false,1968,12.6121112132764
VIR,Virgin Islands (U.S.),false,1969,7.93519567999014
VIR,Virgin Islands (U.S.),false,1970,5.13297779674561
VIR,Virgin Islands (U.S.),false,1971,11.1130277492136
VIR,Virgin Islands (U.S.),false,1972,7.31297651360913
VIR,Virgin Islands (U.S.),false,1973,9.733431421438
VIR,Virgin Islands (U.S.),false,1974,6.68976612610085
VIR,Virgin Islands (U.S.),false,1975,4.92766081912502
VIR,Virgin Islands (U.S.),false,1976,1.76453568515418
VIR,Virgin Islands (U.S.),false,1977,-3.12959548323056
VIR,Virgin Islands (U.S.),false,1978,2.88284244931304
VIR,Virgin Islands (U.S.),false,1979,0.264429237115111
VIR,Virgin Islands (U.S.),false,1980,3.52709181889148
VIR,Virgin Islands (U.S.),false,1981,0.217555941018771
VIR,Virgin Islands (U.S.),false,1982,0.215085041476705
VIR,Virgin Islands (U.S.),false,1983,0.279418990674308
VIR,Virgin Islands (U.S.),false,1984,0.250811286604715
VIR,Virgin Islands (U.S.),false,1985,0.158919381877072
VIR,Virgin Islands (U.S.),false,1986,0.0813484038074964
VIR,Virgin Islands (U.S.),false,1987,0.0584902590742098
VIR,Virgin Islands (U.S.),false,1988,0.0505318237382963
VIR,Virgin Islands (U.S.),false,1989,0.0881218713117569
VIR,Virgin Islands (U.S.),false,1990,2.85086915459893
VIR,Virgin Islands (U.S.),false,1991,0.808549693974224
VIR,Virgin Islands (U.S.),false,1992,0.859785173807118
VIR,Virgin Islands (U.S.),false,1993,0.81586961582738
VIR,Virgin Islands (U.S.),false,1994,0.691927808258402
VIR,Virgin Islands (U.S.),false,1995,0.464823088884965
VIR,Virgin Islands (U.S.),false,1996,0.256584968919025
VIR,Virgin Islands (U.S.),false,1997,0.242086123441443
VIR,Virgin Islands (U.S.),false,1998,0.165979733255787
VIR,Virgin Islands (U.S.),false,1999,0.0571070680909273
VIR,Virgin Islands (U.S.),false,2000,0.0395873712251061
VIR,Virgin Islands (U.S.),false,2001,-0.0856389129235212
VIR,Virgin Islands (U.S.),false,2002,-0.0368565088158972
VIR,Virgin Islands (U.S.),false,2003,-0.00368639811298412
VIR,Virgin Islands (U.S.),false,2004,-0.0359495051596945
VIR,Virgin Islands (U.S.),false,2005,-0.0119860408867403
VIR,Virgin Islands (U.S.),false,2006,-0.077482916127075
VIR,Virgin Islands (U.S.),false,2007,-0.0295331003595483
VIR,Virgin Islands (U.S.),false,2008,0.0553674103119773
VIR,Virgin Islands (U.S.),false,2009,0.00645753479219667
VIR,Virgin Islands (U.S.),false,2010,-0.0433657352905335
VIR,Virgin Islands (U.S.),false,2011,-0.0618517700554086
VIR,Virgin Islands (U.S.),false,2012,-0.0942359108531572
VIR,Virgin Islands (U.S.),false,2013,-0.135966981900308
VIR,Virgin Islands (U.S.),false,2014,-0.147274749553357
VIR,Virgin Islands (U.S.),false,2015,-0.157703864887906
VIR,Virgin Islands (U.S.),false,2016,-0.182132486647949
VIR,Virgin Islands (U.S.),false,2017,-0.218811336994337
VIR,Virgin Islands (U.S.),false,2018,-0.261338011929093
VIR,Virgin Islands (U.S.),false,2019,-0.310759832621892
VIR,Virgin Islands (U.S.),false,2020,-0.35593743409178
VIR,Virgin Islands (U.S.),false,2021,-0.395928119020198
VIR,Virgin Islands (U.S.),false,2022,-0.432595819529278
VIR,Virgin Islands (U.S.),false,2023,-0.471640678399366
VIR,Virgin Islands (U.S.),false,2024,-0.516021671191835
VIR,Virgin Islands (U.S.),false,2025,-0.562044819338406
VNM,Viet Nam,false,1960,
VNM,Viet Nam,false,1961,2.66049299602515
VNM,Viet Nam,false,1962,2.59846800903446
VNM,Viet Nam,false,1963,2.76282545445889
VNM,Viet Nam,false,1964,2.6662269308257
VNM,Viet Nam,false,1965,2.53137087053675
VNM,Viet Nam,false,1966,2.38235217834686
VNM,Viet Nam,false,1967,2.26282392922143
VNM,Viet Nam,false,1968,2.13548066761958
VNM,Viet Nam,false,1969,2.11044129709734
VNM,Viet Nam,false,1970,2.17693974470409
VNM,Viet Nam,false,1971,2.3213475682191
VNM,Viet Nam,false,1972,2.28214318459982
VNM,Viet Nam,false,1973,2.23302502747562
VNM,Viet Nam,false,1974,2.23486930356709
VNM,Viet Nam,false,1975,2.32743351549493
VNM,Viet Nam,false,1976,2.55308684698776
VNM,Viet Nam,false,1977,2.62834581225948
VNM,Viet Nam,false,1978,2.61027373200441
VNM,Viet Nam,false,1979,2.22125406032671
VNM,Viet Nam,false,1980,2.14104273585666
VNM,Viet Nam,false,1981,2.34984106682984
VNM,Viet Nam,false,1982,2.3415408609404
VNM,Viet Nam,false,1983,2.38294420928097
VNM,Viet Nam,false,1984,2.3994454491251
VNM,Viet Nam,false,1985,2.32020926228808
VNM,Viet Nam,false,1986,2.15476237596871
VNM,Viet Nam,false,1987,2.030063573031
VNM,Viet Nam,false,1988,2.02305132101298
VNM,Viet Nam,false,1989,2.0539568975987
VNM,Viet Nam,false,1990,2.09368868105156
VNM,Viet Nam,false,1991,2.09563784726273
VNM,Viet Nam,false,1992,2.02528655896492
VNM,Viet Nam,false,1993,1.92400355460531
VNM,Viet Nam,false,1994,1.80580242039077
VNM,Viet Nam,false,1995,1.67325494682511
VNM,Viet Nam,false,1996,1.52407678637018
VNM,Viet Nam,false,1997,1.45262124184775
VNM,Viet Nam,false,1998,1.43491495510774
VNM,Viet Nam,false,1999,1.30328491482511
VNM,Viet Nam,false,2000,1.12950984166849
VNM,Viet Nam,false,2001,1.05123747397877
VNM,Viet Nam,false,2002,1.02445055878013
VNM,Viet Nam,false,2003,0.999847904782733
VNM,Viet Nam,false,2004,0.969589431962946
VNM,Viet Nam,false,2005,0.928402391177897
VNM,Viet Nam,false,2006,1.32258336381927
VNM,Viet Nam,false,2007,1.76779845772365
VNM,Viet Nam,false,2008,1.82745521345807
VNM,Viet Nam,false,2009,1.49648723830416
VNM,Viet Nam,false,2010,1.14440259659988
VNM,Viet Nam,false,2011,1.15183406119192
VNM,Viet Nam,false,2012,1.1709874078049
VNM,Viet Nam,false,2013,1.1802975549343
VNM,Viet Nam,false,2014,1.21423463554626
VNM,Viet Nam,false,2015,1.23975403093124
VNM,Viet Nam,false,2016,1.25988366517733
VNM,Viet Nam,false,2017,1.24420473643635
VNM,Viet Nam,false,2018,1.10791395242199
VNM,Viet Nam,false,2019,0.968366698803348
VNM,Viet Nam,false,2020,0.927434295850725
VNM,Viet Nam,false,2021,0.868883560805873
VNM,Viet Nam,false,2022,0.750756665157789
VNM,Viet Nam,false,2023,0.671429250652247
VNM,Viet Nam,false,2024,0.631267006487247
VNM,Viet Nam,false,2025,0.603044839155161
VUT,Vanuatu,false,1960,
VUT,Vanuatu,false,1961,2.80518795456956
VUT,Vanuatu,false,1962,2.84164971946311
VUT,Vanuatu,false,1963,2.87008343360667
VUT,Vanuatu,false,1964,2.89390743468912
VUT,Vanuatu,false,1965,2.918809713724
VUT,Vanuatu,false,1966,2.957525361071
VUT,Vanuatu,false,1967,2.99808322119359
VUT,Vanuatu,false,1968,2.98708513173295
VUT,Vanuatu,false,1969,2.95776669648824
VUT,Vanuatu,false,1970,2.95396755378544
VUT,Vanuatu,false,1971,2.96490586158496
VUT,Vanuatu,false,1972,2.99317338762692
VUT,Vanuatu,false,1973,3.01221112910201
VUT,Vanuatu,false,1974,3.02493552389963
VUT,Vanuatu,false,1975,3.04687694377591
VUT,Vanuatu,false,1976,3.06323267675176
VUT,Vanuatu,false,1977,3.07634518310456
VUT,Vanuatu,false,1978,3.08915925611539
VUT,Vanuatu,false,1979,2.7597792803156
VUT,Vanuatu,false,1980,2.29131143538003
VUT,Vanuatu,false,1981,2.2137717946593
VUT,Vanuatu,false,1982,2.32871892919143
VUT,Vanuatu,false,1983,2.4185676474125
VUT,Vanuatu,false,1984,2.477954963129
VUT,Vanuatu,false,1985,2.52241831656195
VUT,Vanuatu,false,1986,2.54788923122836
VUT,Vanuatu,false,1987,2.5596897064026
VUT,Vanuatu,false,1988,2.56829362697183
VUT,Vanuatu,false,1989,2.55108539437687
VUT,Vanuatu,false,1990,2.50991100361919
VUT,Vanuatu,false,1991,2.48798917256925
VUT,Vanuatu,false,1992,2.48222737130955
VUT,Vanuatu,false,1993,2.44718960885344
VUT,Vanuatu,false,1994,2.38628076907314
VUT,Vanuatu,false,1995,2.31391073037782
VUT,Vanuatu,false,1996,2.23291177885691
VUT,Vanuatu,false,1997,2.1503590941633
VUT,Vanuatu,false,1998,2.08938889180461
VUT,Vanuatu,false,1999,2.07299555325541
VUT,Vanuatu,false,2000,2.29858977943606
VUT,Vanuatu,false,2001,2.51794321791389
VUT,Vanuatu,false,2002,2.49797166968152
VUT,Vanuatu,false,2003,2.4624992109609
VUT,Vanuatu,false,2004,2.44318438167928
VUT,Vanuatu,false,2005,2.42477741761316
VUT,Vanuatu,false,2006,2.42018173069706
VUT,Vanuatu,false,2007,2.44889284600333
VUT,Vanuatu,false,2008,2.50809716109013
VUT,Vanuatu,false,2009,2.53915174529987
VUT,Vanuatu,false,2010,2.34288677835416
VUT,Vanuatu,false,2011,2.16980126854337
VUT,Vanuatu,false,2012,2.19727458776971
VUT,Vanuatu,false,2013,2.22472000551293
VUT,Vanuatu,false,2014,2.23741755913055
VUT,Vanuatu,false,2015,2.22716537972059
VUT,Vanuatu,false,2016,2.22459321328248
VUT,Vanuatu,false,2017,2.3321325606252
VUT,Vanuatu,false,2018,2.39543458138902
VUT,Vanuatu,false,2019,2.33048915705222
VUT,Vanuatu,false,2020,2.32661131084294
VUT,Vanuatu,false,2021,2.31850921412366
VUT,Vanuatu,false,2022,2.31965082626492
VUT,Vanuatu,false,2023,2.32481600892244
VUT,Vanuatu,false,2024,2.27351944261437
VUT,Vanuatu,false,2025,2.23013831174813
WLD,World,true,1960,
WLD,World,true,1961,1.35615538573255
WLD,World,true,1962,1.76712790546867
WLD,World,true,1963,2.11676704326362
WLD,World,true,1964,2.08812128865723
WLD,World,true,1965,2.0618025156407
WLD,World,true,1966,2.08900266200685
WLD,World,true,1967,2.04126031246234
WLD,World,true,1968,2.05013360629479
WLD,World,true,1969,2.07756542898012
WLD,World,true,1970,2.08099866282305
WLD,World,true,1971,2.0977123565674
WLD,World,true,1972,1.99746367965753
WLD,World,true,1973,1.97852721818896
WLD,World,true,1974,1.93019656285858
WLD,World,true,1975,1.85796896545497
WLD,World,true,1976,1.79775136528784
WLD,World,true,1977,1.75441718394494
WLD,World,true,1978,1.75386464790693
WLD,World,true,1979,1.773027351904
WLD,World,true,1980,1.76289540754382
WLD,World,true,1981,1.77169755400859
WLD,World,true,1982,1.81206466199576
WLD,World,true,1983,1.79594959378229
WLD,World,true,1984,1.75859050071347
WLD,World,true,1985,1.76124196252318
WLD,World,true,1986,1.77704145047466
WLD,World,true,1987,1.79266883150487
WLD,World,true,1988,1.77708470489612
WLD,World,true,1989,1.75279835828065
WLD,World,true,1990,1.74344177661458
WLD,World,true,1991,1.6701035043834
WLD,World,true,1992,1.63131847751399
WLD,World,true,1993,1.58746152495942
WLD,World,true,1994,1.53503376868162
WLD,World,true,1995,1.50477369116695
WLD,World,true,1996,1.49022997201836
WLD,World,true,1997,1.46377207642245
WLD,World,true,1998,1.43761681030025
WLD,World,true,1999,1.39731281171357
WLD,World,true,2000,1.36376971441584
WLD,World,true,2001,1.3414577006269
WLD,World,true,2002,1.31138008894613
WLD,World,true,2003,1.29049768743249
WLD,World,true,2004,1.28670393882477
WLD,World,true,2005,1.27116645530107
WLD,World,true,2006,1.27128776644512
WLD,World,true,2007,1.26107446247544
WLD,World,true,2008,1.26759532496131
WLD,World,true,2009,1.2525373880054
WLD,World,true,2010,1.21711217157617
WLD,World,true,2011,1.21873631582151
WLD,World,true,2012,1.25889415941219
WLD,World,true,2013,1.23146921689332
WLD,World,true,2014,1.20567663431885
WLD,World,true,2015,1.18358684270058
WLD,World,true,2016,1.16421950591116
WLD,World,true,2017,1.13020643248041
WLD,World,true,2018,1.07605676712646
WLD,World,true,2019,1.04700835294043
WLD,World,true,2020,0.981397900581612
WLD,World,true,2021,0.833112789177893
WLD,World,true,2022,0.867263337143777
WLD,World,true,2023,0.926690595591761
WLD,World,true,2024,0.962423716684401
WLD,World,true,2025,0.911303701154864
WSM,Samoa,false,1960,
WSM,Samoa,false,1961,2.6371568522779
WSM,Samoa,false,1962,2.64952938065727
WSM,Samoa,false,1963,2.63535539508599
WSM,Samoa,false,1964,2.53806324619588
WSM,Samoa,false,1965,2.43929966005117
WSM,Samoa,false,1966,2.3896045754944
WSM,Samoa,false,1967,2.0322633293126
WSM,Samoa,false,1968,1.6724880552006
WSM,Samoa,false,1969,1.61387334521042
WSM,Samoa,false,1970,1.5554824392114
WSM,Samoa,false,1971,1.48675605269699
WSM,Samoa,false,1972,1.41793966402838
WSM,Samoa,false,1973,1.35921887516966
WSM,Samoa,false,1974,1.97001103168826
WSM,Samoa,false,1975,2.58490157853311
WSM,Samoa,false,1976,2.42815280659873
WSM,Samoa,false,1977,1.66635807451756
WSM,Samoa,false,1978,1.01019767427691
WSM,Samoa,false,1979,0.929516309835422
WSM,Samoa,false,1980,0.880190521394757
WSM,Samoa,false,1981,0.821822807229834
WSM,Samoa,false,1982,0.485306315547001
WSM,Samoa,false,1983,0.138056072683904
WSM,Samoa,false,1984,0.0491739388038444
WSM,Samoa,false,1985,0.0317702950416049
WSM,Samoa,false,1986,0.126980341101346
WSM,Samoa,false,1987,0.358506846060706
WSM,Samoa,false,1988,0.407730165725868
WSM,Samoa,false,1989,0.250360542977186
WSM,Samoa,false,1990,0.162221402615498
WSM,Samoa,false,1991,0.192665760966229
WSM,Samoa,false,1992,0.566974044499184
WSM,Samoa,false,1993,0.84360565196507
WSM,Samoa,false,1994,0.803058822004789
WSM,Samoa,false,1995,0.812128813006775
WSM,Samoa,false,1996,0.855578710009327
WSM,Samoa,false,1997,0.834803981602527
WSM,Samoa,false,1998,0.761957610122648
WSM,Samoa,false,1999,0.762852410408108
WSM,Samoa,false,2000,0.779095553168233
WSM,Samoa,false,2001,0.811842716200751
WSM,Samoa,false,2002,0.709942405793495
WSM,Samoa,false,2003,0.518518278484343
WSM,Samoa,false,2004,0.440703577844664
WSM,Samoa,false,2005,0.390647475706685
WSM,Samoa,false,2006,0.390192842270374
WSM,Samoa,false,2007,0.55463907450516
WSM,Samoa,false,2008,0.714778949876493
WSM,Samoa,false,2009,0.736861989277852
WSM,Samoa,false,2010,0.785366135493998
WSM,Samoa,false,2011,0.871732674893699
WSM,Samoa,false,2012,0.912557360248924
WSM,Samoa,false,2013,0.89673977043707
WSM,Samoa,false,2014,0.888269859280603
WSM,Samoa,false,2015,0.868555727857733
WSM,Samoa,false,2016,0.847318414943751
WSM,Samoa,false,2017,0.937123219994916
WSM,Samoa,false,2018,1.04941192646969
WSM,Samoa,false,2019,1.05329202031498
WSM,Samoa,false,2020,1.0262726301153
WSM,Samoa,false,2021,0.862068229419543
WSM,Samoa,false,2022,0.690847424147793
WSM,Samoa,false,2023,0.649190563116911
WSM,Samoa,false,2024,0.62390639530784
WSM,Samoa,false,2025,0.58857998761608
XKX,Kosovo,false,1960,
XKX,Kosovo,false,1961,2.66262679574841
XKX,Kosovo,false,1962,2.49274393306571
XKX,Kosovo,false,1963,2.45639436887972
XKX,Kosovo,false,1964,2.55777162228564
XKX,Kosovo,false,1965,2.70533020692278
XKX,Kosovo,false,1966,2.85294394370313
XKX,Kosovo,false,1967,2.99827651227538
XKX,Kosovo,false,1968,2.21011337749572
XKX,Kosovo,false,1969,1.41084449434999
XKX,Kosovo,false,1970,1.45870305947965
XKX,Kosovo,false,1971,1.86053279730811
XKX,Kosovo,false,1972,2.21853268993525
XKX,Kosovo,false,1973,2.24846192725315
XKX,Kosovo,false,1974,2.37156286796755
XKX,Kosovo,false,1975,2.50396212471459
XKX,Kosovo,false,1976,2.62632100185957
XKX,Kosovo,false,1977,2.72085643984716
XKX,Kosovo,false,1978,2.79497353340382
XKX,Kosovo,false,1979,2.83097517236242
XKX,Kosovo,false,1980,2.84610810358955
XKX,Kosovo,false,1981,2.56809452214076
XKX,Kosovo,false,1982,2.19852440024806
XKX,Kosovo,false,1983,2.12086972312385
XKX,Kosovo,false,1984,2.16189772135196
XKX,Kosovo,false,1985,2.20677739192754
XKX,Kosovo,false,1986,2.2546571772537
XKX,Kosovo,false,1987,2.34669935207874
XKX,Kosovo,false,1988,1.96358947546535
XKX,Kosovo,false,1989,1.47287199370157
XKX,Kosovo,false,1990,1.40053802870022
XKX,Kosovo,false,1991,1.58690407165236
XKX,Kosovo,false,1992,1.69894212328555
XKX,Kosovo,false,1993,1.60207220574227
XKX,Kosovo,false,1994,1.56023385614181
XKX,Kosovo,false,1995,1.52063965732157
XKX,Kosovo,false,1996,1.45088764824469
XKX,Kosovo,false,1997,1.30697042333343
XKX,Kosovo,false,1998,-5.53523595220767
XKX,Kosovo,false,1999,-10.5116620490498
XKX,Kosovo,false,2000,-3.75823655438575
XKX,Kosovo,false,2001,0.967073945714176
XKX,Kosovo,false,2002,0.518048842761047
XKX,Kosovo,false,2003,-0.165650264252757
XKX,Kosovo,false,2004,-0.20064639951827
XKX,Kosovo,false,2005,-0.242727164946393
XKX,Kosovo,false,2006,-0.290519126204048
XKX,Kosovo,false,2007,-0.330647483019233
XKX,Kosovo,false,2008,-0.345681218030727
XKX,Kosovo,false,2009,-0.343592772985139
XKX,Kosovo,false,2010,-0.331415173591033
XKX,Kosovo,false,2011,0.179071579276493
XKX,Kosovo,false,2012,0.843388368514639
XKX,Kosovo,false,2013,0.606471214728733
XKX,Kosovo,false,2014,-0.293645848305844
XKX,Kosovo,false,2015,-1.36150828171389
XKX,Kosovo,false,2016,-0.600477091754396
XKX,Kosovo,false,2017,0.753859367983812
XKX,Kosovo,false,2018,0.338173257577919
XKX,Kosovo,false,2019,-0.457058941890623
XKX,Kosovo,false,2020,0.0704099058940516
XKX,Kosovo,false,2021,-0.227725943787301
XKX,Kosovo,false,2022,-1.01194530149251
XKX,Kosovo,false,2023,-4.95226324203524
XKX,Kosovo,false,2024,-5.39126176551648
XKX,Kosovo,false,2025,-1.10223367296906
YEM,"Yemen, Rep.",false,1960,
YEM,"Yemen, Rep.",false,1961,2.19773113439037
YEM,"Yemen, Rep.",false,1962,2.22067305646172
YEM,"Yemen, Rep.",false,1963,2.20499954243984
YEM,"Yemen, Rep.",false,1964,2.28907705836353
YEM,"Yemen, Rep.",false,1965,2.41096019165207
YEM,"Yemen, Rep.",false,1966,2.48518279654376
YEM,"Yemen, Rep.",false,1967,2.56387675593543
YEM,"Yemen, Rep.",false,1968,2.63633685507744
YEM,"Yemen, Rep.",false,1969,2.73243842698284
YEM,"Yemen, Rep.",false,1970,2.71759246004761
YEM,"Yemen, Rep.",false,1971,2.68376751375197
YEM,"Yemen, Rep.",false,1972,2.75343485154837
YEM,"Yemen, Rep.",false,1973,2.81165566537687
YEM,"Yemen, Rep.",false,1974,2.87743752390856
YEM,"Yemen, Rep.",false,1975,2.95479227367255
YEM,"Yemen, Rep.",false,1976,3.03352214560866
YEM,"Yemen, Rep.",false,1977,3.10151451414285
YEM,"Yemen, Rep.",false,1978,3.16802642768914
YEM,"Yemen, Rep.",false,1979,3.27957998761731
YEM,"Yemen, Rep.",false,1980,3.40156003041498
YEM,"Yemen, Rep.",false,1981,3.49061368733535
YEM,"Yemen, Rep.",false,1982,3.56483049601247
YEM,"Yemen, Rep.",false,1983,3.6480297655722
YEM,"Yemen, Rep.",false,1984,3.73394148975977
YEM,"Yemen, Rep.",false,1985,3.81041658228887
YEM,"Yemen, Rep.",false,1986,3.83020559071278
YEM,"Yemen, Rep.",false,1987,3.86412811368934
YEM,"Yemen, Rep.",false,1988,3.88319400927246
YEM,"Yemen, Rep.",false,1989,3.8478531977258
YEM,"Yemen, Rep.",false,1990,3.8437676769055
YEM,"Yemen, Rep.",false,1991,3.8308080770016
YEM,"Yemen, Rep.",false,1992,3.80262537048437
YEM,"Yemen, Rep.",false,1993,3.76054738276682
YEM,"Yemen, Rep.",false,1994,3.69122014011109
YEM,"Yemen, Rep.",false,1995,3.59372988740852
YEM,"Yemen, Rep.",false,1996,3.36633580657249
YEM,"Yemen, Rep.",false,1997,3.18756744567655
YEM,"Yemen, Rep.",false,1998,3.15046872402234
YEM,"Yemen, Rep.",false,1999,3.11379530781424
YEM,"Yemen, Rep.",false,2000,3.07742893586094
YEM,"Yemen, Rep.",false,2001,3.02156813167324
YEM,"Yemen, Rep.",false,2002,2.96622192090819
YEM,"Yemen, Rep.",false,2003,2.93835979043048
YEM,"Yemen, Rep.",false,2004,2.93369063852526
YEM,"Yemen, Rep.",false,2005,3.09666761314071
YEM,"Yemen, Rep.",false,2006,3.25064888639941
YEM,"Yemen, Rep.",false,2007,3.23881270357261
YEM,"Yemen, Rep.",false,2008,3.21232812061682
YEM,"Yemen, Rep.",false,2009,3.1969350857355
YEM,"Yemen, Rep.",false,2010,3.13856389755931
YEM,"Yemen, Rep.",false,2011,3.04974468373417
YEM,"Yemen, Rep.",false,2012,3.03772906888376
YEM,"Yemen, Rep.",false,2013,3.04562687085895
YEM,"Yemen, Rep.",false,2014,3.06832379522527
YEM,"Yemen, Rep.",false,2015,3.04025873247851
YEM,"Yemen, Rep.",false,2016,3.00213847021681
YEM,"Yemen, Rep.",false,2017,3.01222786189552
YEM,"Yemen, Rep.",false,2018,2.96037896642737
YEM,"Yemen, Rep.",false,2019,2.96633475184571
YEM,"Yemen, Rep.",false,2020,2.87320414785733
YEM,"Yemen, Rep.",false,2021,2.74426152997255
YEM,"Yemen, Rep.",false,2022,2.87334358526139
YEM,"Yemen, Rep.",false,2023,3.00980765711571
YEM,"Yemen, Rep.",false,2024,2.98210396880689
YEM,"Yemen, Rep.",false,2025,2.8917915150724
ZAF,South Africa,false,1960,
ZAF,South Africa,false,1961,2.80611008680151
ZAF,South Africa,false,1962,2.9745170090651
ZAF,South Africa,false,1963,3.03102216345899
ZAF,South Africa,false,1964,3.05403072515018
ZAF,South Africa,false,1965,3.07475077680414
ZAF,South Africa,false,1966,3.0983151654606
ZAF,South Africa,false,1967,3.11982413750612
ZAF,South Africa,false,1968,3.1172861549371
ZAF,South Africa,false,1969,3.08861143644416
ZAF,South Africa,false,1970,3.03161685092829
ZAF,South Africa,false,1971,2.928682802326
ZAF,South Africa,false,1972,2.86717847984546
ZAF,South Africa,false,1973,2.85929221900803
ZAF,South Africa,false,1974,2.81998179943284
ZAF,South Africa,false,1975,2.76983506331808
ZAF,South Africa,false,1976,2.70532462484405
ZAF,South Africa,false,1977,2.70411724439704
ZAF,South Africa,false,1978,2.7300332808096
ZAF,South Africa,false,1979,2.70673284661844
ZAF,South Africa,false,1980,3.04287989384909
ZAF,South Africa,false,1981,3.40422044115816
ZAF,South Africa,false,1982,3.4570930329234
ZAF,South Africa,false,1983,3.49338991062419
ZAF,South Africa,false,1984,3.46259350729788
ZAF,South Africa,false,1985,3.3347747628988
ZAF,South Africa,false,1986,3.19707182299971
ZAF,South Africa,false,1987,3.11745107840955
ZAF,South Africa,false,1988,3.04602665260698
ZAF,South Africa,false,1989,2.93949573883366
ZAF,South Africa,false,1990,2.78138037228425
ZAF,South Africa,false,1991,2.28466181858316
ZAF,South Africa,false,1992,1.79631209038171
ZAF,South Africa,false,1993,1.99129597975592
ZAF,South Africa,false,1994,1.61967461179144
ZAF,South Africa,false,1995,1.21388535311637
ZAF,South Africa,false,1996,1.29699420436442
ZAF,South Africa,false,1997,1.19798957270412
ZAF,South Africa,false,1998,1.2124158688717
ZAF,South Africa,false,1999,1.08969778624124
ZAF,South Africa,false,2000,0.914659168313889
ZAF,South Africa,false,2001,0.859492168208101
ZAF,South Africa,false,2002,0.947036940076663
ZAF,South Africa,false,2003,0.996556488051653
ZAF,South Africa,false,2004,1.00742279739678
ZAF,South Africa,false,2005,1.01260946155511
ZAF,South Africa,false,2006,1.02172490694402
ZAF,South Africa,false,2007,1.05506511201209
ZAF,South Africa,false,2008,1.15309551684298
ZAF,South Africa,false,2009,1.19390450655684
ZAF,South Africa,false,2010,1.1829095702162
ZAF,South Africa,false,2011,1.23631458705301
ZAF,South Africa,false,2012,1.47479434391075
ZAF,South Africa,false,2013,1.65265199501405
ZAF,South Africa,false,2014,1.66144540694123
ZAF,South Africa,false,2015,2.00988840160514
ZAF,South Africa,false,2016,0.940521897823675
ZAF,South Africa,false,2017,0.653837462693277
ZAF,South Africa,false,2018,1.68236992028419
ZAF,South Africa,false,2019,1.64957495527878
ZAF,South Africa,false,2020,1.62216431400652
ZAF,South Africa,false,2021,1.54055743832642
ZAF,South Africa,false,2022,1.41397227960081
ZAF,South Africa,false,2023,1.32810094082844
ZAF,South Africa,false,2024,1.24951426055192
ZAF,South Africa,false,2025,1.14969203871645
ZMB,Zambia,false,1960,
ZMB,Zambia,false,1961,3.13258752466894
ZMB,Zambia,false,1962,3.14636025971389
ZMB,Zambia,false,1963,3.15993187951411
ZMB,Zambia,false,1964,3.15548540012184
ZMB,Zambia,false,1965,3.16623971255614
ZMB,Zambia,false,1966,3.1963162802989
ZMB,Zambia,false,1967,3.20973469220019
ZMB,Zambia,false,1968,3.23074921170895
ZMB,Zambia,false,1969,3.18380109399261
ZMB,Zambia,false,1970,2.92553856262887
ZMB,Zambia,false,1971,2.75699001074402
ZMB,Zambia,false,1972,2.81390814797676
ZMB,Zambia,false,1973,2.87733333771679
ZMB,Zambia,false,1974,2.93465918654467
ZMB,Zambia,false,1975,2.99712288686215
ZMB,Zambia,false,1976,3.03471269831588
ZMB,Zambia,false,1977,3.03743645768228
ZMB,Zambia,false,1978,3.02579191416923
ZMB,Zambia,false,1979,2.99837674494052
ZMB,Zambia,false,1980,2.99299243412746
ZMB,Zambia,false,1981,3.06241701917685
ZMB,Zambia,false,1982,3.21272802150477
ZMB,Zambia,false,1983,3.22330830648932
ZMB,Zambia,false,1984,3.07784306018052
ZMB,Zambia,false,1985,3.0008441896861
ZMB,Zambia,false,1986,2.98579121207901
ZMB,Zambia,false,1987,2.88938943703434
ZMB,Zambia,false,1988,2.74531148561589
ZMB,Zambia,false,1989,2.64057183708488
ZMB,Zambia,false,1990,2.56206623134577
ZMB,Zambia,false,1991,2.47962024274958
ZMB,Zambia,false,1992,2.41410432516202
ZMB,Zambia,false,1993,2.38360333328893
ZMB,Zambia,false,1994,2.38767368508148
ZMB,Zambia,false,1995,2.41336000162319
ZMB,Zambia,false,1996,2.45422388426954
ZMB,Zambia,false,1997,2.55491686835174
ZMB,Zambia,false,1998,2.62143144676206
ZMB,Zambia,false,1999,2.68033385502673
ZMB,Zambia,false,2000,2.8105009556372
ZMB,Zambia,false,2001,3.02394158044151
ZMB,Zambia,false,2002,3.07812350873629
ZMB,Zambia,false,2003,3.10355045228564
ZMB,Zambia,false,2004,3.17745831747123
ZMB,Zambia,false,2005,3.30186320062968
ZMB,Zambia,false,2006,3.44488603404196
ZMB,Zambia,false,2007,3.52770643018252
ZMB,Zambia,false,2008,3.56663855229215
ZMB,Zambia,false,2009,3.53891846603377
ZMB,Zambia,false,2010,3.46192274224024
ZMB,Zambia,false,2011,3.32527568350911
ZMB,Zambia,false,2012,3.24260026203654
ZMB,Zambia,false,2013,3.20268845716982
ZMB,Zambia,false,2014,3.17220342906789
ZMB,Zambia,false,2015,3.12013727876838
ZMB,Zambia,false,2016,3.09409054089327
ZMB,Zambia,false,2017,3.06754137743233
ZMB,Zambia,false,2018,3.0060186177754
ZMB,Zambia,false,2019,2.96162166175699
ZMB,Zambia,false,2020,2.9041649369132
ZMB,Zambia,false,2021,2.81534240626742
ZMB,Zambia,false,2022,2.76365042984169
ZMB,Zambia,false,2023,2.79406758723844
ZMB,Zambia,false,2024,2.81182258530958
ZMB,Zambia,false,2025,2.77109662765952
ZWE,Zimbabwe,false,1960,
ZWE,Zimbabwe,false,1961,3.1272647474993
ZWE,Zimbabwe,false,1962,3.14457014572293
ZWE,Zimbabwe,false,1963,3.15290821757527
ZWE,Zimbabwe,false,1964,3.15405512116618
ZWE,Zimbabwe,false,1965,3.15470723666649
ZWE,Zimbabwe,false,1966,3.15169702106267
ZWE,Zimbabwe,false,1967,3.1467299739603
ZWE,Zimbabwe,false,1968,3.15368635426982
ZWE,Zimbabwe,false,1969,3.16819354991886
ZWE,Zimbabwe,false,1970,3.07081711391574
ZWE,Zimbabwe,false,1971,2.99898875409613
ZWE,Zimbabwe,false,1972,3.0730747956448
ZWE,Zimbabwe,false,1973,3.16036931289079
ZWE,Zimbabwe,false,1974,3.2323448801644
ZWE,Zimbabwe,false,1975,3.17058659058723
ZWE,Zimbabwe,false,1976,3.04319634150605
ZWE,Zimbabwe,false,1977,2.55037586398962
ZWE,Zimbabwe,false,1978,1.44791831729815
ZWE,Zimbabwe,false,1979,1.57656161155319
ZWE,Zimbabwe,false,1980,5.75439699518806
ZWE,Zimbabwe,false,1981,6.29277657071886
ZWE,Zimbabwe,false,1982,3.89533980136887
ZWE,Zimbabwe,false,1983,3.79926032350653
ZWE,Zimbabwe,false,1984,3.55508535195946
ZWE,Zimbabwe,false,1985,3.45882698806967
ZWE,Zimbabwe,false,1986,3.34807948918848
ZWE,Zimbabwe,false,1987,3.30749291395558
ZWE,Zimbabwe,false,1988,3.16386516916123
ZWE,Zimbabwe,false,1989,2.89721584827511
ZWE,Zimbabwe,false,1990,2.72471534157706
ZWE,Zimbabwe,false,1991,2.60489596345003
ZWE,Zimbabwe,false,1992,2.82272702015968
ZWE,Zimbabwe,false,1993,1.46167874062028
ZWE,Zimbabwe,false,1994,0.118343013050283
ZWE,Zimbabwe,false,1995,0.928715708662254
ZWE,Zimbabwe,false,1996,1.66055720411375
ZWE,Zimbabwe,false,1997,1.8774099417919
ZWE,Zimbabwe,false,1998,1.95502471203748
ZWE,Zimbabwe,false,1999,1.61833442459082
ZWE,Zimbabwe,false,2000,0.917384654947152
ZWE,Zimbabwe,false,2001,0.669179057812887
ZWE,Zimbabwe,false,2002,0.962219774230462
ZWE,Zimbabwe,false,2003,1.18973560223894
ZWE,Zimbabwe,false,2004,1.08604865181957
ZWE,Zimbabwe,false,2005,0.945996419158278
ZWE,Zimbabwe,false,2006,1.21827740248004
ZWE,Zimbabwe,false,2007,1.3177052771271
ZWE,Zimbabwe,false,2008,1.20398732561507
ZWE,Zimbabwe,false,2009,1.40712940970909
ZWE,Zimbabwe,false,2010,1.61334322032425
ZWE,Zimbabwe,false,2011,1.7726514046574
ZWE,Zimbabwe,false,2012,1.62306467591426
ZWE,Zimbabwe,false,2013,1.40792169753746
ZWE,Zimbabwe,false,2014,1.37169405347957
ZWE,Zimbabwe,false,2015,1.3399592762046
ZWE,Zimbabwe,false,2016,1.38820029316449
ZWE,Zimbabwe,false,2017,1.44285382068925
ZWE,Zimbabwe,false,2018,1.48741637841697
ZWE,Zimbabwe,false,2019,1.56353351552455
ZWE,Zimbabwe,false,2020,1.65935280874134
ZWE,Zimbabwe,false,2021,1.72601114303872
ZWE,Zimbabwe,false,2022,1.7062092862652
ZWE,Zimbabwe,false,2023,1.67709591394986
ZWE,Zimbabwe,false,2024,1.7804822981922
ZWE,Zimbabwe,false,2025,1.88435182354047
