iso3,location,year,tfr,population_thousands
ABW,Aruba,1950,5.8268,42.738
ABW,Aruba,1951,5.7611,43.858
ABW,Aruba,1952,5.6781,45.029
ABW,Aruba,1953,5.5585,46.246
ABW,Aruba,1954,5.4211,47.494
ABW,Aruba,1955,5.2744,48.768
ABW,Aruba,1956,5.1075,50.063
ABW,Aruba,1957,4.9256,51.365
ABW,Aruba,1958,4.7594,52.668
ABW,Aruba,1959,4.6488,53.981
ABW,Aruba,1960,4.5666,54.922
ABW,Aruba,1961,4.4216,55.578
ABW,Aruba,1962,4.2618,56.32
ABW,Aruba,1963,4.1071,57.002
ABW,Aruba,1964,3.9404,57.619
ABW,Aruba,1965,3.7974,58.19
ABW,Aruba,1966,3.6212,58.694
ABW,Aruba,1967,3.4515,58.99
ABW,Aruba,1968,3.2769,59.069
ABW,Aruba,1969,3.1107,59.052
ABW,Aruba,1970,2.9729,58.95
ABW,Aruba,1971,2.8615,58.781
ABW,Aruba,1972,2.7546,58.895
ABW,Aruba,1973,2.6552,59.435
ABW,Aruba,1974,2.573,60.122
ABW,Aruba,1975,2.4987,60.812
ABW,Aruba,1976,2.432,61.271
ABW,Aruba,1977,2.3716,61.511
ABW,Aruba,1978,2.3118,61.719
ABW,Aruba,1979,2.2566,61.896
ABW,Aruba,1980,2.2028,62.039
ABW,Aruba,1981,2.1607,62.266
ABW,Aruba,1982,2.1415,62.652
ABW,Aruba,1983,2.1479,63.096
ABW,Aruba,1984,2.1696,63.469
ABW,Aruba,1985,2.1884,63.661
ABW,Aruba,1986,2.2124,63.621
ABW,Aruba,1987,2.2428,63.408
ABW,Aruba,1988,2.2726,63.203
ABW,Aruba,1989,2.3063,63.39
ABW,Aruba,1990,2.3446,64.433
ABW,Aruba,1991,2.3624,66.543
ABW,Aruba,1992,2.353,68.874
ABW,Aruba,1993,2.3306,71.072
ABW,Aruba,1994,2.2983,73.458
ABW,Aruba,1995,2.2878,75.918
ABW,Aruba,1996,2.2325,78.482
ABW,Aruba,1997,2.1383,81.106
ABW,Aruba,1998,2.0008,83.777
ABW,Aruba,1999,1.8975,86.472
ABW,Aruba,2000,1.8454,88.762
ABW,Aruba,2001,1.8134,90.305
ABW,Aruba,2002,1.8001,91.378
ABW,Aruba,2003,1.8083,92.31
ABW,Aruba,2004,1.8189,93.213
ABW,Aruba,2005,1.8445,94.23
ABW,Aruba,2006,1.8624,95.392
ABW,Aruba,2007,1.8813,96.587
ABW,Aruba,2008,1.8895,97.804
ABW,Aruba,2009,1.8747,99.025
ABW,Aruba,2010,1.8552,100.114
ABW,Aruba,2011,1.8576,100.981
ABW,Aruba,2012,1.9074,101.763
ABW,Aruba,2013,1.9442,102.558
ABW,Aruba,2014,1.9443,103.372
ABW,Aruba,2015,1.8985,104.184
ABW,Aruba,2016,1.8485,104.976
ABW,Aruba,2017,1.7853,105.731
ABW,Aruba,2018,1.7317,106.432
ABW,Aruba,2019,1.7011,107.076
ABW,Aruba,2020,1.6619,107.4
ABW,Aruba,2021,1.6308,107.558
ABW,Aruba,2022,1.6153,107.782
ABW,Aruba,2023,1.6023,107.939
AFG,Afghanistan,1950,7.2484,7776.176
AFG,Afghanistan,1951,7.2596,7879.339
AFG,Afghanistan,1952,7.2601,7987.783
AFG,Afghanistan,1953,7.2662,8096.698
AFG,Afghanistan,1954,7.2542,8207.95
AFG,Afghanistan,1955,7.2621,8326.98
AFG,Afghanistan,1956,7.2688,8454.302
AFG,Afghanistan,1957,7.2636,8588.335
AFG,Afghanistan,1958,7.2691,8723.402
AFG,Afghanistan,1959,7.2759,8869.27
AFG,Afghanistan,1960,7.2817,9035.044
AFG,Afghanistan,1961,7.2842,9214.083
AFG,Afghanistan,1962,7.2918,9404.406
AFG,Afghanistan,1963,7.3016,9604.487
AFG,Afghanistan,1964,7.3043,9814.318
AFG,Afghanistan,1965,7.3053,10036.008
AFG,Afghanistan,1966,7.3203,10266.395
AFG,Afghanistan,1967,7.3387,10505.959
AFG,Afghanistan,1968,7.3628,10756.922
AFG,Afghanistan,1969,7.3887,11017.409
AFG,Afghanistan,1970,7.3996,11290.128
AFG,Afghanistan,1971,7.432,11567.668
AFG,Afghanistan,1972,7.4531,11853.696
AFG,Afghanistan,1973,7.4868,12158
AFG,Afghanistan,1974,7.5258,12469.126
AFG,Afghanistan,1975,7.542,12773.954
AFG,Afghanistan,1976,7.5613,13059.851
AFG,Afghanistan,1977,7.5913,13340.756
AFG,Afghanistan,1978,7.5993,13611.441
AFG,Afghanistan,1979,7.6123,13655.567
AFG,Afghanistan,1980,7.6432,13169.312
AFG,Afghanistan,1981,7.6172,11937.581
AFG,Afghanistan,1982,7.6,10991.378
AFG,Afghanistan,1983,7.5705,10917.982
AFG,Afghanistan,1984,7.554,11190.222
AFG,Afghanistan,1985,7.5498,11426.852
AFG,Afghanistan,1986,7.5529,11420.074
AFG,Afghanistan,1987,7.5477,11387.818
AFG,Afghanistan,1988,7.551,11523.298
AFG,Afghanistan,1989,7.5588,11874.088
AFG,Afghanistan,1990,7.5758,12045.66
AFG,Afghanistan,1991,7.6312,12238.879
AFG,Afghanistan,1992,7.7031,13278.974
AFG,Afghanistan,1993,7.7614,14943.172
AFG,Afghanistan,1994,7.767,16250.794
AFG,Afghanistan,1995,7.7671,17065.836
AFG,Afghanistan,1996,7.7572,17763.266
AFG,Afghanistan,1997,7.7321,18452.091
AFG,Afghanistan,1998,7.6932,19159.996
AFG,Afghanistan,1999,7.6411,19887.785
AFG,Afghanistan,2000,7.5661,20130.327
AFG,Afghanistan,2001,7.4526,20284.307
AFG,Afghanistan,2002,7.3203,21378.117
AFG,Afghanistan,2003,7.1735,22733.049
AFG,Afghanistan,2004,7.018,23560.654
AFG,Afghanistan,2005,6.8575,24404.567
AFG,Afghanistan,2006,6.686,25424.094
AFG,Afghanistan,2007,6.508,25909.852
AFG,Afghanistan,2008,6.3916,26482.622
AFG,Afghanistan,2009,6.2949,27466.101
AFG,Afghanistan,2010,6.195,28284.089
AFG,Afghanistan,2011,6.094,29347.708
AFG,Afghanistan,2012,5.9845,30560.034
AFG,Afghanistan,2013,5.8795,31622.704
AFG,Afghanistan,2014,5.7696,32792.523
AFG,Afghanistan,2015,5.6523,33831.764
AFG,Afghanistan,2016,5.5417,34700.612
AFG,Afghanistan,2017,5.4326,35688.935
AFG,Afghanistan,2018,5.3275,36743.039
AFG,Afghanistan,2019,5.2383,37856.121
AFG,Afghanistan,2020,5.1453,39068.979
AFG,Afghanistan,2021,5.0391,40000.412
AFG,Afghanistan,2022,4.9317,40578.842
AFG,Afghanistan,2023,4.8403,41454.761
AGO,Angola,1950,5.7712,4551.869
AGO,Angola,1951,5.8311,4602.562
AGO,Angola,1952,5.9482,4651.688
AGO,Angola,1953,6.0599,4706.359
AGO,Angola,1954,6.1662,4766.717
AGO,Angola,1955,6.2674,4832.764
AGO,Angola,1956,6.3634,4904.27
AGO,Angola,1957,6.4548,4980.642
AGO,Angola,1958,6.542,5061.134
AGO,Angola,1959,6.6262,5145.102
AGO,Angola,1960,6.7085,5231.654
AGO,Angola,1961,6.79,5301.584
AGO,Angola,1962,6.8717,5354.31
AGO,Angola,1963,6.9539,5408.32
AGO,Angola,1964,7.0358,5464.187
AGO,Angola,1965,7.1165,5521.981
AGO,Angola,1966,7.1942,5581.386
AGO,Angola,1967,7.2667,5641.807
AGO,Angola,1968,7.332,5702.7
AGO,Angola,1969,7.3884,5763.685
AGO,Angola,1970,7.4339,5852.788
AGO,Angola,1971,7.4669,5991.102
AGO,Angola,1972,7.4879,6174.262
AGO,Angola,1973,7.4983,6388.528
AGO,Angola,1974,7.4995,6613.367
AGO,Angola,1975,7.4942,6842.946
AGO,Angola,1976,7.4852,7074.664
AGO,Angola,1977,7.4755,7317.83
AGO,Angola,1978,7.467,7576.734
AGO,Angola,1979,7.4611,7847.207
AGO,Angola,1980,7.4585,8133.872
AGO,Angola,1981,7.4592,8435.607
AGO,Angola,1982,7.4611,8751.648
AGO,Angola,1983,7.4617,9082.982
AGO,Angola,1984,7.4592,9425.918
AGO,Angola,1985,7.451,9779.12
AGO,Angola,1986,7.4347,10139.45
AGO,Angola,1987,7.4089,10497.858
AGO,Angola,1988,7.3731,10861.291
AGO,Angola,1989,7.3275,11238.562
AGO,Angola,1990,7.2723,11626.36
AGO,Angola,1991,7.2082,12023.528
AGO,Angola,1992,7.138,12423.712
AGO,Angola,1993,7.0645,12827.134
AGO,Angola,1994,6.9903,13249.764
AGO,Angola,1995,6.9181,13699.778
AGO,Angola,1996,6.8506,14170.973
AGO,Angola,1997,6.7885,14660.412
AGO,Angola,1998,6.7324,15159.37
AGO,Angola,1999,6.6826,15667.234
AGO,Angola,2000,6.6391,16194.868
AGO,Angola,2001,6.6013,16747.208
AGO,Angola,2002,6.5668,17327.699
AGO,Angola,2003,6.5332,17943.712
AGO,Angola,2004,6.4987,18600.423
AGO,Angola,2005,6.4614,19291.161
AGO,Angola,2006,6.4195,20015.279
AGO,Angola,2007,6.3724,20778.561
AGO,Angola,2008,6.3195,21578.655
AGO,Angola,2009,6.2603,22414.773
AGO,Angola,2010,6.1938,23294.825
AGO,Angola,2011,6.1196,24218.352
AGO,Angola,2012,6.0388,25177.394
AGO,Angola,2013,5.9532,26165.62
AGO,Angola,2014,5.8643,27160.769
AGO,Angola,2015,5.7744,28157.798
AGO,Angola,2016,5.6857,29183.07
AGO,Angola,2017,5.6001,30234.839
AGO,Angola,2018,5.5187,31297.155
AGO,Angola,2019,5.4423,32375.632
AGO,Angola,2020,5.3711,33451.132
AGO,Angola,2021,5.3044,34532.429
AGO,Angola,2022,5.209,35635.029
AGO,Angola,2023,5.1239,36749.906
AIA,Anguilla,1950,6.4908,5.002
AIA,Anguilla,1951,6.6425,5.21
AIA,Anguilla,1952,6.7721,5.369
AIA,Anguilla,1953,6.8861,5.503
AIA,Anguilla,1954,6.9808,5.644
AIA,Anguilla,1955,7.0501,5.741
AIA,Anguilla,1956,7.0846,5.78
AIA,Anguilla,1957,7.0881,5.796
AIA,Anguilla,1958,7.046,5.795
AIA,Anguilla,1959,6.9848,5.777
AIA,Anguilla,1960,6.9246,5.782
AIA,Anguilla,1961,6.8717,5.822
AIA,Anguilla,1962,6.8203,5.875
AIA,Anguilla,1963,6.7445,5.923
AIA,Anguilla,1964,6.6413,5.97
AIA,Anguilla,1965,6.5093,6.018
AIA,Anguilla,1966,6.3455,6.072
AIA,Anguilla,1967,6.1518,6.13
AIA,Anguilla,1968,5.8842,6.183
AIA,Anguilla,1969,5.5796,6.238
AIA,Anguilla,1970,5.2986,6.298
AIA,Anguilla,1971,5.0521,6.355
AIA,Anguilla,1972,4.8292,6.403
AIA,Anguilla,1973,4.6012,6.447
AIA,Anguilla,1974,4.3929,6.479
AIA,Anguilla,1975,4.1968,6.499
AIA,Anguilla,1976,3.9766,6.521
AIA,Anguilla,1977,3.7488,6.543
AIA,Anguilla,1978,3.5455,6.561
AIA,Anguilla,1979,3.3714,6.577
AIA,Anguilla,1980,3.2376,6.588
AIA,Anguilla,1981,3.1468,6.604
AIA,Anguilla,1982,3.0837,6.628
AIA,Anguilla,1983,3.0169,6.647
AIA,Anguilla,1984,2.9255,6.742
AIA,Anguilla,1985,2.7334,6.955
AIA,Anguilla,1986,2.5107,7.219
AIA,Anguilla,1987,2.3083,7.495
AIA,Anguilla,1988,2.2051,7.782
AIA,Anguilla,1989,2.4028,8.09
AIA,Anguilla,1990,2.1852,8.399
AIA,Anguilla,1991,2.1367,8.703
AIA,Anguilla,1992,2.0251,8.982
AIA,Anguilla,1993,1.9965,9.228
AIA,Anguilla,1994,1.9324,9.467
AIA,Anguilla,1995,1.9432,9.714
AIA,Anguilla,1996,1.8812,9.977
AIA,Anguilla,1997,1.8734,10.254
AIA,Anguilla,1998,1.8984,10.536
AIA,Anguilla,1999,1.9064,10.841
AIA,Anguilla,2000,1.8768,11.177
AIA,Anguilla,2001,2.0001,11.472
AIA,Anguilla,2002,1.7403,11.687
AIA,Anguilla,2003,1.6366,11.874
AIA,Anguilla,2004,1.6053,12.068
AIA,Anguilla,2005,1.5285,12.267
AIA,Anguilla,2006,1.473,12.47
AIA,Anguilla,2007,1.5104,12.676
AIA,Anguilla,2008,1.5617,12.89
AIA,Anguilla,2009,1.6066,13.114
AIA,Anguilla,2010,1.627,13.344
AIA,Anguilla,2011,1.6315,13.569
AIA,Anguilla,2012,1.6106,13.379
AIA,Anguilla,2013,1.5531,13.252
AIA,Anguilla,2014,1.4689,13.729
AIA,Anguilla,2015,1.3897,14.21
AIA,Anguilla,2016,1.3737,14.32
AIA,Anguilla,2017,1.3736,14.425
AIA,Anguilla,2018,1.3738,14.721
AIA,Anguilla,2019,1.3775,14.823
AIA,Anguilla,2020,1.3816,14.843
AIA,Anguilla,2021,1.3779,14.475
AIA,Anguilla,2022,1.3744,14.18
AIA,Anguilla,2023,1.3644,14.41
ALB,Albania,1950,6.1686,1247.851
ALB,Albania,1951,6.1982,1276.366
ALB,Albania,1952,6.239,1308.36
ALB,Albania,1953,6.341,1343.575
ALB,Albania,1954,6.4316,1381.087
ALB,Albania,1955,6.5407,1418.85
ALB,Albania,1956,6.4371,1456.82
ALB,Albania,1957,6.3344,1497.956
ALB,Albania,1958,6.3909,1543.978
ALB,Albania,1959,6.3968,1595.011
ALB,Albania,1960,6.3834,1649.387
ALB,Albania,1961,6.273,1698.791
ALB,Albania,1962,6.1056,1743.733
ALB,Albania,1963,5.9266,1791.285
ALB,Albania,1964,5.7142,1841.441
ALB,Albania,1965,5.4738,1894.312
ALB,Albania,1966,5.3252,1950.044
ALB,Albania,1967,5.3101,2008.521
ALB,Albania,1968,5.3166,2068.841
ALB,Albania,1969,5.2874,2126.875
ALB,Albania,1970,5.1583,2181.22
ALB,Albania,1971,5.0831,2234.992
ALB,Albania,1972,4.9793,2289.266
ALB,Albania,1973,4.8292,2344.105
ALB,Albania,1974,4.7,2399.401
ALB,Albania,1975,4.5657,2454.859
ALB,Albania,1976,4.3743,2510.58
ALB,Albania,1977,4.2045,2566.599
ALB,Albania,1978,3.9962,2624.621
ALB,Albania,1979,3.782,2681.384
ALB,Albania,1980,3.5903,2735.416
ALB,Albania,1981,3.4683,2790.413
ALB,Albania,1982,3.4159,2846.907
ALB,Albania,1983,3.3188,2905.13
ALB,Albania,1984,3.282,2964.958
ALB,Albania,1985,3.2141,3026.242
ALB,Albania,1986,3.1407,3087.652
ALB,Albania,1987,3.1056,3148.838
ALB,Albania,1988,3.0689,3212.919
ALB,Albania,1989,3.0303,3260.374
ALB,Albania,1990,3.0137,3277.966
ALB,Albania,1991,2.9564,3282.602
ALB,Albania,1992,2.8853,3282.501
ALB,Albania,1993,2.8113,3277.825
ALB,Albania,1994,2.7982,3269.41
ALB,Albania,1995,2.7622,3258.567
ALB,Albania,1996,2.6665,3245.678
ALB,Albania,1997,2.5348,3229.66
ALB,Albania,1998,2.425,3210.133
ALB,Albania,1999,2.3134,3188.596
ALB,Albania,2000,2.2169,3166.148
ALB,Albania,2001,2.1413,3147.943
ALB,Albania,2002,2.0016,3134.092
ALB,Albania,2003,2.0063,3118.088
ALB,Albania,2004,1.8894,3098.657
ALB,Albania,2005,1.7868,3076.159
ALB,Albania,2006,1.6864,3050.808
ALB,Albania,2007,1.633,3022.887
ALB,Albania,2008,1.6164,2992.93
ALB,Albania,2009,1.6376,2961.48
ALB,Albania,2010,1.6529,2928.722
ALB,Albania,2011,1.6767,2911.504
ALB,Albania,2012,1.7187,2910.004
ALB,Albania,2013,1.7411,2907.573
ALB,Albania,2014,1.7209,2903.75
ALB,Albania,2015,1.6311,2898.632
ALB,Albania,2016,1.5555,2897.866
ALB,Albania,2017,1.4858,2898.242
ALB,Albania,2018,1.4152,2894.231
ALB,Albania,2019,1.3953,2885.01
ALB,Albania,2020,1.3707,2871.954
ALB,Albania,2021,1.3651,2849.635
ALB,Albania,2022,1.3553,2827.608
ALB,Albania,2023,1.3479,2811.655
AND,Andorra,1950,2.112,5.996
AND,Andorra,1951,2.1948,5.819
AND,Andorra,1952,2.2579,5.455
AND,Andorra,1953,2.3145,5.323
AND,Andorra,1954,2.32,5.602
AND,Andorra,1955,2.2707,6.165
AND,Andorra,1956,2.2963,6.764
AND,Andorra,1957,2.3742,7.399
AND,Andorra,1958,2.4587,8.068
AND,Andorra,1959,2.5517,8.77
AND,Andorra,1960,2.5446,9.51
AND,Andorra,1961,2.543,10.283
AND,Andorra,1962,2.5482,11.086
AND,Andorra,1963,2.6018,11.915
AND,Andorra,1964,2.6886,12.764
AND,Andorra,1965,2.7155,13.634
AND,Andorra,1966,2.7585,14.626
AND,Andorra,1967,2.7803,15.837
AND,Andorra,1968,2.7703,17.176
AND,Andorra,1969,2.769,18.555
AND,Andorra,1970,2.787,19.977
AND,Andorra,1971,2.8321,21.442
AND,Andorra,1972,2.9051,22.957
AND,Andorra,1973,2.826,24.523
AND,Andorra,1974,2.7347,26.13
AND,Andorra,1975,2.458,27.773
AND,Andorra,1976,2.2065,29.436
AND,Andorra,1977,2.0286,31.097
AND,Andorra,1978,1.8837,32.735
AND,Andorra,1979,1.7953,34.306
AND,Andorra,1980,1.8304,35.782
AND,Andorra,1981,1.7973,37.169
AND,Andorra,1982,1.7265,38.764
AND,Andorra,1983,1.5741,40.565
AND,Andorra,1984,1.4746,42.273
AND,Andorra,1985,1.434,43.824
AND,Andorra,1986,1.3973,45.734
AND,Andorra,1987,1.3671,47.653
AND,Andorra,1988,1.3651,49.416
AND,Andorra,1989,1.3946,50.62
AND,Andorra,1990,1.4008,52.597
AND,Andorra,1991,1.3974,56.667
AND,Andorra,1992,1.3735,60.2
AND,Andorra,1993,1.3341,63.272
AND,Andorra,1994,1.3172,64.612
AND,Andorra,1995,1.3186,63.912
AND,Andorra,1996,1.3286,63.984
AND,Andorra,1997,1.3542,64.7
AND,Andorra,1998,1.3834,65.382
AND,Andorra,1999,1.4214,65.71
AND,Andorra,2000,1.2732,65.685
AND,Andorra,2001,1.3047,65.852
AND,Andorra,2002,1.2646,66.506
AND,Andorra,2003,1.1803,69.486
AND,Andorra,2004,1.2286,74.325
AND,Andorra,2005,1.2238,77.42
AND,Andorra,2006,1.2338,79.586
AND,Andorra,2007,1.1888,81.878
AND,Andorra,2008,1.2495,83.494
AND,Andorra,2009,1.208,83.888
AND,Andorra,2010,1.2748,80.706
AND,Andorra,2011,1.3215,77.783
AND,Andorra,2012,1.2604,76.834
AND,Andorra,2013,1.1425,75.194
AND,Andorra,2014,1.1681,73.737
AND,Andorra,2015,1.2229,72.174
AND,Andorra,2016,1.1844,72.182
AND,Andorra,2017,1.1294,73.762
AND,Andorra,2018,1.0532,75.162
AND,Andorra,2019,1.0447,76.474
AND,Andorra,2020,1.0279,77.38
AND,Andorra,2021,1.058,78.364
AND,Andorra,2022,1.0708,79.705
AND,Andorra,2023,1.0815,80.856
ARE,United Arab Emirates,1950,6.503,74.512
ARE,United Arab Emirates,1951,6.4994,79.54
ARE,United Arab Emirates,1952,6.5003,84.761
ARE,United Arab Emirates,1953,6.4985,90.147
ARE,United Arab Emirates,1954,6.5025,95.652
ARE,United Arab Emirates,1955,6.4951,101.258
ARE,United Arab Emirates,1956,6.4936,106.963
ARE,United Arab Emirates,1957,6.4885,112.784
ARE,United Arab Emirates,1958,6.484,118.762
ARE,United Arab Emirates,1959,6.5004,124.937
ARE,United Arab Emirates,1960,6.4986,131.334
ARE,United Arab Emirates,1961,6.4938,137.989
ARE,United Arab Emirates,1962,6.4886,144.946
ARE,United Arab Emirates,1963,6.4948,152.211
ARE,United Arab Emirates,1964,6.494,159.692
ARE,United Arab Emirates,1965,6.4951,167.103
ARE,United Arab Emirates,1966,6.4947,173.976
ARE,United Arab Emirates,1967,6.5102,179.7
ARE,United Arab Emirates,1968,6.5292,199.416
ARE,United Arab Emirates,1969,6.524,239.66
ARE,United Arab Emirates,1970,6.5189,286.536
ARE,United Arab Emirates,1971,6.5188,335.027
ARE,United Arab Emirates,1972,6.5025,385.014
ARE,United Arab Emirates,1973,6.464,436.398
ARE,United Arab Emirates,1974,6.4105,489.086
ARE,United Arab Emirates,1975,6.3531,542.856
ARE,United Arab Emirates,1976,6.291,615.866
ARE,United Arab Emirates,1977,6.2232,710.209
ARE,United Arab Emirates,1978,6.1505,809.274
ARE,United Arab Emirates,1979,6.0589,912.01
ARE,United Arab Emirates,1980,5.9532,1015.7
ARE,United Arab Emirates,1981,5.8143,1099.855
ARE,United Arab Emirates,1982,5.6577,1166.37
ARE,United Arab Emirates,1983,5.4816,1235.305
ARE,United Arab Emirates,1984,5.3029,1305.996
ARE,United Arab Emirates,1985,5.1252,1377.911
ARE,United Arab Emirates,1986,4.9993,1467.383
ARE,United Arab Emirates,1987,4.8829,1574.244
ARE,United Arab Emirates,1988,4.768,1681.788
ARE,United Arab Emirates,1989,4.65,1789.85
ARE,United Arab Emirates,1990,4.5061,1898.22
ARE,United Arab Emirates,1991,4.2514,2006.626
ARE,United Arab Emirates,1992,4.0875,2114.73
ARE,United Arab Emirates,1993,3.8188,2222.094
ARE,United Arab Emirates,1994,3.7612,2328.188
ARE,United Arab Emirates,1995,3.2783,2434.662
ARE,United Arab Emirates,1996,3.0603,2597.564
ARE,United Arab Emirates,1997,2.8255,2817.41
ARE,United Arab Emirates,1998,2.7651,3040.422
ARE,United Arab Emirates,1999,2.7925,3266.009
ARE,United Arab Emirates,2000,2.7332,3493.576
ARE,United Arab Emirates,2001,2.6219,3723.59
ARE,United Arab Emirates,2002,2.5412,3956.826
ARE,United Arab Emirates,2003,2.4912,4192.457
ARE,United Arab Emirates,2004,2.3849,4428.967
ARE,United Arab Emirates,2005,2.2318,4664.79
ARE,United Arab Emirates,2006,1.9578,5009.1
ARE,United Arab Emirates,2007,1.7916,5624.634
ARE,United Arab Emirates,2008,1.5157,6302.664
ARE,United Arab Emirates,2009,1.5818,6707.058
ARE,United Arab Emirates,2010,1.5654,6938.363
ARE,United Arab Emirates,2011,1.5385,7199.424
ARE,United Arab Emirates,2012,1.5318,7497.118
ARE,United Arab Emirates,2013,1.5266,7831.847
ARE,United Arab Emirates,2014,1.4831,8236.874
ARE,United Arab Emirates,2015,1.4173,8674.633
ARE,United Arab Emirates,2016,1.3663,9030.873
ARE,United Arab Emirates,2017,1.3502,9234.327
ARE,United Arab Emirates,2018,1.2881,9346.87
ARE,United Arab Emirates,2019,1.2466,9377.848
ARE,United Arab Emirates,2020,1.2895,9448.524
ARE,United Arab Emirates,2021,1.162,9789.048
ARE,United Arab Emirates,2022,1.1481,10242.086
ARE,United Arab Emirates,2023,1.2,10642.081
ARG,Argentina,1950,3.1638,17018.036
ARG,Argentina,1951,3.1614,17356.467
ARG,Argentina,1952,3.1566,17698.877
ARG,Argentina,1953,3.1516,18041.302
ARG,Argentina,1954,3.141,18381.213
ARG,Argentina,1955,3.1393,18716.029
ARG,Argentina,1956,3.1473,19049.964
ARG,Argentina,1957,3.1373,19383.035
ARG,Argentina,1958,3.1002,19714.253
ARG,Argentina,1959,3.1409,20049.609
ARG,Argentina,1960,3.1363,20386.045
ARG,Argentina,1961,3.1199,20726.276
ARG,Argentina,1962,3.1262,21072.538
ARG,Argentina,1963,3.1087,21421.705
ARG,Argentina,1964,3.0748,21769.453
ARG,Argentina,1965,3.0053,22112.629
ARG,Argentina,1966,2.9664,22453.893
ARG,Argentina,1967,2.9818,22799.059
ARG,Argentina,1968,3.0108,23150.583
ARG,Argentina,1969,3.0486,23508.711
ARG,Argentina,1970,3.0848,23878.327
ARG,Argentina,1971,3.1076,24257.208
ARG,Argentina,1972,3.1349,24644.328
ARG,Argentina,1973,3.1698,25046.005
ARG,Argentina,1974,3.2156,25461.351
ARG,Argentina,1975,3.2706,25874.107
ARG,Argentina,1976,3.3171,26282.283
ARG,Argentina,1977,3.3593,26701.805
ARG,Argentina,1978,3.3593,27132.158
ARG,Argentina,1979,3.3387,27568.895
ARG,Argentina,1980,3.3013,28011.596
ARG,Argentina,1981,3.2535,28463.959
ARG,Argentina,1982,3.2039,28924.262
ARG,Argentina,1983,3.148,29391.332
ARG,Argentina,1984,3.1164,29863.093
ARG,Argentina,1985,3.0661,30336.441
ARG,Argentina,1986,3.0543,30811.98
ARG,Argentina,1987,3.0372,31291.762
ARG,Argentina,1988,3.0458,31780.532
ARG,Argentina,1989,3.0219,32270.948
ARG,Argentina,1990,3.0342,32755.901
ARG,Argentina,1991,3.0119,33230.294
ARG,Argentina,1992,2.9875,33693.527
ARG,Argentina,1993,2.9661,34152.717
ARG,Argentina,1994,2.9354,34613.491
ARG,Argentina,1995,2.8638,35070.02
ARG,Argentina,1996,2.781,35513.793
ARG,Argentina,1997,2.7057,35947.792
ARG,Argentina,1998,2.6616,36372.86
ARG,Argentina,1999,2.643,36794.682
ARG,Argentina,2000,2.5906,37213.984
ARG,Argentina,2001,2.5313,37624.826
ARG,Argentina,2002,2.4929,38029.349
ARG,Argentina,2003,2.4514,38424.282
ARG,Argentina,2004,2.4304,38815.916
ARG,Argentina,2005,2.4259,39216.79
ARG,Argentina,2006,2.4004,39622.115
ARG,Argentina,2007,2.3695,40016.763
ARG,Argentina,2008,2.4323,40424.148
ARG,Argentina,2009,2.4,40854.831
ARG,Argentina,2010,2.4109,41288.694
ARG,Argentina,2011,2.3934,41730.66
ARG,Argentina,2012,2.3045,42161.722
ARG,Argentina,2013,2.3347,42582.455
ARG,Argentina,2014,2.3865,43024.071
ARG,Argentina,2015,2.3496,43477.012
ARG,Argentina,2016,2.2407,43900.313
ARG,Argentina,2017,2.1676,44288.894
ARG,Argentina,2018,2.0666,44654.882
ARG,Argentina,2019,1.8815,44973.466
ARG,Argentina,2020,1.6006,45191.965
ARG,Argentina,2021,1.5851,45312.281
ARG,Argentina,2022,1.4816,45407.904
ARG,Argentina,2023,1.5,45538.401
ARM,Armenia,1950,4.9045,1382.895
ARM,Armenia,1951,4.852,1417.284
ARM,Armenia,1952,4.8079,1454.107
ARM,Armenia,1953,4.7923,1493.578
ARM,Armenia,1954,4.7955,1535.978
ARM,Armenia,1955,4.7982,1581.508
ARM,Armenia,1956,4.8903,1630.819
ARM,Armenia,1957,4.9177,1684.134
ARM,Armenia,1958,4.9103,1740.884
ARM,Armenia,1959,4.8667,1801.008
ARM,Armenia,1960,4.7865,1863.705
ARM,Armenia,1961,4.6704,1927.484
ARM,Armenia,1962,4.5212,1991.689
ARM,Armenia,1963,4.3447,2056.023
ARM,Armenia,1964,4.1501,2120.135
ARM,Armenia,1965,3.9881,2183.634
ARM,Armenia,1966,3.8291,2246.158
ARM,Armenia,1967,3.731,2307.492
ARM,Armenia,1968,3.6222,2367.319
ARM,Armenia,1969,3.4881,2424.03
ARM,Armenia,1970,3.3281,2475.633
ARM,Armenia,1971,3.2856,2525.346
ARM,Armenia,1972,3.1984,2577.078
ARM,Armenia,1973,3.0812,2630.86
ARM,Armenia,1974,2.9841,2686.445
ARM,Armenia,1975,2.9209,2743.66
ARM,Armenia,1976,2.8442,2818.165
ARM,Armenia,1977,2.7394,2912.827
ARM,Armenia,1978,2.6169,3012.807
ARM,Armenia,1979,2.5301,3078.501
ARM,Armenia,1980,2.4803,3107.415
ARM,Armenia,1981,2.4796,3135.348
ARM,Armenia,1982,2.5035,3163.144
ARM,Armenia,1983,2.5583,3191.539
ARM,Armenia,1984,2.6028,3224.547
ARM,Armenia,1985,2.6436,3260.432
ARM,Armenia,1986,2.6616,3294.847
ARM,Armenia,1987,2.6644,3328.52
ARM,Armenia,1988,2.6753,3355.125
ARM,Armenia,1989,2.7051,3443.1
ARM,Armenia,1990,2.7083,3552.128
ARM,Armenia,1991,2.643,3613.977
ARM,Armenia,1992,2.4989,3571.862
ARM,Armenia,1993,2.2858,3453.332
ARM,Armenia,1994,2.0842,3364.61
ARM,Armenia,1995,2.0672,3307.581
ARM,Armenia,1996,2.06,3278.735
ARM,Armenia,1997,1.9,3246.289
ARM,Armenia,1998,1.81,3208.401
ARM,Armenia,1999,1.5338,3167.286
ARM,Armenia,2000,1.4698,3125.628
ARM,Armenia,2001,1.402,3084.349
ARM,Armenia,2002,1.405,3055.63
ARM,Armenia,2003,1.4728,3038.968
ARM,Armenia,2004,1.4905,3022.541
ARM,Armenia,2005,1.4921,3006.351
ARM,Armenia,2006,1.494,2990.377
ARM,Armenia,2007,1.5191,2974.819
ARM,Armenia,2008,1.541,2959.99
ARM,Armenia,2009,1.5742,2945.517
ARM,Armenia,2010,1.5878,2931.078
ARM,Armenia,2011,1.6153,2923.27
ARM,Armenia,2012,1.6474,2922.528
ARM,Armenia,2013,1.6689,2922.518
ARM,Armenia,2014,1.6634,2922.422
ARM,Armenia,2015,1.6207,2921.177
ARM,Armenia,2016,1.6248,2918.792
ARM,Armenia,2017,1.5609,2914.963
ARM,Armenia,2018,1.5675,2909.964
ARM,Armenia,2019,1.6007,2903.972
ARM,Armenia,2020,1.6191,2890.892
ARM,Armenia,2021,1.7095,2870.348
ARM,Armenia,2022,1.7194,2880.874
ARM,Armenia,2023,1.714,2943.393
ASM,American Samoa,1950,6.2191,19.042
ASM,American Samoa,1951,6.1665,19.426
ASM,American Samoa,1952,6.1125,19.553
ASM,American Samoa,1953,6.0865,19.666
ASM,American Samoa,1954,6.0941,19.759
ASM,American Samoa,1955,6.1429,19.858
ASM,American Samoa,1956,6.197,19.936
ASM,American Samoa,1957,6.3007,19.958
ASM,American Samoa,1958,6.4249,19.93
ASM,American Samoa,1959,6.5373,19.908
ASM,American Samoa,1960,6.5778,20.132
ASM,American Samoa,1961,6.5755,20.666
ASM,American Samoa,1962,6.6032,21.298
ASM,American Samoa,1963,6.6867,21.966
ASM,American Samoa,1964,6.7798,22.673
ASM,American Samoa,1965,6.7299,23.406
ASM,American Samoa,1966,6.618,24.136
ASM,American Samoa,1967,6.4608,24.863
ASM,American Samoa,1968,6.2809,25.614
ASM,American Samoa,1969,6.1223,26.375
ASM,American Samoa,1970,5.953,27.026
ASM,American Samoa,1971,5.765,27.533
ASM,American Samoa,1972,5.5186,27.996
ASM,American Samoa,1973,5.2974,28.436
ASM,American Samoa,1974,5.1393,28.875
ASM,American Samoa,1975,5.0131,29.39
ASM,American Samoa,1976,4.9321,29.959
ASM,American Samoa,1977,4.953,30.521
ASM,American Samoa,1978,4.8727,31.076
ASM,American Samoa,1979,4.7564,31.611
ASM,American Samoa,1980,4.6273,32.403
ASM,American Samoa,1981,4.4983,33.584
ASM,American Samoa,1982,4.3701,34.909
ASM,American Samoa,1983,4.2667,36.271
ASM,American Samoa,1984,4.2499,37.667
ASM,American Samoa,1985,4.2555,39.103
ASM,American Samoa,1986,4.276,40.571
ASM,American Samoa,1987,4.2978,42.072
ASM,American Samoa,1988,4.3142,43.615
ASM,American Samoa,1989,4.4096,45.191
ASM,American Samoa,1990,4.4721,46.64
ASM,American Samoa,1991,4.5281,47.882
ASM,American Samoa,1992,4.5574,49.038
ASM,American Samoa,1993,4.6052,50.159
ASM,American Samoa,1994,4.3841,51.251
ASM,American Samoa,1995,4.1214,52.316
ASM,American Samoa,1996,3.9444,53.353
ASM,American Samoa,1997,3.887,54.362
ASM,American Samoa,1998,3.8783,55.334
ASM,American Samoa,1999,3.8914,56.248
ASM,American Samoa,2000,3.8901,56.855
ASM,American Samoa,2001,3.8705,57.054
ASM,American Samoa,2002,3.8663,57.062
ASM,American Samoa,2003,3.9096,56.971
ASM,American Samoa,2004,3.945,56.818
ASM,American Samoa,2005,3.8631,56.617
ASM,American Samoa,2006,3.685,56.374
ASM,American Samoa,2007,3.5087,56.113
ASM,American Samoa,2008,3.42,55.828
ASM,American Samoa,2009,3.3586,55.528
ASM,American Samoa,2010,3.2924,55.228
ASM,American Samoa,2011,3.1688,54.895
ASM,American Samoa,2012,3.0434,54.489
ASM,American Samoa,2013,2.9315,54.006
ASM,American Samoa,2014,2.8523,53.466
ASM,American Samoa,2015,2.78,52.878
ASM,American Samoa,2016,2.6988,52.245
ASM,American Samoa,2017,2.5977,51.586
ASM,American Samoa,2018,2.4936,50.908
ASM,American Samoa,2019,2.4037,50.209
ASM,American Samoa,2020,2.3605,49.761
ASM,American Samoa,2021,2.3275,49.225
ASM,American Samoa,2022,2.3051,48.342
ASM,American Samoa,2023,2.2859,47.521
ATG,Antigua and Barbuda,1950,5.1241,45.444
ATG,Antigua and Barbuda,1951,5.0629,46.42
ATG,Antigua and Barbuda,1952,5.0106,47.397
ATG,Antigua and Barbuda,1953,4.9547,48.382
ATG,Antigua and Barbuda,1954,4.9165,49.371
ATG,Antigua and Barbuda,1955,4.8663,50.374
ATG,Antigua and Barbuda,1956,4.8193,51.382
ATG,Antigua and Barbuda,1957,4.7686,52.404
ATG,Antigua and Barbuda,1958,4.7192,53.457
ATG,Antigua and Barbuda,1959,4.6595,54.526
ATG,Antigua and Barbuda,1960,4.6022,55.603
ATG,Antigua and Barbuda,1961,4.5592,56.54
ATG,Antigua and Barbuda,1962,4.5465,57.336
ATG,Antigua and Barbuda,1963,4.5357,58.138
ATG,Antigua and Barbuda,1964,4.4844,59.02
ATG,Antigua and Barbuda,1965,4.4156,59.97
ATG,Antigua and Barbuda,1966,4.3224,60.9
ATG,Antigua and Barbuda,1967,4.178,61.837
ATG,Antigua and Barbuda,1968,4.0145,62.809
ATG,Antigua and Barbuda,1969,3.8287,63.819
ATG,Antigua and Barbuda,1970,3.6277,64.528
ATG,Antigua and Barbuda,1971,3.4546,64.729
ATG,Antigua and Barbuda,1972,3.2871,64.615
ATG,Antigua and Barbuda,1973,3.1259,64.342
ATG,Antigua and Barbuda,1974,2.9321,64.058
ATG,Antigua and Barbuda,1975,2.7703,63.839
ATG,Antigua and Barbuda,1976,2.7802,63.762
ATG,Antigua and Barbuda,1977,2.7838,63.862
ATG,Antigua and Barbuda,1978,2.5733,64.038
ATG,Antigua and Barbuda,1979,2.6318,64.274
ATG,Antigua and Barbuda,1980,2.3114,64.512
ATG,Antigua and Barbuda,1981,2.1658,64.664
ATG,Antigua and Barbuda,1982,2.0872,64.785
ATG,Antigua and Barbuda,1983,2.1155,64.934
ATG,Antigua and Barbuda,1984,2.0383,64.882
ATG,Antigua and Barbuda,1985,2.1512,64.591
ATG,Antigua and Barbuda,1986,2.0322,64.276
ATG,Antigua and Barbuda,1987,2.0668,63.946
ATG,Antigua and Barbuda,1988,2.132,63.623
ATG,Antigua and Barbuda,1989,2.1992,63.325
ATG,Antigua and Barbuda,1990,2.2492,63.066
ATG,Antigua and Barbuda,1991,2.0362,63.387
ATG,Antigua and Barbuda,1992,2.1262,64.404
ATG,Antigua and Barbuda,1993,2.0363,65.587
ATG,Antigua and Barbuda,1994,2.069,66.842
ATG,Antigua and Barbuda,1995,2.159,68.189
ATG,Antigua and Barbuda,1996,2.2663,69.612
ATG,Antigua and Barbuda,1997,2.1903,71.053
ATG,Antigua and Barbuda,1998,2.0169,72.412
ATG,Antigua and Barbuda,1999,1.9561,73.666
ATG,Antigua and Barbuda,2000,2.1961,74.912
ATG,Antigua and Barbuda,2001,2.0182,76.069
ATG,Antigua and Barbuda,2002,1.9403,77.032
ATG,Antigua and Barbuda,2003,1.8874,77.884
ATG,Antigua and Barbuda,2004,1.8518,78.72
ATG,Antigua and Barbuda,2005,1.8324,79.61
ATG,Antigua and Barbuda,2006,1.8313,80.604
ATG,Antigua and Barbuda,2007,1.8602,81.704
ATG,Antigua and Barbuda,2008,2.0415,82.912
ATG,Antigua and Barbuda,2009,2.0062,84.173
ATG,Antigua and Barbuda,2010,1.7854,85.32
ATG,Antigua and Barbuda,2011,1.7455,86.332
ATG,Antigua and Barbuda,2012,1.6554,87.26
ATG,Antigua and Barbuda,2013,1.5365,88.064
ATG,Antigua and Barbuda,2014,1.5265,88.765
ATG,Antigua and Barbuda,2015,1.5665,89.409
ATG,Antigua and Barbuda,2016,1.4581,89.969
ATG,Antigua and Barbuda,2017,1.4847,90.468
ATG,Antigua and Barbuda,2018,1.3713,90.926
ATG,Antigua and Barbuda,2019,1.4684,91.364
ATG,Antigua and Barbuda,2020,1.5694,91.846
ATG,Antigua and Barbuda,2021,1.5798,92.349
ATG,Antigua and Barbuda,2022,1.5801,92.84
ATG,Antigua and Barbuda,2023,1.5783,93.316
AUS,Australia,1950,3.0627,8176.75
AUS,Australia,1951,3.0626,8418.61
AUS,Australia,1952,3.1799,8630.704
AUS,Australia,1953,3.1924,8816.081
AUS,Australia,1954,3.1922,8999.383
AUS,Australia,1955,3.2726,9205.181
AUS,Australia,1956,3.3313,9424.662
AUS,Australia,1957,3.4207,9638.775
AUS,Australia,1958,3.4226,9847.636
AUS,Australia,1959,3.4411,10060.036
AUS,Australia,1960,3.4528,10280.813
AUS,Australia,1961,3.5419,10500.443
AUS,Australia,1962,3.4255,10707.236
AUS,Australia,1963,3.3339,10913.265
AUS,Australia,1964,3.1463,11128.25
AUS,Australia,1965,2.9792,11357.477
AUS,Australia,1966,2.8834,11592.485
AUS,Australia,1967,2.8512,11810.519
AUS,Australia,1968,2.889,12030.013
AUS,Australia,1969,2.8891,12272.38
AUS,Australia,1970,2.8596,12599.411
AUS,Australia,1971,2.9476,12997.964
AUS,Australia,1972,2.7419,13304.896
AUS,Australia,1973,2.4932,13518.685
AUS,Australia,1974,2.3764,13719.494
AUS,Australia,1975,2.2075,13893.989
AUS,Australia,1976,2.0634,14046.755
AUS,Australia,1977,2.0192,14203.508
AUS,Australia,1978,1.9607,14367.098
AUS,Australia,1979,1.9125,14533.035
AUS,Australia,1980,1.9007,14721.347
AUS,Australia,1981,1.9402,14949.202
AUS,Australia,1982,1.9402,15192.485
AUS,Australia,1983,1.9306,15414.893
AUS,Australia,1984,1.8722,15620.653
AUS,Australia,1985,1.8991,15835.748
AUS,Australia,1986,1.8719,16069.633
AUS,Australia,1987,1.8513,16322.268
AUS,Australia,1988,1.8402,16594.099
AUS,Australia,1989,1.8433,16869.362
AUS,Australia,1990,1.908,17126.298
AUS,Australia,1991,1.8626,17353.193
AUS,Australia,1992,1.8917,17549.288
AUS,Australia,1993,1.8642,17722.911
AUS,Australia,1994,1.8518,17897.433
AUS,Australia,1995,1.8248,18095.344
AUS,Australia,1996,1.8038,18305.307
AUS,Australia,1997,1.7832,18504.912
AUS,Australia,1998,1.7652,18701.717
AUS,Australia,1999,1.764,18909.981
AUS,Australia,2000,1.7645,19132.471
AUS,Australia,2001,1.7385,19365.433
AUS,Australia,2002,1.7648,19595.355
AUS,Australia,2003,1.7636,19819.454
AUS,Australia,2004,1.7837,20046.677
AUS,Australia,2005,1.8495,20294.49
AUS,Australia,2006,1.8824,20590.559
AUS,Australia,2007,1.9909,20954.549
AUS,Australia,2008,2.0204,21370.589
AUS,Australia,2009,1.9722,21783.011
AUS,Australia,2010,1.9483,22141.58
AUS,Australia,2011,1.9216,22479.775
AUS,Australia,2012,1.9309,22852.644
AUS,Australia,2013,1.8831,23236.27
AUS,Australia,2014,1.8054,23595.601
AUS,Australia,2015,1.8026,23948.002
AUS,Australia,2016,1.792,24329.963
AUS,Australia,2017,1.7451,24731.038
AUS,Australia,2018,1.7428,25119.706
AUS,Australia,2019,1.666,25482.714
AUS,Australia,2020,1.5928,25743.791
AUS,Australia,2021,1.6471,25956.417
AUS,Australia,2022,1.638,26200.984
AUS,Australia,2023,1.638,26451.124
AUT,Austria,1950,2.0893,6936.45
AUT,Austria,1951,2.0354,6930.484
AUT,Austria,1952,2.0681,6927.252
AUT,Austria,1953,2.0897,6932.082
AUT,Austria,1954,2.139,6939.892
AUT,Austria,1955,2.2677,6946.655
AUT,Austria,1956,2.4562,6952.264
AUT,Austria,1957,2.5493,6965.834
AUT,Austria,1958,2.5919,6987.338
AUT,Austria,1959,2.6775,7014.264
AUT,Austria,1960,2.689,7047.274
AUT,Austria,1961,2.7872,7086.058
AUT,Austria,1962,2.8007,7129.579
AUT,Austria,1963,2.8172,7175.493
AUT,Austria,1964,2.7793,7223.394
AUT,Austria,1965,2.6968,7270.415
AUT,Austria,1966,2.672,7321.518
AUT,Austria,1967,2.6291,7376.289
AUT,Austria,1968,2.5853,7414.624
AUT,Austria,1969,2.4836,7440.301
AUT,Austria,1970,2.2937,7466.319
AUT,Austria,1971,2.1936,7499.634
AUT,Austria,1972,2.0772,7543.259
AUT,Austria,1973,1.9308,7585.106
AUT,Austria,1974,1.9018,7597.967
AUT,Austria,1975,1.823,7577.83
AUT,Austria,1976,1.6806,7564.457
AUT,Austria,1977,1.6228,7567.336
AUT,Austria,1978,1.5973,7561.204
AUT,Austria,1979,1.5969,7548.341
AUT,Austria,1980,1.6513,7548.406
AUT,Austria,1981,1.6719,7567.556
AUT,Austria,1982,1.6609,7573.078
AUT,Austria,1983,1.5628,7561.163
AUT,Austria,1984,1.5261,7560.714
AUT,Austria,1985,1.4789,7564.309
AUT,Austria,1986,1.4548,7569.395
AUT,Austria,1987,1.4403,7574.316
AUT,Austria,1988,1.4567,7585.342
AUT,Austria,1989,1.4554,7620.406
AUT,Austria,1990,1.4666,7679.624
AUT,Austria,1991,1.5161,7757.14
AUT,Austria,1992,1.516,7842.712
AUT,Austria,1993,1.5122,7907.496
AUT,Austria,1994,1.474,7938.155
AUT,Austria,1995,1.4311,7950.322
AUT,Austria,1996,1.4483,7960.914
AUT,Austria,1997,1.3952,7969.804
AUT,Austria,1998,1.3714,7978.466
AUT,Austria,1999,1.3438,7993.892
AUT,Austria,2000,1.3638,8012.928
AUT,Austria,2001,1.3314,8042.232
AUT,Austria,2002,1.389,8081.636
AUT,Austria,2003,1.3731,8122.602
AUT,Austria,2004,1.4154,8173.491
AUT,Austria,2005,1.406,8229.204
AUT,Austria,2006,1.4042,8269.898
AUT,Austria,2007,1.3809,8296.952
AUT,Austria,2008,1.4106,8323.252
AUT,Austria,2009,1.3927,8345.066
AUT,Austria,2010,1.4402,8365.092
AUT,Austria,2011,1.4297,8393.27
AUT,Austria,2012,1.4397,8431.601
AUT,Austria,2013,1.436,8481.406
AUT,Austria,2014,1.4637,8547.818
AUT,Austria,2015,1.4922,8644.038
AUT,Austria,2016,1.5314,8737.915
AUT,Austria,2017,1.5209,8798.778
AUT,Austria,2018,1.4788,8841.65
AUT,Austria,2019,1.4642,8880.876
AUT,Austria,2020,1.4393,8921.405
AUT,Austria,2021,1.4689,8967.056
AUT,Austria,2022,1.41,9064.677
AUT,Austria,2023,1.3175,9130.429
AZE,Azerbaijan,1950,5.0748,3131.972
AZE,Azerbaijan,1951,5.1009,3187.153
AZE,Azerbaijan,1952,5.1582,3247.001
AZE,Azerbaijan,1953,5.226,3312.604
AZE,Azerbaijan,1954,5.3044,3384.711
AZE,Azerbaijan,1955,5.3928,3464.086
AZE,Azerbaijan,1956,5.4896,3551.386
AZE,Azerbaijan,1957,5.5926,3646.868
AZE,Azerbaijan,1958,5.697,3750.698
AZE,Azerbaijan,1959,5.7952,3862.825
AZE,Azerbaijan,1960,5.8783,3982.706
AZE,Azerbaijan,1961,5.9366,4108.98
AZE,Azerbaijan,1962,5.9609,4239.407
AZE,Azerbaijan,1963,5.9452,4372.048
AZE,Azerbaijan,1964,5.8882,4503.654
AZE,Azerbaijan,1965,5.7921,4630.313
AZE,Azerbaijan,1966,5.663,4751.9
AZE,Azerbaijan,1967,5.3707,4867.3
AZE,Azerbaijan,1968,5.2135,4976.483
AZE,Azerbaijan,1969,5.0531,5081.774
AZE,Azerbaijan,1970,4.8995,5183.826
AZE,Azerbaijan,1971,4.7565,5283.504
AZE,Azerbaijan,1972,4.5929,5380.917
AZE,Azerbaijan,1973,4.4336,5476.609
AZE,Azerbaijan,1974,4.3143,5572.225
AZE,Azerbaijan,1975,4.2148,5669.26
AZE,Azerbaijan,1976,4.1158,5791.04
AZE,Azerbaijan,1977,3.9819,5937.641
AZE,Azerbaijan,1978,3.8157,6075.078
AZE,Azerbaijan,1979,3.7024,6187.134
AZE,Azerbaijan,1980,3.5857,6284.708
AZE,Azerbaijan,1981,3.4827,6385.604
AZE,Azerbaijan,1982,3.3918,6491.434
AZE,Azerbaijan,1983,3.3202,6602.326
AZE,Azerbaijan,1984,3.2579,6706.282
AZE,Azerbaijan,1985,3.2011,6799.814
AZE,Azerbaijan,1986,3.1385,6891.347
AZE,Azerbaijan,1987,3.0675,6977.658
AZE,Azerbaijan,1988,3.0357,7081.406
AZE,Azerbaijan,1989,3.0041,7167.585
AZE,Azerbaijan,1990,2.9826,7231.077
AZE,Azerbaijan,1991,2.9522,7314.308
AZE,Azerbaijan,1992,2.8634,7405.78
AZE,Azerbaijan,1993,2.7472,7504.115
AZE,Azerbaijan,1994,2.445,7608.893
AZE,Azerbaijan,1995,2.193,7719.282
AZE,Azerbaijan,1996,1.977,7830.982
AZE,Azerbaijan,1997,2.0185,7936.222
AZE,Azerbaijan,1998,1.848,8025.804
AZE,Azerbaijan,1999,1.7155,8100.472
AZE,Azerbaijan,2000,1.698,8174.786
AZE,Azerbaijan,2001,1.5895,8251.77
AZE,Azerbaijan,2002,1.5765,8326.134
AZE,Azerbaijan,2003,1.5909,8400.53
AZE,Azerbaijan,2004,1.9655,8489.874
AZE,Azerbaijan,2005,1.9819,8597.248
AZE,Azerbaijan,2006,2.0193,8711.38
AZE,Azerbaijan,2007,1.9681,8828.312
AZE,Azerbaijan,2008,1.9043,8942.638
AZE,Azerbaijan,2009,1.8208,9046.336
AZE,Azerbaijan,2010,1.924,9146.85
AZE,Azerbaijan,2011,1.98,9256.15
AZE,Azerbaijan,2012,2.1419,9376.18
AZE,Azerbaijan,2013,2.1475,9504.409
AZE,Azerbaijan,2014,2.1305,9631.138
AZE,Azerbaijan,2015,2.0917,9752.85
AZE,Azerbaijan,2016,2.0323,9868.428
AZE,Azerbaijan,2017,1.961,9968.51
AZE,Azerbaijan,2018,1.9052,10039.784
AZE,Azerbaijan,2019,1.8452,10110.475
AZE,Azerbaijan,2020,1.7643,10181.73
AZE,Azerbaijan,2021,1.7101,10234.371
AZE,Azerbaijan,2022,1.6872,10295.304
AZE,Azerbaijan,2023,1.6705,10318.207
BDI,Burundi,1950,6.9229,2254.938
BDI,Burundi,1951,6.9139,2305.746
BDI,Burundi,1952,6.9002,2355.804
BDI,Burundi,1953,6.9146,2405.186
BDI,Burundi,1954,6.917,2454.586
BDI,Burundi,1955,6.9301,2504.65
BDI,Burundi,1956,6.9313,2555.308
BDI,Burundi,1957,6.9321,2606.483
BDI,Burundi,1958,6.9492,2657.412
BDI,Burundi,1959,6.9792,2709.597
BDI,Burundi,1960,7.0026,2764.258
BDI,Burundi,1961,7.0227,2835.118
BDI,Burundi,1962,7.0385,2907.942
BDI,Burundi,1963,7.0666,2969.842
BDI,Burundi,1964,7.0897,3055.65
BDI,Burundi,1965,7.1133,3141.366
BDI,Burundi,1966,7.1349,3217.96
BDI,Burundi,1967,7.1557,3300.69
BDI,Burundi,1968,7.1799,3380.387
BDI,Burundi,1969,7.2148,3454.59
BDI,Burundi,1970,7.2145,3530.432
BDI,Burundi,1971,7.2133,3617.289
BDI,Burundi,1972,7.2101,3617.128
BDI,Burundi,1973,7.2155,3611.991
BDI,Burundi,1974,7.2222,3703.59
BDI,Burundi,1975,7.2442,3796.612
BDI,Burundi,1976,7.248,3882.626
BDI,Burundi,1977,7.2453,3983.582
BDI,Burundi,1978,7.2586,4100.338
BDI,Burundi,1979,7.3071,4203.53
BDI,Burundi,1980,7.3526,4383.706
BDI,Burundi,1981,7.3288,4566.014
BDI,Burundi,1982,7.3142,4681.39
BDI,Burundi,1983,7.298,4808.528
BDI,Burundi,1984,7.2951,4926.465
BDI,Burundi,1985,7.2937,5034.042
BDI,Burundi,1986,7.3198,5129.414
BDI,Burundi,1987,7.3796,5247.786
BDI,Burundi,1988,7.3828,5365.326
BDI,Burundi,1989,7.3869,5471.706
BDI,Burundi,1990,7.3651,5587.052
BDI,Burundi,1991,7.3364,5703.857
BDI,Burundi,1992,7.3005,5858.406
BDI,Burundi,1993,7.2724,5676.843
BDI,Burundi,1994,7.2302,5713.854
BDI,Burundi,1995,7.1836,6066.316
BDI,Burundi,1996,7.1234,6070.506
BDI,Burundi,1997,7.0404,6070.042
BDI,Burundi,1998,6.958,6187.108
BDI,Burundi,1999,6.8974,6337.156
BDI,Burundi,2000,6.8715,6470.194
BDI,Burundi,2001,6.849,6634.365
BDI,Burundi,2002,6.8187,6824.132
BDI,Burundi,2003,6.7855,7043.154
BDI,Burundi,2004,6.7464,7310.656
BDI,Burundi,2005,6.7076,7587.299
BDI,Burundi,2006,6.6589,7865.547
BDI,Burundi,2007,6.5884,8161.874
BDI,Burundi,2008,6.5149,8505.637
BDI,Burundi,2009,6.4092,8947.646
BDI,Burundi,2010,6.2599,9376.444
BDI,Burundi,2011,6.1081,9717.978
BDI,Burundi,2012,5.9909,10071.028
BDI,Burundi,2013,5.8887,10439.34
BDI,Burundi,2014,5.7945,10799.786
BDI,Burundi,2015,5.6951,11047.58
BDI,Burundi,2016,5.5865,11239.451
BDI,Burundi,2017,5.4814,11506.762
BDI,Burundi,2018,5.38,11859.446
BDI,Burundi,2019,5.2713,12255.336
BDI,Burundi,2020,5.1766,12617.036
BDI,Burundi,2021,5.0779,12965.482
BDI,Burundi,2022,4.9803,13321.098
BDI,Burundi,2023,4.8784,13689.45
BEL,Belgium,1950,2.3457,8617.441
BEL,Belgium,1951,2.2887,8655.758
BEL,Belgium,1952,2.3315,8696.639
BEL,Belgium,1953,2.3274,8741.857
BEL,Belgium,1954,2.3605,8788.382
BEL,Belgium,1955,2.3822,8835.493
BEL,Belgium,1956,2.4091,8882.162
BEL,Belgium,1957,2.4523,8931.86
BEL,Belgium,1958,2.4976,8986.122
BEL,Belgium,1959,2.5588,9045.74
BEL,Belgium,1960,2.5326,9102.171
BEL,Belgium,1961,2.6225,9158.211
BEL,Belgium,1962,2.5947,9217.669
BEL,Belgium,1963,2.6764,9275.196
BEL,Belgium,1964,2.7016,9337.684
BEL,Belgium,1965,2.6121,9399.858
BEL,Belgium,1966,2.5186,9455.002
BEL,Belgium,1967,2.4087,9505.92
BEL,Belgium,1968,2.3112,9549.7
BEL,Belgium,1969,2.2778,9589.188
BEL,Belgium,1970,2.2536,9630.504
BEL,Belgium,1971,2.208,9666.531
BEL,Belgium,1972,2.091,9694.853
BEL,Belgium,1973,1.9531,9718.035
BEL,Belgium,1974,1.8383,9735.806
BEL,Belgium,1975,1.7487,9748.476
BEL,Belgium,1976,1.7376,9758.901
BEL,Belgium,1977,1.7247,9774.014
BEL,Belgium,1978,1.7103,9791.817
BEL,Belgium,1979,1.7066,9811.366
BEL,Belgium,1980,1.6928,9833.092
BEL,Belgium,1981,1.6684,9850.669
BEL,Belgium,1982,1.6125,9862.328
BEL,Belgium,1983,1.5621,9869.132
BEL,Belgium,1984,1.5314,9874.586
BEL,Belgium,1985,1.5044,9880.338
BEL,Belgium,1986,1.5367,9886.984
BEL,Belgium,1987,1.5383,9899.146
BEL,Belgium,1988,1.5675,9916.564
BEL,Belgium,1989,1.5851,9936.573
BEL,Belgium,1990,1.6252,9960.968
BEL,Belgium,1991,1.656,9998.961
BEL,Belgium,1992,1.6483,10045.987
BEL,Belgium,1993,1.6056,10084.93
BEL,Belgium,1994,1.5631,10116.006
BEL,Belgium,1995,1.5637,10137.265
BEL,Belgium,1996,1.5911,10156.97
BEL,Belgium,1997,1.6025,10181.464
BEL,Belgium,1998,1.5942,10203.182
BEL,Belgium,1999,1.6135,10226.682
BEL,Belgium,2000,1.6631,10251.717
BEL,Belgium,2001,1.6664,10287.004
BEL,Belgium,2002,1.645,10332.973
BEL,Belgium,2003,1.6654,10376.26
BEL,Belgium,2004,1.7192,10421.292
BEL,Belgium,2005,1.7542,10478.886
BEL,Belgium,2006,1.7942,10548.442
BEL,Belgium,2007,1.8131,10625.492
BEL,Belgium,2008,1.8463,10709.708
BEL,Belgium,2009,1.8351,10812.936
BEL,Belgium,2010,1.8494,10936.626
BEL,Belgium,2011,1.8047,11038.632
BEL,Belgium,2012,1.7843,11107.518
BEL,Belgium,2013,1.7476,11160.276
BEL,Belgium,2014,1.7332,11210.119
BEL,Belgium,2015,1.6896,11275.335
BEL,Belgium,2016,1.6755,11332.701
BEL,Belgium,2017,1.641,11376.58
BEL,Belgium,2018,1.6158,11428.605
BEL,Belgium,2019,1.6087,11490.618
BEL,Belgium,2020,1.575,11540.107
BEL,Belgium,2021,1.5985,11570.844
BEL,Belgium,2022,1.5467,11641.82
BEL,Belgium,2023,1.3795,11712.893
BEN,Benin,1950,5.7511,2250.476
BEN,Benin,1951,5.777,2267.308
BEN,Benin,1952,5.8294,2285.775
BEN,Benin,1953,5.8829,2306.202
BEN,Benin,1954,5.9376,2328.782
BEN,Benin,1955,5.9934,2353.646
BEN,Benin,1956,6.0502,2380.892
BEN,Benin,1957,6.1079,2410.77
BEN,Benin,1958,6.1662,2443.434
BEN,Benin,1959,6.2246,2478.914
BEN,Benin,1960,6.2825,2517.286
BEN,Benin,1961,6.4017,2559.223
BEN,Benin,1962,6.4565,2604.658
BEN,Benin,1963,6.5102,2652.908
BEN,Benin,1964,6.565,2704.003
BEN,Benin,1965,6.6048,2757.936
BEN,Benin,1966,6.6249,2814.317
BEN,Benin,1967,6.6434,2872.997
BEN,Benin,1968,6.6694,2934.257
BEN,Benin,1969,6.7047,2998.222
BEN,Benin,1970,6.7354,3065.057
BEN,Benin,1971,6.7664,3134.767
BEN,Benin,1972,6.7988,3207.542
BEN,Benin,1973,6.809,3283.496
BEN,Benin,1974,6.8219,3362.633
BEN,Benin,1975,6.8296,3445.407
BEN,Benin,1976,6.8303,3532.196
BEN,Benin,1977,6.8316,3623.202
BEN,Benin,1978,6.8236,3718.305
BEN,Benin,1979,6.9047,3818.528
BEN,Benin,1980,6.9892,3925.251
BEN,Benin,1981,7.0561,4038.307
BEN,Benin,1982,7.0554,4156.596
BEN,Benin,1983,7.0454,4278.978
BEN,Benin,1984,7.0314,4405.894
BEN,Benin,1985,7.0032,4538.012
BEN,Benin,1986,6.9624,4675.42
BEN,Benin,1987,6.9179,4818.486
BEN,Benin,1988,6.8711,4967.34
BEN,Benin,1989,6.8147,5121.657
BEN,Benin,1990,6.7407,5281.479
BEN,Benin,1991,6.6664,5446.932
BEN,Benin,1992,6.5933,5617.844
BEN,Benin,1993,6.5097,5872.706
BEN,Benin,1994,6.4192,6096.506
BEN,Benin,1995,6.33,6226.773
BEN,Benin,1996,6.2795,6391.858
BEN,Benin,1997,6.23,6583.366
BEN,Benin,1998,6.1359,6789.489
BEN,Benin,1999,6.0324,7002.818
BEN,Benin,2000,5.9374,7221.619
BEN,Benin,2001,5.8483,7445.596
BEN,Benin,2002,5.7933,7675.426
BEN,Benin,2003,5.763,7913.07
BEN,Benin,2004,5.718,8159.094
BEN,Benin,2005,5.6916,8426.144
BEN,Benin,2006,5.6734,8693.242
BEN,Benin,2007,5.6271,8953.969
BEN,Benin,2008,5.5478,9228.466
BEN,Benin,2009,5.4909,9509.423
BEN,Benin,2010,5.4519,9797.484
BEN,Benin,2011,5.4362,10093.624
BEN,Benin,2012,5.4293,10397.657
BEN,Benin,2013,5.4098,10708.834
BEN,Benin,2014,5.3742,11030.004
BEN,Benin,2015,5.3199,11360.681
BEN,Benin,2016,5.2544,11697.842
BEN,Benin,2017,5.1554,12039.78
BEN,Benin,2018,5.0306,12383.348
BEN,Benin,2019,4.9002,12726.755
BEN,Benin,2020,4.7951,13070.169
BEN,Benin,2021,4.7067,13413.417
BEN,Benin,2022,4.6337,13759.5
BEN,Benin,2023,4.5564,14111.034
BES,"Bonaire, Sint Eustatius and Saba",1950,5.7079,6.995
BES,"Bonaire, Sint Eustatius and Saba",1951,5.6999,7.029
BES,"Bonaire, Sint Eustatius and Saba",1952,5.6907,7.115
BES,"Bonaire, Sint Eustatius and Saba",1953,5.6684,7.228
BES,"Bonaire, Sint Eustatius and Saba",1954,5.6019,7.441
BES,"Bonaire, Sint Eustatius and Saba",1955,5.4603,7.602
BES,"Bonaire, Sint Eustatius and Saba",1956,5.2724,7.612
BES,"Bonaire, Sint Eustatius and Saba",1957,5.0645,7.634
BES,"Bonaire, Sint Eustatius and Saba",1958,4.8878,7.676
BES,"Bonaire, Sint Eustatius and Saba",1959,4.7828,7.738
BES,"Bonaire, Sint Eustatius and Saba",1960,4.7617,7.834
BES,"Bonaire, Sint Eustatius and Saba",1961,4.7518,7.962
BES,"Bonaire, Sint Eustatius and Saba",1962,4.7365,8.102
BES,"Bonaire, Sint Eustatius and Saba",1963,4.6914,8.264
BES,"Bonaire, Sint Eustatius and Saba",1964,4.6088,8.451
BES,"Bonaire, Sint Eustatius and Saba",1965,4.4467,8.656
BES,"Bonaire, Sint Eustatius and Saba",1966,4.1555,8.873
BES,"Bonaire, Sint Eustatius and Saba",1967,3.7772,9.107
BES,"Bonaire, Sint Eustatius and Saba",1968,3.4906,9.35
BES,"Bonaire, Sint Eustatius and Saba",1969,3.2976,9.605
BES,"Bonaire, Sint Eustatius and Saba",1970,3.1563,9.866
BES,"Bonaire, Sint Eustatius and Saba",1971,3.0354,10.124
BES,"Bonaire, Sint Eustatius and Saba",1972,2.9619,10.358
BES,"Bonaire, Sint Eustatius and Saba",1973,2.9489,10.537
BES,"Bonaire, Sint Eustatius and Saba",1974,2.9535,10.691
BES,"Bonaire, Sint Eustatius and Saba",1975,2.9457,10.855
BES,"Bonaire, Sint Eustatius and Saba",1976,2.9157,11.03
BES,"Bonaire, Sint Eustatius and Saba",1977,2.862,11.22
BES,"Bonaire, Sint Eustatius and Saba",1978,2.7934,11.412
BES,"Bonaire, Sint Eustatius and Saba",1979,2.7371,11.597
BES,"Bonaire, Sint Eustatius and Saba",1980,2.7117,11.781
BES,"Bonaire, Sint Eustatius and Saba",1981,2.7066,11.937
BES,"Bonaire, Sint Eustatius and Saba",1982,2.7176,12.05
BES,"Bonaire, Sint Eustatius and Saba",1983,2.7074,12.153
BES,"Bonaire, Sint Eustatius and Saba",1984,2.6708,12.259
BES,"Bonaire, Sint Eustatius and Saba",1985,2.6151,12.368
BES,"Bonaire, Sint Eustatius and Saba",1986,2.5538,12.473
BES,"Bonaire, Sint Eustatius and Saba",1987,2.4857,12.577
BES,"Bonaire, Sint Eustatius and Saba",1988,2.4419,12.69
BES,"Bonaire, Sint Eustatius and Saba",1989,2.4122,12.808
BES,"Bonaire, Sint Eustatius and Saba",1990,2.4041,12.93
BES,"Bonaire, Sint Eustatius and Saba",1991,2.4116,13.049
BES,"Bonaire, Sint Eustatius and Saba",1992,2.4183,13.164
BES,"Bonaire, Sint Eustatius and Saba",1993,2.4197,13.273
BES,"Bonaire, Sint Eustatius and Saba",1994,2.3967,13.384
BES,"Bonaire, Sint Eustatius and Saba",1995,2.3564,13.509
BES,"Bonaire, Sint Eustatius and Saba",1996,2.2863,13.645
BES,"Bonaire, Sint Eustatius and Saba",1997,2.1966,13.788
BES,"Bonaire, Sint Eustatius and Saba",1998,2.0892,13.935
BES,"Bonaire, Sint Eustatius and Saba",1999,1.9676,14.081
BES,"Bonaire, Sint Eustatius and Saba",2000,1.8603,14.233
BES,"Bonaire, Sint Eustatius and Saba",2001,1.7673,14.502
BES,"Bonaire, Sint Eustatius and Saba",2002,1.6945,15.005
BES,"Bonaire, Sint Eustatius and Saba",2003,1.6436,15.643
BES,"Bonaire, Sint Eustatius and Saba",2004,1.6102,16.304
BES,"Bonaire, Sint Eustatius and Saba",2005,1.6051,16.98
BES,"Bonaire, Sint Eustatius and Saba",2006,1.6262,17.674
BES,"Bonaire, Sint Eustatius and Saba",2007,1.6685,18.384
BES,"Bonaire, Sint Eustatius and Saba",2008,1.6984,19.099
BES,"Bonaire, Sint Eustatius and Saba",2009,1.7045,19.823
BES,"Bonaire, Sint Eustatius and Saba",2010,1.6771,20.558
BES,"Bonaire, Sint Eustatius and Saba",2011,1.63,21.625
BES,"Bonaire, Sint Eustatius and Saba",2012,1.53,22.822
BES,"Bonaire, Sint Eustatius and Saba",2013,1.64,23.811
BES,"Bonaire, Sint Eustatius and Saba",2014,1.51,24.465
BES,"Bonaire, Sint Eustatius and Saba",2015,1.32,24.61
BES,"Bonaire, Sint Eustatius and Saba",2016,1.53,24.543
BES,"Bonaire, Sint Eustatius and Saba",2017,1.5,24.797
BES,"Bonaire, Sint Eustatius and Saba",2018,1.58,25.154
BES,"Bonaire, Sint Eustatius and Saba",2019,1.52,25.625
BES,"Bonaire, Sint Eustatius and Saba",2020,1.7,26.453
BES,"Bonaire, Sint Eustatius and Saba",2021,1.58,27.323
BES,"Bonaire, Sint Eustatius and Saba",2022,1.5,28.627
BES,"Bonaire, Sint Eustatius and Saba",2023,1.4732,29.898
BFA,Burkina Faso,1950,5.822,4213.152
BFA,Burkina Faso,1951,5.8739,4260.384
BFA,Burkina Faso,1952,5.9264,4310.351
BFA,Burkina Faso,1953,5.9747,4361.317
BFA,Burkina Faso,1954,6.0115,4413.876
BFA,Burkina Faso,1955,6.055,4469.053
BFA,Burkina Faso,1956,6.0932,4526.654
BFA,Burkina Faso,1957,6.1262,4586.572
BFA,Burkina Faso,1958,6.1707,4647.28
BFA,Burkina Faso,1959,6.2197,4710.845
BFA,Burkina Faso,1960,6.2484,4778.621
BFA,Burkina Faso,1961,6.2856,4848.224
BFA,Burkina Faso,1962,6.3219,4919.672
BFA,Burkina Faso,1963,6.3564,4993.624
BFA,Burkina Faso,1964,6.419,5071.034
BFA,Burkina Faso,1965,6.4714,5152.833
BFA,Burkina Faso,1966,6.5267,5237.933
BFA,Burkina Faso,1967,6.5851,5326.348
BFA,Burkina Faso,1968,6.6452,5418.644
BFA,Burkina Faso,1969,6.6636,5513.177
BFA,Burkina Faso,1970,6.6854,5610.304
BFA,Burkina Faso,1971,6.6976,5707.999
BFA,Burkina Faso,1972,6.7191,5807.234
BFA,Burkina Faso,1973,6.7698,5911.927
BFA,Burkina Faso,1974,6.8419,6024.904
BFA,Burkina Faso,1975,6.9126,6147.569
BFA,Burkina Faso,1976,6.9522,6280.635
BFA,Burkina Faso,1977,7.0464,6428.734
BFA,Burkina Faso,1978,7.1478,6590.984
BFA,Burkina Faso,1979,7.1942,6763.902
BFA,Burkina Faso,1980,7.2224,6947.9
BFA,Burkina Faso,1981,7.2556,7140.271
BFA,Burkina Faso,1982,7.2527,7340.197
BFA,Burkina Faso,1983,7.2507,7551.129
BFA,Burkina Faso,1984,7.2449,7772.256
BFA,Burkina Faso,1985,7.2422,7999.934
BFA,Burkina Faso,1986,7.218,8228.847
BFA,Burkina Faso,1987,7.1676,8457.109
BFA,Burkina Faso,1988,7.1091,8687.436
BFA,Burkina Faso,1989,7.0467,8921.175
BFA,Burkina Faso,1990,7.0091,9159.356
BFA,Burkina Faso,1991,6.9729,9394.632
BFA,Burkina Faso,1992,6.9364,9629.276
BFA,Burkina Faso,1993,6.8888,9871.713
BFA,Burkina Faso,1994,6.8434,10123.798
BFA,Burkina Faso,1995,6.8144,10386.722
BFA,Burkina Faso,1996,6.7793,10655.942
BFA,Burkina Faso,1997,6.7238,10934.223
BFA,Burkina Faso,1998,6.6605,11240.664
BFA,Burkina Faso,1999,6.5857,11574.928
BFA,Burkina Faso,2000,6.5191,11925.546
BFA,Burkina Faso,2001,6.431,12295.001
BFA,Burkina Faso,2002,6.3388,12680.896
BFA,Burkina Faso,2003,6.2803,13082.532
BFA,Burkina Faso,2004,6.2156,13500.534
BFA,Burkina Faso,2005,6.1824,13932.124
BFA,Burkina Faso,2006,6.1703,14373.707
BFA,Burkina Faso,2007,6.1099,14816.306
BFA,Burkina Faso,2008,6.0501,15258.093
BFA,Burkina Faso,2009,5.9915,15710.066
BFA,Burkina Faso,2010,5.9356,16176.498
BFA,Burkina Faso,2011,5.8689,16661.908
BFA,Burkina Faso,2012,5.7929,17172.287
BFA,Burkina Faso,2013,5.6968,17695.409
BFA,Burkina Faso,2014,5.5946,18229.461
BFA,Burkina Faso,2015,5.4777,18777.487
BFA,Burkina Faso,2016,5.331,19334.856
BFA,Burkina Faso,2017,5.1697,19894.407
BFA,Burkina Faso,2018,4.9214,20438.288
BFA,Burkina Faso,2019,4.6807,20961.952
BFA,Burkina Faso,2020,4.44,21478.69
BFA,Burkina Faso,2021,4.3613,21995.243
BFA,Burkina Faso,2022,4.2748,22509.038
BFA,Burkina Faso,2023,4.1857,23025.776
BGD,Bangladesh,1950,6.374,41206.856
BGD,Bangladesh,1951,6.3943,42022.304
BGD,Bangladesh,1952,6.4056,42893.011
BGD,Bangladesh,1953,6.4208,43791.391
BGD,Bangladesh,1954,6.4718,44741.296
BGD,Bangladesh,1955,6.5049,45767.684
BGD,Bangladesh,1956,6.537,46854.417
BGD,Bangladesh,1957,6.5757,48004.669
BGD,Bangladesh,1958,6.6079,49184.054
BGD,Bangladesh,1959,6.6779,50441.762
BGD,Bangladesh,1960,6.7421,51828.66
BGD,Bangladesh,1961,6.7805,53310.348
BGD,Bangladesh,1962,6.8057,54881.146
BGD,Bangladesh,1963,6.7977,56504.402
BGD,Bangladesh,1964,6.7848,58178.374
BGD,Bangladesh,1965,6.7707,59902.519
BGD,Bangladesh,1966,6.7657,61669.806
BGD,Bangladesh,1967,6.7898,63510.929
BGD,Bangladesh,1968,6.7905,65408.276
BGD,Bangladesh,1969,6.806,67294.133
BGD,Bangladesh,1970,6.8392,69058.894
BGD,Bangladesh,1971,6.8312,70276.758
BGD,Bangladesh,1972,6.816,71641.519
BGD,Bangladesh,1973,6.8004,73722.294
BGD,Bangladesh,1974,6.7783,75839.348
BGD,Bangladesh,1975,6.7276,77854.35
BGD,Bangladesh,1976,6.6599,79855.318
BGD,Bangladesh,1977,6.5833,81867.264
BGD,Bangladesh,1978,6.5091,83889.655
BGD,Bangladesh,1979,6.4208,85935.072
BGD,Bangladesh,1980,6.3257,88016.432
BGD,Bangladesh,1981,6.2367,90303.104
BGD,Bangladesh,1982,6.1176,92814.507
BGD,Bangladesh,1983,5.906,95335.155
BGD,Bangladesh,1984,5.7317,97814.966
BGD,Bangladesh,1985,5.5394,100253.825
BGD,Bangladesh,1986,5.3015,102635.572
BGD,Bangladesh,1987,5.0754,104959.291
BGD,Bangladesh,1988,4.8489,107216.008
BGD,Bangladesh,1989,4.6951,109433.799
BGD,Bangladesh,1990,4.5062,111633.717
BGD,Bangladesh,1991,4.2609,113787.109
BGD,Bangladesh,1992,4.0274,115952.192
BGD,Bangladesh,1993,3.8317,118132.36
BGD,Bangladesh,1994,3.7372,120343.179
BGD,Bangladesh,1995,3.5878,122600.37
BGD,Bangladesh,1996,3.5051,124862.179
BGD,Bangladesh,1997,3.5016,127198.069
BGD,Bangladesh,1998,3.4274,129622.332
BGD,Bangladesh,1999,3.3569,132108.064
BGD,Bangladesh,2000,3.2789,134544.304
BGD,Bangladesh,2001,3.2029,136805.81
BGD,Bangladesh,2002,3.1257,138933.658
BGD,Bangladesh,2003,3.0293,140970.351
BGD,Bangladesh,2004,2.9399,142902.856
BGD,Bangladesh,2005,2.8457,144715.786
BGD,Bangladesh,2006,2.7554,146405.974
BGD,Bangladesh,2007,2.6662,147989.278
BGD,Bangladesh,2008,2.5771,149474.264
BGD,Bangladesh,2009,2.4844,150873.714
BGD,Bangladesh,2010,2.3796,152201.982
BGD,Bangladesh,2011,2.3085,153591.076
BGD,Bangladesh,2012,2.2632,155070.101
BGD,Bangladesh,2013,2.2465,156532.14
BGD,Bangladesh,2014,2.2284,157964.928
BGD,Bangladesh,2015,2.2274,159383.179
BGD,Bangladesh,2016,2.2269,160811.932
BGD,Bangladesh,2017,2.2055,162186.146
BGD,Bangladesh,2018,2.1929,163523.104
BGD,Bangladesh,2019,2.18,164913.055
BGD,Bangladesh,2020,2.1753,166298.024
BGD,Bangladesh,2021,2.1732,167658.854
BGD,Bangladesh,2022,2.1786,169384.898
BGD,Bangladesh,2023,2.163,171466.99
BGR,Bulgaria,1950,2.4817,7248.51
BGR,Bulgaria,1951,2.4496,7314.434
BGR,Bulgaria,1952,2.4424,7361.952
BGR,Bulgaria,1953,2.4092,7415.922
BGR,Bulgaria,1954,2.353,7476.268
BGR,Bulgaria,1955,2.3704,7533.654
BGR,Bulgaria,1956,2.3317,7587.166
BGR,Bulgaria,1957,2.2366,7649.54
BGR,Bulgaria,1958,2.2071,7724.892
BGR,Bulgaria,1959,2.2114,7794.174
BGR,Bulgaria,1960,2.3094,7862.926
BGR,Bulgaria,1961,2.2827,7938.3
BGR,Bulgaria,1962,2.2319,8008.325
BGR,Bulgaria,1963,2.2008,8073.731
BGR,Bulgaria,1964,2.1755,8140.084
BGR,Bulgaria,1965,2.0854,8202.416
BGR,Bulgaria,1966,2.0242,8258.786
BGR,Bulgaria,1967,2.0316,8311.124
BGR,Bulgaria,1968,2.2707,8370.638
BGR,Bulgaria,1969,2.2736,8435.276
BGR,Bulgaria,1970,2.1788,8490.824
BGR,Bulgaria,1971,2.1051,8538.898
BGR,Bulgaria,1972,2.037,8579.912
BGR,Bulgaria,1973,2.1529,8624.8
BGR,Bulgaria,1974,2.2901,8682.755
BGR,Bulgaria,1975,2.2353,8723.148
BGR,Bulgaria,1976,2.2455,8759.438
BGR,Bulgaria,1977,2.2048,8804.686
BGR,Bulgaria,1978,2.1491,8813.746
BGR,Bulgaria,1979,2.1502,8824.992
BGR,Bulgaria,1980,2.0563,8859.536
BGR,Bulgaria,1981,2.0087,8887.801
BGR,Bulgaria,1982,2.0135,8912.732
BGR,Bulgaria,1983,2.0056,8933.326
BGR,Bulgaria,1984,1.9993,8952.604
BGR,Bulgaria,1985,1.9669,8958.854
BGR,Bulgaria,1986,2.0036,8963.469
BGR,Bulgaria,1987,1.9606,8976.204
BGR,Bulgaria,1988,1.9691,8985.715
BGR,Bulgaria,1989,1.8942,8936.38
BGR,Bulgaria,1990,1.7948,8822.365
BGR,Bulgaria,1991,1.6467,8695.797
BGR,Bulgaria,1992,1.5383,8559.1
BGR,Bulgaria,1993,1.4603,8466.533
BGR,Bulgaria,1994,1.3705,8416.918
BGR,Bulgaria,1995,1.2472,8357.574
BGR,Bulgaria,1996,1.2366,8291.398
BGR,Bulgaria,1997,1.113,8217.102
BGR,Bulgaria,1998,1.1358,8138.194
BGR,Bulgaria,1999,1.257,8067.462
BGR,Bulgaria,2000,1.2905,8000.52
BGR,Bulgaria,2001,1.2279,7928.452
BGR,Bulgaria,2002,1.2238,7861.942
BGR,Bulgaria,2003,1.2539,7804.41
BGR,Bulgaria,2004,1.3173,7749.43
BGR,Bulgaria,2005,1.3579,7695.05
BGR,Bulgaria,2006,1.4307,7640.294
BGR,Bulgaria,2007,1.4811,7586.888
BGR,Bulgaria,2008,1.5522,7535.592
BGR,Bulgaria,2009,1.6418,7488.011
BGR,Bulgaria,2010,1.5666,7437.598
BGR,Bulgaria,2011,1.5051,7380.025
BGR,Bulgaria,2012,1.5001,7317.014
BGR,Bulgaria,2013,1.4823,7264.6
BGR,Bulgaria,2014,1.53,7223.45
BGR,Bulgaria,2015,1.5276,7177.517
BGR,Bulgaria,2016,1.5414,7127.434
BGR,Bulgaria,2017,1.5572,7075.636
BGR,Bulgaria,2018,1.5579,7024.746
BGR,Bulgaria,2019,1.5801,6975.469
BGR,Bulgaria,2020,1.5567,6933.652
BGR,Bulgaria,2021,1.5864,6877.225
BGR,Bulgaria,2022,1.7671,6825.864
BGR,Bulgaria,2023,1.7494,6795.803
BHR,Bahrain,1950,7.2901,117.263
BHR,Bahrain,1951,7.2871,120.75
BHR,Bahrain,1952,7.2943,124.448
BHR,Bahrain,1953,7.2928,128.373
BHR,Bahrain,1954,7.2857,132.561
BHR,Bahrain,1955,7.2753,137.07
BHR,Bahrain,1956,7.266,141.919
BHR,Bahrain,1957,7.2631,147.147
BHR,Bahrain,1958,7.295,152.81
BHR,Bahrain,1959,7.2868,158.921
BHR,Bahrain,1960,7.2617,165.477
BHR,Bahrain,1961,7.2307,172.346
BHR,Bahrain,1962,7.1855,179.349
BHR,Bahrain,1963,7.1369,186.501
BHR,Bahrain,1964,7.0913,193.816
BHR,Bahrain,1965,7.0273,200.866
BHR,Bahrain,1966,6.944,207.543
BHR,Bahrain,1967,6.8434,214.189
BHR,Bahrain,1968,6.708,219.336
BHR,Bahrain,1969,6.5701,222.469
BHR,Bahrain,1970,6.428,224.809
BHR,Bahrain,1971,6.2838,230.733
BHR,Bahrain,1972,6.1394,242.113
BHR,Bahrain,1973,5.9649,255.32
BHR,Bahrain,1974,5.7866,269.038
BHR,Bahrain,1975,5.6184,283.243
BHR,Bahrain,1976,5.454,297.863
BHR,Bahrain,1977,5.2866,312.823
BHR,Bahrain,1978,5.1196,328.046
BHR,Bahrain,1979,4.937,343.457
BHR,Bahrain,1980,4.7622,358.978
BHR,Bahrain,1981,4.6019,373.524
BHR,Bahrain,1982,4.5052,386.982
BHR,Bahrain,1983,4.4057,400.707
BHR,Bahrain,1984,4.3031,415.154
BHR,Bahrain,1985,4.2808,430.358
BHR,Bahrain,1986,4.2536,446.286
BHR,Bahrain,1987,4.1328,462.854
BHR,Bahrain,1988,4.0401,479.929
BHR,Bahrain,1989,3.9563,497.328
BHR,Bahrain,1990,3.8167,514.796
BHR,Bahrain,1991,3.6254,531.868
BHR,Bahrain,1992,3.5477,547.748
BHR,Bahrain,1993,3.4611,562.81
BHR,Bahrain,1994,3.2908,577.952
BHR,Bahrain,1995,3.1278,593.222
BHR,Bahrain,1996,2.9855,608.593
BHR,Bahrain,1997,2.9243,624.005
BHR,Bahrain,1998,2.8892,639.378
BHR,Bahrain,1999,2.8994,654.614
BHR,Bahrain,2000,2.7978,669.58
BHR,Bahrain,2001,2.6528,699.956
BHR,Bahrain,2002,2.699,752.198
BHR,Bahrain,2003,2.7775,811.276
BHR,Bahrain,2004,2.7742,871.442
BHR,Bahrain,2005,2.6695,932.604
BHR,Bahrain,2006,2.4637,994.618
BHR,Bahrain,2007,2.282,1057.405
BHR,Bahrain,2008,2.1521,1120.714
BHR,Bahrain,2009,2.0465,1183.605
BHR,Bahrain,2010,1.9868,1213.244
BHR,Bahrain,2011,2.0249,1206.728
BHR,Bahrain,2012,2.1103,1216.303
BHR,Bahrain,2013,2.1662,1257.203
BHR,Bahrain,2014,2.1493,1312.848
BHR,Bahrain,2015,2.1128,1369.65
BHR,Bahrain,2016,2.0416,1429.604
BHR,Bahrain,2017,1.9844,1481.995
BHR,Bahrain,2018,1.9107,1497.626
BHR,Bahrain,2019,1.8428,1485.67
BHR,Bahrain,2020,1.8596,1483.077
BHR,Bahrain,2021,1.8521,1501.764
BHR,Bahrain,2022,1.8387,1533.459
BHR,Bahrain,2023,1.8235,1569.666
BHS,Bahamas,1950,4.5167,83.487
BHS,Bahamas,1951,4.5342,84.586
BHS,Bahamas,1952,4.61,86.164
BHS,Bahamas,1953,4.6863,88.237
BHS,Bahamas,1954,4.7592,90.824
BHS,Bahamas,1955,4.8254,93.922
BHS,Bahamas,1956,4.8781,97.505
BHS,Bahamas,1957,4.9241,101.537
BHS,Bahamas,1958,4.9596,105.999
BHS,Bahamas,1959,5.0339,110.917
BHS,Bahamas,1960,5.0935,116.317
BHS,Bahamas,1961,5.1563,122.197
BHS,Bahamas,1962,5.1255,128.493
BHS,Bahamas,1963,5.0615,135.087
BHS,Bahamas,1964,4.9688,141.528
BHS,Bahamas,1965,4.8836,147.952
BHS,Bahamas,1966,4.7877,154.874
BHS,Bahamas,1967,4.6895,162.267
BHS,Bahamas,1968,4.556,170.089
BHS,Bahamas,1969,4.3796,177.981
BHS,Bahamas,1970,4.212,184.982
BHS,Bahamas,1971,4.0577,190.857
BHS,Bahamas,1972,3.8863,196.055
BHS,Bahamas,1973,3.7264,200.791
BHS,Bahamas,1974,3.5723,205.342
BHS,Bahamas,1975,3.4237,209.886
BHS,Bahamas,1976,3.2969,214.501
BHS,Bahamas,1977,3.1669,219.157
BHS,Bahamas,1978,3.0521,223.761
BHS,Bahamas,1979,2.9374,228.23
BHS,Bahamas,1980,2.842,232.526
BHS,Bahamas,1981,2.7706,236.614
BHS,Bahamas,1982,2.7081,240.614
BHS,Bahamas,1983,2.6516,244.698
BHS,Bahamas,1984,2.591,248.863
BHS,Bahamas,1985,2.5459,253.154
BHS,Bahamas,1986,2.5294,257.536
BHS,Bahamas,1987,2.5197,261.934
BHS,Bahamas,1988,2.5192,266.448
BHS,Bahamas,1989,2.5227,271.178
BHS,Bahamas,1990,2.52,275.944
BHS,Bahamas,1991,2.51,280.731
BHS,Bahamas,1992,2.71,285.927
BHS,Bahamas,1993,2.61,291.34
BHS,Bahamas,1994,2.4715,296.509
BHS,Bahamas,1995,2.4191,301.461
BHS,Bahamas,1996,2.3531,306.268
BHS,Bahamas,1997,2.2932,310.904
BHS,Bahamas,1998,2.2324,315.368
BHS,Bahamas,1999,2.1336,319.614
BHS,Bahamas,2000,2.0602,323.835
BHS,Bahamas,2001,2.02,327.836
BHS,Bahamas,2002,1.9844,331.614
BHS,Bahamas,2003,1.9707,335.618
BHS,Bahamas,2004,1.9796,339.782
BHS,Bahamas,2005,2.0082,343.894
BHS,Bahamas,2006,2.0186,348.375
BHS,Bahamas,2007,2.035,353.334
BHS,Bahamas,2008,1.9985,358.12
BHS,Bahamas,2009,2.0113,362.81
BHS,Bahamas,2010,1.8367,367.478
BHS,Bahamas,2011,1.791,371.729
BHS,Bahamas,2012,1.7614,375.469
BHS,Bahamas,2013,1.7377,378.953
BHS,Bahamas,2014,1.6866,382.298
BHS,Bahamas,2015,1.5742,385.346
BHS,Bahamas,2016,1.4951,388.056
BHS,Bahamas,2017,1.4243,390.485
BHS,Bahamas,2018,1.4044,392.717
BHS,Bahamas,2019,1.3968,394.675
BHS,Bahamas,2020,1.3864,395.862
BHS,Bahamas,2021,1.3822,396.373
BHS,Bahamas,2022,1.3786,397.538
BHS,Bahamas,2023,1.3728,399.44
BIH,Bosnia and Herzegovina,1950,5.0689,2690.41
BIH,Bosnia and Herzegovina,1951,4.847,2730.242
BIH,Bosnia and Herzegovina,1952,5.0193,2774.682
BIH,Bosnia and Herzegovina,1953,4.9408,2829.227
BIH,Bosnia and Herzegovina,1954,4.8188,2890.197
BIH,Bosnia and Herzegovina,1955,4.5834,2952.173
BIH,Bosnia and Herzegovina,1956,4.3612,3015.551
BIH,Bosnia and Herzegovina,1957,4.0907,3079.937
BIH,Bosnia and Herzegovina,1958,4.0603,3145.43
BIH,Bosnia and Herzegovina,1959,3.9921,3212.367
BIH,Bosnia and Herzegovina,1960,3.963,3281.381
BIH,Bosnia and Herzegovina,1961,3.8885,3348.036
BIH,Bosnia and Herzegovina,1962,3.8053,3407.532
BIH,Bosnia and Herzegovina,1963,3.7003,3461.942
BIH,Bosnia and Herzegovina,1964,3.6001,3513.441
BIH,Bosnia and Herzegovina,1965,3.53,3562.834
BIH,Bosnia and Herzegovina,1966,3.3939,3610.562
BIH,Bosnia and Herzegovina,1967,3.2188,3656.223
BIH,Bosnia and Herzegovina,1968,3.0759,3698.794
BIH,Bosnia and Herzegovina,1969,2.9536,3737.765
BIH,Bosnia and Herzegovina,1970,2.7914,3773.247
BIH,Bosnia and Herzegovina,1971,2.7488,3809.376
BIH,Bosnia and Herzegovina,1972,2.6725,3848.27
BIH,Bosnia and Herzegovina,1973,2.5389,3887.376
BIH,Bosnia and Herzegovina,1974,2.4535,3926.472
BIH,Bosnia and Herzegovina,1975,2.3886,3965.743
BIH,Bosnia and Herzegovina,1976,2.3142,4004.552
BIH,Bosnia and Herzegovina,1977,2.1972,4042.124
BIH,Bosnia and Herzegovina,1978,2.0807,4078.24
BIH,Bosnia and Herzegovina,1979,1.993,4113.3
BIH,Bosnia and Herzegovina,1980,1.9801,4148.426
BIH,Bosnia and Herzegovina,1981,2.024,4184.218
BIH,Bosnia and Herzegovina,1982,2.0518,4221.1
BIH,Bosnia and Herzegovina,1983,2.0494,4258.728
BIH,Bosnia and Herzegovina,1984,2.0152,4295.536
BIH,Bosnia and Herzegovina,1985,1.9596,4330.364
BIH,Bosnia and Herzegovina,1986,1.9086,4362.116
BIH,Bosnia and Herzegovina,1987,1.8789,4390.246
BIH,Bosnia and Herzegovina,1988,1.8486,4414.404
BIH,Bosnia and Herzegovina,1989,1.7921,4433.982
BIH,Bosnia and Herzegovina,1990,1.7858,4448.652
BIH,Bosnia and Herzegovina,1991,1.7817,4458.344
BIH,Bosnia and Herzegovina,1992,1.7579,4234.616
BIH,Bosnia and Herzegovina,1993,1.7291,3904.482
BIH,Bosnia and Herzegovina,1994,1.6976,3725.412
BIH,Bosnia and Herzegovina,1995,1.669,3715.564
BIH,Bosnia and Herzegovina,1996,1.6523,3875.246
BIH,Bosnia and Herzegovina,1997,1.6863,4018.227
BIH,Bosnia and Herzegovina,1998,1.5608,4089.356
BIH,Bosnia and Herzegovina,1999,1.3663,4130.304
BIH,Bosnia and Herzegovina,2000,1.2825,4159.772
BIH,Bosnia and Herzegovina,2001,1.2303,4179.438
BIH,Bosnia and Herzegovina,2002,1.2307,4188.002
BIH,Bosnia and Herzegovina,2003,1.2191,4178.523
BIH,Bosnia and Herzegovina,2004,1.2208,4140.987
BIH,Bosnia and Herzegovina,2005,1.2034,4096.493
BIH,Bosnia and Herzegovina,2006,1.1803,4063.272
BIH,Bosnia and Herzegovina,2007,1.1903,4013.424
BIH,Bosnia and Herzegovina,2008,1.2098,3947.544
BIH,Bosnia and Herzegovina,2009,1.2665,3879.794
BIH,Bosnia and Herzegovina,2010,1.2596,3811.472
BIH,Bosnia and Herzegovina,2011,1.2089,3741.798
BIH,Bosnia and Herzegovina,2012,1.2516,3670.114
BIH,Bosnia and Herzegovina,2013,1.2783,3610.859
BIH,Bosnia and Herzegovina,2014,1.2625,3564.829
BIH,Bosnia and Herzegovina,2015,1.3218,3518.54
BIH,Bosnia and Herzegovina,2016,1.3603,3473.003
BIH,Bosnia and Herzegovina,2017,1.4189,3428.682
BIH,Bosnia and Herzegovina,2018,1.5044,3387
BIH,Bosnia and Herzegovina,2019,1.5087,3345.533
BIH,Bosnia and Herzegovina,2020,1.5155,3299.349
BIH,Bosnia and Herzegovina,2021,1.4903,3244.907
BIH,Bosnia and Herzegovina,2022,1.4815,3204.802
BIH,Bosnia and Herzegovina,2023,1.4855,3185.073
BLM,Saint Barthélemy,1950,3.221,2.006
BLM,Saint Barthélemy,1951,3.1908,2.055
BLM,Saint Barthélemy,1952,3.1606,2.078
BLM,Saint Barthélemy,1953,3.1218,2.096
BLM,Saint Barthélemy,1954,3.0797,2.116
BLM,Saint Barthélemy,1955,3.0437,2.126
BLM,Saint Barthélemy,1956,2.9997,2.122
BLM,Saint Barthélemy,1957,2.9535,2.123
BLM,Saint Barthélemy,1958,2.9073,2.141
BLM,Saint Barthélemy,1959,2.8672,2.163
BLM,Saint Barthélemy,1960,2.8024,2.188
BLM,Saint Barthélemy,1961,2.7447,2.21
BLM,Saint Barthélemy,1962,2.6754,2.232
BLM,Saint Barthélemy,1963,2.5989,2.264
BLM,Saint Barthélemy,1964,2.5231,2.3
BLM,Saint Barthélemy,1965,2.4441,2.332
BLM,Saint Barthélemy,1966,2.3645,2.365
BLM,Saint Barthélemy,1967,2.2876,2.386
BLM,Saint Barthélemy,1968,2.219,2.392
BLM,Saint Barthélemy,1969,2.1537,2.399
BLM,Saint Barthélemy,1970,2.0891,2.406
BLM,Saint Barthélemy,1971,2.023,2.426
BLM,Saint Barthélemy,1972,1.9593,2.453
BLM,Saint Barthélemy,1973,1.895,2.474
BLM,Saint Barthélemy,1974,1.8146,2.509
BLM,Saint Barthélemy,1975,1.6671,2.566
BLM,Saint Barthélemy,1976,1.5096,2.632
BLM,Saint Barthélemy,1977,1.4045,2.717
BLM,Saint Barthélemy,1978,1.3618,2.812
BLM,Saint Barthélemy,1979,1.3737,2.9
BLM,Saint Barthélemy,1980,1.4374,2.966
BLM,Saint Barthélemy,1981,1.5398,3.015
BLM,Saint Barthélemy,1982,1.6297,3.188
BLM,Saint Barthélemy,1983,1.6146,3.486
BLM,Saint Barthélemy,1984,1.5893,3.776
BLM,Saint Barthélemy,1985,1.5641,4.053
BLM,Saint Barthélemy,1986,1.5361,4.319
BLM,Saint Barthélemy,1987,1.5089,4.58
BLM,Saint Barthélemy,1988,1.4717,4.823
BLM,Saint Barthélemy,1989,1.4357,5.045
BLM,Saint Barthélemy,1990,1.4111,5.25
BLM,Saint Barthélemy,1991,1.3951,5.439
BLM,Saint Barthélemy,1992,1.384,5.626
BLM,Saint Barthélemy,1993,1.374,5.814
BLM,Saint Barthélemy,1994,1.3721,6
BLM,Saint Barthélemy,1995,1.3703,6.181
BLM,Saint Barthélemy,1996,1.369,6.361
BLM,Saint Barthélemy,1997,1.3726,6.544
BLM,Saint Barthélemy,1998,1.3931,6.72
BLM,Saint Barthélemy,1999,1.4363,6.896
BLM,Saint Barthélemy,2000,1.4905,7.082
BLM,Saint Barthélemy,2001,1.5245,7.272
BLM,Saint Barthélemy,2002,1.5378,7.466
BLM,Saint Barthélemy,2003,1.5244,7.658
BLM,Saint Barthélemy,2004,1.5136,7.846
BLM,Saint Barthélemy,2005,1.4901,8.03
BLM,Saint Barthélemy,2006,1.4497,8.22
BLM,Saint Barthélemy,2007,1.4003,8.412
BLM,Saint Barthélemy,2008,1.34,8.602
BLM,Saint Barthélemy,2009,1.2881,8.796
BLM,Saint Barthélemy,2010,1.2521,8.965
BLM,Saint Barthélemy,2011,1.2431,9.088
BLM,Saint Barthélemy,2012,1.2452,9.197
BLM,Saint Barthélemy,2013,1.09,9.318
BLM,Saint Barthélemy,2014,0.9275,9.447
BLM,Saint Barthélemy,2015,1.0515,9.59
BLM,Saint Barthélemy,2016,0.9663,9.75
BLM,Saint Barthélemy,2017,0.8094,9.928
BLM,Saint Barthélemy,2018,0.7062,10.108
BLM,Saint Barthélemy,2019,0.734,10.299
BLM,Saint Barthélemy,2020,0.7575,10.543
BLM,Saint Barthélemy,2021,0.7767,10.764
BLM,Saint Barthélemy,2022,0.7887,10.92
BLM,Saint Barthélemy,2023,0.8007,11.085
BLR,Belarus,1950,2.6396,7127.594
BLR,Belarus,1951,2.6596,7189.433
BLR,Belarus,1952,2.6249,7264.607
BLR,Belarus,1953,2.6,7350.636
BLR,Belarus,1954,2.6066,7448.889
BLR,Belarus,1955,2.6332,7560.676
BLR,Belarus,1956,2.6597,7682.882
BLR,Belarus,1957,2.6895,7811.335
BLR,Belarus,1958,2.7275,7944.089
BLR,Belarus,1959,2.763,8081.319
BLR,Belarus,1960,2.7572,8207.998
BLR,Belarus,1961,2.6731,8320.433
BLR,Belarus,1962,2.607,8424.48
BLR,Belarus,1963,2.4793,8517.704
BLR,Belarus,1964,2.2795,8602.838
BLR,Belarus,1965,2.2287,8679.929
BLR,Belarus,1966,2.2729,8752.97
BLR,Belarus,1967,2.2447,8823.254
BLR,Belarus,1968,2.258,8891.328
BLR,Belarus,1969,2.2315,8954.597
BLR,Belarus,1970,2.2935,9014.896
BLR,Belarus,1971,2.3132,9079.748
BLR,Belarus,1972,2.2802,9144.634
BLR,Belarus,1973,2.2063,9205.712
BLR,Belarus,1974,2.191,9265.678
BLR,Belarus,1975,2.1327,9324.28
BLR,Belarus,1976,2.0898,9380.086
BLR,Belarus,1977,2.0612,9434.944
BLR,Belarus,1978,2.0328,9485.805
BLR,Belarus,1979,1.996,9537.705
BLR,Belarus,1980,1.9832,9603.17
BLR,Belarus,1981,1.9888,9678.048
BLR,Belarus,1982,1.9897,9748.282
BLR,Belarus,1983,2.1336,9815.555
BLR,Belarus,1984,2.0783,9881.694
BLR,Belarus,1985,2.0406,9944.186
BLR,Belarus,1986,2.1262,10004.288
BLR,Belarus,1987,2.0552,10057.605
BLR,Belarus,1988,2.07,10107.637
BLR,Belarus,1989,1.9785,10158.785
BLR,Belarus,1990,1.8599,10186.26
BLR,Belarus,1991,1.7521,10193.889
BLR,Belarus,1992,1.704,10217.562
BLR,Belarus,1993,1.5768,10241.32
BLR,Belarus,1994,1.4864,10230.187
BLR,Belarus,1995,1.3693,10197.464
BLR,Belarus,1996,1.3072,10164.028
BLR,Belarus,1997,1.2226,10122.364
BLR,Belarus,1998,1.2677,10080.578
BLR,Belarus,1999,1.2627,10039.223
BLR,Belarus,2000,1.272,9991.313
BLR,Belarus,2001,1.2413,9938.065
BLR,Belarus,2002,1.202,9873.45
BLR,Belarus,2003,1.192,9803.176
BLR,Belarus,2004,1.1959,9735.091
BLR,Belarus,2005,1.2207,9667.838
BLR,Belarus,2006,1.3055,9608.036
BLR,Belarus,2007,1.3938,9563.134
BLR,Belarus,2008,1.4485,9529.358
BLR,Belarus,2009,1.4811,9507.337
BLR,Belarus,2010,1.4782,9490.752
BLR,Belarus,2011,1.5241,9472.735
BLR,Belarus,2012,1.6234,9463.076
BLR,Belarus,2013,1.6731,9464.453
BLR,Belarus,2014,1.702,9472.708
BLR,Belarus,2015,1.7281,9487.293
BLR,Belarus,2016,1.7271,9499.064
BLR,Belarus,2017,1.5499,9495.79
BLR,Belarus,2018,1.4574,9480.031
BLR,Belarus,2019,1.3892,9435.42
BLR,Belarus,2020,1.3691,9350.944
BLR,Belarus,2021,1.3706,9251.365
BLR,Belarus,2022,1.3264,9173.237
BLR,Belarus,2023,1.2076,9115.68
BLZ,Belize,1950,6.69,69.073
BLZ,Belize,1951,6.68,71.122
BLZ,Belize,1952,6.66,73.344
BLZ,Belize,1953,6.64,75.514
BLZ,Belize,1954,6.62,77.674
BLZ,Belize,1955,6.6,79.856
BLZ,Belize,1956,6.58,82.072
BLZ,Belize,1957,6.56,84.342
BLZ,Belize,1958,6.54,86.659
BLZ,Belize,1959,6.52,88.99
BLZ,Belize,1960,6.5,91.318
BLZ,Belize,1961,6.48,93.632
BLZ,Belize,1962,6.46,96.042
BLZ,Belize,1963,6.44,98.704
BLZ,Belize,1964,6.42,101.604
BLZ,Belize,1965,6.3998,104.676
BLZ,Belize,1966,6.3793,107.906
BLZ,Belize,1967,6.3584,111.272
BLZ,Belize,1968,6.3373,114.714
BLZ,Belize,1969,6.3164,118.04
BLZ,Belize,1970,6.2986,120.736
BLZ,Belize,1971,6.2878,122.805
BLZ,Belize,1972,6.2843,124.676
BLZ,Belize,1973,6.2854,126.445
BLZ,Belize,1974,6.2865,128.185
BLZ,Belize,1975,6.2784,130.387
BLZ,Belize,1976,6.2503,133.098
BLZ,Belize,1977,6.195,135.887
BLZ,Belize,1978,6.1089,138.713
BLZ,Belize,1979,5.9924,141.678
BLZ,Belize,1980,5.8486,145.062
BLZ,Belize,1981,5.684,148.786
BLZ,Belize,1982,5.4973,152.548
BLZ,Belize,1983,5.3091,156.297
BLZ,Belize,1984,5.1151,160.044
BLZ,Belize,1985,4.9971,163.796
BLZ,Belize,1986,4.9369,167.554
BLZ,Belize,1987,4.8828,171.338
BLZ,Belize,1988,4.8683,175.18
BLZ,Belize,1989,4.8636,179.107
BLZ,Belize,1990,4.8021,183.076
BLZ,Belize,1991,4.5951,187.04
BLZ,Belize,1992,4.4289,190.983
BLZ,Belize,1993,4.2058,194.902
BLZ,Belize,1994,3.9728,199.097
BLZ,Belize,1995,3.8762,204.146
BLZ,Belize,1996,3.755,210.31
BLZ,Belize,1997,3.7366,217.446
BLZ,Belize,1998,3.7521,225.173
BLZ,Belize,1999,3.7263,233.059
BLZ,Belize,2000,3.6328,240.799
BLZ,Belize,2001,3.5256,248.379
BLZ,Belize,2002,3.4305,256.009
BLZ,Belize,2003,3.3352,263.78
BLZ,Belize,2004,3.2518,271.688
BLZ,Belize,2005,3.1727,279.73
BLZ,Belize,2006,3.0215,287.878
BLZ,Belize,2007,2.8845,296.1
BLZ,Belize,2008,2.7795,304.361
BLZ,Belize,2009,2.6591,312.614
BLZ,Belize,2010,2.5523,320.245
BLZ,Belize,2011,2.531,327.298
BLZ,Belize,2012,2.5097,334.414
BLZ,Belize,2013,2.4985,341.627
BLZ,Belize,2014,2.4744,348.922
BLZ,Belize,2015,2.4333,356.333
BLZ,Belize,2016,2.3961,364.705
BLZ,Belize,2017,2.3684,373.202
BLZ,Belize,2018,2.3432,380.226
BLZ,Belize,2019,2.1415,385.829
BLZ,Belize,2020,2.0396,390.812
BLZ,Belize,2021,1.8374,395.346
BLZ,Belize,2022,1.9492,402.733
BLZ,Belize,2023,2.0072,411.106
BMU,Bermuda,1950,3.6172,37.214
BMU,Bermuda,1951,3.5654,37.797
BMU,Bermuda,1952,3.5376,38.334
BMU,Bermuda,1953,3.5136,38.834
BMU,Bermuda,1954,3.5081,39.346
BMU,Bermuda,1955,3.4869,39.853
BMU,Bermuda,1956,3.4776,40.342
BMU,Bermuda,1957,3.5433,40.79
BMU,Bermuda,1958,3.5806,41.211
BMU,Bermuda,1959,3.629,41.642
BMU,Bermuda,1960,3.6302,42.208
BMU,Bermuda,1961,3.5937,43.123
BMU,Bermuda,1962,3.4413,44.24
BMU,Bermuda,1963,3.4757,45.34
BMU,Bermuda,1964,3.2306,46.41
BMU,Bermuda,1965,3.0771,47.461
BMU,Bermuda,1966,2.7942,48.534
BMU,Bermuda,1967,2.5666,49.514
BMU,Bermuda,1968,2.4513,50.404
BMU,Bermuda,1969,2.3608,51.306
BMU,Bermuda,1970,2.3084,52.124
BMU,Bermuda,1971,2.2774,52.607
BMU,Bermuda,1972,2.2255,52.803
BMU,Bermuda,1973,2.1432,52.946
BMU,Bermuda,1974,2.0227,53.056
BMU,Bermuda,1975,1.8881,53.129
BMU,Bermuda,1976,1.864,53.21
BMU,Bermuda,1977,1.6889,53.322
BMU,Bermuda,1978,1.7982,53.431
BMU,Bermuda,1979,1.6614,53.517
BMU,Bermuda,1980,1.6644,53.673
BMU,Bermuda,1981,1.5957,53.997
BMU,Bermuda,1982,1.643,54.387
BMU,Bermuda,1983,1.8119,54.777
BMU,Bermuda,1984,1.6826,55.17
BMU,Bermuda,1985,1.7736,55.547
BMU,Bermuda,1986,1.7321,55.889
BMU,Bermuda,1987,1.7455,56.265
BMU,Bermuda,1988,1.7968,56.699
BMU,Bermuda,1989,1.7602,57.129
BMU,Bermuda,1990,1.6993,57.559
BMU,Bermuda,1991,1.7437,57.984
BMU,Bermuda,1992,1.725,58.408
BMU,Bermuda,1993,1.6999,58.816
BMU,Bermuda,1994,1.6836,59.194
BMU,Bermuda,1995,1.6767,59.526
BMU,Bermuda,1996,1.6995,59.813
BMU,Bermuda,1997,1.692,60.177
BMU,Bermuda,1998,1.794,60.638
BMU,Bermuda,1999,1.7936,61.124
BMU,Bermuda,2000,1.7384,61.55
BMU,Bermuda,2001,1.8608,61.868
BMU,Bermuda,2002,1.8146,62.142
BMU,Bermuda,2003,1.7899,62.386
BMU,Bermuda,2004,1.7601,62.555
BMU,Bermuda,2005,1.7821,62.711
BMU,Bermuda,2006,1.7902,62.834
BMU,Bermuda,2007,1.9344,63.01
BMU,Bermuda,2008,1.8601,63.3
BMU,Bermuda,2009,1.8533,63.565
BMU,Bermuda,2010,1.7666,63.725
BMU,Bermuda,2011,1.5686,63.733
BMU,Bermuda,2012,1.5279,63.646
BMU,Bermuda,2013,1.5218,63.574
BMU,Bermuda,2014,1.42,63.529
BMU,Bermuda,2015,1.44,63.464
BMU,Bermuda,2016,1.4499,63.449
BMU,Bermuda,2017,1.4193,63.578
BMU,Bermuda,2018,1.3742,63.831
BMU,Bermuda,2019,1.3834,64.107
BMU,Bermuda,2020,1.4506,64.382
BMU,Bermuda,2021,1.3891,64.648
BMU,Bermuda,2022,1.3971,64.749
BMU,Bermuda,2023,1.4011,64.698
BOL,Bolivia (Plurinational State of),1950,6.1914,3089.969
BOL,Bolivia (Plurinational State of),1951,6.1909,3137.297
BOL,Bolivia (Plurinational State of),1952,6.1833,3187.538
BOL,Bolivia (Plurinational State of),1953,6.2021,3240.964
BOL,Bolivia (Plurinational State of),1954,6.2138,3297.842
BOL,Bolivia (Plurinational State of),1955,6.2414,3358.004
BOL,Bolivia (Plurinational State of),1956,6.246,3421.339
BOL,Bolivia (Plurinational State of),1957,6.2645,3487.569
BOL,Bolivia (Plurinational State of),1958,6.2711,3556.558
BOL,Bolivia (Plurinational State of),1959,6.2758,3628.192
BOL,Bolivia (Plurinational State of),1960,6.2727,3702.323
BOL,Bolivia (Plurinational State of),1961,6.2571,3778.731
BOL,Bolivia (Plurinational State of),1962,6.2457,3857.493
BOL,Bolivia (Plurinational State of),1963,6.2318,3938.913
BOL,Bolivia (Plurinational State of),1964,6.2098,4022.996
BOL,Bolivia (Plurinational State of),1965,6.1823,4109.796
BOL,Bolivia (Plurinational State of),1966,6.1582,4199.55
BOL,Bolivia (Plurinational State of),1967,6.1329,4292.572
BOL,Bolivia (Plurinational State of),1968,6.1011,4388.944
BOL,Bolivia (Plurinational State of),1969,6.0578,4488.232
BOL,Bolivia (Plurinational State of),1970,6.0039,4590.01
BOL,Bolivia (Plurinational State of),1971,5.9466,4694.342
BOL,Bolivia (Plurinational State of),1972,5.885,4800.978
BOL,Bolivia (Plurinational State of),1973,5.8466,4910.2
BOL,Bolivia (Plurinational State of),1974,5.7959,5022.475
BOL,Bolivia (Plurinational State of),1975,5.7479,5137.54
BOL,Bolivia (Plurinational State of),1976,5.7387,5256.496
BOL,Bolivia (Plurinational State of),1977,5.6733,5379.166
BOL,Bolivia (Plurinational State of),1978,5.6096,5504.124
BOL,Bolivia (Plurinational State of),1979,5.5424,5630.849
BOL,Bolivia (Plurinational State of),1980,5.4741,5758.9
BOL,Bolivia (Plurinational State of),1981,5.408,5888.109
BOL,Bolivia (Plurinational State of),1982,5.3461,6018.088
BOL,Bolivia (Plurinational State of),1983,5.2894,6149.06
BOL,Bolivia (Plurinational State of),1984,5.2417,6281.868
BOL,Bolivia (Plurinational State of),1985,5.1533,6416.185
BOL,Bolivia (Plurinational State of),1986,5.115,6552.479
BOL,Bolivia (Plurinational State of),1987,5.0627,6692.162
BOL,Bolivia (Plurinational State of),1988,5.0254,6835.508
BOL,Bolivia (Plurinational State of),1989,4.9645,6981.766
BOL,Bolivia (Plurinational State of),1990,4.8995,7130.142
BOL,Bolivia (Plurinational State of),1991,4.8461,7280.29
BOL,Bolivia (Plurinational State of),1992,4.7133,7430.336
BOL,Bolivia (Plurinational State of),1993,4.5921,7579.196
BOL,Bolivia (Plurinational State of),1994,4.4937,7727.322
BOL,Bolivia (Plurinational State of),1995,4.4094,7874.676
BOL,Bolivia (Plurinational State of),1996,4.3362,8021.736
BOL,Bolivia (Plurinational State of),1997,4.2186,8167.9
BOL,Bolivia (Plurinational State of),1998,4.1487,8313.394
BOL,Bolivia (Plurinational State of),1999,4.0904,8459.806
BOL,Bolivia (Plurinational State of),2000,3.9906,8606.326
BOL,Bolivia (Plurinational State of),2001,3.8899,8752.736
BOL,Bolivia (Plurinational State of),2002,3.8016,8900.356
BOL,Bolivia (Plurinational State of),2003,3.7209,9050.7
BOL,Bolivia (Plurinational State of),2004,3.6333,9204.286
BOL,Bolivia (Plurinational State of),2005,3.5584,9360.754
BOL,Bolivia (Plurinational State of),2006,3.5325,9521.689
BOL,Bolivia (Plurinational State of),2007,3.4466,9685.96
BOL,Bolivia (Plurinational State of),2008,3.3645,9850.858
BOL,Bolivia (Plurinational State of),2009,3.2867,10016.276
BOL,Bolivia (Plurinational State of),2010,3.2132,10182.345
BOL,Bolivia (Plurinational State of),2011,3.1433,10348.929
BOL,Bolivia (Plurinational State of),2012,3.0759,10515.807
BOL,Bolivia (Plurinational State of),2013,3.0103,10682.608
BOL,Bolivia (Plurinational State of),2014,2.9467,10848.888
BOL,Bolivia (Plurinational State of),2015,2.886,11014.705
BOL,Bolivia (Plurinational State of),2016,2.8291,11180.02
BOL,Bolivia (Plurinational State of),2017,2.777,11344.588
BOL,Bolivia (Plurinational State of),2018,2.73,11508.368
BOL,Bolivia (Plurinational State of),2019,2.6882,11671.386
BOL,Bolivia (Plurinational State of),2020,2.6511,11816.299
BOL,Bolivia (Plurinational State of),2021,2.6178,11937.36
BOL,Bolivia (Plurinational State of),2022,2.5839,12077.154
BOL,Bolivia (Plurinational State of),2023,2.547,12244.16
BRA,Brazil,1950,6.1216,53408.551
BRA,Brazil,1951,6.1146,55018.851
BRA,Brazil,1952,6.1021,56694.872
BRA,Brazil,1953,6.093,58433.757
BRA,Brazil,1954,6.087,60235.122
BRA,Brazil,1955,6.0842,62101.388
BRA,Brazil,1956,6.0835,64033.995
BRA,Brazil,1957,6.0838,66031.492
BRA,Brazil,1958,6.0829,68092.141
BRA,Brazil,1959,6.0768,70214.47
BRA,Brazil,1960,6.0513,72388.126
BRA,Brazil,1961,6.0218,74605.447
BRA,Brazil,1962,5.9842,76865.324
BRA,Brazil,1963,5.9296,79164.235
BRA,Brazil,1964,5.8184,81488.595
BRA,Brazil,1965,5.6774,83817.583
BRA,Brazil,1966,5.5162,86139.359
BRA,Brazil,1967,5.3357,88446.124
BRA,Brazil,1968,5.1655,90741.24
BRA,Brazil,1969,5.0414,93045.777
BRA,Brazil,1970,4.9345,95375.651
BRA,Brazil,1971,4.8384,97739.273
BRA,Brazil,1972,4.7351,100146.797
BRA,Brazil,1973,4.6383,102600.976
BRA,Brazil,1974,4.5016,105089.675
BRA,Brazil,1975,4.4152,107619.565
BRA,Brazil,1976,4.3386,110213.349
BRA,Brazil,1977,4.2668,112875.292
BRA,Brazil,1978,4.1951,115600.942
BRA,Brazil,1979,4.12,118380.82
BRA,Brazil,1980,4.0373,121207.46
BRA,Brazil,1981,3.9433,124063.109
BRA,Brazil,1982,3.838,126923.155
BRA,Brazil,1983,3.7229,129790.077
BRA,Brazil,1984,3.5995,132658.864
BRA,Brazil,1985,3.4804,135515.596
BRA,Brazil,1986,3.3608,138336.37
BRA,Brazil,1987,3.232,141104.944
BRA,Brazil,1988,3.1117,143826.357
BRA,Brazil,1989,3.0075,146502.972
BRA,Brazil,1990,2.8964,149143.223
BRA,Brazil,1991,2.8045,151724.256
BRA,Brazil,1992,2.7102,154275.078
BRA,Brazil,1993,2.6599,156794.577
BRA,Brazil,1994,2.6034,159265.006
BRA,Brazil,1995,2.567,161735.074
BRA,Brazil,1996,2.5107,164202.549
BRA,Brazil,1997,2.4683,166661.659
BRA,Brazil,1998,2.4183,169159.655
BRA,Brazil,1999,2.3353,171641.543
BRA,Brazil,2000,2.2472,174018.282
BRA,Brazil,2001,2.1619,176301.203
BRA,Brazil,2002,2.0814,178503.484
BRA,Brazil,2003,2.0062,180622.688
BRA,Brazil,2004,1.9733,182675.143
BRA,Brazil,2005,1.9422,184688.101
BRA,Brazil,2006,1.8957,186653.106
BRA,Brazil,2007,1.8545,188552.32
BRA,Brazil,2008,1.8148,190367.302
BRA,Brazil,2009,1.7986,192079.95
BRA,Brazil,2010,1.7857,193701.93
BRA,Brazil,2011,1.7768,195284.734
BRA,Brazil,2012,1.7662,196876.112
BRA,Brazil,2013,1.7612,198478.3
BRA,Brazil,2014,1.7746,200085.127
BRA,Brazil,2015,1.777,201675.532
BRA,Brazil,2016,1.7275,203218.114
BRA,Brazil,2017,1.7399,204703.445
BRA,Brazil,2018,1.7445,206107.26
BRA,Brazil,2019,1.7049,207455.46
BRA,Brazil,2020,1.6528,208660.842
BRA,Brazil,2021,1.638,209550.294
BRA,Brazil,2022,1.6292,210306.415
BRA,Brazil,2023,1.6191,211140.729
BRB,Barbados,1950,4.473,209.917
BRB,Barbados,1951,4.5212,213.398
BRB,Barbados,1952,4.5471,216.506
BRB,Barbados,1953,4.5292,219.232
BRB,Barbados,1954,4.4561,221.553
BRB,Barbados,1955,4.4405,223.29
BRB,Barbados,1956,4.1805,224.511
BRB,Barbados,1957,4.3332,225.794
BRB,Barbados,1958,4.2501,227.258
BRB,Barbados,1959,4.2764,228.78
BRB,Barbados,1960,4.7057,230.893
BRB,Barbados,1961,4.1533,233.148
BRB,Barbados,1962,4.3001,235.224
BRB,Barbados,1963,4.3035,237.557
BRB,Barbados,1964,4.2139,239.958
BRB,Barbados,1965,4.176,242.417
BRB,Barbados,1966,4.1439,244.996
BRB,Barbados,1967,3.5992,247.091
BRB,Barbados,1968,3.5737,248.54
BRB,Barbados,1969,3.3416,249.444
BRB,Barbados,1970,3.079,249.387
BRB,Barbados,1971,3.1991,249.168
BRB,Barbados,1972,3.1526,249.658
BRB,Barbados,1973,2.8653,250.322
BRB,Barbados,1974,2.6523,250.777
BRB,Barbados,1975,2.447,251.176
BRB,Barbados,1976,2.2408,251.442
BRB,Barbados,1977,2.2009,251.626
BRB,Barbados,1978,1.8393,251.551
BRB,Barbados,1979,1.8623,251.269
BRB,Barbados,1980,1.7767,251.524
BRB,Barbados,1981,1.8456,252.27
BRB,Barbados,1982,1.8594,253.095
BRB,Barbados,1983,1.8565,253.992
BRB,Barbados,1984,1.7521,254.92
BRB,Barbados,1985,1.7692,255.82
BRB,Barbados,1986,1.6936,256.618
BRB,Barbados,1987,1.6109,257.28
BRB,Barbados,1988,1.5804,257.763
BRB,Barbados,1989,1.6381,258.109
BRB,Barbados,1990,1.8416,258.582
BRB,Barbados,1991,1.8379,259.372
BRB,Barbados,1992,1.8037,260.266
BRB,Barbados,1993,1.7689,261.027
BRB,Barbados,1994,1.7333,261.62
BRB,Barbados,1995,1.7043,262.039
BRB,Barbados,1996,1.6729,262.284
BRB,Barbados,1997,1.6453,262.392
BRB,Barbados,1998,1.6204,262.436
BRB,Barbados,1999,1.7793,262.518
BRB,Barbados,2000,1.9331,262.063
BRB,Barbados,2001,1.9547,262.426
BRB,Barbados,2002,1.8625,264.148
BRB,Barbados,2003,1.8562,265.776
BRB,Barbados,2004,1.7972,267.298
BRB,Barbados,2005,1.7381,268.706
BRB,Barbados,2006,1.7019,270.002
BRB,Barbados,2007,1.7551,271.288
BRB,Barbados,2008,1.7562,272.714
BRB,Barbados,2009,1.7701,274.122
BRB,Barbados,2010,1.7848,275.243
BRB,Barbados,2011,1.758,276.139
BRB,Barbados,2012,1.7308,276.938
BRB,Barbados,2013,1.7293,277.665
BRB,Barbados,2014,1.7269,278.348
BRB,Barbados,2015,1.7256,278.99
BRB,Barbados,2016,1.7245,279.598
BRB,Barbados,2017,1.7238,280.171
BRB,Barbados,2018,1.7202,280.711
BRB,Barbados,2019,1.7154,281.207
BRB,Barbados,2020,1.7077,281.698
BRB,Barbados,2021,1.7094,282.146
BRB,Barbados,2022,1.7119,282.318
BRB,Barbados,2023,1.7081,282.336
BRN,Brunei Darussalam,1950,6.9771,48.298
BRN,Brunei Darussalam,1951,7.028,51.19
BRN,Brunei Darussalam,1952,7.1004,54.233
BRN,Brunei Darussalam,1953,7.1997,57.559
BRN,Brunei Darussalam,1954,7.3082,61.209
BRN,Brunei Darussalam,1955,7.3972,65.21
BRN,Brunei Darussalam,1956,7.4475,69.548
BRN,Brunei Darussalam,1957,7.4757,74.164
BRN,Brunei Darussalam,1958,7.4753,78.972
BRN,Brunei Darussalam,1959,7.4207,83.842
BRN,Brunei Darussalam,1960,7.3222,88.347
BRN,Brunei Darussalam,1961,7.1852,92.518
BRN,Brunei Darussalam,1962,7.0303,96.719
BRN,Brunei Darussalam,1963,6.8934,101.159
BRN,Brunei Darussalam,1964,6.7729,105.922
BRN,Brunei Darussalam,1965,6.6469,110.838
BRN,Brunei Darussalam,1966,6.5142,115.874
BRN,Brunei Darussalam,1967,6.3718,121.018
BRN,Brunei Darussalam,1968,6.2041,126.222
BRN,Brunei Darussalam,1969,6.0076,131.446
BRN,Brunei Darussalam,1970,5.8012,135.138
BRN,Brunei Darussalam,1971,5.6195,137.921
BRN,Brunei Darussalam,1972,5.5001,142.189
BRN,Brunei Darussalam,1973,5.3547,147.369
BRN,Brunei Darussalam,1974,5.1831,152.656
BRN,Brunei Darussalam,1975,4.9899,158.07
BRN,Brunei Darussalam,1976,4.7844,163.607
BRN,Brunei Darussalam,1977,4.5802,169.277
BRN,Brunei Darussalam,1978,4.3887,174.884
BRN,Brunei Darussalam,1979,4.2161,180.422
BRN,Brunei Darussalam,1980,4.0671,186.111
BRN,Brunei Darussalam,1981,3.9432,191.977
BRN,Brunei Darussalam,1982,3.8407,198.165
BRN,Brunei Darussalam,1983,3.7512,204.741
BRN,Brunei Darussalam,1984,3.6798,211.661
BRN,Brunei Darussalam,1985,3.6125,218.92
BRN,Brunei Darussalam,1986,3.5493,226.495
BRN,Brunei Darussalam,1987,3.4907,233.86
BRN,Brunei Darussalam,1988,3.4348,240.913
BRN,Brunei Darussalam,1989,3.3641,248.064
BRN,Brunei Darussalam,1990,3.2903,255.292
BRN,Brunei Darussalam,1991,3.206,262.596
BRN,Brunei Darussalam,1992,3.111,269.84
BRN,Brunei Darussalam,1993,3.0073,276.972
BRN,Brunei Darussalam,1994,2.9008,284.092
BRN,Brunei Darussalam,1995,2.7865,291.195
BRN,Brunei Darussalam,1996,2.6813,298.276
BRN,Brunei Darussalam,1997,2.6,305.342
BRN,Brunei Darussalam,1998,2.5329,312.385
BRN,Brunei Darussalam,1999,2.4615,319.412
BRN,Brunei Darussalam,2000,2.398,326.424
BRN,Brunei Darussalam,2001,2.3367,333.345
BRN,Brunei Darussalam,2002,2.2638,340.099
BRN,Brunei Darussalam,2003,2.1852,346.637
BRN,Brunei Darussalam,2004,2.1036,352.91
BRN,Brunei Darussalam,2005,2.0241,358.916
BRN,Brunei Darussalam,2006,1.9687,364.663
BRN,Brunei Darussalam,2007,1.9332,370.872
BRN,Brunei Darussalam,2008,1.9177,377.793
BRN,Brunei Darussalam,2009,1.9207,384.952
BRN,Brunei Darussalam,2010,1.9366,392.332
BRN,Brunei Darussalam,2011,1.957,399.389
BRN,Brunei Darussalam,2012,1.9729,405.557
BRN,Brunei Darussalam,2013,1.9778,411.202
BRN,Brunei Darussalam,2014,1.969,416.75
BRN,Brunei Darussalam,2015,1.9471,422.212
BRN,Brunei Darussalam,2016,1.9154,427.564
BRN,Brunei Darussalam,2017,1.8805,432.772
BRN,Brunei Darussalam,2018,1.8479,437.81
BRN,Brunei Darussalam,2019,1.8195,442.68
BRN,Brunei Darussalam,2020,1.7962,447.404
BRN,Brunei Darussalam,2021,1.7779,451.72
BRN,Brunei Darussalam,2022,1.7644,455.37
BRN,Brunei Darussalam,2023,1.747,458.949
BTN,Bhutan,1950,6.8483,169.982
BTN,Bhutan,1951,6.8226,174.6
BTN,Bhutan,1952,6.8022,179.38
BTN,Bhutan,1953,6.7876,184.333
BTN,Bhutan,1954,6.7753,189.453
BTN,Bhutan,1955,6.7622,194.748
BTN,Bhutan,1956,6.7518,200.236
BTN,Bhutan,1957,6.7377,205.901
BTN,Bhutan,1958,6.7207,211.757
BTN,Bhutan,1959,6.7082,217.815
BTN,Bhutan,1960,6.7041,224.084
BTN,Bhutan,1961,6.6978,230.602
BTN,Bhutan,1962,6.6918,237.636
BTN,Bhutan,1963,6.6871,245.156
BTN,Bhutan,1964,6.6817,252.987
BTN,Bhutan,1965,6.6793,261.2
BTN,Bhutan,1966,6.6741,269.82
BTN,Bhutan,1967,6.6688,278.852
BTN,Bhutan,1968,6.6637,288.311
BTN,Bhutan,1969,6.6584,298.214
BTN,Bhutan,1970,6.6501,308.528
BTN,Bhutan,1971,6.6431,319.211
BTN,Bhutan,1972,6.6394,330.264
BTN,Bhutan,1973,6.6332,341.705
BTN,Bhutan,1974,6.6181,353.538
BTN,Bhutan,1975,6.6198,365.79
BTN,Bhutan,1976,6.6162,378.49
BTN,Bhutan,1977,6.605,391.64
BTN,Bhutan,1978,6.5843,405.243
BTN,Bhutan,1979,6.5529,419.2
BTN,Bhutan,1980,6.511,433.404
BTN,Bhutan,1981,6.4601,447.836
BTN,Bhutan,1982,6.4017,462.485
BTN,Bhutan,1983,6.336,477.46
BTN,Bhutan,1984,6.2618,492.784
BTN,Bhutan,1985,6.176,508.392
BTN,Bhutan,1986,6.1027,524.324
BTN,Bhutan,1987,5.9992,540.556
BTN,Bhutan,1988,5.8805,556.986
BTN,Bhutan,1989,5.7571,573.586
BTN,Bhutan,1990,5.6041,589.287
BTN,Bhutan,1991,5.4514,599.784
BTN,Bhutan,1992,5.2674,577.774
BTN,Bhutan,1993,5.0718,554.672
BTN,Bhutan,1994,4.8659,554.497
BTN,Bhutan,1995,4.6243,547.989
BTN,Bhutan,1996,4.3686,548.784
BTN,Bhutan,1997,4.0884,558.696
BTN,Bhutan,1998,3.853,569.435
BTN,Bhutan,1999,3.6066,582.579
BTN,Bhutan,2000,3.3776,596.863
BTN,Bhutan,2001,3.1884,610.794
BTN,Bhutan,2002,3.0119,624.408
BTN,Bhutan,2003,2.8652,637.664
BTN,Bhutan,2004,2.7809,650.544
BTN,Bhutan,2005,2.7258,661.866
BTN,Bhutan,2006,2.6604,670.8
BTN,Bhutan,2007,2.5888,678.641
BTN,Bhutan,2008,2.4812,686.352
BTN,Bhutan,2009,2.3636,693.988
BTN,Bhutan,2010,2.2525,701.632
BTN,Bhutan,2011,2.1552,709.377
BTN,Bhutan,2012,2.0683,717.28
BTN,Bhutan,2013,1.9997,725.273
BTN,Bhutan,2014,1.9231,733.14
BTN,Bhutan,2015,1.835,740.618
BTN,Bhutan,2016,1.7384,747.866
BTN,Bhutan,2017,1.6214,754.335
BTN,Bhutan,2018,1.5173,759.759
BTN,Bhutan,2019,1.4484,764.824
BTN,Bhutan,2020,1.5022,770.006
BTN,Bhutan,2021,1.488,775.442
BTN,Bhutan,2022,1.4776,780.914
BTN,Bhutan,2023,1.4625,786.385
BWA,Botswana,1950,6.4287,413.698
BWA,Botswana,1951,6.4356,423.556
BWA,Botswana,1952,6.4388,433.711
BWA,Botswana,1953,6.4734,443.973
BWA,Botswana,1954,6.5074,454.043
BWA,Botswana,1955,6.5463,463.926
BWA,Botswana,1956,6.585,473.782
BWA,Botswana,1957,6.6204,483.788
BWA,Botswana,1958,6.6242,494.106
BWA,Botswana,1959,6.6206,504.878
BWA,Botswana,1960,6.5954,516.165
BWA,Botswana,1961,6.5637,527.942
BWA,Botswana,1962,6.5356,540.186
BWA,Botswana,1963,6.578,552.966
BWA,Botswana,1964,6.6133,566.266
BWA,Botswana,1965,6.6037,574.664
BWA,Botswana,1966,6.6064,577.866
BWA,Botswana,1967,6.5976,580.932
BWA,Botswana,1968,6.5819,583.966
BWA,Botswana,1969,6.5594,587.066
BWA,Botswana,1970,6.5504,590.334
BWA,Botswana,1971,6.5437,600.481
BWA,Botswana,1972,6.5625,622.407
BWA,Botswana,1973,6.5871,652.408
BWA,Botswana,1974,6.6144,685.448
BWA,Botswana,1975,6.6129,720.38
BWA,Botswana,1976,6.5994,758.508
BWA,Botswana,1977,6.5427,799.574
BWA,Botswana,1978,6.4793,849.239
BWA,Botswana,1979,6.3947,901.742
BWA,Botswana,1980,6.2917,937.485
BWA,Botswana,1981,6.1627,969.996
BWA,Botswana,1982,5.9697,1009.268
BWA,Botswana,1983,5.7849,1046.137
BWA,Botswana,1984,5.6249,1083.66
BWA,Botswana,1985,5.4824,1121.945
BWA,Botswana,1986,5.3317,1160.65
BWA,Botswana,1987,5.1037,1199.167
BWA,Botswana,1988,4.8778,1235.476
BWA,Botswana,1989,4.6657,1270.274
BWA,Botswana,1990,4.5095,1305.696
BWA,Botswana,1991,4.3652,1341.756
BWA,Botswana,1992,4.2546,1380.033
BWA,Botswana,1993,4.1523,1420.115
BWA,Botswana,1994,4.0212,1460.023
BWA,Botswana,1995,3.7921,1498.836
BWA,Botswana,1996,3.5732,1535.914
BWA,Botswana,1997,3.4305,1571.691
BWA,Botswana,1998,3.3618,1606.9
BWA,Botswana,1999,3.3129,1641.997
BWA,Botswana,2000,3.2943,1677.382
BWA,Botswana,2001,3.2479,1712.254
BWA,Botswana,2002,3.1749,1744.763
BWA,Botswana,2003,3.106,1775.736
BWA,Botswana,2004,3.0633,1807.146
BWA,Botswana,2005,3.082,1839.877
BWA,Botswana,2006,3.1138,1874.516
BWA,Botswana,2007,3.127,1911.201
BWA,Botswana,2008,3.1309,1949.97
BWA,Botswana,2009,3.1327,1990.673
BWA,Botswana,2010,3.1347,2033.11
BWA,Botswana,2011,3.1032,2073.535
BWA,Botswana,2012,3.0703,2108.616
BWA,Botswana,2013,3.0449,2140.682
BWA,Botswana,2014,3.0267,2172.044
BWA,Botswana,2015,3.0084,2203.273
BWA,Botswana,2016,2.9902,2234.776
BWA,Botswana,2017,2.9692,2266.747
BWA,Botswana,2018,2.9411,2299.141
BWA,Botswana,2019,2.9064,2332.083
BWA,Botswana,2020,2.8614,2365.894
BWA,Botswana,2021,2.8267,2401.441
BWA,Botswana,2022,2.7848,2439.892
BWA,Botswana,2023,2.7316,2480.244
CAF,Central African Republic,1950,5.93,1438.057
CAF,Central African Republic,1951,5.9285,1461.251
CAF,Central African Republic,1952,5.9275,1484.824
CAF,Central African Republic,1953,5.9191,1508.948
CAF,Central African Republic,1954,5.9198,1533.757
CAF,Central African Republic,1955,5.9153,1559.363
CAF,Central African Republic,1956,5.9264,1585.846
CAF,Central African Republic,1957,5.9273,1613.277
CAF,Central African Republic,1958,5.9293,1641.67
CAF,Central African Republic,1959,5.9395,1671.331
CAF,Central African Republic,1960,5.9478,1702.346
CAF,Central African Republic,1961,5.9581,1734.58
CAF,Central African Republic,1962,5.9696,1768.115
CAF,Central African Republic,1963,5.9851,1803.063
CAF,Central African Republic,1964,6.0053,1839.583
CAF,Central African Republic,1965,6.028,1877.854
CAF,Central African Republic,1966,6.0567,1918.082
CAF,Central African Republic,1967,6.0757,1960.444
CAF,Central African Republic,1968,6.1007,2005.1
CAF,Central African Republic,1969,6.0631,2051.516
CAF,Central African Republic,1970,6.0273,2097.505
CAF,Central African Republic,1971,5.9927,2141.45
CAF,Central African Republic,1972,5.9591,2183.769
CAF,Central African Republic,1973,5.9254,2226.008
CAF,Central African Republic,1974,5.899,2269.338
CAF,Central African Republic,1975,5.8771,2313.916
CAF,Central African Republic,1976,5.9355,2348.566
CAF,Central African Republic,1977,5.9861,2372.93
CAF,Central African Republic,1978,6.0393,2397.961
CAF,Central African Republic,1979,6.0901,2423.794
CAF,Central African Republic,1980,6.1302,2450.535
CAF,Central African Republic,1981,6.1673,2478.402
CAF,Central African Republic,1982,6.1602,2507.375
CAF,Central African Republic,1983,6.1509,2537.4
CAF,Central African Republic,1984,6.1377,2568.61
CAF,Central African Republic,1985,6.1191,2600.932
CAF,Central African Republic,1986,6.1063,2634.258
CAF,Central African Republic,1987,6.1201,2669.155
CAF,Central African Republic,1988,6.0976,2713.965
CAF,Central African Republic,1989,6.0734,2783.97
CAF,Central African Republic,1990,6.0494,2871.91
CAF,Central African Republic,1991,6.0302,2963.192
CAF,Central African Republic,1992,5.9639,3058.83
CAF,Central African Republic,1993,5.9262,3157.839
CAF,Central African Republic,1994,5.9192,3257.954
CAF,Central African Republic,1995,5.9427,3348.052
CAF,Central African Republic,1996,5.9633,3435.965
CAF,Central African Republic,1997,5.9236,3531.7
CAF,Central African Republic,1998,5.8887,3628.826
CAF,Central African Republic,1999,5.8746,3729.45
CAF,Central African Republic,2000,5.8509,3833.416
CAF,Central African Republic,2001,5.8074,3919.487
CAF,Central African Republic,2002,5.7854,4006.077
CAF,Central African Republic,2003,5.7986,4103.086
CAF,Central African Republic,2004,5.7838,4192.826
CAF,Central African Republic,2005,5.812,4288.81
CAF,Central African Republic,2006,5.8405,4377.579
CAF,Central African Republic,2007,5.8668,4462.77
CAF,Central African Republic,2008,5.9024,4558.984
CAF,Central African Republic,2009,5.9363,4529.047
CAF,Central African Republic,2010,5.9631,4492.996
CAF,Central African Republic,2011,6.0086,4565.022
CAF,Central African Republic,2012,6.0465,4610.848
CAF,Central African Republic,2013,6.0747,4642.419
CAF,Central African Republic,2014,6.099,4623.182
CAF,Central African Republic,2015,6.1262,4629.32
CAF,Central African Republic,2016,6.1265,4713.664
CAF,Central African Republic,2017,6.1272,4793.51
CAF,Central African Republic,2018,6.1076,4878.657
CAF,Central African Republic,2019,6.0897,4944.703
CAF,Central African Republic,2020,6.0587,5026.628
CAF,Central African Republic,2021,6.0522,5112.1
CAF,Central African Republic,2022,6.0229,5098.04
CAF,Central African Republic,2023,6.0117,5152.42
CAN,Canada,1950,3.3736,13741.747
CAN,Canada,1951,3.4213,14083.298
CAN,Canada,1952,3.5594,14482.799
CAN,Canada,1953,3.6369,14897.875
CAN,Canada,1954,3.743,15318.987
CAN,Canada,1955,3.7463,15728.274
CAN,Canada,1956,3.7708,16159.622
CAN,Canada,1957,3.8482,16641.33
CAN,Canada,1958,3.814,17104.086
CAN,Canada,1959,3.8553,17515.52
CAN,Canada,1960,3.8203,17898.79
CAN,Canada,1961,3.7611,18263.074
CAN,Canada,1962,3.6781,18613.601
CAN,Canada,1963,3.5884,18964.262
CAN,Canada,1964,3.4235,19321.666
CAN,Canada,1965,3.0747,19685.518
CAN,Canada,1966,2.7517,20053.671
CAN,Canada,1967,2.5412,20408.78
CAN,Canada,1968,2.4077,20734.172
CAN,Canada,1969,2.3561,21037.618
CAN,Canada,1970,2.2665,21440.022
CAN,Canada,1971,2.1012,21895.691
CAN,Canada,1972,1.9375,22230.88
CAN,Canada,1973,1.849,22512.227
CAN,Canada,1974,1.806,22824.082
CAN,Canada,1975,1.7993,23148.986
CAN,Canada,1976,1.7544,23455.781
CAN,Canada,1977,1.7251,23730.34
CAN,Canada,1978,1.68,23978.738
CAN,Canada,1979,1.6734,24237.173
CAN,Canada,1980,1.6576,24533.776
CAN,Canada,1981,1.6316,24844.974
CAN,Canada,1982,1.6188,25140.164
CAN,Canada,1983,1.6073,25412.608
CAN,Canada,1984,1.6093,25670.375
CAN,Canada,1985,1.5945,25927.465
CAN,Canada,1986,1.5765,26211.031
CAN,Canada,1987,1.5628,26540.921
CAN,Canada,1988,1.5868,26927.945
CAN,Canada,1989,1.6432,27366.05
CAN,Canada,1990,1.6963,27789.443
CAN,Canada,1991,1.7226,28157.158
CAN,Canada,1992,1.7186,28500.059
CAN,Canada,1993,1.6929,28830.637
CAN,Canada,1994,1.693,29147.381
CAN,Canada,1995,1.674,29459.131
CAN,Canada,1996,1.6305,29767.206
CAN,Canada,1997,1.5686,30059.089
CAN,Canada,1998,1.5525,30329.969
CAN,Canada,1999,1.5406,30599.456
CAN,Canada,2000,1.5105,30891.803
CAN,Canada,2001,1.5307,31213.577
CAN,Canada,2002,1.5134,31535.577
CAN,Canada,2003,1.5355,31836.482
CAN,Canada,2004,1.5446,32132.678
CAN,Canada,2005,1.5656,32440.173
CAN,Canada,2006,1.6116,32759.171
CAN,Canada,2007,1.6565,33092.171
CAN,Canada,2008,1.684,33449.085
CAN,Canada,2009,1.6752,33826.37
CAN,Canada,2010,1.6417,34196.899
CAN,Canada,2011,1.6267,34555.452
CAN,Canada,2012,1.6274,34922.516
CAN,Canada,2013,1.6116,35293.433
CAN,Canada,2014,1.6137,35634.264
CAN,Canada,2015,1.601,35962.234
CAN,Canada,2016,1.5896,36353.343
CAN,Canada,2017,1.5482,36808.496
CAN,Canada,2018,1.5096,37295.005
CAN,Canada,2019,1.4755,37782.935
CAN,Canada,2020,1.4133,38171.902
CAN,Canada,2021,1.4304,38454.057
CAN,Canada,2022,1.3658,38821.259
CAN,Canada,2023,1.3494,39299.104
CHE,Switzerland,1950,2.3993,4692.642
CHE,Switzerland,1951,2.3086,4748.085
CHE,Switzerland,1952,2.324,4811.612
CHE,Switzerland,1953,2.2921,4875.652
CHE,Switzerland,1954,2.2868,4938.748
CHE,Switzerland,1955,2.3089,5002.112
CHE,Switzerland,1956,2.3578,5065.62
CHE,Switzerland,1957,2.4114,5130.162
CHE,Switzerland,1958,2.4056,5196.442
CHE,Switzerland,1959,2.4235,5262.8
CHE,Switzerland,1960,2.4407,5327.78
CHE,Switzerland,1961,2.5172,5434.123
CHE,Switzerland,1962,2.5801,5573.696
CHE,Switzerland,1963,2.6459,5694.165
CHE,Switzerland,1964,2.6532,5789.149
CHE,Switzerland,1965,2.5869,5856.42
CHE,Switzerland,1966,2.5001,5917.962
CHE,Switzerland,1967,2.3935,5991.733
CHE,Switzerland,1968,2.2887,6067.657
CHE,Switzerland,1969,2.1915,6136.352
CHE,Switzerland,1970,2.103,6180.922
CHE,Switzerland,1971,2.035,6213.53
CHE,Switzerland,1972,1.913,6261.08
CHE,Switzerland,1973,1.8096,6307.402
CHE,Switzerland,1974,1.7291,6341.376
CHE,Switzerland,1975,1.6137,6338.6
CHE,Switzerland,1976,1.5462,6302.554
CHE,Switzerland,1977,1.5277,6281.359
CHE,Switzerland,1978,1.5062,6282.038
CHE,Switzerland,1979,1.5193,6294.714
CHE,Switzerland,1980,1.5469,6319.846
CHE,Switzerland,1981,1.5428,6354.556
CHE,Switzerland,1982,1.5486,6391.804
CHE,Switzerland,1983,1.5175,6419.311
CHE,Switzerland,1984,1.5234,6442.422
CHE,Switzerland,1985,1.513,6470.956
CHE,Switzerland,1986,1.5259,6504.75
CHE,Switzerland,1987,1.5163,6545.772
CHE,Switzerland,1988,1.5623,6594.143
CHE,Switzerland,1989,1.5632,6647.788
CHE,Switzerland,1990,1.5775,6713.173
CHE,Switzerland,1991,1.5823,6796.942
CHE,Switzerland,1992,1.5718,6875.05
CHE,Switzerland,1993,1.5096,6938.106
CHE,Switzerland,1994,1.4875,6993.587
CHE,Switzerland,1995,1.4784,7040.478
CHE,Switzerland,1996,1.4974,7071.884
CHE,Switzerland,1997,1.4769,7089.163
CHE,Switzerland,1998,1.4692,7110.291
CHE,Switzerland,1999,1.4804,7144.121
CHE,Switzerland,2000,1.4859,7184.007
CHE,Switzerland,2001,1.3883,7226.391
CHE,Switzerland,2002,1.383,7278.752
CHE,Switzerland,2003,1.3824,7333.447
CHE,Switzerland,2004,1.4089,7384.194
CHE,Switzerland,2005,1.4163,7431.823
CHE,Switzerland,2006,1.4321,7478.509
CHE,Switzerland,2007,1.4522,7545.381
CHE,Switzerland,2008,1.4783,7641.728
CHE,Switzerland,2009,1.4923,7737.645
CHE,Switzerland,2010,1.5166,7825.754
CHE,Switzerland,2011,1.5132,7914.372
CHE,Switzerland,2012,1.5196,7998.926
CHE,Switzerland,2013,1.5144,8091.202
CHE,Switzerland,2014,1.5336,8190.236
CHE,Switzerland,2015,1.5366,8283.934
CHE,Switzerland,2016,1.5397,8374.901
CHE,Switzerland,2017,1.5188,8453.628
CHE,Switzerland,2018,1.513,8516.344
CHE,Switzerland,2019,1.4778,8577.524
CHE,Switzerland,2020,1.4657,8640.582
CHE,Switzerland,2021,1.526,8707.024
CHE,Switzerland,2022,1.3948,8792.182
CHE,Switzerland,2023,1.4331,8870.561
CHL,Chile,1950,4.8361,6628.576
CHL,Chile,1951,4.8028,6756.666
CHL,Chile,1952,4.7798,6891.99
CHL,Chile,1953,4.7862,7033.528
CHL,Chile,1954,4.7696,7180.569
CHL,Chile,1955,4.7774,7332.301
CHL,Chile,1956,4.7946,7489.533
CHL,Chile,1957,4.7741,7651.304
CHL,Chile,1958,4.7534,7815.986
CHL,Chile,1959,4.7284,7983.428
CHL,Chile,1960,4.6965,8153.35
CHL,Chile,1961,4.6553,8324.802
CHL,Chile,1962,4.6024,8497.06
CHL,Chile,1963,4.5363,8670.144
CHL,Chile,1964,4.4567,8842.526
CHL,Chile,1965,4.3637,9012.938
CHL,Chile,1966,4.2586,9181.722
CHL,Chile,1967,4.1445,9348.939
CHL,Chile,1968,4.0247,9514.716
CHL,Chile,1969,3.9018,9680.282
CHL,Chile,1970,3.7777,9845.344
CHL,Chile,1971,3.6536,10009.701
CHL,Chile,1972,3.5304,10174.678
CHL,Chile,1973,3.4095,10340.362
CHL,Chile,1974,3.2927,10505.817
CHL,Chile,1975,3.1818,10671.56
CHL,Chile,1976,3.0777,10838.251
CHL,Chile,1977,2.9808,11005.519
CHL,Chile,1978,2.8919,11172.696
CHL,Chile,1979,2.8122,11339.778
CHL,Chile,1980,2.744,11508.55
CHL,Chile,1981,2.6893,11678.716
CHL,Chile,1982,2.648,11850.214
CHL,Chile,1983,2.6191,12026.138
CHL,Chile,1984,2.6009,12207.732
CHL,Chile,1985,2.5917,12395.274
CHL,Chile,1986,2.5893,12588.914
CHL,Chile,1987,2.5904,12790.15
CHL,Chile,1988,2.5913,12999.424
CHL,Chile,1989,2.5887,13215.005
CHL,Chile,1990,2.5787,13437.176
CHL,Chile,1991,2.558,13662.491
CHL,Chile,1992,2.4784,13884.578
CHL,Chile,1993,2.4303,14102.276
CHL,Chile,1994,2.3768,14316.256
CHL,Chile,1995,2.3531,14527.382
CHL,Chile,1996,2.2844,14734.046
CHL,Chile,1997,2.2024,14932.434
CHL,Chile,1998,2.1487,15127.799
CHL,Chile,1999,2.0738,15319.312
CHL,Chile,2000,2.0456,15503.635
CHL,Chile,2001,2.007,15683.849
CHL,Chile,2002,1.9341,15857.926
CHL,Chile,2003,1.885,16024.752
CHL,Chile,2004,1.8439,16187.322
CHL,Chile,2005,1.8248,16348.778
CHL,Chile,2006,1.7976,16509.195
CHL,Chile,2007,1.826,16671.58
CHL,Chile,2008,1.8495,16838.988
CHL,Chile,2009,1.8554,17009.731
CHL,Chile,2010,1.8441,17181.464
CHL,Chile,2011,1.8226,17351.816
CHL,Chile,2012,1.798,17519.119
CHL,Chile,2013,1.7859,17687.006
CHL,Chile,2014,1.7745,17864.195
CHL,Chile,2015,1.7373,18047.625
CHL,Chile,2016,1.6855,18267.221
CHL,Chile,2017,1.5625,18558.868
CHL,Chile,2018,1.5432,18893.191
CHL,Chile,2019,1.43,19197.744
CHL,Chile,2020,1.307,19370.624
CHL,Chile,2021,1.1759,19456.334
CHL,Chile,2022,1.2552,19553.036
CHL,Chile,2023,1.1671,19658.835
CHN,China,1950,5.813,544044.358
CHN,China,1951,5.699,553758.247
CHN,China,1952,6.472,565131.438
CHN,China,1953,6.042,577557.138
CHN,China,1954,6.278,590113.858
CHN,China,1955,6.263,603547.007
CHN,China,1956,5.854,616558.582
CHN,China,1957,6.425,630356.208
CHN,China,1958,5.698,644219.479
CHN,China,1959,4.718,652708.217
CHN,China,1960,4.451,654802.069
CHN,China,1961,3.863,655773.486
CHN,China,1962,6.085,665073.691
CHN,China,1963,7.513,684552.646
CHN,China,1964,6.672,704798.265
CHN,China,1965,6.605,723415.733
CHN,China,1966,6.307,742402.213
CHN,China,1967,5.806,761026.026
CHN,China,1968,6.508,781011.025
CHN,China,1969,6.175,802140.332
CHN,China,1970,6.085,823308.967
CHN,China,1971,5.523,844069.867
CHN,China,1972,5.112,863677.814
CHN,China,1973,4.726,882576.946
CHN,China,1974,4.17,900307.582
CHN,China,1975,3.571,916116.793
CHN,China,1976,3.235,930372.292
CHN,China,1977,2.844,943546.375
CHN,China,1978,2.716,956161.484
CHN,China,1979,2.745,969288.07
CHN,China,1980,2.739,983163.542
CHN,China,1981,2.792,997721.071
CHN,China,1982,2.972,1013588.179
CHN,China,1983,2.559,1029064.956
CHN,China,1984,2.607,1043849.638
CHN,China,1985,2.633,1059807.82
CHN,China,1986,2.7209,1077233.607
CHN,China,1987,2.7597,1096217.446
CHN,China,1988,2.5395,1115244.165
CHN,China,1989,2.5204,1133991.008
CHN,China,1990,2.514,1153582.724
CHN,China,1991,1.934,1170788.528
CHN,China,1992,1.776,1184574.237
CHN,China,1993,1.6909,1197308.575
CHN,China,1994,1.6285,1209003.096
CHN,China,1995,1.5885,1220133.928
CHN,China,1996,1.5542,1230944.812
CHN,China,1997,1.527,1241139.622
CHN,China,1998,1.5224,1250847.126
CHN,China,1999,1.5302,1260176.655
CHN,China,2000,1.6281,1269581.175
CHN,China,2001,1.5629,1278725.062
CHN,China,2002,1.5658,1286866.839
CHN,China,2003,1.5697,1294517.326
CHN,China,2004,1.605,1302100.316
CHN,China,2005,1.6238,1310027.136
CHN,China,2006,1.6441,1318054.036
CHN,China,2007,1.666,1325813.582
CHN,China,2008,1.7005,1333821.016
CHN,China,2009,1.7142,1342522.716
CHN,China,2010,1.6865,1351561.514
CHN,China,2011,1.6683,1360250.664
CHN,China,2012,1.7984,1369520.864
CHN,China,2013,1.714,1379008.04
CHN,China,2014,1.7694,1387951.972
CHN,China,2015,1.6696,1396134.174
CHN,China,2016,1.7719,1404052.632
CHN,China,2017,1.7953,1412354.727
CHN,China,2018,1.5387,1419008.956
CHN,China,2019,1.4961,1423520.357
CHN,China,2020,1.2357,1426106.093
CHN,China,2021,1.1174,1426437.267
CHN,China,2022,1.0344,1425179.569
CHN,China,2023,0.9995,1422584.933
CIV,Côte d'Ivoire,1950,7.6096,2735.18
CIV,Côte d'Ivoire,1951,7.6092,2809.367
CIV,Côte d'Ivoire,1952,7.6062,2885.712
CIV,Côte d'Ivoire,1953,7.6044,2965.132
CIV,Côte d'Ivoire,1954,7.6023,3048.537
CIV,Côte d'Ivoire,1955,7.5975,3136.628
CIV,Côte d'Ivoire,1956,7.5969,3230.01
CIV,Côte d'Ivoire,1957,7.5977,3329.278
CIV,Côte d'Ivoire,1958,7.6098,3435.08
CIV,Côte d'Ivoire,1959,7.6061,3548.942
CIV,Côte d'Ivoire,1960,7.6911,3673.666
CIV,Côte d'Ivoire,1961,7.7203,3810.152
CIV,Côte d'Ivoire,1962,7.7501,3956.939
CIV,Côte d'Ivoire,1963,7.7806,4112.061
CIV,Côte d'Ivoire,1964,7.811,4273.952
CIV,Côte d'Ivoire,1965,7.8406,4442.377
CIV,Côte d'Ivoire,1966,7.8682,4617.519
CIV,Côte d'Ivoire,1967,7.8925,4799.744
CIV,Côte d'Ivoire,1968,7.9124,4990.022
CIV,Côte d'Ivoire,1969,7.9268,5192.221
CIV,Côte d'Ivoire,1970,7.936,5411.567
CIV,Côte d'Ivoire,1971,7.941,5650.868
CIV,Côte d'Ivoire,1972,7.942,5909.716
CIV,Côte d'Ivoire,1973,7.9386,6184.944
CIV,Côte d'Ivoire,1974,7.9289,6474.058
CIV,Côte d'Ivoire,1975,7.9096,6776.297
CIV,Côte d'Ivoire,1976,7.8765,7057.958
CIV,Côte d'Ivoire,1977,7.8276,7321.95
CIV,Côte d'Ivoire,1978,7.6692,7603.13
CIV,Côte d'Ivoire,1979,7.6254,7902.268
CIV,Côte d'Ivoire,1980,7.5858,8220.714
CIV,Côte d'Ivoire,1981,7.5394,8556.596
CIV,Côte d'Ivoire,1982,7.4882,8907.936
CIV,Côte d'Ivoire,1983,7.4165,9272.744
CIV,Côte d'Ivoire,1984,7.3521,9650.516
CIV,Côte d'Ivoire,1985,7.2726,10040.482
CIV,Côte d'Ivoire,1986,7.1873,10440.917
CIV,Côte d'Ivoire,1987,7.0903,10851.474
CIV,Côte d'Ivoire,1988,6.9687,11275.188
CIV,Côte d'Ivoire,1989,6.8504,11719.77
CIV,Côte d'Ivoire,1990,6.7186,12189.778
CIV,Côte d'Ivoire,1991,6.5847,12683.87
CIV,Côte d'Ivoire,1992,6.426,13200.31
CIV,Côte d'Ivoire,1993,6.2702,13735.951
CIV,Côte d'Ivoire,1994,6.1283,14287.202
CIV,Côte d'Ivoire,1995,6.0378,14855.564
CIV,Côte d'Ivoire,1996,5.954,15442.312
CIV,Côte d'Ivoire,1997,5.9022,16047.17
CIV,Côte d'Ivoire,1998,5.8544,16663.948
CIV,Côte d'Ivoire,1999,5.8049,17215.935
CIV,Côte d'Ivoire,2000,5.7735,17699.004
CIV,Côte d'Ivoire,2001,5.7043,18178.913
CIV,Côte d'Ivoire,2002,5.6408,18654.771
CIV,Côte d'Ivoire,2003,5.5724,19125.542
CIV,Côte d'Ivoire,2004,5.527,19595
CIV,Côte d'Ivoire,2005,5.4989,20068.458
CIV,Côte d'Ivoire,2006,5.448,20546.802
CIV,Côte d'Ivoire,2007,5.4031,21030.558
CIV,Côte d'Ivoire,2008,5.3568,21514.439
CIV,Côte d'Ivoire,2009,5.3317,21997.94
CIV,Côte d'Ivoire,2010,5.2921,22488.065
CIV,Côte d'Ivoire,2011,5.2438,22982
CIV,Côte d'Ivoire,2012,5.19,23467.078
CIV,Côte d'Ivoire,2013,5.1353,23939.775
CIV,Côte d'Ivoire,2014,5.0707,24527.395
CIV,Côte d'Ivoire,2015,4.9697,25246.342
CIV,Côte d'Ivoire,2016,4.8729,25989.405
CIV,Côte d'Ivoire,2017,4.7573,26733.372
CIV,Côte d'Ivoire,2018,4.5956,27464.173
CIV,Côte d'Ivoire,2019,4.5228,28193.009
CIV,Côte d'Ivoire,2020,4.4614,28915.449
CIV,Côte d'Ivoire,2021,4.4107,29639.736
CIV,Côte d'Ivoire,2022,4.3485,30395.002
CIV,Côte d'Ivoire,2023,4.2828,31165.654
CMR,Cameroon,1950,5.7314,4330.084
CMR,Cameroon,1951,5.7253,4395.353
CMR,Cameroon,1952,5.736,4464.716
CMR,Cameroon,1953,5.7356,4538.446
CMR,Cameroon,1954,5.7354,4616.886
CMR,Cameroon,1955,5.7371,4700.258
CMR,Cameroon,1956,5.7298,4788.336
CMR,Cameroon,1957,5.7225,4878.933
CMR,Cameroon,1958,5.7293,4972.218
CMR,Cameroon,1959,5.7295,5070.071
CMR,Cameroon,1960,5.7248,5159.058
CMR,Cameroon,1961,5.7324,5239.272
CMR,Cameroon,1962,5.7288,5338.62
CMR,Cameroon,1963,5.7311,5456.623
CMR,Cameroon,1964,5.7386,5578.257
CMR,Cameroon,1965,5.7962,5704.686
CMR,Cameroon,1966,5.8545,5837.295
CMR,Cameroon,1967,5.9508,5977.318
CMR,Cameroon,1968,6.0435,6125.863
CMR,Cameroon,1969,6.1442,6283.462
CMR,Cameroon,1970,6.1975,6449.793
CMR,Cameroon,1971,6.2589,6624.408
CMR,Cameroon,1972,6.2932,6806.872
CMR,Cameroon,1973,6.3261,6996.66
CMR,Cameroon,1974,6.3606,7193.584
CMR,Cameroon,1975,6.4013,7397.12
CMR,Cameroon,1976,6.4471,7597.962
CMR,Cameroon,1977,6.5075,7796.501
CMR,Cameroon,1978,6.5446,8011.921
CMR,Cameroon,1979,6.5807,8239.642
CMR,Cameroon,1980,6.6131,8512.219
CMR,Cameroon,1981,6.61,8816.376
CMR,Cameroon,1982,6.5942,9028.678
CMR,Cameroon,1983,6.5752,9215.397
CMR,Cameroon,1984,6.5634,9475.078
CMR,Cameroon,1985,6.5639,9761.73
CMR,Cameroon,1986,6.5717,10060.342
CMR,Cameroon,1987,6.5383,10370.75
CMR,Cameroon,1988,6.4809,10684.968
CMR,Cameroon,1989,6.4139,11002.745
CMR,Cameroon,1990,6.3624,11331.821
CMR,Cameroon,1991,6.324,11667.18
CMR,Cameroon,1992,6.2561,12006.354
CMR,Cameroon,1993,6.1547,12353.131
CMR,Cameroon,1994,6.0432,12704.903
CMR,Cameroon,1995,5.9187,13058.516
CMR,Cameroon,1996,5.7949,13414.758
CMR,Cameroon,1997,5.7065,13775.214
CMR,Cameroon,1998,5.6562,14144.86
CMR,Cameroon,1999,5.6035,14525.14
CMR,Cameroon,2000,5.5141,14912.631
CMR,Cameroon,2001,5.4408,15309.49
CMR,Cameroon,2002,5.4347,15725.528
CMR,Cameroon,2003,5.4315,16160.34
CMR,Cameroon,2004,5.4362,16610.487
CMR,Cameroon,2005,5.4209,17074.594
CMR,Cameroon,2006,5.369,17550.407
CMR,Cameroon,2007,5.3433,18049.896
CMR,Cameroon,2008,5.2937,18574.056
CMR,Cameroon,2009,5.236,19113.974
CMR,Cameroon,2010,5.1543,19668.066
CMR,Cameroon,2011,5.0518,20232.304
CMR,Cameroon,2012,4.9816,20809.529
CMR,Cameroon,2013,4.905,21402.376
CMR,Cameroon,2014,4.8437,22059.893
CMR,Cameroon,2015,4.8409,22763.414
CMR,Cameroon,2016,4.8415,23454.161
CMR,Cameroon,2017,4.8044,24128.601
CMR,Cameroon,2018,4.7397,24806.383
CMR,Cameroon,2019,4.6515,25506.095
CMR,Cameroon,2020,4.5566,26210.558
CMR,Cameroon,2021,4.468,26915.758
CMR,Cameroon,2022,4.397,27632.771
CMR,Cameroon,2023,4.322,28372.687
COD,Democratic Republic of the Congo,1950,5.9658,12294.287
COD,Democratic Republic of the Congo,1951,5.9714,12542.644
COD,Democratic Republic of the Congo,1952,5.9662,12803.64
COD,Democratic Republic of the Congo,1953,5.9825,13069.45
COD,Democratic Republic of the Congo,1954,5.9837,13343.031
COD,Democratic Republic of the Congo,1955,5.9819,13630.351
COD,Democratic Republic of the Congo,1956,5.9857,13929.951
COD,Democratic Republic of the Congo,1957,6.0091,14242.278
COD,Democratic Republic of the Congo,1958,6.0357,14557.796
COD,Democratic Republic of the Congo,1959,6.0652,14891.582
COD,Democratic Republic of the Congo,1960,6.1053,15264.846
COD,Democratic Republic of the Congo,1961,6.124,15662.374
COD,Democratic Republic of the Congo,1962,6.1408,16075.724
COD,Democratic Republic of the Congo,1963,6.1584,16507.598
COD,Democratic Republic of the Congo,1964,6.188,16955.327
COD,Democratic Republic of the Congo,1965,6.2103,17427.802
COD,Democratic Republic of the Congo,1966,6.2417,17931.929
COD,Democratic Republic of the Congo,1967,6.2668,18462.782
COD,Democratic Republic of the Congo,1968,6.286,19012.189
COD,Democratic Republic of the Congo,1969,6.3037,19570.445
COD,Democratic Republic of the Congo,1970,6.3291,20137.436
COD,Democratic Republic of the Congo,1971,6.3444,20695.569
COD,Democratic Republic of the Congo,1972,6.3687,21251.16
COD,Democratic Republic of the Congo,1973,6.3849,21827.665
COD,Democratic Republic of the Congo,1974,6.4039,22418.878
COD,Democratic Republic of the Congo,1975,6.4192,23021.101
COD,Democratic Republic of the Congo,1976,6.4371,23624.031
COD,Democratic Republic of the Congo,1977,6.4501,24229.061
COD,Democratic Republic of the Congo,1978,6.463,24992.689
COD,Democratic Republic of the Congo,1979,6.4787,25886.782
COD,Democratic Republic of the Congo,1980,6.4948,26711.098
COD,Democratic Republic of the Congo,1981,6.5193,27500.515
COD,Democratic Republic of the Congo,1982,6.5396,28338.19
COD,Democratic Republic of the Congo,1983,6.5636,29250.963
COD,Democratic Republic of the Congo,1984,6.5858,30245.081
COD,Democratic Republic of the Congo,1985,6.6116,31264.816
COD,Democratic Republic of the Congo,1986,6.6341,32265.196
COD,Democratic Republic of the Congo,1987,6.6514,33298.904
COD,Democratic Republic of the Congo,1988,6.6559,34382.752
COD,Democratic Republic of the Congo,1989,6.6502,35486.866
COD,Democratic Republic of the Congo,1990,6.6494,36684.063
COD,Democratic Republic of the Congo,1991,6.6447,37925.817
COD,Democratic Republic of the Congo,1992,6.6393,39228.91
COD,Democratic Republic of the Congo,1993,6.6413,40656.336
COD,Democratic Republic of the Congo,1994,6.6434,42626.876
COD,Democratic Republic of the Congo,1995,6.6756,44433.704
COD,Democratic Republic of the Congo,1996,6.6724,45296.124
COD,Democratic Republic of the Congo,1997,6.6904,46029.902
COD,Democratic Republic of the Congo,1998,6.7003,47297.6
COD,Democratic Republic of the Congo,1999,6.6924,48912.971
COD,Democratic Republic of the Congo,2000,6.7018,50507.442
COD,Democratic Republic of the Congo,2001,6.6631,52132.646
COD,Democratic Republic of the Congo,2002,6.6058,53750.524
COD,Democratic Republic of the Congo,2003,6.5491,55343.867
COD,Democratic Republic of the Congo,2004,6.5296,56997.741
COD,Democratic Republic of the Congo,2005,6.5264,58775.724
COD,Democratic Republic of the Congo,2006,6.547,60615.908
COD,Democratic Republic of the Congo,2007,6.5594,62477.752
COD,Democratic Republic of the Congo,2008,6.5795,64390.664
COD,Democratic Republic of the Congo,2009,6.5915,66412.044
COD,Democratic Republic of the Congo,2010,6.5868,68563.038
COD,Democratic Republic of the Congo,2011,6.5823,70849.311
COD,Democratic Republic of the Congo,2012,6.559,73254.618
COD,Democratic Republic of the Congo,2013,6.5268,75789.395
COD,Democratic Republic of the Congo,2014,6.4826,78403.242
COD,Democratic Republic of the Congo,2015,6.437,81035.531
COD,Democratic Republic of the Congo,2016,6.392,83956.415
COD,Democratic Republic of the Congo,2017,6.3485,87083.398
COD,Democratic Republic of the Congo,2018,6.3018,90047.644
COD,Democratic Republic of the Congo,2019,6.2525,92947.442
COD,Democratic Republic of the Congo,2020,6.2057,95989.998
COD,Democratic Republic of the Congo,2021,6.1564,99148.932
COD,Democratic Republic of the Congo,2022,6.1061,102396.968
COD,Democratic Republic of the Congo,2023,6.0505,105789.731
COG,Congo,1950,6.065,835.262
COG,Congo,1951,6.0665,853.635
COG,Congo,1952,6.0634,872.682
COG,Congo,1953,6.0634,892.466
COG,Congo,1954,6.0543,913.017
COG,Congo,1955,6.0646,934.432
COG,Congo,1956,6.0691,956.824
COG,Congo,1957,6.069,980.198
COG,Congo,1958,6.0874,1004.628
COG,Congo,1959,6.0907,1030.155
COG,Congo,1960,6.0848,1056.732
COG,Congo,1961,6.0925,1084.39
COG,Congo,1962,6.099,1113.175
COG,Congo,1963,6.1466,1143.263
COG,Congo,1964,6.1832,1174.816
COG,Congo,1965,6.2286,1207.88
COG,Congo,1966,6.2668,1242.534
COG,Congo,1967,6.2903,1278.691
COG,Congo,1968,6.327,1316.519
COG,Congo,1969,6.3501,1356.182
COG,Congo,1970,6.3763,1397.638
COG,Congo,1971,6.4156,1441.039
COG,Congo,1972,6.4444,1486.468
COG,Congo,1973,6.4197,1533.68
COG,Congo,1974,6.3905,1582.301
COG,Congo,1975,6.3555,1627.032
COG,Congo,1976,6.3166,1667.225
COG,Congo,1977,6.2707,1707.568
COG,Congo,1978,6.2098,1748.089
COG,Congo,1979,6.1434,1788.524
COG,Congo,1980,6.0648,1828.985
COG,Congo,1981,5.9836,1869.759
COG,Congo,1982,5.8499,1910.43
COG,Congo,1983,5.7576,1950.321
COG,Congo,1984,5.6577,1999.528
COG,Congo,1985,5.5866,2059.311
COG,Congo,1986,5.5139,2120.602
COG,Congo,1987,5.4576,2183.473
COG,Congo,1988,5.392,2247.653
COG,Congo,1989,5.3273,2313.558
COG,Congo,1990,5.2665,2380.56
COG,Congo,1991,5.2208,2449.23
COG,Congo,1992,5.1766,2519.465
COG,Congo,1993,5.1336,2595.124
COG,Congo,1994,5.1026,2673.144
COG,Congo,1995,5.0683,2749.461
COG,Congo,1996,5.033,2826.785
COG,Congo,1997,4.9971,2887.862
COG,Congo,1998,4.9087,2952.061
COG,Congo,1999,4.8046,3032.874
COG,Congo,2000,4.7242,3151.346
COG,Congo,2001,4.6699,3272.538
COG,Congo,2002,4.6967,3350.77
COG,Congo,2003,4.6955,3445.752
COG,Congo,2004,4.6904,3565.554
COG,Congo,2005,4.6689,3696.393
COG,Congo,2006,4.6506,3837.409
COG,Congo,2007,4.6486,3980.43
COG,Congo,2008,4.7263,4113.518
COG,Congo,2009,4.8085,4281.219
COG,Congo,2010,4.8507,4462.29
COG,Congo,2011,4.8262,4609.724
COG,Congo,2012,4.7851,4740.45
COG,Congo,2013,4.7306,4857.099
COG,Congo,2014,4.6654,4975.88
COG,Congo,2015,4.6073,5097.58
COG,Congo,2016,4.5459,5222.536
COG,Congo,2017,4.4956,5351.011
COG,Congo,2018,4.4417,5483.118
COG,Congo,2019,4.3798,5616.661
COG,Congo,2020,4.3295,5752.79
COG,Congo,2021,4.2802,5892.183
COG,Congo,2022,4.2151,6035.104
COG,Congo,2023,4.1567,6182.885
COK,Cook Islands,1950,6.7859,14.693
COK,Cook Islands,1951,6.7888,15.054
COK,Cook Islands,1952,6.8218,15.339
COK,Cook Islands,1953,6.8673,15.608
COK,Cook Islands,1954,6.9105,15.887
COK,Cook Islands,1955,6.9628,16.168
COK,Cook Islands,1956,7.0433,16.433
COK,Cook Islands,1957,7.1163,16.687
COK,Cook Islands,1958,7.1651,16.968
COK,Cook Islands,1959,7.2187,17.292
COK,Cook Islands,1960,7.2653,17.662
COK,Cook Islands,1961,7.272,18.038
COK,Cook Islands,1962,7.2424,18.284
COK,Cook Islands,1963,7.1877,18.422
COK,Cook Islands,1964,7.1156,18.586
COK,Cook Islands,1965,7.0387,18.779
COK,Cook Islands,1966,6.946,19.015
COK,Cook Islands,1967,6.8272,19.326
COK,Cook Islands,1968,6.6927,19.693
COK,Cook Islands,1969,6.5148,20.081
COK,Cook Islands,1970,6.2962,20.488
COK,Cook Islands,1971,6.0676,20.869
COK,Cook Islands,1972,5.7238,20.77
COK,Cook Islands,1973,5.467,20.188
COK,Cook Islands,1974,5.1987,19.558
COK,Cook Islands,1975,4.9611,18.896
COK,Cook Islands,1976,4.7703,18.248
COK,Cook Islands,1977,4.6547,17.91
COK,Cook Islands,1978,4.5548,17.849
COK,Cook Islands,1979,4.4655,17.778
COK,Cook Islands,1980,4.3506,17.696
COK,Cook Islands,1981,4.1813,17.605
COK,Cook Islands,1982,4.0527,17.471
COK,Cook Islands,1983,3.9461,17.279
COK,Cook Islands,1984,3.8735,17.062
COK,Cook Islands,1985,3.8411,16.832
COK,Cook Islands,1986,3.8327,16.602
COK,Cook Islands,1987,3.8412,16.578
COK,Cook Islands,1988,3.8511,16.753
COK,Cook Islands,1989,3.9015,16.932
COK,Cook Islands,1990,3.9711,17.12
COK,Cook Islands,1991,3.9907,17.31
COK,Cook Islands,1992,3.949,17.471
COK,Cook Islands,1993,3.8605,17.592
COK,Cook Islands,1994,3.7612,17.689
COK,Cook Islands,1995,3.6878,17.781
COK,Cook Islands,1996,3.5966,17.855
COK,Cook Islands,1997,3.4577,17.622
COK,Cook Islands,1998,3.308,17.079
COK,Cook Islands,1999,3.1863,16.483
COK,Cook Islands,2000,3.1116,15.854
COK,Cook Islands,2001,3.0588,15.235
COK,Cook Islands,2002,2.9686,14.967
COK,Cook Islands,2003,2.886,15.027
COK,Cook Islands,2004,2.8327,15.078
COK,Cook Islands,2005,2.8136,15.132
COK,Cook Islands,2006,2.8023,15.206
COK,Cook Islands,2007,2.7051,15.495
COK,Cook Islands,2008,2.5988,15.981
COK,Cook Islands,2009,2.5213,16.475
COK,Cook Islands,2010,2.4536,16.976
COK,Cook Islands,2011,2.3972,17.455
COK,Cook Islands,2012,2.3422,17.661
COK,Cook Islands,2013,2.2925,17.605
COK,Cook Islands,2014,2.2441,17.532
COK,Cook Islands,2015,2.2081,17.446
COK,Cook Islands,2016,2.1845,17.332
COK,Cook Islands,2017,2.1673,17.047
COK,Cook Islands,2018,2.1563,16.596
COK,Cook Islands,2019,2.1271,16.129
COK,Cook Islands,2020,2.1059,15.643
COK,Cook Islands,2021,2.0865,15.182
COK,Cook Islands,2022,2.0678,14.723
COK,Cook Islands,2023,2.045,14.222
COL,Colombia,1950,6.4096,11766.988
COL,Colombia,1951,6.4361,12078.807
COL,Colombia,1952,6.4878,12405.842
COL,Colombia,1953,6.5366,12746.035
COL,Colombia,1954,6.5824,13100.839
COL,Colombia,1955,6.625,13473.06
COL,Colombia,1956,6.6637,13861.801
COL,Colombia,1957,6.6971,14270.27
COL,Colombia,1958,6.7229,14693.287
COL,Colombia,1959,6.7372,15136.215
COL,Colombia,1960,6.7352,15606.209
COL,Colombia,1961,6.712,16095.203
COL,Colombia,1962,6.6627,16599.029
COL,Colombia,1963,6.5839,17113.823
COL,Colombia,1964,6.4747,17637.411
COL,Colombia,1965,6.3332,18169.05
COL,Colombia,1966,6.1587,18702.688
COL,Colombia,1967,5.957,19235.618
COL,Colombia,1968,5.7367,19766.796
COL,Colombia,1969,5.5058,20291.942
COL,Colombia,1970,5.2756,20811.782
COL,Colombia,1971,5.0571,21319.096
COL,Colombia,1972,4.8571,21819.563
COL,Colombia,1973,4.6798,22325.374
COL,Colombia,1974,4.5273,22833.469
COL,Colombia,1975,4.3976,23344.644
COL,Colombia,1976,4.2848,23858.81
COL,Colombia,1977,4.1633,24393.494
COL,Colombia,1978,3.9976,24950.337
COL,Colombia,1979,3.8882,25515.626
COL,Colombia,1980,3.7983,26104.498
COL,Colombia,1981,3.7064,26713.267
COL,Colombia,1982,3.6182,27338.33
COL,Colombia,1983,3.5007,27988.173
COL,Colombia,1984,3.3495,28642.69
COL,Colombia,1985,3.2247,29268.47
COL,Colombia,1986,3.1472,29879.112
COL,Colombia,1987,3.0874,30499.467
COL,Colombia,1988,3.0393,31130.524
COL,Colombia,1989,3.0123,31776.279
COL,Colombia,1990,2.9951,32440.069
COL,Colombia,1991,2.9816,33098.372
COL,Colombia,1992,2.9826,33760.571
COL,Colombia,1993,2.9779,34441.473
COL,Colombia,1994,2.9373,35127.41
COL,Colombia,1995,2.8496,35804.662
COL,Colombia,1996,2.7682,36462.745
COL,Colombia,1997,2.7428,37121.15
COL,Colombia,1998,2.7166,37792.165
COL,Colombia,1999,2.6369,38454.863
COL,Colombia,2000,2.5737,39089.934
COL,Colombia,2001,2.5216,39709.262
COL,Colombia,2002,2.4889,40324.68
COL,Colombia,2003,2.4497,40937.429
COL,Colombia,2004,2.3835,41543.171
COL,Colombia,2005,2.3087,42128.977
COL,Colombia,2006,2.2412,42691.084
COL,Colombia,2007,2.1952,43235.374
COL,Colombia,2008,2.1554,43758.808
COL,Colombia,2009,2.0959,44271.541
COL,Colombia,2010,2.0102,44777.319
COL,Colombia,2011,1.9381,45259.614
COL,Colombia,2012,1.899,45715.81
COL,Colombia,2013,1.8602,46151.584
COL,Colombia,2014,1.822,46565.429
COL,Colombia,2015,1.7707,46969.94
COL,Colombia,2016,1.7194,47437.512
COL,Colombia,2017,1.7168,48131.078
COL,Colombia,2018,1.7145,49024.466
COL,Colombia,2019,1.7103,49907.985
COL,Colombia,2020,1.6937,50629.997
COL,Colombia,2021,1.6805,51188.173
COL,Colombia,2022,1.6632,51737.944
COL,Colombia,2023,1.6452,52321.152
COM,Comoros,1950,5.6863,161.938
COM,Comoros,1951,5.7711,165.533
COM,Comoros,1952,5.9343,168.976
COM,Comoros,1953,6.0848,172.6
COM,Comoros,1954,6.2226,176.138
COM,Comoros,1955,6.3476,179.586
COM,Comoros,1956,6.4601,182.958
COM,Comoros,1957,6.5602,186.566
COM,Comoros,1958,6.6484,190.563
COM,Comoros,1959,6.7253,194.286
COM,Comoros,1960,6.7917,197.7
COM,Comoros,1961,6.8487,201.201
COM,Comoros,1962,6.8975,204.702
COM,Comoros,1963,6.9156,208.185
COM,Comoros,1964,6.9377,211.644
COM,Comoros,1965,6.9666,214.967
COM,Comoros,1966,7.0009,218.663
COM,Comoros,1967,7.0204,223.859
COM,Comoros,1968,7.0514,230.244
COM,Comoros,1969,7.0731,237.001
COM,Comoros,1970,7.0985,244.185
COM,Comoros,1971,7.1165,251.865
COM,Comoros,1972,7.142,260.076
COM,Comoros,1973,7.1648,268.82
COM,Comoros,1974,7.1631,278.075
COM,Comoros,1975,7.1625,287.692
COM,Comoros,1976,7.1595,297.538
COM,Comoros,1977,7.1503,307.579
COM,Comoros,1978,7.1549,317.688
COM,Comoros,1979,7.1622,327.791
COM,Comoros,1980,7.1538,337.721
COM,Comoros,1981,7.1434,347.382
COM,Comoros,1982,7.1342,357.139
COM,Comoros,1983,7.1101,367.233
COM,Comoros,1984,7.0724,377.636
COM,Comoros,1985,7.021,388.352
COM,Comoros,1986,6.9535,399.318
COM,Comoros,1987,6.8705,410.439
COM,Comoros,1988,6.7641,421.687
COM,Comoros,1989,6.646,433.103
COM,Comoros,1990,6.5046,444.596
COM,Comoros,1991,6.3539,455.556
COM,Comoros,1992,6.1862,465.112
COM,Comoros,1993,6.0216,473.682
COM,Comoros,1994,5.8644,482.142
COM,Comoros,1995,5.7301,490.586
COM,Comoros,1996,5.627,499.107
COM,Comoros,1997,5.5132,507.777
COM,Comoros,1998,5.3916,516.598
COM,Comoros,1999,5.2802,525.886
COM,Comoros,2000,5.2265,536.08
COM,Comoros,2001,5.1952,547.22
COM,Comoros,2002,5.1553,558.924
COM,Comoros,2003,5.1147,569.798
COM,Comoros,2004,5.0652,580.704
COM,Comoros,2005,5.0122,592.677
COM,Comoros,2006,4.9345,604.753
COM,Comoros,2007,4.8593,616.926
COM,Comoros,2008,4.8054,629.307
COM,Comoros,2009,4.7785,641.948
COM,Comoros,2010,4.7547,654.836
COM,Comoros,2011,4.7223,668.056
COM,Comoros,2012,4.6518,681.63
COM,Comoros,2013,4.5717,696.192
COM,Comoros,2014,4.4885,711.503
COM,Comoros,2015,4.4202,726.682
COM,Comoros,2016,4.3483,741.741
COM,Comoros,2017,4.2778,756.67
COM,Comoros,2018,4.2082,771.59
COM,Comoros,2019,4.1376,786.578
COM,Comoros,2020,4.0714,802.164
COM,Comoros,2021,3.9989,818.174
COM,Comoros,2022,3.9346,834.188
COM,Comoros,2023,3.8779,850.387
CPV,Cabo Verde,1950,6.4971,184.972
CPV,Cabo Verde,1951,6.5131,187.198
CPV,Cabo Verde,1952,6.5463,189.432
CPV,Cabo Verde,1953,6.5822,191.546
CPV,Cabo Verde,1954,6.6209,193.548
CPV,Cabo Verde,1955,6.6621,195.614
CPV,Cabo Verde,1956,6.7055,197.847
CPV,Cabo Verde,1957,6.7508,200.286
CPV,Cabo Verde,1958,6.7968,203.089
CPV,Cabo Verde,1959,6.842,206.354
CPV,Cabo Verde,1960,6.8846,210.024
CPV,Cabo Verde,1961,6.9223,215.087
CPV,Cabo Verde,1962,6.9531,221.919
CPV,Cabo Verde,1963,6.9756,229.372
CPV,Cabo Verde,1964,6.9888,237.006
CPV,Cabo Verde,1965,6.9934,244.856
CPV,Cabo Verde,1966,6.9904,252.976
CPV,Cabo Verde,1967,6.9819,261.404
CPV,Cabo Verde,1968,6.9695,270.164
CPV,Cabo Verde,1969,6.9537,279.248
CPV,Cabo Verde,1970,6.9348,287.885
CPV,Cabo Verde,1971,6.9128,294.046
CPV,Cabo Verde,1972,6.8868,297.386
CPV,Cabo Verde,1973,6.8554,299.881
CPV,Cabo Verde,1974,6.8177,302.57
CPV,Cabo Verde,1975,6.7713,305.847
CPV,Cabo Verde,1976,6.7139,309.455
CPV,Cabo Verde,1977,6.6447,312.834
CPV,Cabo Verde,1978,6.5641,316.147
CPV,Cabo Verde,1979,6.4733,319.48
CPV,Cabo Verde,1980,6.375,323.301
CPV,Cabo Verde,1981,6.2727,327.846
CPV,Cabo Verde,1982,6.1697,332.724
CPV,Cabo Verde,1983,6.0684,337.654
CPV,Cabo Verde,1984,5.9697,342.505
CPV,Cabo Verde,1985,5.9207,347.365
CPV,Cabo Verde,1986,5.8098,352.312
CPV,Cabo Verde,1987,5.6806,357.302
CPV,Cabo Verde,1988,5.552,362.329
CPV,Cabo Verde,1989,5.4523,367.804
CPV,Cabo Verde,1990,5.3604,375.428
CPV,Cabo Verde,1991,5.2618,384.586
CPV,Cabo Verde,1992,5.1233,393.415
CPV,Cabo Verde,1993,4.9532,401.965
CPV,Cabo Verde,1994,4.7232,410.228
CPV,Cabo Verde,1995,4.494,418.104
CPV,Cabo Verde,1996,4.2573,425.581
CPV,Cabo Verde,1997,4.0521,432.798
CPV,Cabo Verde,1998,3.8978,439.784
CPV,Cabo Verde,1999,3.727,446.52
CPV,Cabo Verde,2000,3.5454,453.318
CPV,Cabo Verde,2001,3.3658,460.293
CPV,Cabo Verde,2002,3.1925,467.046
CPV,Cabo Verde,2003,3.0332,473.383
CPV,Cabo Verde,2004,2.9001,479.37
CPV,Cabo Verde,2005,2.7262,485.116
CPV,Cabo Verde,2006,2.5553,490.728
CPV,Cabo Verde,2007,2.4087,496.19
CPV,Cabo Verde,2008,2.2982,501.355
CPV,Cabo Verde,2009,2.2457,506.141
CPV,Cabo Verde,2010,2.3294,509.784
CPV,Cabo Verde,2011,2.3287,511.446
CPV,Cabo Verde,2012,2.1535,511.955
CPV,Cabo Verde,2013,2.0674,512.225
CPV,Cabo Verde,2014,2.0307,512.326
CPV,Cabo Verde,2015,1.9681,512.394
CPV,Cabo Verde,2016,1.9662,512.554
CPV,Cabo Verde,2017,1.9297,512.893
CPV,Cabo Verde,2018,1.8038,513.415
CPV,Cabo Verde,2019,1.6981,514.104
CPV,Cabo Verde,2020,1.5906,514.68
CPV,Cabo Verde,2021,1.554,516.649
CPV,Cabo Verde,2022,1.5334,519.741
CPV,Cabo Verde,2023,1.5219,522.33
CRI,Costa Rica,1950,6.3166,926.758
CRI,Costa Rica,1951,6.3926,958.409
CRI,Costa Rica,1952,6.4554,991.794
CRI,Costa Rica,1953,6.5076,1027.005
CRI,Costa Rica,1954,6.5403,1064.119
CRI,Costa Rica,1955,6.5709,1103.049
CRI,Costa Rica,1956,6.6009,1143.847
CRI,Costa Rica,1957,6.6622,1186.633
CRI,Costa Rica,1958,6.7122,1231.551
CRI,Costa Rica,1959,6.7306,1278.588
CRI,Costa Rica,1960,6.7118,1327.496
CRI,Costa Rica,1961,6.6506,1377.92
CRI,Costa Rica,1962,6.5432,1429.445
CRI,Costa Rica,1963,6.3893,1481.604
CRI,Costa Rica,1964,6.1933,1533.96
CRI,Costa Rica,1965,5.9604,1586.208
CRI,Costa Rica,1966,5.6972,1638.116
CRI,Costa Rica,1967,5.4158,1689.523
CRI,Costa Rica,1968,5.0283,1739.731
CRI,Costa Rica,1969,4.8345,1789.276
CRI,Costa Rica,1970,4.5846,1838.949
CRI,Costa Rica,1971,4.362,1888.539
CRI,Costa Rica,1972,4.1577,1938.248
CRI,Costa Rica,1973,3.9912,1988.343
CRI,Costa Rica,1974,3.8928,2039.643
CRI,Costa Rica,1975,3.8036,2092.719
CRI,Costa Rica,1976,3.7474,2147.774
CRI,Costa Rica,1977,3.7009,2205.025
CRI,Costa Rica,1978,3.6619,2264.51
CRI,Costa Rica,1979,3.6509,2326.49
CRI,Costa Rica,1980,3.5833,2390.634
CRI,Costa Rica,1981,3.5564,2456.637
CRI,Costa Rica,1982,3.5405,2524.806
CRI,Costa Rica,1983,3.5247,2595.153
CRI,Costa Rica,1984,3.5187,2667.595
CRI,Costa Rica,1985,3.5108,2741.894
CRI,Costa Rica,1986,3.4541,2817.216
CRI,Costa Rica,1987,3.3836,2892.699
CRI,Costa Rica,1988,3.314,2968.103
CRI,Costa Rica,1989,3.238,3043.827
CRI,Costa Rica,1990,3.1675,3121.706
CRI,Costa Rica,1991,3.0748,3202.176
CRI,Costa Rica,1992,3.0009,3284.258
CRI,Costa Rica,1993,2.9279,3367.434
CRI,Costa Rica,1994,2.8569,3451.122
CRI,Costa Rica,1995,2.7785,3535.176
CRI,Costa Rica,1996,2.6807,3619.013
CRI,Costa Rica,1997,2.589,3701.711
CRI,Costa Rica,1998,2.527,3782.838
CRI,Costa Rica,1999,2.4813,3862.101
CRI,Costa Rica,2000,2.4127,3937.739
CRI,Costa Rica,2001,2.3117,4008.947
CRI,Costa Rica,2002,2.1624,4075.705
CRI,Costa Rica,2003,2.0839,4138.784
CRI,Costa Rica,2004,2.0276,4200.078
CRI,Costa Rica,2005,2.0382,4261.24
CRI,Costa Rica,2006,1.9366,4321.34
CRI,Costa Rica,2007,1.9542,4380.248
CRI,Costa Rica,2008,1.9799,4440.056
CRI,Costa Rica,2009,1.9532,4499.791
CRI,Costa Rica,2010,1.8271,4555.962
CRI,Costa Rica,2011,1.8774,4609.833
CRI,Costa Rica,2012,1.8508,4663.934
CRI,Costa Rica,2013,1.7793,4716.147
CRI,Costa Rica,2014,1.8003,4767.119
CRI,Costa Rica,2015,1.7966,4818.038
CRI,Costa Rica,2016,1.7458,4866.998
CRI,Costa Rica,2017,1.714,4913.177
CRI,Costa Rica,2018,1.7056,4957.818
CRI,Costa Rica,2019,1.5999,4999.554
CRI,Costa Rica,2020,1.4477,5034.32
CRI,Costa Rica,2021,1.3528,5059.988
CRI,Costa Rica,2022,1.3349,5081.764
CRI,Costa Rica,2023,1.33,5105.526
CUB,Cuba,1950,4.0325,5924.511
CUB,Cuba,1951,3.9475,6042.2
CUB,Cuba,1952,3.9312,6162.174
CUB,Cuba,1953,3.9242,6285.748
CUB,Cuba,1954,3.9175,6412.848
CUB,Cuba,1955,3.9017,6543.1
CUB,Cuba,1956,3.8927,6676.052
CUB,Cuba,1957,3.8858,6811.727
CUB,Cuba,1958,3.9002,6950.29
CUB,Cuba,1959,3.9996,7092.332
CUB,Cuba,1960,4.1287,7238.081
CUB,Cuba,1961,4.2651,7387.117
CUB,Cuba,1962,4.4206,7541.098
CUB,Cuba,1963,4.5593,7701.66
CUB,Cuba,1964,4.5285,7866.02
CUB,Cuba,1965,4.5039,8030.798
CUB,Cuba,1966,4.3979,8193.45
CUB,Cuba,1967,4.2943,8352.625
CUB,Cuba,1968,4.1941,8509.522
CUB,Cuba,1969,4.1243,8666.64
CUB,Cuba,1970,3.9808,8824.382
CUB,Cuba,1971,3.799,8979.085
CUB,Cuba,1972,3.6119,9123.891
CUB,Cuba,1973,3.4018,9255.328
CUB,Cuba,1974,3.1637,9374.182
CUB,Cuba,1975,2.8244,9479.726
CUB,Cuba,1976,2.5057,9571.242
CUB,Cuba,1977,2.2093,9648.44
CUB,Cuba,1978,1.8841,9711.98
CUB,Cuba,1979,1.7709,9763.356
CUB,Cuba,1980,1.6369,9804.796
CUB,Cuba,1981,1.5911,9849.32
CUB,Cuba,1982,1.7762,9912.68
CUB,Cuba,1983,1.8011,9991.026
CUB,Cuba,1984,1.7739,10073.299
CUB,Cuba,1985,1.7725,10157.228
CUB,Cuba,1986,1.7793,10244.247
CUB,Cuba,1987,1.7995,10335.342
CUB,Cuba,1988,1.8528,10432.585
CUB,Cuba,1989,1.832,10533.243
CUB,Cuba,1990,1.8059,10631.799
CUB,Cuba,1991,1.6626,10717.64
CUB,Cuba,1992,1.5623,10785.802
CUB,Cuba,1993,1.489,10841.031
CUB,Cuba,1994,1.4666,10886.021
CUB,Cuba,1995,1.4806,10925.362
CUB,Cuba,1996,1.4568,10962.01
CUB,Cuba,1997,1.5898,10997.934
CUB,Cuba,1998,1.6169,11034.712
CUB,Cuba,1999,1.6403,11072.23
CUB,Cuba,2000,1.6077,11109.108
CUB,Cuba,2001,1.5948,11144.132
CUB,Cuba,2002,1.6451,11177.418
CUB,Cuba,2003,1.627,11209.384
CUB,Cuba,2004,1.5455,11238.756
CUB,Cuba,2005,1.486,11262.554
CUB,Cuba,2006,1.4019,11278.55
CUB,Cuba,2007,1.4363,11287.272
CUB,Cuba,2008,1.5763,11291.762
CUB,Cuba,2009,1.6777,11294.72
CUB,Cuba,2010,1.6729,11297.409
CUB,Cuba,2011,1.7343,11301.571
CUB,Cuba,2012,1.6682,11303.176
CUB,Cuba,2013,1.6781,11298.168
CUB,Cuba,2014,1.6552,11285.776
CUB,Cuba,2015,1.6852,11275.064
CUB,Cuba,2016,1.6005,11265.612
CUB,Cuba,2017,1.585,11247.829
CUB,Cuba,2018,1.6068,11227.118
CUB,Cuba,2019,1.5399,11202.846
CUB,Cuba,2020,1.4892,11176.354
CUB,Cuba,2021,1.4267,11122.168
CUB,Cuba,2022,1.4123,11059.82
CUB,Cuba,2023,1.4393,11019.93
CUW,Curaçao,1950,4.9805,101.77
CUW,Curaçao,1951,5.0092,104.408
CUW,Curaçao,1952,5.0425,107.174
CUW,Curaçao,1953,5.0704,110.042
CUW,Curaçao,1954,5.1103,113.012
CUW,Curaçao,1955,5.1551,116.107
CUW,Curaçao,1956,5.1659,119.308
CUW,Curaçao,1957,5.1842,122.596
CUW,Curaçao,1958,5.1935,125.981
CUW,Curaçao,1959,5.1759,129.443
CUW,Curaçao,1960,5.1296,132.185
CUW,Curaçao,1961,5.0425,134.296
CUW,Curaçao,1962,4.9272,136.457
CUW,Curaçao,1963,4.7976,138.524
CUW,Curaçao,1964,4.6415,140.53
CUW,Curaçao,1965,4.4747,142.464
CUW,Curaçao,1966,4.2653,144.318
CUW,Curaçao,1967,4.0587,146.098
CUW,Curaçao,1968,3.8267,147.796
CUW,Curaçao,1969,3.6075,149.394
CUW,Curaçao,1970,3.3967,150.865
CUW,Curaçao,1971,3.1803,152.182
CUW,Curaçao,1972,2.9917,153.282
CUW,Curaçao,1973,2.8724,154.08
CUW,Curaçao,1974,2.7733,154.677
CUW,Curaçao,1975,2.6623,155.195
CUW,Curaçao,1976,2.5541,155.621
CUW,Curaçao,1977,2.4632,155.968
CUW,Curaçao,1978,2.3805,156.254
CUW,Curaçao,1979,2.3119,156.478
CUW,Curaçao,1980,2.2716,156.66
CUW,Curaçao,1981,2.2487,156.794
CUW,Curaçao,1982,2.2356,156.843
CUW,Curaçao,1983,2.2379,156.827
CUW,Curaçao,1984,2.2374,156.781
CUW,Curaçao,1985,2.2417,156.698
CUW,Curaçao,1986,2.2407,156.59
CUW,Curaçao,1987,2.2417,156.443
CUW,Curaçao,1988,2.2534,156.25
CUW,Curaçao,1989,2.2692,156.018
CUW,Curaçao,1990,2.3033,155.739
CUW,Curaçao,1991,2.3723,155.447
CUW,Curaçao,1992,2.4327,155.084
CUW,Curaçao,1993,2.4381,154.494
CUW,Curaçao,1994,2.4298,153.671
CUW,Curaçao,1995,2.4191,152.692
CUW,Curaçao,1996,2.4028,151.573
CUW,Curaçao,1997,2.3674,150.304
CUW,Curaçao,1998,2.3153,148.867
CUW,Curaçao,1999,2.2848,147.26
CUW,Curaçao,2000,2.342,145.529
CUW,Curaçao,2001,2.4052,144.751
CUW,Curaçao,2002,2.3004,145.901
CUW,Curaçao,2003,2.1905,147.911
CUW,Curaçao,2004,2.099,149.797
CUW,Curaçao,2005,2.0374,151.313
CUW,Curaçao,2006,1.977,152.505
CUW,Curaçao,2007,1.9154,153.666
CUW,Curaçao,2008,1.8662,154.775
CUW,Curaçao,2009,1.8794,155.825
CUW,Curaçao,2010,2.1849,156.879
CUW,Curaçao,2011,2.1055,158.566
CUW,Curaçao,2012,2.1933,160.89
CUW,Curaçao,2013,2.0984,163.109
CUW,Curaçao,2014,1.9982,165.027
CUW,Curaçao,2015,1.8964,166.612
CUW,Curaçao,2016,1.6949,167.782
CUW,Curaçao,2017,1.4547,168.516
CUW,Curaçao,2018,1.492,181.583
CUW,Curaçao,2019,1.1805,189.543
CUW,Curaçao,2020,1.0994,185.018
CUW,Curaçao,2021,1.0769,185.315
CUW,Curaçao,2022,1.0735,185.345
CUW,Curaçao,2023,1.0733,185.427
CYM,Cayman Islands,1950,4.3807,7.002
CYM,Cayman Islands,1951,4.4604,7.133
CYM,Cayman Islands,1952,4.5422,7.258
CYM,Cayman Islands,1953,4.6428,7.408
CYM,Cayman Islands,1954,4.6061,7.554
CYM,Cayman Islands,1955,4.5292,7.694
CYM,Cayman Islands,1956,4.486,7.84
CYM,Cayman Islands,1957,4.4611,7.989
CYM,Cayman Islands,1958,4.435,8.13
CYM,Cayman Islands,1959,4.6188,8.269
CYM,Cayman Islands,1960,4.7131,8.428
CYM,Cayman Islands,1961,4.7806,8.601
CYM,Cayman Islands,1962,4.7928,8.781
CYM,Cayman Islands,1963,4.6861,8.97
CYM,Cayman Islands,1964,4.4108,9.166
CYM,Cayman Islands,1965,4.1587,9.361
CYM,Cayman Islands,1966,4.0777,9.56
CYM,Cayman Islands,1967,4.0447,9.769
CYM,Cayman Islands,1968,3.9919,9.971
CYM,Cayman Islands,1969,3.5221,10.166
CYM,Cayman Islands,1970,4.6617,10.517
CYM,Cayman Islands,1971,3.4647,11.098
CYM,Cayman Islands,1972,4.8873,11.764
CYM,Cayman Islands,1973,3.5623,12.438
CYM,Cayman Islands,1974,2.9576,13.114
CYM,Cayman Islands,1975,2.7153,13.788
CYM,Cayman Islands,1976,2.5289,14.454
CYM,Cayman Islands,1977,2.4129,15.105
CYM,Cayman Islands,1978,2.3659,15.727
CYM,Cayman Islands,1979,2.3682,16.351
CYM,Cayman Islands,1980,2.4055,17.079
CYM,Cayman Islands,1981,2.3841,17.905
CYM,Cayman Islands,1982,2.0084,18.75
CYM,Cayman Islands,1983,1.8321,19.598
CYM,Cayman Islands,1984,1.7904,20.454
CYM,Cayman Islands,1985,1.7521,21.324
CYM,Cayman Islands,1986,1.6912,22.196
CYM,Cayman Islands,1987,1.5816,23.073
CYM,Cayman Islands,1988,1.6303,23.951
CYM,Cayman Islands,1989,1.755,24.874
CYM,Cayman Islands,1990,1.7827,25.999
CYM,Cayman Islands,1991,1.8463,27.294
CYM,Cayman Islands,1992,1.7263,28.621
CYM,Cayman Islands,1993,1.6689,29.976
CYM,Cayman Islands,1994,1.6601,31.352
CYM,Cayman Islands,1995,1.6739,32.743
CYM,Cayman Islands,1996,1.691,34.143
CYM,Cayman Islands,1997,1.7011,35.543
CYM,Cayman Islands,1998,1.7025,36.922
CYM,Cayman Islands,1999,1.7076,38.284
CYM,Cayman Islands,2000,1.7065,39.674
CYM,Cayman Islands,2001,1.6969,41.089
CYM,Cayman Islands,2002,1.6812,42.514
CYM,Cayman Islands,2003,1.6722,43.934
CYM,Cayman Islands,2004,1.6711,45.352
CYM,Cayman Islands,2005,1.6649,46.788
CYM,Cayman Islands,2006,1.6653,48.232
CYM,Cayman Islands,2007,1.6809,49.687
CYM,Cayman Islands,2008,1.7026,51.151
CYM,Cayman Islands,2009,1.7227,52.618
CYM,Cayman Islands,2010,1.6941,54.099
CYM,Cayman Islands,2011,1.6374,55.606
CYM,Cayman Islands,2012,1.5311,57.136
CYM,Cayman Islands,2013,1.4446,58.655
CYM,Cayman Islands,2014,1.3342,60.16
CYM,Cayman Islands,2015,1.2687,61.642
CYM,Cayman Islands,2016,1.2313,63.1
CYM,Cayman Islands,2017,1.2216,64.536
CYM,Cayman Islands,2018,1.2767,65.94
CYM,Cayman Islands,2019,1.5077,67.327
CYM,Cayman Islands,2020,1.5536,68.684
CYM,Cayman Islands,2021,1.5508,70.108
CYM,Cayman Islands,2022,1.5405,71.592
CYM,Cayman Islands,2023,1.5309,73.038
CYP,Cyprus,1950,3.8712,493.871
CYP,Cyprus,1951,3.8009,501.05
CYP,Cyprus,1952,3.4668,508.69
CYP,Cyprus,1953,3.4649,516.73
CYP,Cyprus,1954,3.5059,525.11
CYP,Cyprus,1955,3.4413,533.866
CYP,Cyprus,1956,3.387,543.07
CYP,Cyprus,1957,3.3862,552.83
CYP,Cyprus,1958,3.3783,563.284
CYP,Cyprus,1959,3.4022,574.56
CYP,Cyprus,1960,3.3931,586.49
CYP,Cyprus,1961,3.6192,595.514
CYP,Cyprus,1962,3.5095,601.466
CYP,Cyprus,1963,3.4943,607.252
CYP,Cyprus,1964,3.4089,612.521
CYP,Cyprus,1965,3.4697,617.736
CYP,Cyprus,1966,3.3955,623.39
CYP,Cyprus,1967,3.3236,629.251
CYP,Cyprus,1968,3.2665,635.157
CYP,Cyprus,1969,3.1882,641.189
CYP,Cyprus,1970,3.0651,647.446
CYP,Cyprus,1971,3.0358,654.05
CYP,Cyprus,1972,2.9882,661.062
CYP,Cyprus,1973,2.4032,665.937
CYP,Cyprus,1974,2.2802,663.254
CYP,Cyprus,1975,2.1071,659.406
CYP,Cyprus,1976,2.3265,662.032
CYP,Cyprus,1977,2.0893,667.1
CYP,Cyprus,1978,2.079,672.248
CYP,Cyprus,1979,2.1362,677.549
CYP,Cyprus,1980,2.298,683.076
CYP,Cyprus,1981,2.1537,688.892
CYP,Cyprus,1982,2.4874,696.497
CYP,Cyprus,1983,2.493,707.225
CYP,Cyprus,1984,2.5117,719.334
CYP,Cyprus,1985,2.4322,731.277
CYP,Cyprus,1986,2.4523,743.104
CYP,Cyprus,1987,2.3879,754.785
CYP,Cyprus,1988,2.4702,766.234
CYP,Cyprus,1989,2.3691,777.42
CYP,Cyprus,1990,2.4023,788.35
CYP,Cyprus,1991,2.3402,798.944
CYP,Cyprus,1992,2.4587,810.34
CYP,Cyprus,1993,2.2466,826.034
CYP,Cyprus,1994,2.163,844.667
CYP,Cyprus,1995,2.0315,862.695
CYP,Cyprus,1996,1.9534,880.29
CYP,Cyprus,1997,1.8599,897.568
CYP,Cyprus,1998,1.7614,914.548
CYP,Cyprus,1999,1.6722,931.234
CYP,Cyprus,2000,1.6378,947.666
CYP,Cyprus,2001,1.5663,964.127
CYP,Cyprus,2002,1.4969,981.44
CYP,Cyprus,2003,1.505,999.59
CYP,Cyprus,2004,1.5119,1017.876
CYP,Cyprus,2005,1.4788,1036.151
CYP,Cyprus,2006,1.5088,1054.418
CYP,Cyprus,2007,1.4488,1072.714
CYP,Cyprus,2008,1.4789,1091.026
CYP,Cyprus,2009,1.4749,1109.371
CYP,Cyprus,2010,1.4337,1127.816
CYP,Cyprus,2011,1.3596,1146.493
CYP,Cyprus,2012,1.3815,1165.397
CYP,Cyprus,2013,1.3043,1183.895
CYP,Cyprus,2014,1.3122,1201.801
CYP,Cyprus,2015,1.323,1219.502
CYP,Cyprus,2016,1.3572,1237.112
CYP,Cyprus,2017,1.3232,1254.275
CYP,Cyprus,2018,1.3189,1270.737
CYP,Cyprus,2019,1.3295,1286.671
CYP,Cyprus,2020,1.3614,1302.247
CYP,Cyprus,2021,1.3919,1317.309
CYP,Cyprus,2022,1.3928,1331.37
CYP,Cyprus,2023,1.3891,1344.976
CZE,Czechia,1950,2.8182,8916.711
CZE,Czechia,1951,2.7911,8997.239
CZE,Czechia,1952,2.7243,9077.205
CZE,Czechia,1953,2.6243,9152.598
CZE,Czechia,1954,2.584,9221.19
CZE,Czechia,1955,2.583,9289.421
CZE,Czechia,1956,2.5683,9358.018
CZE,Czechia,1957,2.4819,9418.968
CZE,Czechia,1958,2.2838,9469.704
CZE,Czechia,1959,2.0957,9508.392
CZE,Czechia,1960,2.088,9541.605
CZE,Czechia,1961,2.1073,9573.39
CZE,Czechia,1962,2.1233,9597.46
CZE,Czechia,1963,2.3085,9627.33
CZE,Czechia,1964,2.3424,9668.746
CZE,Czechia,1965,2.1866,9706.848
CZE,Czechia,1966,2.0312,9736.239
CZE,Czechia,1967,1.9157,9758.982
CZE,Czechia,1968,1.8481,9775.113
CZE,Czechia,1969,1.8824,9787.788
CZE,Czechia,1970,1.9202,9801.252
CZE,Czechia,1971,1.9888,9822.779
CZE,Czechia,1972,2.0916,9858.068
CZE,Czechia,1973,2.3055,9906.21
CZE,Czechia,1974,2.4566,9965.948
CZE,Czechia,1975,2.4304,10030.774
CZE,Czechia,1976,2.3878,10092.938
CZE,Czechia,1977,2.3395,10149.366
CZE,Czechia,1978,2.326,10200.75
CZE,Czechia,1979,2.2686,10246.156
CZE,Czechia,1980,2.0761,10275.403
CZE,Czechia,1981,1.9935,10289.513
CZE,Czechia,1982,1.9953,10299.008
CZE,Czechia,1983,1.9672,10302.944
CZE,Czechia,1984,1.9651,10303.818
CZE,Czechia,1985,1.9495,10305.144
CZE,Czechia,1986,1.9187,10304.374
CZE,Czechia,1987,1.9033,10303.419
CZE,Czechia,1988,1.928,10305.45
CZE,Czechia,1989,1.8675,10305.605
CZE,Czechia,1990,1.8848,10301.988
CZE,Czechia,1991,1.8415,10304.426
CZE,Czechia,1992,1.7077,10312.448
CZE,Czechia,1993,1.6517,10320.398
CZE,Czechia,1994,1.4357,10322.33
CZE,Czechia,1995,1.2755,10312.042
CZE,Czechia,1996,1.1851,10296.128
CZE,Czechia,1997,1.1706,10280.051
CZE,Czechia,1998,1.1561,10265.426
CZE,Czechia,1999,1.1356,10251.378
CZE,Czechia,2000,1.1464,10236.804
CZE,Czechia,2001,1.1459,10231.936
CZE,Czechia,2002,1.1669,10239.468
CZE,Czechia,2003,1.1758,10248.912
CZE,Czechia,2004,1.2253,10261.45
CZE,Czechia,2005,1.281,10280.152
CZE,Czechia,2006,1.3333,10304.588
CZE,Czechia,2007,1.4415,10337.543
CZE,Czechia,2008,1.5077,10378.292
CZE,Czechia,2009,1.5097,10420.984
CZE,Czechia,2010,1.5087,10464.036
CZE,Czechia,2011,1.4274,10495.511
CZE,Czechia,2012,1.4471,10507.335
CZE,Czechia,2013,1.4552,10511.162
CZE,Czechia,2014,1.5261,10517.226
CZE,Czechia,2015,1.5885,10524.416
CZE,Czechia,2016,1.6521,10531.948
CZE,Czechia,2017,1.7149,10541.342
CZE,Czechia,2018,1.7442,10548.937
CZE,Czechia,2019,1.7534,10554.875
CZE,Czechia,2020,1.7635,10550.129
CZE,Czechia,2021,1.8231,10530.682
CZE,Czechia,2022,1.618,10673.213
CZE,Czechia,2023,1.448,10809.716
DEU,Germany,1950,2.1938,69847.782
DEU,Germany,1951,2.1665,69782.052
DEU,Germany,1952,2.1361,69826.953
DEU,Germany,1953,2.129,69935.117
DEU,Germany,1954,2.1497,70104.621
DEU,Germany,1955,2.1584,70334.152
DEU,Germany,1956,2.2063,70613.903
DEU,Germany,1957,2.256,71088.146
DEU,Germany,1958,2.2618,71694.673
DEU,Germany,1959,2.3595,72241.718
DEU,Germany,1960,2.3807,72811.64
DEU,Germany,1961,2.4654,73376.116
DEU,Germany,1962,2.462,73997.003
DEU,Germany,1963,2.5229,74698.01
DEU,Germany,1964,2.5251,75313.485
DEU,Germany,1965,2.4875,75966.964
DEU,Germany,1966,2.5031,76611.031
DEU,Germany,1967,2.4386,76970.791
DEU,Germany,1968,2.3412,77321.279
DEU,Germany,1969,2.1997,77944.02
DEU,Germany,1970,2.0242,78205.102
DEU,Germany,1971,1.9511,78345.872
DEU,Germany,1972,1.7261,78719.918
DEU,Germany,1973,1.5506,78966.972
DEU,Germany,1974,1.5209,78996.693
DEU,Germany,1975,1.4772,78701.865
DEU,Germany,1976,1.4943,78364.505
DEU,Germany,1977,1.4979,78185.559
DEU,Germany,1978,1.4894,78115.36
DEU,Germany,1979,1.494,78147.901
DEU,Germany,1980,1.5564,78315.375
DEU,Germany,1981,1.5292,78448.04
DEU,Germany,1982,1.5037,78393.674
DEU,Germany,1983,1.4302,78224.133
DEU,Germany,1984,1.3889,77998.198
DEU,Germany,1985,1.378,77863.424
DEU,Germany,1986,1.4168,77923.807
DEU,Germany,1987,1.4375,78062.324
DEU,Germany,1988,1.4636,78385.992
DEU,Germany,1989,1.4327,79007.065
DEU,Germany,1990,1.4605,79707.959
DEU,Germany,1991,1.3442,80303.196
DEU,Germany,1992,1.305,80934.898
DEU,Germany,1993,1.2885,81486.773
DEU,Germany,1994,1.2539,81773.617
DEU,Germany,1995,1.2618,82019.89
DEU,Germany,1996,1.33,82263.189
DEU,Germany,1997,1.3772,82389.638
DEU,Germany,1998,1.3644,82011.939
DEU,Germany,1999,1.3704,81678.287
DEU,Germany,2000,1.3862,81797.258
DEU,Germany,2001,1.3536,81933.884
DEU,Germany,2002,1.3445,82068.326
DEU,Germany,2003,1.3432,82111.616
DEU,Germany,2004,1.3613,82092.708
DEU,Germany,2005,1.3445,82046.731
DEU,Germany,2006,1.3387,81701.971
DEU,Germany,2007,1.3775,81298.542
DEU,Germany,2008,1.3873,81110.777
DEU,Germany,2009,1.3675,80935.283
DEU,Germany,2010,1.3997,80830.924
DEU,Germany,2011,1.3849,80857.874
DEU,Germany,2012,1.4049,80916.39
DEU,Germany,2013,1.4149,81041.582
DEU,Germany,2014,1.4692,81376.08
DEU,Germany,2015,1.5007,82077.55
DEU,Germany,2016,1.5911,82760.102
DEU,Germany,2017,1.5696,83104.007
DEU,Germany,2018,1.5656,83368.506
DEU,Germany,2019,1.5409,83559.186
DEU,Germany,2020,1.5315,83628.708
DEU,Germany,2021,1.5767,83697.083
DEU,Germany,2022,1.46,84086.227
DEU,Germany,2023,1.4414,84548.231
DJI,Djibouti,1950,6.8207,62.33
DJI,Djibouti,1951,6.8127,64.308
DJI,Djibouti,1952,6.8111,66.354
DJI,Djibouti,1953,6.8187,68.486
DJI,Djibouti,1954,6.8229,70.707
DJI,Djibouti,1955,6.824,73.004
DJI,Djibouti,1956,6.8251,75.391
DJI,Djibouti,1957,6.82,77.872
DJI,Djibouti,1958,6.8312,80.437
DJI,Djibouti,1959,6.8301,83.086
DJI,Djibouti,1960,6.8472,86.024
DJI,Djibouti,1961,6.8482,89.39
DJI,Djibouti,1962,6.8544,93.283
DJI,Djibouti,1963,6.86,97.872
DJI,Djibouti,1964,6.8718,103.198
DJI,Djibouti,1965,6.8637,109.092
DJI,Djibouti,1966,6.8748,115.269
DJI,Djibouti,1967,6.87,121.649
DJI,Djibouti,1968,6.8755,128.25
DJI,Djibouti,1969,6.878,136.078
DJI,Djibouti,1970,6.8786,145.175
DJI,Djibouti,1971,6.8818,155.136
DJI,Djibouti,1972,6.8511,166.256
DJI,Djibouti,1973,6.8168,178.449
DJI,Djibouti,1974,6.7801,192.613
DJI,Djibouti,1975,6.7366,209.908
DJI,Djibouti,1976,6.691,230.737
DJI,Djibouti,1977,6.6405,254.613
DJI,Djibouti,1978,6.5855,280.032
DJI,Djibouti,1979,6.5232,304.513
DJI,Djibouti,1980,6.4597,325.815
DJI,Djibouti,1981,6.3967,343.047
DJI,Djibouti,1982,6.3419,356.88
DJI,Djibouti,1983,6.2981,369.553
DJI,Djibouti,1984,6.2466,384.053
DJI,Djibouti,1985,6.192,402.687
DJI,Djibouti,1986,6.1386,426.342
DJI,Djibouti,1987,6.0864,454.398
DJI,Djibouti,1988,6.0295,484.523
DJI,Djibouti,1989,5.9734,523.355
DJI,Djibouti,1990,5.931,579.538
DJI,Djibouti,1991,5.8564,631.092
DJI,Djibouti,1992,5.7506,626.01
DJI,Djibouti,1993,5.6382,614.246
DJI,Djibouti,1994,5.5075,626.71
DJI,Djibouti,1995,5.3305,633.074
DJI,Djibouti,1996,5.1488,648.348
DJI,Djibouti,1997,4.966,671.818
DJI,Djibouti,1998,4.7955,699.352
DJI,Djibouti,1999,4.687,724.218
DJI,Djibouti,2000,4.6006,747.318
DJI,Djibouti,2001,4.5183,771.313
DJI,Djibouti,2002,4.4097,795.574
DJI,Djibouti,2003,4.296,813.519
DJI,Djibouti,2004,4.1619,826.124
DJI,Djibouti,2005,4.0354,839.167
DJI,Djibouti,2006,3.8991,855.764
DJI,Djibouti,2007,3.7557,874.528
DJI,Djibouti,2008,3.6209,892.734
DJI,Djibouti,2009,3.5207,911.527
DJI,Djibouti,2010,3.4312,930.252
DJI,Djibouti,2011,3.3411,948.558
DJI,Djibouti,2012,3.255,966.747
DJI,Djibouti,2013,3.1872,984.824
DJI,Djibouti,2014,3.116,1002.718
DJI,Djibouti,2015,3.0414,1020.313
DJI,Djibouti,2016,2.9691,1037.653
DJI,Djibouti,2017,2.9159,1054.841
DJI,Djibouti,2018,2.858,1071.882
DJI,Djibouti,2019,2.7979,1088.709
DJI,Djibouti,2020,2.745,1105.188
DJI,Djibouti,2021,2.6994,1121.248
DJI,Djibouti,2022,2.6526,1137.096
DJI,Djibouti,2023,2.6092,1152.944
DMA,Dominica,1950,5.2355,50.196
DMA,Dominica,1951,5.37,50.441
DMA,Dominica,1952,5.5043,50.837
DMA,Dominica,1953,5.6399,51.383
DMA,Dominica,1954,5.7736,52.084
DMA,Dominica,1955,5.9073,52.952
DMA,Dominica,1956,6.0254,53.986
DMA,Dominica,1957,6.1183,55.196
DMA,Dominica,1958,6.168,56.583
DMA,Dominica,1959,6.1827,58.108
DMA,Dominica,1960,6.1781,59.372
DMA,Dominica,1961,6.1559,60.208
DMA,Dominica,1962,6.1223,60.948
DMA,Dominica,1963,6.0838,61.739
DMA,Dominica,1964,6.0273,62.587
DMA,Dominica,1965,5.9516,63.504
DMA,Dominica,1966,5.8558,64.507
DMA,Dominica,1967,5.7369,65.585
DMA,Dominica,1968,5.5874,66.732
DMA,Dominica,1969,5.4116,67.934
DMA,Dominica,1970,5.2148,68.908
DMA,Dominica,1971,4.985,69.532
DMA,Dominica,1972,4.6709,70.06
DMA,Dominica,1973,4.2753,70.585
DMA,Dominica,1974,3.8425,71.091
DMA,Dominica,1975,3.4605,71.57
DMA,Dominica,1976,3.191,72.017
DMA,Dominica,1977,3.0201,72.406
DMA,Dominica,1978,2.9549,72.724
DMA,Dominica,1979,2.9595,72.959
DMA,Dominica,1980,3.0348,73.083
DMA,Dominica,1981,3.1141,72.986
DMA,Dominica,1982,3.1663,72.688
DMA,Dominica,1983,3.1776,72.365
DMA,Dominica,1984,3.1514,72.056
DMA,Dominica,1985,3.1162,71.744
DMA,Dominica,1986,3.0836,71.406
DMA,Dominica,1987,3.063,71.023
DMA,Dominica,1988,3.0558,70.608
DMA,Dominica,1989,3.0586,70.153
DMA,Dominica,1990,3.0921,69.627
DMA,Dominica,1991,3.1449,69.296
DMA,Dominica,1992,3.1769,69.325
DMA,Dominica,1993,3.2005,69.432
DMA,Dominica,1994,2.9642,69.476
DMA,Dominica,1995,2.7081,69.469
DMA,Dominica,1996,2.546,69.41
DMA,Dominica,1997,2.4055,69.299
DMA,Dominica,1998,2.3146,69.124
DMA,Dominica,1999,2.4583,68.87
DMA,Dominica,2000,2.3464,68.511
DMA,Dominica,2001,2.3991,68.288
DMA,Dominica,2002,2.1603,68.367
DMA,Dominica,2003,2.0745,68.531
DMA,Dominica,2004,2.0229,68.649
DMA,Dominica,2005,1.9982,68.734
DMA,Dominica,2006,2.0738,68.806
DMA,Dominica,2007,2.0224,68.848
DMA,Dominica,2008,1.9678,68.854
DMA,Dominica,2009,1.9179,68.864
DMA,Dominica,2010,1.8866,68.859
DMA,Dominica,2011,1.8606,69.054
DMA,Dominica,2012,1.8272,69.118
DMA,Dominica,2013,1.7783,69.715
DMA,Dominica,2014,1.7127,70.373
DMA,Dominica,2015,1.6482,70.41
DMA,Dominica,2016,1.5812,69.606
DMA,Dominica,2017,1.5401,68.496
DMA,Dominica,2018,1.5171,68.174
DMA,Dominica,2019,1.5036,67.88
DMA,Dominica,2020,1.4955,67.573
DMA,Dominica,2021,1.4836,67.202
DMA,Dominica,2022,1.4816,66.826
DMA,Dominica,2023,1.4837,66.51
DNK,Denmark,1950,2.5719,4268.404
DNK,Denmark,1951,2.5081,4300.259
DNK,Denmark,1952,2.5387,4332.233
DNK,Denmark,1953,2.5985,4369.106
DNK,Denmark,1954,2.5609,4406.408
DNK,Denmark,1955,2.5893,4438.838
DNK,Denmark,1956,2.5996,4466.336
DNK,Denmark,1957,2.5562,4489.654
DNK,Denmark,1958,2.5277,4516.07
DNK,Denmark,1959,2.4929,4548.481
DNK,Denmark,1960,2.5605,4579.342
DNK,Denmark,1961,2.5467,4611.36
DNK,Denmark,1962,2.5494,4647.467
DNK,Denmark,1963,2.6547,4684.266
DNK,Denmark,1964,2.6006,4721.891
DNK,Denmark,1965,2.608,4758.836
DNK,Denmark,1966,2.6071,4797.206
DNK,Denmark,1967,2.3513,4835.218
DNK,Denmark,1968,2.1191,4864.796
DNK,Denmark,1969,1.9982,4891.799
DNK,Denmark,1970,1.9559,4928.668
DNK,Denmark,1971,2.038,4963.062
DNK,Denmark,1972,2.0261,4991.573
DNK,Denmark,1973,1.9208,5021.756
DNK,Denmark,1974,1.8976,5045.632
DNK,Denmark,1975,1.9078,5060.4
DNK,Denmark,1976,1.7497,5072.804
DNK,Denmark,1977,1.6628,5088.572
DNK,Denmark,1978,1.6608,5104.344
DNK,Denmark,1979,1.6007,5116.858
DNK,Denmark,1980,1.5402,5123.081
DNK,Denmark,1981,1.4404,5121.629
DNK,Denmark,1982,1.4202,5117.894
DNK,Denmark,1983,1.3784,5114.468
DNK,Denmark,1984,1.3981,5111.83
DNK,Denmark,1985,1.4434,5113.88
DNK,Denmark,1986,1.476,5120.688
DNK,Denmark,1987,1.4968,5127.132
DNK,Denmark,1988,1.5582,5129.64
DNK,Denmark,1989,1.6173,5132.715
DNK,Denmark,1990,1.6644,5141.025
DNK,Denmark,1991,1.6847,5154.344
DNK,Denmark,1992,1.7553,5171.367
DNK,Denmark,1993,1.7503,5188.637
DNK,Denmark,1994,1.8008,5206.19
DNK,Denmark,1995,1.8006,5233.36
DNK,Denmark,1996,1.7507,5263.068
DNK,Denmark,1997,1.7489,5285.035
DNK,Denmark,1998,1.7227,5304.262
DNK,Denmark,1999,1.7341,5321.81
DNK,Denmark,2000,1.7649,5339.658
DNK,Denmark,2001,1.7421,5358.828
DNK,Denmark,2002,1.7262,5375.959
DNK,Denmark,2003,1.7563,5390.62
DNK,Denmark,2004,1.7789,5404.598
DNK,Denmark,2005,1.7982,5419.554
DNK,Denmark,2006,1.8405,5437.42
DNK,Denmark,2007,1.8418,5461.607
DNK,Denmark,2008,1.88,5493.764
DNK,Denmark,2009,1.8398,5523.173
DNK,Denmark,2010,1.8582,5547.862
DNK,Denmark,2011,1.7538,5570.849
DNK,Denmark,2012,1.7235,5591.916
DNK,Denmark,2013,1.6696,5615.333
DNK,Denmark,2014,1.6876,5643.794
DNK,Denmark,2015,1.7125,5683.701
DNK,Denmark,2016,1.7747,5728.201
DNK,Denmark,2017,1.7489,5765.168
DNK,Denmark,2018,1.7265,5793.824
DNK,Denmark,2019,1.6976,5814.618
DNK,Denmark,2020,1.6777,5831.53
DNK,Denmark,2021,1.7299,5856.776
DNK,Denmark,2022,1.5593,5902.904
DNK,Denmark,2023,1.5109,5948.136
DOM,Dominican Republic,1950,7.5073,2379.894
DOM,Dominican Republic,1951,7.5365,2450.148
DOM,Dominican Republic,1952,7.5887,2525.048
DOM,Dominican Republic,1953,7.6287,2604.812
DOM,Dominican Republic,1954,7.6564,2689.095
DOM,Dominican Republic,1955,7.672,2777.628
DOM,Dominican Republic,1956,7.6751,2870.022
DOM,Dominican Republic,1957,7.6655,2965.774
DOM,Dominican Republic,1958,7.6427,3064.343
DOM,Dominican Republic,1959,7.6061,3165.302
DOM,Dominican Republic,1960,7.5545,3268.336
DOM,Dominican Republic,1961,7.4873,3373.232
DOM,Dominican Republic,1962,7.4036,3479.936
DOM,Dominican Republic,1963,7.3031,3588.287
DOM,Dominican Republic,1964,7.1864,3698.559
DOM,Dominican Republic,1965,7.0531,3808.963
DOM,Dominican Republic,1966,6.9493,3921.847
DOM,Dominican Republic,1967,6.7553,4038.928
DOM,Dominican Republic,1968,6.5475,4157.189
DOM,Dominican Republic,1969,6.3658,4277.035
DOM,Dominican Republic,1970,6.1838,4399.29
DOM,Dominican Republic,1971,6.0092,4524.234
DOM,Dominican Republic,1972,5.8406,4651.883
DOM,Dominican Republic,1973,5.6669,4782.228
DOM,Dominican Republic,1974,5.4405,4914.197
DOM,Dominican Republic,1975,5.2348,5046.776
DOM,Dominican Republic,1976,5.0457,5180.404
DOM,Dominican Republic,1977,4.8421,5315.443
DOM,Dominican Republic,1978,4.6437,5451.882
DOM,Dominican Republic,1979,4.4732,5589.69
DOM,Dominican Republic,1980,4.3024,5729.037
DOM,Dominican Republic,1981,4.1491,5868.453
DOM,Dominican Republic,1982,4.0137,6007.114
DOM,Dominican Republic,1983,3.9471,6147.248
DOM,Dominican Republic,1984,3.8219,6289.04
DOM,Dominican Republic,1985,3.6856,6430.404
DOM,Dominican Republic,1986,3.6033,6571.208
DOM,Dominican Republic,1987,3.5284,6712.514
DOM,Dominican Republic,1988,3.5002,6855.734
DOM,Dominican Republic,1989,3.4752,7002.295
DOM,Dominican Republic,1990,3.4109,7151.166
DOM,Dominican Republic,1991,3.3489,7299.853
DOM,Dominican Republic,1992,3.2875,7447.474
DOM,Dominican Republic,1993,3.2258,7594.572
DOM,Dominican Republic,1994,3.1633,7741.694
DOM,Dominican Republic,1995,3.1009,7888.116
DOM,Dominican Republic,1996,3.04,8032.894
DOM,Dominican Republic,1997,2.9217,8174.078
DOM,Dominican Republic,1998,2.8345,8310.362
DOM,Dominican Republic,1999,2.8457,8446.208
DOM,Dominican Republic,2000,2.8688,8584.19
DOM,Dominican Republic,2001,2.8274,8720.284
DOM,Dominican Republic,2002,2.7638,8852.235
DOM,Dominican Republic,2003,2.7026,8980.62
DOM,Dominican Republic,2004,2.6409,9104.892
DOM,Dominican Republic,2005,2.5742,9225.034
DOM,Dominican Republic,2006,2.5076,9341.182
DOM,Dominican Republic,2007,2.5099,9455.658
DOM,Dominican Republic,2008,2.5461,9573.13
DOM,Dominican Republic,2009,2.5741,9695.265
DOM,Dominican Republic,2010,2.5559,9820.175
DOM,Dominican Republic,2011,2.5266,9945.622
DOM,Dominican Republic,2012,2.4971,10070.411
DOM,Dominican Republic,2013,2.4743,10193.832
DOM,Dominican Republic,2014,2.4505,10315.528
DOM,Dominican Republic,2015,2.4298,10434.829
DOM,Dominican Republic,2016,2.4103,10551.43
DOM,Dominican Republic,2017,2.3983,10666.843
DOM,Dominican Republic,2018,2.3967,10782.054
DOM,Dominican Republic,2019,2.3662,10894.044
DOM,Dominican Republic,2020,2.3289,11008.3
DOM,Dominican Republic,2021,2.294,11123.476
DOM,Dominican Republic,2022,2.2666,11230.734
DOM,Dominican Republic,2023,2.2429,11331.266
DZA,Algeria,1950,7.3243,9018.426
DZA,Algeria,1951,7.3066,9269.864
DZA,Algeria,1952,7.2894,9521.207
DZA,Algeria,1953,7.2913,9772.645
DZA,Algeria,1954,7.3111,10014.381
DZA,Algeria,1955,7.3364,10247.424
DZA,Algeria,1956,7.3583,10482.182
DZA,Algeria,1957,7.3864,10717.5
DZA,Algeria,1958,7.4378,10953.64
DZA,Algeria,1959,7.4539,11189.622
DZA,Algeria,1960,7.5026,11424.922
DZA,Algeria,1961,7.5635,11628.884
DZA,Algeria,1962,7.6067,11800.77
DZA,Algeria,1963,7.6493,11982.118
DZA,Algeria,1964,7.672,12179.813
DZA,Algeria,1965,7.7105,12365.976
DZA,Algeria,1966,7.7096,12590.069
DZA,Algeria,1967,7.7118,12876.118
DZA,Algeria,1968,7.7114,13172.614
DZA,Algeria,1969,7.7087,13475.96
DZA,Algeria,1970,7.7043,13783.72
DZA,Algeria,1971,7.6714,14098.936
DZA,Algeria,1972,7.6344,14427.072
DZA,Algeria,1973,7.5923,14771.147
DZA,Algeria,1974,7.5447,15133.502
DZA,Algeria,1975,7.4848,15678.596
DZA,Algeria,1976,7.4047,16409.17
DZA,Algeria,1977,7.3124,17015.994
DZA,Algeria,1978,7.211,17506.974
DZA,Algeria,1979,7.119,18036.655
DZA,Algeria,1980,6.9945,18607.174
DZA,Algeria,1981,6.8451,19220.704
DZA,Algeria,1982,6.6747,19872.348
DZA,Algeria,1983,6.4958,20558.115
DZA,Algeria,1984,6.2831,21271.969
DZA,Algeria,1985,6.0352,22008.544
DZA,Algeria,1986,5.6453,22745.499
DZA,Algeria,1987,5.298,23443.624
DZA,Algeria,1988,5.0227,24109.536
DZA,Algeria,1989,4.7614,24754.485
DZA,Algeria,1990,4.5092,25375.81
DZA,Algeria,1991,4.3661,25987.928
DZA,Algeria,1992,4.2739,26628.568
DZA,Algeria,1993,4.0763,27277.048
DZA,Algeria,1994,3.9144,27887.279
DZA,Algeria,1995,3.4869,28470.191
DZA,Algeria,1996,3.1389,29033.044
DZA,Algeria,1997,2.8861,29579.301
DZA,Algeria,1998,2.6911,30054.133
DZA,Algeria,1999,2.6198,30474.354
DZA,Algeria,2000,2.5898,30903.893
DZA,Algeria,2001,2.5192,31331.221
DZA,Algeria,2002,2.4286,31750.835
DZA,Algeria,2003,2.4505,32175.818
DZA,Algeria,2004,2.5001,32628.286
DZA,Algeria,2005,2.5619,33109.249
DZA,Algeria,2006,2.6277,33623.506
DZA,Algeria,2007,2.7042,34189.416
DZA,Algeria,2008,2.7848,34816.961
DZA,Algeria,2009,2.8248,35490.445
DZA,Algeria,2010,2.8747,36188.236
DZA,Algeria,2011,2.8991,36903.376
DZA,Algeria,2012,2.9957,37646.166
DZA,Algeria,2013,2.9968,38414.171
DZA,Algeria,2014,3.0837,39205.03
DZA,Algeria,2015,3.0914,40019.529
DZA,Algeria,2016,3.0906,40850.721
DZA,Algeria,2017,3.0896,41689.299
DZA,Algeria,2018,3.019,42505.035
DZA,Algeria,2019,2.9973,43294.546
DZA,Algeria,2020,2.9404,44042.091
DZA,Algeria,2021,2.8698,44761.099
DZA,Algeria,2022,2.8174,45477.389
DZA,Algeria,2023,2.7662,46164.219
ECU,Ecuador,1950,6.7251,3516.791
ECU,Ecuador,1951,6.7334,3607.829
ECU,Ecuador,1952,6.7478,3702.4
ECU,Ecuador,1953,6.7583,3800.292
ECU,Ecuador,1954,6.7646,3901.506
ECU,Ecuador,1955,6.7669,4006.188
ECU,Ecuador,1956,6.7653,4114.534
ECU,Ecuador,1957,6.7597,4226.859
ECU,Ecuador,1958,6.7502,4343.497
ECU,Ecuador,1959,6.7372,4464.756
ECU,Ecuador,1960,6.7205,4590.891
ECU,Ecuador,1961,6.7002,4722.331
ECU,Ecuador,1962,6.6757,4859.268
ECU,Ecuador,1963,6.6461,5001.716
ECU,Ecuador,1964,6.6097,5149.918
ECU,Ecuador,1965,6.5642,5303.963
ECU,Ecuador,1966,6.5067,5463.748
ECU,Ecuador,1967,6.4359,5629.058
ECU,Ecuador,1968,6.3509,5799.68
ECU,Ecuador,1969,6.2518,5975.236
ECU,Ecuador,1970,6.1384,6155.387
ECU,Ecuador,1971,6.0113,6340.052
ECU,Ecuador,1972,5.8732,6529.034
ECU,Ecuador,1973,5.7274,6722.033
ECU,Ecuador,1974,5.5772,6918.572
ECU,Ecuador,1975,5.4258,7118.25
ECU,Ecuador,1976,5.2761,7320.912
ECU,Ecuador,1977,5.13,7526.819
ECU,Ecuador,1978,4.9892,7736.167
ECU,Ecuador,1979,4.8554,7948.869
ECU,Ecuador,1980,4.7296,8165.877
ECU,Ecuador,1981,4.6119,8386.91
ECU,Ecuador,1982,4.5007,8611.298
ECU,Ecuador,1983,4.3946,8840.418
ECU,Ecuador,1984,4.3048,9074.782
ECU,Ecuador,1985,4.1449,9311.154
ECU,Ecuador,1986,3.9997,9545.998
ECU,Ecuador,1987,3.8703,9779.29
ECU,Ecuador,1988,3.787,10010.808
ECU,Ecuador,1989,3.7359,10241.852
ECU,Ecuador,1990,3.6795,10473.673
ECU,Ecuador,1991,3.6326,10702.38
ECU,Ecuador,1992,3.5748,10930.128
ECU,Ecuador,1993,3.4905,11154.274
ECU,Ecuador,1994,3.4195,11372.197
ECU,Ecuador,1995,3.3814,11590.514
ECU,Ecuador,1996,3.351,11810.95
ECU,Ecuador,1997,3.2877,12031.126
ECU,Ecuador,1998,3.228,12251.184
ECU,Ecuador,1999,3.1659,12470.795
ECU,Ecuador,2000,3.1019,12689.206
ECU,Ecuador,2001,3.0366,12910.74
ECU,Ecuador,2002,2.9723,13138.472
ECU,Ecuador,2003,2.9106,13372.306
ECU,Ecuador,2004,2.8527,13608.702
ECU,Ecuador,2005,2.7998,13846.162
ECU,Ecuador,2006,2.7526,14086.132
ECU,Ecuador,2007,2.7038,14328.773
ECU,Ecuador,2008,2.6879,14575.202
ECU,Ecuador,2009,2.6776,14825.954
ECU,Ecuador,2010,2.6148,15076.695
ECU,Ecuador,2011,2.6051,15326.226
ECU,Ecuador,2012,2.509,15572.194
ECU,Ecuador,2013,2.3617,15807.128
ECU,Ecuador,2014,2.2745,16035.124
ECU,Ecuador,2015,2.2085,16266.225
ECU,Ecuador,2016,2.1217,16505.139
ECU,Ecuador,2017,2.1278,16759.519
ECU,Ecuador,2018,2.1111,17049.547
ECU,Ecuador,2019,2.0348,17340.021
ECU,Ecuador,2020,1.9671,17546.065
ECU,Ecuador,2021,1.9092,17682.454
ECU,Ecuador,2022,1.8613,17823.897
ECU,Ecuador,2023,1.8228,17980.083
EGY,Egypt,1950,7.0582,21148.164
EGY,Egypt,1951,7.0734,21605.918
EGY,Egypt,1952,7.0794,22104.945
EGY,Egypt,1953,7.0858,22644.142
EGY,Egypt,1954,7.0571,23212.56
EGY,Egypt,1955,7.0147,23795.229
EGY,Egypt,1956,6.9685,24387.343
EGY,Egypt,1957,6.9215,24994.408
EGY,Egypt,1958,6.8626,25600.321
EGY,Egypt,1959,6.828,26226.857
EGY,Egypt,1960,6.7929,26896.479
EGY,Egypt,1961,6.7584,27600.898
EGY,Egypt,1962,6.7088,28337.013
EGY,Egypt,1963,6.6475,29091.869
EGY,Egypt,1964,6.5411,29858.922
EGY,Egypt,1965,6.3867,30629.174
EGY,Egypt,1966,6.3083,31406.541
EGY,Egypt,1967,6.2518,32196.36
EGY,Egypt,1968,6.193,32998.318
EGY,Egypt,1969,6.1204,33811.615
EGY,Egypt,1970,6.059,34623.99
EGY,Egypt,1971,5.9903,35433.368
EGY,Egypt,1972,5.929,36258.328
EGY,Egypt,1973,5.8434,37102.043
EGY,Egypt,1974,5.7843,37969.667
EGY,Egypt,1975,5.7491,38875.327
EGY,Egypt,1976,5.7268,39795.557
EGY,Egypt,1977,5.6783,40748.87
EGY,Egypt,1978,5.6294,41761.431
EGY,Egypt,1979,5.5685,42818.628
EGY,Egypt,1980,5.4938,43950.413
EGY,Egypt,1981,5.3678,45147.224
EGY,Egypt,1982,5.3293,46407.611
EGY,Egypt,1983,5.3085,47786.402
EGY,Egypt,1984,5.2067,49247.334
EGY,Egypt,1985,5.1157,50734.968
EGY,Egypt,1986,4.9981,52206.295
EGY,Egypt,1987,4.911,53674.435
EGY,Egypt,1988,4.8331,55187.682
EGY,Egypt,1989,4.6756,56710.642
EGY,Egypt,1990,4.5121,58396.618
EGY,Egypt,1991,4.3147,60028.997
EGY,Egypt,1992,4.1488,61480.66
EGY,Egypt,1993,3.9926,62915.681
EGY,Egypt,1994,3.8651,64285.589
EGY,Egypt,1995,3.7644,65652.622
EGY,Egypt,1996,3.6996,67028.048
EGY,Egypt,1997,3.6819,68431.74
EGY,Egypt,1998,3.6814,69943.294
EGY,Egypt,1999,3.5991,71520.954
EGY,Egypt,2000,3.505,73083.284
EGY,Egypt,2001,3.4605,74652.029
EGY,Egypt,2002,3.4116,76239.137
EGY,Egypt,2003,3.3524,77853.548
EGY,Egypt,2004,3.2834,79477.443
EGY,Egypt,2005,3.2535,81101.004
EGY,Egypt,2006,3.2228,82700.403
EGY,Egypt,2007,3.2367,84276.225
EGY,Egypt,2008,3.2377,85864.79
EGY,Egypt,2009,3.2589,87501.636
EGY,Egypt,2010,3.296,89196.072
EGY,Egypt,2011,3.3105,91093.059
EGY,Egypt,2012,3.4,93161.002
EGY,Egypt,2013,3.49,95333.553
EGY,Egypt,2014,3.49,97528.654
EGY,Egypt,2015,3.5,99597.342
EGY,Egypt,2016,3.35,101644.589
EGY,Egypt,2017,3.31,103696.057
EGY,Egypt,2018,3.02,105682.094
EGY,Egypt,2019,2.87,107553.158
EGY,Egypt,2020,2.85,109315.124
EGY,Egypt,2021,2.75,110957.008
EGY,Egypt,2022,2.75,112618.25
EGY,Egypt,2023,2.75,114535.772
ERI,Eritrea,1950,6.5225,814.866
ERI,Eritrea,1951,6.5146,827.026
ERI,Eritrea,1952,6.5222,840.34
ERI,Eritrea,1953,6.5258,854.702
ERI,Eritrea,1954,6.5052,870.021
ERI,Eritrea,1955,6.4876,886.237
ERI,Eritrea,1956,6.4775,903.407
ERI,Eritrea,1957,6.4947,918.798
ERI,Eritrea,1958,6.4896,932.583
ERI,Eritrea,1959,6.507,950.564
ERI,Eritrea,1960,6.4826,972.546
ERI,Eritrea,1961,6.4735,995.573
ERI,Eritrea,1962,6.4965,1019.788
ERI,Eritrea,1963,6.4815,1045.092
ERI,Eritrea,1964,6.4871,1071.287
ERI,Eritrea,1965,6.4939,1098.335
ERI,Eritrea,1966,6.4966,1124.956
ERI,Eritrea,1967,6.5044,1152.339
ERI,Eritrea,1968,6.5026,1181.737
ERI,Eritrea,1969,6.5026,1212.005
ERI,Eritrea,1970,6.5407,1243.453
ERI,Eritrea,1971,6.5412,1276.154
ERI,Eritrea,1972,6.5382,1309.235
ERI,Eritrea,1973,6.5479,1342.669
ERI,Eritrea,1974,6.567,1375.688
ERI,Eritrea,1975,6.5864,1408.21
ERI,Eritrea,1976,6.6028,1443.807
ERI,Eritrea,1977,6.6083,1482.565
ERI,Eritrea,1978,6.6072,1522.378
ERI,Eritrea,1979,6.6207,1563.332
ERI,Eritrea,1980,6.614,1605.797
ERI,Eritrea,1981,6.6221,1649.939
ERI,Eritrea,1982,6.6341,1695.461
ERI,Eritrea,1983,6.6462,1736.16
ERI,Eritrea,1984,6.6233,1771.73
ERI,Eritrea,1985,6.5868,1807.816
ERI,Eritrea,1986,6.5546,1845.164
ERI,Eritrea,1987,6.5198,1888.669
ERI,Eritrea,1988,6.4667,1938.254
ERI,Eritrea,1989,6.4125,1987.017
ERI,Eritrea,1990,6.3379,2032.737
ERI,Eritrea,1991,6.2421,1919.571
ERI,Eritrea,1992,6.1565,1798.748
ERI,Eritrea,1993,6.0695,1856.006
ERI,Eritrea,1994,6.0049,1913.915
ERI,Eritrea,1995,5.9388,2025.267
ERI,Eritrea,1996,5.8409,2128.464
ERI,Eritrea,1997,5.7434,2152.134
ERI,Eritrea,1998,5.6332,2180.419
ERI,Eritrea,1999,5.5156,2212.78
ERI,Eritrea,2000,5.3971,2247.031
ERI,Eritrea,2001,5.3059,2312.078
ERI,Eritrea,2002,5.2329,2392.978
ERI,Eritrea,2003,5.143,2493.903
ERI,Eritrea,2004,5.0356,2598.284
ERI,Eritrea,2005,4.9336,2661.214
ERI,Eritrea,2006,4.8808,2703.502
ERI,Eritrea,2007,4.8121,2743.222
ERI,Eritrea,2008,4.7371,2816.327
ERI,Eritrea,2009,4.6558,2887.885
ERI,Eritrea,2010,4.5708,2945.186
ERI,Eritrea,2011,4.4863,2998.485
ERI,Eritrea,2012,4.4069,3036.988
ERI,Eritrea,2013,4.3355,3074.36
ERI,Eritrea,2014,4.2726,3095.173
ERI,Eritrea,2015,4.2165,3105.546
ERI,Eritrea,2016,4.1644,3124.698
ERI,Eritrea,2017,4.112,3150.347
ERI,Eritrea,2018,4.0564,3192.76
ERI,Eritrea,2019,3.9969,3240.194
ERI,Eritrea,2020,3.9334,3291.27
ERI,Eritrea,2021,3.8674,3350.183
ERI,Eritrea,2022,3.7858,3409.447
ERI,Eritrea,2023,3.7135,3470.39
ESH,Western Sahara,1950,6.0118,12.96
ESH,Western Sahara,1951,6.0465,14.204
ESH,Western Sahara,1952,6.0816,15.534
ESH,Western Sahara,1953,6.119,16.968
ESH,Western Sahara,1954,6.1541,18.534
ESH,Western Sahara,1955,6.1925,20.208
ESH,Western Sahara,1956,6.2176,22.003
ESH,Western Sahara,1957,6.2366,23.901
ESH,Western Sahara,1958,6.3006,25.916
ESH,Western Sahara,1959,6.3488,28.062
ESH,Western Sahara,1960,6.4074,30.328
ESH,Western Sahara,1961,6.4578,32.725
ESH,Western Sahara,1962,6.508,35.253
ESH,Western Sahara,1963,6.5181,37.896
ESH,Western Sahara,1964,6.5158,40.658
ESH,Western Sahara,1965,6.5151,43.532
ESH,Western Sahara,1966,6.5262,46.521
ESH,Western Sahara,1967,6.5118,50.624
ESH,Western Sahara,1968,6.4777,55.984
ESH,Western Sahara,1969,6.4255,61.644
ESH,Western Sahara,1970,6.3706,71.728
ESH,Western Sahara,1971,6.3185,78.72
ESH,Western Sahara,1972,6.2852,78.25
ESH,Western Sahara,1973,6.252,77.646
ESH,Western Sahara,1974,6.2227,76.478
ESH,Western Sahara,1975,6.2019,66.89
ESH,Western Sahara,1976,6.1802,64.489
ESH,Western Sahara,1977,6.1241,77.388
ESH,Western Sahara,1978,6.0551,90.89
ESH,Western Sahara,1979,5.9625,104.982
ESH,Western Sahara,1980,5.8555,117.374
ESH,Western Sahara,1981,5.7073,126.896
ESH,Western Sahara,1982,5.5985,134.481
ESH,Western Sahara,1983,5.5204,140.584
ESH,Western Sahara,1984,5.4433,146.15
ESH,Western Sahara,1985,5.3632,151.76
ESH,Western Sahara,1986,5.222,157.364
ESH,Western Sahara,1987,5.0793,162.878
ESH,Western Sahara,1988,4.937,168.408
ESH,Western Sahara,1989,4.8133,173.923
ESH,Western Sahara,1990,4.6907,179.544
ESH,Western Sahara,1991,4.5376,185.3
ESH,Western Sahara,1992,4.4022,190.938
ESH,Western Sahara,1993,4.2705,196.474
ESH,Western Sahara,1994,4.1488,201.918
ESH,Western Sahara,1995,4.0461,209.924
ESH,Western Sahara,1996,3.943,221.387
ESH,Western Sahara,1997,3.8322,233.773
ESH,Western Sahara,1998,3.7223,246.304
ESH,Western Sahara,1999,3.6083,258.969
ESH,Western Sahara,2000,3.4872,271.943
ESH,Western Sahara,2001,3.3408,285.188
ESH,Western Sahara,2002,3.1925,298.464
ESH,Western Sahara,2003,3.0701,311.784
ESH,Western Sahara,2004,2.9651,325.19
ESH,Western Sahara,2005,2.892,338.699
ESH,Western Sahara,2006,2.8324,352.647
ESH,Western Sahara,2007,2.7753,366.861
ESH,Western Sahara,2008,2.7229,380.822
ESH,Western Sahara,2009,2.6749,394.957
ESH,Western Sahara,2010,2.6354,409.716
ESH,Western Sahara,2011,2.5857,425.087
ESH,Western Sahara,2012,2.549,441.031
ESH,Western Sahara,2013,2.4989,457.424
ESH,Western Sahara,2014,2.4587,472.579
ESH,Western Sahara,2015,2.4169,486.222
ESH,Western Sahara,2016,2.3818,499.651
ESH,Western Sahara,2017,2.3515,512.843
ESH,Western Sahara,2018,2.3157,525.782
ESH,Western Sahara,2019,2.2806,538.44
ESH,Western Sahara,2020,2.2504,549.365
ESH,Western Sahara,2021,2.219,558.619
ESH,Western Sahara,2022,2.1891,568.738
ESH,Western Sahara,2023,2.1638,579.729
ESP,Spain,1950,2.4698,28077.049
ESP,Spain,1951,2.4572,28214.86
ESP,Spain,1952,2.5388,28406.041
ESP,Spain,1953,2.5,28632.697
ESP,Spain,1954,2.4382,28857.828
ESP,Spain,1955,2.5072,29089.776
ESP,Spain,1956,2.5404,29323.67
ESP,Spain,1957,2.6883,29569.964
ESP,Spain,1958,2.7284,29849.659
ESP,Spain,1959,2.7541,30140.707
ESP,Spain,1960,2.8077,30404.939
ESP,Spain,1961,2.7779,30699.567
ESP,Spain,1962,2.8043,31040.106
ESP,Spain,1963,2.8758,31379.827
ESP,Spain,1964,2.9977,31741.586
ESP,Spain,1965,2.9258,32110.668
ESP,Spain,1966,2.913,32465.884
ESP,Spain,1967,2.9714,32820.751
ESP,Spain,1968,2.9226,33170.12
ESP,Spain,1969,2.9005,33496.936
ESP,Spain,1970,2.8841,33812.723
ESP,Spain,1971,2.8985,34157.451
ESP,Spain,1972,2.8692,34539.867
ESP,Spain,1973,2.8407,34926.524
ESP,Spain,1974,2.8708,35361.762
ESP,Spain,1975,2.7734,35795.769
ESP,Spain,1976,2.7642,36176.28
ESP,Spain,1977,2.6531,36551.27
ESP,Spain,1978,2.539,36904.968
ESP,Spain,1979,2.3683,37230.372
ESP,Spain,1980,2.2121,37537.564
ESP,Spain,1981,2.0399,37812.712
ESP,Spain,1982,1.9359,38047.101
ESP,Spain,1983,1.7994,38253.244
ESP,Spain,1984,1.7223,38437.482
ESP,Spain,1985,1.6374,38601.321
ESP,Spain,1986,1.5543,38735.705
ESP,Spain,1987,1.4921,38852.01
ESP,Spain,1988,1.4445,38952.264
ESP,Spain,1989,1.3958,39029.558
ESP,Spain,1990,1.3576,39084.979
ESP,Spain,1991,1.3251,39201.759
ESP,Spain,1992,1.3057,39420.346
ESP,Spain,1993,1.2532,39651.621
ESP,Spain,1994,1.1903,39858.721
ESP,Spain,1995,1.1534,40052.738
ESP,Spain,1996,1.1394,40237.372
ESP,Spain,1997,1.1446,40423.826
ESP,Spain,1998,1.1308,40617.44
ESP,Spain,1999,1.1652,40812.856
ESP,Spain,2000,1.2102,41019.774
ESP,Spain,2001,1.2306,41245.599
ESP,Spain,2002,1.2514,41755.704
ESP,Spain,2003,1.2925,42506.543
ESP,Spain,2004,1.3125,43234.566
ESP,Spain,2005,1.3294,43958.885
ESP,Spain,2006,1.3598,44695.448
ESP,Spain,2007,1.3787,45516.507
ESP,Spain,2008,1.4364,46235.054
ESP,Spain,2009,1.3806,46635.18
ESP,Spain,2010,1.3662,46840.472
ESP,Spain,2011,1.3404,46998.043
ESP,Spain,2012,1.3179,47018.323
ESP,Spain,2013,1.277,46860.389
ESP,Spain,2014,1.3154,46720.188
ESP,Spain,2015,1.3295,46683.686
ESP,Spain,2016,1.3319,46732.771
ESP,Spain,2017,1.3054,46868.596
ESP,Spain,2018,1.2595,47092.821
ESP,Spain,2019,1.23,47435.119
ESP,Spain,2020,1.1864,47679.489
ESP,Spain,2021,1.1881,47735.664
ESP,Spain,2022,1.205,47828.382
ESP,Spain,2023,1.2131,47911.58
EST,Estonia,1950,2.2735,1102.042
EST,Estonia,1951,2.2732,1116.198
EST,Estonia,1952,2.2583,1129.876
EST,Estonia,1953,2.1274,1142.64
EST,Estonia,1954,2.1611,1154.804
EST,Estonia,1955,2.1087,1166.871
EST,Estonia,1956,1.9728,1178.171
EST,Estonia,1957,1.924,1188.778
EST,Estonia,1958,1.9169,1200.406
EST,Estonia,1959,1.9542,1209.939
EST,Estonia,1960,1.984,1220.453
EST,Estonia,1961,1.9864,1235.168
EST,Estonia,1962,1.9573,1249.624
EST,Estonia,1963,1.9044,1263.756
EST,Estonia,1964,1.9496,1278.34
EST,Estonia,1965,1.8988,1292.804
EST,Estonia,1966,1.8842,1306.438
EST,Estonia,1967,1.903,1320.053
EST,Estonia,1968,2.0201,1334.299
EST,Estonia,1969,2.1162,1348.702
EST,Estonia,1970,2.1707,1361.866
EST,Estonia,1971,2.2039,1374.514
EST,Estonia,1972,2.1542,1387.212
EST,Estonia,1973,2.0845,1399.342
EST,Estonia,1974,2.0803,1411.547
EST,Estonia,1975,2.044,1423.504
EST,Estonia,1976,2.0564,1434.871
EST,Estonia,1977,2.0551,1446.564
EST,Estonia,1978,2.0185,1458.224
EST,Estonia,1979,2.0082,1468.023
EST,Estonia,1980,2.0247,1476.463
EST,Estonia,1981,2.0776,1485.339
EST,Estonia,1982,2.0899,1494.908
EST,Estonia,1983,2.1676,1505.237
EST,Estonia,1984,2.1767,1515.61
EST,Estonia,1985,2.1267,1525.28
EST,Estonia,1986,2.1717,1535.593
EST,Estonia,1987,2.2612,1547.254
EST,Estonia,1988,2.2659,1559.097
EST,Estonia,1989,2.2092,1567.588
EST,Estonia,1990,2.0418,1570.303
EST,Estonia,1991,1.8021,1565.383
EST,Estonia,1992,1.6969,1540.212
EST,Estonia,1993,1.486,1504.342
EST,Estonia,1994,1.4103,1475.714
EST,Estonia,1995,1.3722,1452.777
EST,Estonia,1996,1.3608,1434.651
EST,Estonia,1997,1.3058,1421.496
EST,Estonia,1998,1.2719,1411.203
EST,Estonia,1999,1.2926,1403.578
EST,Estonia,2000,1.3473,1396.997
EST,Estonia,2001,1.3154,1388.171
EST,Estonia,2002,1.3532,1379.435
EST,Estonia,2003,1.3648,1370.85
EST,Estonia,2004,1.465,1362.676
EST,Estonia,2005,1.5147,1354.848
EST,Estonia,2006,1.5828,1346.88
EST,Estonia,2007,1.6848,1340.705
EST,Estonia,2008,1.7186,1337.074
EST,Estonia,2009,1.7008,1334.528
EST,Estonia,2010,1.7158,1331.448
EST,Estonia,2011,1.6156,1327.358
EST,Estonia,2012,1.5615,1322.616
EST,Estonia,2013,1.5239,1317.919
EST,Estonia,2014,1.5427,1314.452
EST,Estonia,2015,1.5805,1314.576
EST,Estonia,2016,1.6035,1315.849
EST,Estonia,2017,1.5957,1317.425
EST,Estonia,2018,1.6702,1321.965
EST,Estonia,2019,1.6614,1326.822
EST,Estonia,2020,1.5876,1329.669
EST,Estonia,2021,1.5941,1331.749
EST,Estonia,2022,1.41,1350.092
EST,Estonia,2023,1.35,1367.196
ETH,Ethiopia,1950,6.4329,17670.412
ETH,Ethiopia,1951,6.4294,17989.061
ETH,Ethiopia,1952,6.4348,18326.173
ETH,Ethiopia,1953,6.4489,18674.776
ETH,Ethiopia,1954,6.4591,19038.035
ETH,Ethiopia,1955,6.4575,19419.77
ETH,Ethiopia,1956,6.4581,19818.885
ETH,Ethiopia,1957,6.4641,20173.739
ETH,Ethiopia,1958,6.473,20480.285
ETH,Ethiopia,1959,6.4939,20878.105
ETH,Ethiopia,1960,6.5139,21376.693
ETH,Ethiopia,1961,6.5326,21906.102
ETH,Ethiopia,1962,6.5613,22465.126
ETH,Ethiopia,1963,6.586,23051.637
ETH,Ethiopia,1964,6.6116,23666.548
ETH,Ethiopia,1965,6.6301,24310.612
ETH,Ethiopia,1966,6.6606,24952.689
ETH,Ethiopia,1967,6.6844,25620.276
ETH,Ethiopia,1968,6.7004,26337.93
ETH,Ethiopia,1969,6.7187,27072.571
ETH,Ethiopia,1970,6.7818,27829.128
ETH,Ethiopia,1971,6.8383,28600.106
ETH,Ethiopia,1972,6.895,29374.608
ETH,Ethiopia,1973,6.9617,30166.785
ETH,Ethiopia,1974,7.0182,30957.273
ETH,Ethiopia,1975,7.0789,31723.252
ETH,Ethiopia,1976,7.1293,32534.418
ETH,Ethiopia,1977,7.1887,33167.272
ETH,Ethiopia,1978,7.2291,33734.592
ETH,Ethiopia,1979,7.2481,34238.652
ETH,Ethiopia,1980,7.2871,34428.514
ETH,Ethiopia,1981,7.3134,35304.012
ETH,Ethiopia,1982,7.337,36701.29
ETH,Ethiopia,1983,7.351,37740.817
ETH,Ethiopia,1984,7.3557,38735.722
ETH,Ethiopia,1985,7.3381,39842.136
ETH,Ethiopia,1986,7.3176,41037.656
ETH,Ethiopia,1987,7.2932,42460.04
ETH,Ethiopia,1988,7.2622,44150.826
ETH,Ethiopia,1989,7.2291,45879.69
ETH,Ethiopia,1990,7.1961,47609.755
ETH,Ethiopia,1991,7.1609,49717.198
ETH,Ethiopia,1992,7.1245,51853.747
ETH,Ethiopia,1993,7.0881,53708.891
ETH,Ethiopia,1994,7.0505,55611.508
ETH,Ethiopia,1995,6.9976,57537.335
ETH,Ethiopia,1996,6.9276,59467.635
ETH,Ethiopia,1997,6.8692,61404.539
ETH,Ethiopia,1998,6.792,63363.524
ETH,Ethiopia,1999,6.7211,65374.561
ETH,Ethiopia,2000,6.6544,67411.494
ETH,Ethiopia,2001,6.579,69487.762
ETH,Ethiopia,2002,6.4991,71635.517
ETH,Ethiopia,2003,6.3996,73832.663
ETH,Ethiopia,2004,6.3006,76077.206
ETH,Ethiopia,2005,6.1936,78367.47
ETH,Ethiopia,2006,6.0469,80703.49
ETH,Ethiopia,2007,5.8871,83103.218
ETH,Ethiopia,2008,5.6948,85543.668
ETH,Ethiopia,2009,5.4883,88007.636
ETH,Ethiopia,2010,5.2825,90538.514
ETH,Ethiopia,2011,5.0796,93149.97
ETH,Ethiopia,2012,4.8873,95798.767
ETH,Ethiopia,2013,4.7082,98438.751
ETH,Ethiopia,2014,4.6048,101115.61
ETH,Ethiopia,2015,4.5293,103867.134
ETH,Ethiopia,2016,4.4727,106718.162
ETH,Ethiopia,2017,4.4012,109666.481
ETH,Ethiopia,2018,4.3709,112664.152
ETH,Ethiopia,2019,4.3473,115737.383
ETH,Ethiopia,2020,4.2745,118917.671
ETH,Ethiopia,2021,4.1767,122138.588
ETH,Ethiopia,2022,4.0818,125384.287
ETH,Ethiopia,2023,3.9885,128691.692
FIN,Finland,1950,3.1526,4008.407
FIN,Finland,1951,3.0117,4047.643
FIN,Finland,1952,3.0508,4090.834
FIN,Finland,1953,2.9563,4139.764
FIN,Finland,1954,2.9269,4187.254
FIN,Finland,1955,2.9297,4235.196
FIN,Finland,1956,2.9095,4281.931
FIN,Finland,1957,2.8514,4324.184
FIN,Finland,1958,2.6816,4359.88
FIN,Finland,1959,2.7374,4394.748
FIN,Finland,1960,2.7186,4429.624
FIN,Finland,1961,2.7108,4460.995
FIN,Finland,1962,2.6796,4491.73
FIN,Finland,1963,2.6753,4523.898
FIN,Finland,1964,2.5886,4549.087
FIN,Finland,1965,2.4753,4564.15
FIN,Finland,1966,2.4037,4581.442
FIN,Finland,1967,2.316,4606.65
FIN,Finland,1968,2.1347,4627.346
FIN,Finland,1969,1.9298,4624.084
FIN,Finland,1970,1.8218,4606.305
FIN,Finland,1971,1.6849,4612.127
FIN,Finland,1972,1.5754,4639.548
FIN,Finland,1973,1.501,4665.914
FIN,Finland,1974,1.6086,4690.355
FIN,Finland,1975,1.6776,4711.168
FIN,Finland,1976,1.7009,4725.336
FIN,Finland,1977,1.6783,4738.584
FIN,Finland,1978,1.6418,4752.246
FIN,Finland,1979,1.6343,4764.439
FIN,Finland,1980,1.6301,4779.35
FIN,Finland,1981,1.6454,4799.848
FIN,Finland,1982,1.7103,4826.882
FIN,Finland,1983,1.7301,4855.788
FIN,Finland,1984,1.692,4881.826
FIN,Finland,1985,1.6402,4902.26
FIN,Finland,1986,1.5967,4918.255
FIN,Finland,1987,1.5919,4932.257
FIN,Finland,1988,1.6854,4946.628
FIN,Finland,1989,1.7084,4964.526
FIN,Finland,1990,1.776,4986.575
FIN,Finland,1991,1.7939,5013.88
FIN,Finland,1992,1.8399,5042.148
FIN,Finland,1993,1.8148,5066.59
FIN,Finland,1994,1.8395,5088.458
FIN,Finland,1995,1.8052,5107.922
FIN,Finland,1996,1.7719,5124.717
FIN,Finland,1997,1.7418,5139.925
FIN,Finland,1998,1.7019,5153.548
FIN,Finland,1999,1.7294,5165.516
FIN,Finland,2000,1.7256,5176.202
FIN,Finland,2001,1.7218,5187.971
FIN,Finland,2002,1.7175,5200.546
FIN,Finland,2003,1.7562,5212.955
FIN,Finland,2004,1.7945,5228.148
FIN,Finland,2005,1.8006,5246.082
FIN,Finland,2006,1.8322,5266.246
FIN,Finland,2007,1.8277,5288.71
FIN,Finland,2008,1.8429,5313.377
FIN,Finland,2009,1.8599,5338.856
FIN,Finland,2010,1.8629,5363.35
FIN,Finland,2011,1.8257,5388.241
FIN,Finland,2012,1.7971,5413.972
FIN,Finland,2013,1.7455,5439.053
FIN,Finland,2014,1.7064,5461.684
FIN,Finland,2015,1.6454,5479.718
FIN,Finland,2016,1.5649,5495.469
FIN,Finland,2017,1.4873,5508.396
FIN,Finland,2018,1.4072,5515.736
FIN,Finland,2019,1.3507,5521.759
FIN,Finland,2020,1.3739,5529.612
FIN,Finland,2021,1.4609,5541.075
FIN,Finland,2022,1.318,5569.299
FIN,Finland,2023,1.2803,5601.185
FJI,Fiji,1950,6.5182,309.514
FJI,Fiji,1951,6.5393,316.123
FJI,Fiji,1952,6.5367,323.365
FJI,Fiji,1953,6.5429,331.215
FJI,Fiji,1954,6.5535,339.744
FJI,Fiji,1955,6.5682,349.07
FJI,Fiji,1956,6.6016,359.21
FJI,Fiji,1957,6.5707,369.914
FJI,Fiji,1958,6.5289,381.072
FJI,Fiji,1959,6.4704,392.76
FJI,Fiji,1960,6.3643,404.888
FJI,Fiji,1961,6.2841,417.406
FJI,Fiji,1962,6.1978,430.536
FJI,Fiji,1963,6.0878,444.276
FJI,Fiji,1964,5.9603,458.324
FJI,Fiji,1965,5.763,472.574
FJI,Fiji,1966,5.5456,486.487
FJI,Fiji,1967,5.333,498.872
FJI,Fiji,1968,5.1133,510.002
FJI,Fiji,1969,4.9052,520.797
FJI,Fiji,1970,4.7077,531.188
FJI,Fiji,1971,4.5098,541.122
FJI,Fiji,1972,4.3156,550.499
FJI,Fiji,1973,4.1576,559.222
FJI,Fiji,1974,4.0677,567.488
FJI,Fiji,1975,4.1036,575.906
FJI,Fiji,1976,4.1232,585.534
FJI,Fiji,1977,4.108,597.805
FJI,Fiji,1978,4.0975,612.091
FJI,Fiji,1979,4.0779,626.862
FJI,Fiji,1980,4.0375,641.974
FJI,Fiji,1981,3.9913,657.471
FJI,Fiji,1982,3.9407,673.414
FJI,Fiji,1983,3.8775,689.835
FJI,Fiji,1984,3.7961,706.716
FJI,Fiji,1985,3.6634,723.762
FJI,Fiji,1986,3.5351,739.306
FJI,Fiji,1987,3.4785,750.54
FJI,Fiji,1988,3.4319,758.698
FJI,Fiji,1989,3.3984,766.321
FJI,Fiji,1990,3.3857,773.316
FJI,Fiji,1991,3.3652,779.656
FJI,Fiji,1992,3.3308,785.346
FJI,Fiji,1993,3.2928,790.369
FJI,Fiji,1994,3.2577,794.771
FJI,Fiji,1995,3.2513,798.746
FJI,Fiji,1996,3.2483,803.79
FJI,Fiji,1997,3.1885,812.138
FJI,Fiji,1998,3.1181,822.258
FJI,Fiji,1999,3.0507,831.828
FJI,Fiji,2000,2.9919,840.909
FJI,Fiji,2001,2.9726,849.596
FJI,Fiji,2002,2.9683,858.05
FJI,Fiji,2003,2.9568,866.286
FJI,Fiji,2004,2.9407,874.366
FJI,Fiji,2005,2.9166,882.379
FJI,Fiji,2006,2.9054,890.366
FJI,Fiji,2007,2.8716,897.832
FJI,Fiji,2008,2.8187,903.399
FJI,Fiji,2009,2.7601,907.239
FJI,Fiji,2010,2.6963,910.419
FJI,Fiji,2011,2.6308,912.988
FJI,Fiji,2012,2.6117,914.918
FJI,Fiji,2013,2.6037,916.352
FJI,Fiji,2014,2.5908,917.585
FJI,Fiji,2015,2.5672,918.578
FJI,Fiji,2016,2.5182,919.166
FJI,Fiji,2017,2.4613,918.758
FJI,Fiji,2018,2.4189,917.18
FJI,Fiji,2019,2.3852,914.9
FJI,Fiji,2020,2.3568,914.963
FJI,Fiji,2021,2.3317,916.711
FJI,Fiji,2022,2.3047,919.422
FJI,Fiji,2023,2.2811,924.146
FLK,Falkland Islands (Malvinas),1950,2.5571,2.19
FLK,Falkland Islands (Malvinas),1951,2.6585,2.203
FLK,Falkland Islands (Malvinas),1952,2.7455,2.212
FLK,Falkland Islands (Malvinas),1953,2.8258,2.204
FLK,Falkland Islands (Malvinas),1954,2.9089,2.187
FLK,Falkland Islands (Malvinas),1955,2.9839,2.184
FLK,Falkland Islands (Malvinas),1956,2.9922,2.189
FLK,Falkland Islands (Malvinas),1957,2.9961,2.199
FLK,Falkland Islands (Malvinas),1958,3.0317,2.217
FLK,Falkland Islands (Malvinas),1959,3.1179,2.239
FLK,Falkland Islands (Malvinas),1960,3.2269,2.262
FLK,Falkland Islands (Malvinas),1961,3.1616,2.288
FLK,Falkland Islands (Malvinas),1962,3.0659,2.304
FLK,Falkland Islands (Malvinas),1963,2.9992,2.305
FLK,Falkland Islands (Malvinas),1964,2.9768,2.303
FLK,Falkland Islands (Malvinas),1965,2.9888,2.299
FLK,Falkland Islands (Malvinas),1966,2.9732,2.295
FLK,Falkland Islands (Malvinas),1967,2.9854,2.29
FLK,Falkland Islands (Malvinas),1968,3.0357,2.28
FLK,Falkland Islands (Malvinas),1969,3.0403,2.276
FLK,Falkland Islands (Malvinas),1970,2.9998,2.275
FLK,Falkland Islands (Malvinas),1971,2.9541,2.272
FLK,Falkland Islands (Malvinas),1972,2.9162,2.277
FLK,Falkland Islands (Malvinas),1973,2.8733,2.283
FLK,Falkland Islands (Malvinas),1974,2.7522,2.287
FLK,Falkland Islands (Malvinas),1975,2.6366,2.293
FLK,Falkland Islands (Malvinas),1976,2.5466,2.299
FLK,Falkland Islands (Malvinas),1977,2.4675,2.294
FLK,Falkland Islands (Malvinas),1978,2.3869,2.28
FLK,Falkland Islands (Malvinas),1979,2.3075,2.265
FLK,Falkland Islands (Malvinas),1980,2.2388,2.252
FLK,Falkland Islands (Malvinas),1981,2.1514,2.247
FLK,Falkland Islands (Malvinas),1982,2.0545,2.247
FLK,Falkland Islands (Malvinas),1983,1.9551,2.248
FLK,Falkland Islands (Malvinas),1984,1.8693,2.246
FLK,Falkland Islands (Malvinas),1985,1.8353,2.241
FLK,Falkland Islands (Malvinas),1986,1.7981,2.241
FLK,Falkland Islands (Malvinas),1987,1.7431,2.259
FLK,Falkland Islands (Malvinas),1988,1.6757,2.289
FLK,Falkland Islands (Malvinas),1989,1.6129,2.32
FLK,Falkland Islands (Malvinas),1990,1.6034,2.346
FLK,Falkland Islands (Malvinas),1991,1.5917,2.395
FLK,Falkland Islands (Malvinas),1992,1.5644,2.481
FLK,Falkland Islands (Malvinas),1993,1.5159,2.574
FLK,Falkland Islands (Malvinas),1994,1.4613,2.67
FLK,Falkland Islands (Malvinas),1995,1.4606,2.768
FLK,Falkland Islands (Malvinas),1996,1.4714,2.848
FLK,Falkland Islands (Malvinas),1997,1.4727,2.912
FLK,Falkland Islands (Malvinas),1998,1.4679,2.975
FLK,Falkland Islands (Malvinas),1999,1.469,3.038
FLK,Falkland Islands (Malvinas),2000,1.5031,3.097
FLK,Falkland Islands (Malvinas),2001,1.5253,3.144
FLK,Falkland Islands (Malvinas),2002,1.5454,3.17
FLK,Falkland Islands (Malvinas),2003,1.5543,3.188
FLK,Falkland Islands (Malvinas),2004,1.5573,3.204
FLK,Falkland Islands (Malvinas),2005,1.5698,3.217
FLK,Falkland Islands (Malvinas),2006,1.5873,3.227
FLK,Falkland Islands (Malvinas),2007,1.6044,3.231
FLK,Falkland Islands (Malvinas),2008,1.6153,3.224
FLK,Falkland Islands (Malvinas),2009,1.6219,3.212
FLK,Falkland Islands (Malvinas),2010,1.628,3.197
FLK,Falkland Islands (Malvinas),2011,1.6493,3.183
FLK,Falkland Islands (Malvinas),2012,1.6693,3.2
FLK,Falkland Islands (Malvinas),2013,1.6856,3.264
FLK,Falkland Islands (Malvinas),2014,1.7033,3.339
FLK,Falkland Islands (Malvinas),2015,1.7101,3.408
FLK,Falkland Islands (Malvinas),2016,1.7114,3.478
FLK,Falkland Islands (Malvinas),2017,1.7084,3.518
FLK,Falkland Islands (Malvinas),2018,1.7049,3.521
FLK,Falkland Islands (Malvinas),2019,1.7007,3.517
FLK,Falkland Islands (Malvinas),2020,1.7022,3.506
FLK,Falkland Islands (Malvinas),2021,1.7007,3.498
FLK,Falkland Islands (Malvinas),2022,1.6899,3.49
FLK,Falkland Islands (Malvinas),2023,1.6852,3.477
FRA,France,1950,2.9648,41883.119
FRA,France,1951,2.8176,42333.662
FRA,France,1952,2.779,42780.273
FRA,France,1953,2.7019,43227.88
FRA,France,1954,2.7128,43676.898
FRA,France,1955,2.699,44136.09
FRA,France,1956,2.6929,44588.519
FRA,France,1957,2.7098,45036.376
FRA,France,1958,2.6889,45493.498
FRA,France,1959,2.7462,45963.763
FRA,France,1960,2.7352,46428.134
FRA,France,1961,2.8286,46893.835
FRA,France,1962,2.788,47352.622
FRA,France,1963,2.8727,47817.824
FRA,France,1964,2.8804,48319.087
FRA,France,1965,2.8263,48772.83
FRA,France,1966,2.7814,49184.656
FRA,France,1967,2.6491,49574.909
FRA,France,1968,2.5712,49947.251
FRA,France,1969,2.5259,50355.295
FRA,France,1970,2.4805,50813.075
FRA,France,1971,2.499,51293.059
FRA,France,1972,2.4268,51743.874
FRA,France,1973,2.3199,52162.21
FRA,France,1974,2.1247,52504.738
FRA,France,1975,1.9346,52746.325
FRA,France,1976,1.8324,52959.113
FRA,France,1977,1.8681,53197.137
FRA,France,1978,1.8302,53429.668
FRA,France,1979,1.8634,53660.896
FRA,France,1980,1.9509,53941.061
FRA,France,1981,1.947,54255.012
FRA,France,1982,1.9167,54582.408
FRA,France,1983,1.7895,54889.408
FRA,France,1984,1.8059,55176.619
FRA,France,1985,1.8165,55467.15
FRA,France,1986,1.8319,55752.834
FRA,France,1987,1.8035,56048.364
FRA,France,1988,1.8084,56361.848
FRA,France,1989,1.7914,56685.082
FRA,France,1990,1.7822,56990.238
FRA,France,1991,1.7726,57271.565
FRA,France,1992,1.7353,57554.87
FRA,France,1993,1.661,57801.266
FRA,France,1994,1.6653,57999.866
FRA,France,1995,1.718,58192.203
FRA,France,1996,1.7395,58380.641
FRA,France,1997,1.7299,58568.66
FRA,France,1998,1.7644,58778.816
FRA,France,1999,1.7927,59084.21
FRA,France,2000,1.8757,59483.717
FRA,France,2001,1.8792,59905.128
FRA,France,2002,1.8653,60327.248
FRA,France,2003,1.8734,60741.126
FRA,France,2004,1.8979,61175.246
FRA,France,2005,1.9159,61625.032
FRA,France,2006,1.9736,62049.838
FRA,France,2007,1.9517,62432.439
FRA,France,2008,1.9869,62780.19
FRA,France,2009,1.9898,63106.463
FRA,France,2010,2.0173,63417.363
FRA,France,2011,1.9946,63733.777
FRA,France,2012,1.9898,64058.466
FRA,France,2013,1.9727,64387.734
FRA,France,2014,1.9742,64692.492
FRA,France,2015,1.9266,64916.336
FRA,France,2016,1.8917,65086.855
FRA,France,2017,1.8587,65284.776
FRA,France,2018,1.8366,65519.543
FRA,France,2019,1.8262,65729.459
FRA,France,2020,1.7852,65905.277
FRA,France,2021,1.7994,66083.548
FRA,France,2022,1.76,66277.409
FRA,France,2023,1.6389,66438.822
FRO,Faroe Islands,1950,3.8456,31.664
FRO,Faroe Islands,1951,3.8545,31.903
FRO,Faroe Islands,1952,3.632,32.016
FRO,Faroe Islands,1953,3.5381,32.044
FRO,Faroe Islands,1954,3.5145,32.068
FRO,Faroe Islands,1955,3.6146,32.112
FRO,Faroe Islands,1956,3.6594,32.324
FRO,Faroe Islands,1957,3.831,32.726
FRO,Faroe Islands,1958,3.9663,33.173
FRO,Faroe Islands,1959,3.9837,33.651
FRO,Faroe Islands,1960,3.8543,34.127
FRO,Faroe Islands,1961,3.757,34.557
FRO,Faroe Islands,1962,3.8345,34.963
FRO,Faroe Islands,1963,3.8963,35.391
FRO,Faroe Islands,1964,3.9748,35.847
FRO,Faroe Islands,1965,4.0862,36.347
FRO,Faroe Islands,1966,4.0443,36.816
FRO,Faroe Islands,1967,3.9779,37.202
FRO,Faroe Islands,1968,3.8558,37.56
FRO,Faroe Islands,1969,3.5641,37.907
FRO,Faroe Islands,1970,3.4151,38.269
FRO,Faroe Islands,1971,3.2224,38.703
FRO,Faroe Islands,1972,3.2522,39.172
FRO,Faroe Islands,1973,3.2175,39.636
FRO,Faroe Islands,1974,3.0662,40.106
FRO,Faroe Islands,1975,2.9023,40.568
FRO,Faroe Islands,1976,2.7419,41.02
FRO,Faroe Islands,1977,2.6833,41.468
FRO,Faroe Islands,1978,2.6053,41.968
FRO,Faroe Islands,1979,2.6838,42.521
FRO,Faroe Islands,1980,2.4725,43.072
FRO,Faroe Islands,1981,2.4622,43.626
FRO,Faroe Islands,1982,2.3411,44.171
FRO,Faroe Islands,1983,2.168,44.67
FRO,Faroe Islands,1984,2.1703,45.141
FRO,Faroe Islands,1985,2.2819,45.578
FRO,Faroe Islands,1986,2.4,46.002
FRO,Faroe Islands,1987,2.3752,46.458
FRO,Faroe Islands,1988,2.5691,46.953
FRO,Faroe Islands,1989,2.7113,47.509
FRO,Faroe Islands,1990,2.7821,47.497
FRO,Faroe Islands,1991,2.6297,46.816
FRO,Faroe Islands,1992,2.528,46.022
FRO,Faroe Islands,1993,2.5034,45.135
FRO,Faroe Islands,1994,2.3986,44.17
FRO,Faroe Islands,1995,2.4572,43.838
FRO,Faroe Islands,1996,2.5767,44.177
FRO,Faroe Islands,1997,2.5032,44.54
FRO,Faroe Islands,1998,2.3384,44.894
FRO,Faroe Islands,1999,2.3376,45.215
FRO,Faroe Islands,2000,2.56,45.663
FRO,Faroe Islands,2001,2.3544,46.24
FRO,Faroe Islands,2002,2.544,46.827
FRO,Faroe Islands,2003,2.5421,47.423
FRO,Faroe Islands,2004,2.5906,48.017
FRO,Faroe Islands,2005,2.6309,48.361
FRO,Faroe Islands,2006,2.511,48.428
FRO,Faroe Islands,2007,2.5629,48.474
FRO,Faroe Islands,2008,2.5684,48.498
FRO,Faroe Islands,2009,2.3909,48.489
FRO,Faroe Islands,2010,2.4988,48.17
FRO,Faroe Islands,2011,2.3318,47.934
FRO,Faroe Islands,2012,2.5569,48.091
FRO,Faroe Islands,2013,2.5375,48.279
FRO,Faroe Islands,2014,2.555,48.49
FRO,Faroe Islands,2015,2.4203,48.894
FRO,Faroe Islands,2016,2.4896,49.522
FRO,Faroe Islands,2017,2.4954,50.243
FRO,Faroe Islands,2018,2.4336,51.034
FRO,Faroe Islands,2019,2.3991,51.842
FRO,Faroe Islands,2020,2.3592,52.586
FRO,Faroe Islands,2021,2.2921,53.3
FRO,Faroe Islands,2022,2.2609,54.011
FRO,Faroe Islands,2023,2.2402,54.714
FSM,Micronesia (Fed. States of),1950,6.6327,32.106
FSM,Micronesia (Fed. States of),1951,6.6403,33.003
FSM,Micronesia (Fed. States of),1952,6.6519,33.93
FSM,Micronesia (Fed. States of),1953,6.649,34.911
FSM,Micronesia (Fed. States of),1954,6.6522,35.921
FSM,Micronesia (Fed. States of),1955,6.6526,36.974
FSM,Micronesia (Fed. States of),1956,6.6688,38.08
FSM,Micronesia (Fed. States of),1957,6.684,39.218
FSM,Micronesia (Fed. States of),1958,6.6974,40.408
FSM,Micronesia (Fed. States of),1959,6.7145,41.659
FSM,Micronesia (Fed. States of),1960,6.7417,43.061
FSM,Micronesia (Fed. States of),1961,6.7396,44.61
FSM,Micronesia (Fed. States of),1962,6.7288,46.218
FSM,Micronesia (Fed. States of),1963,6.7129,47.744
FSM,Micronesia (Fed. States of),1964,6.7375,49.182
FSM,Micronesia (Fed. States of),1965,6.7427,50.684
FSM,Micronesia (Fed. States of),1966,6.781,52.258
FSM,Micronesia (Fed. States of),1967,6.8103,53.846
FSM,Micronesia (Fed. States of),1968,6.8397,55.457
FSM,Micronesia (Fed. States of),1969,6.8768,57.145
FSM,Micronesia (Fed. States of),1970,6.9282,58.922
FSM,Micronesia (Fed. States of),1971,6.9383,60.636
FSM,Micronesia (Fed. States of),1972,6.961,62.278
FSM,Micronesia (Fed. States of),1973,6.9705,63.986
FSM,Micronesia (Fed. States of),1974,6.9276,65.749
FSM,Micronesia (Fed. States of),1975,6.879,67.428
FSM,Micronesia (Fed. States of),1976,6.8182,69.048
FSM,Micronesia (Fed. States of),1977,6.7415,70.753
FSM,Micronesia (Fed. States of),1978,6.6499,72.754
FSM,Micronesia (Fed. States of),1979,6.5449,75.054
FSM,Micronesia (Fed. States of),1980,6.4232,77.407
FSM,Micronesia (Fed. States of),1981,6.2909,79.794
FSM,Micronesia (Fed. States of),1982,6.1644,82.219
FSM,Micronesia (Fed. States of),1983,6.0318,84.68
FSM,Micronesia (Fed. States of),1984,5.8879,87.176
FSM,Micronesia (Fed. States of),1985,5.7495,89.707
FSM,Micronesia (Fed. States of),1986,5.612,92.266
FSM,Micronesia (Fed. States of),1987,5.4665,94.844
FSM,Micronesia (Fed. States of),1988,5.3229,97.097
FSM,Micronesia (Fed. States of),1989,5.1831,99.003
FSM,Micronesia (Fed. States of),1990,5.0491,100.888
FSM,Micronesia (Fed. States of),1991,4.9201,102.754
FSM,Micronesia (Fed. States of),1992,4.802,104.806
FSM,Micronesia (Fed. States of),1993,4.6779,107.066
FSM,Micronesia (Fed. States of),1994,4.575,109.075
FSM,Micronesia (Fed. States of),1995,4.4944,110.23
FSM,Micronesia (Fed. States of),1996,4.4273,110.71
FSM,Micronesia (Fed. States of),1997,4.3553,111.071
FSM,Micronesia (Fed. States of),1998,4.301,111.378
FSM,Micronesia (Fed. States of),1999,4.2698,111.68
FSM,Micronesia (Fed. States of),2000,4.2168,112.044
FSM,Micronesia (Fed. States of),2001,4.0837,112.366
FSM,Micronesia (Fed. States of),2002,3.9335,112.448
FSM,Micronesia (Fed. States of),2003,3.7845,112.285
FSM,Micronesia (Fed. States of),2004,3.6808,111.926
FSM,Micronesia (Fed. States of),2005,3.5946,111.412
FSM,Micronesia (Fed. States of),2006,3.5135,110.729
FSM,Micronesia (Fed. States of),2007,3.4392,109.88
FSM,Micronesia (Fed. States of),2008,3.368,108.936
FSM,Micronesia (Fed. States of),2009,3.3132,107.958
FSM,Micronesia (Fed. States of),2010,3.2709,107.54
FSM,Micronesia (Fed. States of),2011,3.2235,107.698
FSM,Micronesia (Fed. States of),2012,3.1804,107.89
FSM,Micronesia (Fed. States of),2013,3.1333,108.121
FSM,Micronesia (Fed. States of),2014,3.0909,108.396
FSM,Micronesia (Fed. States of),2015,3.0486,108.716
FSM,Micronesia (Fed. States of),2016,3.001,109.074
FSM,Micronesia (Fed. States of),2017,2.9573,109.482
FSM,Micronesia (Fed. States of),2018,2.9225,109.909
FSM,Micronesia (Fed. States of),2019,2.8832,110.282
FSM,Micronesia (Fed. States of),2020,2.8523,110.916
FSM,Micronesia (Fed. States of),2021,2.8179,111.624
FSM,Micronesia (Fed. States of),2022,2.7848,112.114
FSM,Micronesia (Fed. States of),2023,2.7485,112.63
GAB,Gabon,1950,3.9481,472.842
GAB,Gabon,1951,3.9535,475.638
GAB,Gabon,1952,3.9686,478.588
GAB,Gabon,1953,3.9924,481.752
GAB,Gabon,1954,4.0249,485.151
GAB,Gabon,1955,4.0659,488.817
GAB,Gabon,1956,4.1154,492.786
GAB,Gabon,1957,4.1716,497.07
GAB,Gabon,1958,4.2498,501.728
GAB,Gabon,1959,4.3362,506.805
GAB,Gabon,1960,4.4221,512.316
GAB,Gabon,1961,4.5036,518.266
GAB,Gabon,1962,4.5869,524.648
GAB,Gabon,1963,4.649,531.452
GAB,Gabon,1964,4.7135,538.657
GAB,Gabon,1965,4.7849,546.308
GAB,Gabon,1966,4.8612,554.463
GAB,Gabon,1967,4.9191,563.108
GAB,Gabon,1968,4.9839,572.257
GAB,Gabon,1969,5.0488,583.276
GAB,Gabon,1970,5.0967,595.846
GAB,Gabon,1971,5.1625,608.348
GAB,Gabon,1972,5.2366,620.96
GAB,Gabon,1973,5.2867,633.996
GAB,Gabon,1974,5.3273,647.69
GAB,Gabon,1975,5.3907,662.197
GAB,Gabon,1976,5.4575,677.628
GAB,Gabon,1977,5.5162,693.984
GAB,Gabon,1978,5.5681,711.244
GAB,Gabon,1979,5.6083,729.374
GAB,Gabon,1980,5.6641,748.389
GAB,Gabon,1981,5.7261,768.386
GAB,Gabon,1982,5.7396,789.286
GAB,Gabon,1983,5.7591,811.006
GAB,Gabon,1984,5.7326,833.501
GAB,Gabon,1985,5.7133,856.726
GAB,Gabon,1986,5.6877,880.705
GAB,Gabon,1987,5.667,905.479
GAB,Gabon,1988,5.6231,931.02
GAB,Gabon,1989,5.5499,957.138
GAB,Gabon,1990,5.4587,983.734
GAB,Gabon,1991,5.3726,1010.818
GAB,Gabon,1992,5.2887,1038.38
GAB,Gabon,1993,5.1859,1066.405
GAB,Gabon,1994,5.0437,1094.72
GAB,Gabon,1995,4.8843,1123.213
GAB,Gabon,1996,4.7423,1152.015
GAB,Gabon,1997,4.6565,1181.439
GAB,Gabon,1998,4.5757,1211.736
GAB,Gabon,1999,4.5024,1243.016
GAB,Gabon,2000,4.4692,1275.572
GAB,Gabon,2001,4.4169,1309.589
GAB,Gabon,2002,4.3604,1345.135
GAB,Gabon,2003,4.2987,1382.35
GAB,Gabon,2004,4.252,1421.609
GAB,Gabon,2005,4.2097,1463.495
GAB,Gabon,2006,4.1703,1508.337
GAB,Gabon,2007,4.1418,1556.237
GAB,Gabon,2008,4.118,1607.175
GAB,Gabon,2009,4.1382,1661.556
GAB,Gabon,2010,4.1532,1719.879
GAB,Gabon,2011,4.1513,1781.985
GAB,Gabon,2012,4.0864,1846.89
GAB,Gabon,2013,4.0186,1913.059
GAB,Gabon,2014,3.953,1978.4
GAB,Gabon,2015,3.9207,2040.989
GAB,Gabon,2016,3.9207,2100.306
GAB,Gabon,2017,3.913,2156.9
GAB,Gabon,2018,3.9077,2212.318
GAB,Gabon,2019,3.8836,2267.706
GAB,Gabon,2020,3.8306,2322.539
GAB,Gabon,2021,3.7762,2376.722
GAB,Gabon,2022,3.7122,2430.747
GAB,Gabon,2023,3.6473,2484.788
GBR,United Kingdom,1950,2.224,50121.017
GBR,United Kingdom,1951,2.1855,50346.815
GBR,United Kingdom,1952,2.1927,50496.234
GBR,United Kingdom,1953,2.2271,50727.037
GBR,United Kingdom,1954,2.2459,50958.249
GBR,United Kingdom,1955,2.2794,51176.747
GBR,United Kingdom,1956,2.3747,51400.459
GBR,United Kingdom,1957,2.4704,51655.912
GBR,United Kingdom,1958,2.5458,51935.644
GBR,United Kingdom,1959,2.6044,52226.471
GBR,United Kingdom,1960,2.7036,52538.548
GBR,United Kingdom,1961,2.7895,52884.948
GBR,United Kingdom,1962,2.8663,53272.83
GBR,United Kingdom,1963,2.9099,53652.936
GBR,United Kingdom,1964,2.9307,54009.134
GBR,United Kingdom,1965,2.8667,54359.02
GBR,United Kingdom,1966,2.7767,54676.344
GBR,United Kingdom,1967,2.6784,54973.661
GBR,United Kingdom,1968,2.5922,55240.646
GBR,United Kingdom,1969,2.5016,55456.206
GBR,United Kingdom,1970,2.4213,55663.801
GBR,United Kingdom,1971,2.343,55890.372
GBR,United Kingdom,1972,2.1824,56079.239
GBR,United Kingdom,1973,2.0362,56188.792
GBR,United Kingdom,1974,1.9149,56224.55
GBR,United Kingdom,1975,1.8068,56220.143
GBR,United Kingdom,1976,1.7381,56201.138
GBR,United Kingdom,1977,1.6893,56175.83
GBR,United Kingdom,1978,1.7526,56175.556
GBR,United Kingdom,1979,1.8574,56218.763
GBR,United Kingdom,1980,1.888,56282.103
GBR,United Kingdom,1981,1.8166,56304.592
GBR,United Kingdom,1982,1.778,56292.755
GBR,United Kingdom,1983,1.7662,56332.058
GBR,United Kingdom,1984,1.7656,56451.313
GBR,United Kingdom,1985,1.7882,56606.414
GBR,United Kingdom,1986,1.7817,56751.922
GBR,United Kingdom,1987,1.8079,56886.024
GBR,United Kingdom,1988,1.8201,57026.546
GBR,United Kingdom,1989,1.7944,57182.136
GBR,United Kingdom,1990,1.8289,57367.862
GBR,United Kingdom,1991,1.8168,57555.192
GBR,United Kingdom,1992,1.7934,57719.272
GBR,United Kingdom,1993,1.7581,57861.037
GBR,United Kingdom,1994,1.7371,58003.203
GBR,United Kingdom,1995,1.7094,58154.634
GBR,United Kingdom,1996,1.7222,58298.565
GBR,United Kingdom,1997,1.7221,58447.089
GBR,United Kingdom,1998,1.7113,58626.819
GBR,United Kingdom,1999,1.682,58838.657
GBR,United Kingdom,2000,1.641,59057.338
GBR,United Kingdom,2001,1.6236,59288.09
GBR,United Kingdom,2002,1.6333,59540.763
GBR,United Kingdom,2003,1.6976,59820.385
GBR,United Kingdom,2004,1.747,60169.967
GBR,United Kingdom,2005,1.7611,60596.108
GBR,United Kingdom,2006,1.8124,61051.094
GBR,United Kingdom,2007,1.863,61535.854
GBR,United Kingdom,2008,1.905,62027.306
GBR,United Kingdom,2009,1.8928,62506.226
GBR,United Kingdom,2010,1.9178,63006.483
GBR,United Kingdom,2011,1.9111,63509.285
GBR,United Kingdom,2012,1.9091,63960.484
GBR,United Kingdom,2013,1.8302,64389.388
GBR,United Kingdom,2014,1.811,64865.916
GBR,United Kingdom,2015,1.8011,65382.11
GBR,United Kingdom,2016,1.7845,65893.358
GBR,United Kingdom,2017,1.7346,66354.471
GBR,United Kingdom,2018,1.6758,66752.475
GBR,United Kingdom,2019,1.6319,67110.958
GBR,United Kingdom,2020,1.5709,67351.862
GBR,United Kingdom,2021,1.5834,67668.792
GBR,United Kingdom,2022,1.56,68179.315
GBR,United Kingdom,2023,1.56,68682.962
GEO,Georgia,1950,2.9832,3497.442
GEO,Georgia,1951,2.9236,3541.236
GEO,Georgia,1952,2.8695,3586.784
GEO,Georgia,1953,2.8448,3633.974
GEO,Georgia,1954,2.8331,3682.723
GEO,Georgia,1955,2.8511,3734.03
GEO,Georgia,1956,2.8805,3789.578
GEO,Georgia,1957,2.9045,3849.526
GEO,Georgia,1958,2.9231,3913.624
GEO,Georgia,1959,2.9358,3981.694
GEO,Georgia,1960,2.9424,4053.8
GEO,Georgia,1961,2.9428,4129.028
GEO,Georgia,1962,2.9367,4205.699
GEO,Georgia,1963,2.9486,4282.793
GEO,Georgia,1964,2.8911,4358.324
GEO,Georgia,1965,2.7742,4429.322
GEO,Georgia,1966,2.7284,4503.014
GEO,Georgia,1967,2.7431,4582.952
GEO,Georgia,1968,2.6885,4663.584
GEO,Georgia,1969,2.6871,4743.028
GEO,Georgia,1970,2.6954,4804.055
GEO,Georgia,1971,2.7074,4843.145
GEO,Georgia,1972,2.674,4877.277
GEO,Georgia,1973,2.617,4911.008
GEO,Georgia,1974,2.5646,4944.634
GEO,Georgia,1975,2.5523,4979.409
GEO,Georgia,1976,2.5103,5015.92
GEO,Georgia,1977,2.4411,5053.551
GEO,Georgia,1978,2.4167,5091.796
GEO,Georgia,1979,2.3815,5128.674
GEO,Georgia,1980,2.3467,5165.546
GEO,Georgia,1981,2.3301,5205.03
GEO,Georgia,1982,2.3118,5246.474
GEO,Georgia,1983,2.3388,5290.18
GEO,Georgia,1984,2.3776,5334.257
GEO,Georgia,1985,2.3985,5376.896
GEO,Georgia,1986,2.38,5419.133
GEO,Georgia,1987,2.319,5461.016
GEO,Georgia,1988,2.3179,5500.24
GEO,Georgia,1989,2.3216,5499.641
GEO,Georgia,1990,2.3061,5448.868
GEO,Georgia,1991,2.2079,5379.51
GEO,Georgia,1992,2.0452,5294.187
GEO,Georgia,1993,1.9121,5178.78
GEO,Georgia,1994,1.8347,5046.272
GEO,Georgia,1995,1.8075,4925.743
GEO,Georgia,1996,1.7589,4812.775
GEO,Georgia,1997,1.7281,4695.356
GEO,Georgia,1998,1.7033,4576.451
GEO,Georgia,1999,1.6432,4455.583
GEO,Georgia,2000,1.6093,4328.358
GEO,Georgia,2001,1.5792,4209.636
GEO,Georgia,2002,1.5706,4127.846
GEO,Georgia,2003,1.5517,4085.483
GEO,Georgia,2004,1.5659,4056.074
GEO,Georgia,2005,1.5833,4026.131
GEO,Georgia,2006,1.6168,3996.592
GEO,Georgia,2007,1.6968,3967.59
GEO,Georgia,2008,1.8316,3941.195
GEO,Georgia,2009,1.9926,3918.941
GEO,Georgia,2010,1.9728,3895.924
GEO,Georgia,2011,1.9152,3868.724
GEO,Georgia,2012,1.9291,3839.208
GEO,Georgia,2013,1.9927,3809.125
GEO,Georgia,2014,2.18,3792.916
GEO,Georgia,2015,2.2144,3791.573
GEO,Georgia,2016,2.2279,3792.057
GEO,Georgia,2017,2.1364,3792.859
GEO,Georgia,2018,2.0932,3794.877
GEO,Georgia,2019,2.0211,3796.722
GEO,Georgia,2020,1.9759,3795.678
GEO,Georgia,2021,1.98,3788.451
GEO,Georgia,2022,1.82,3794.784
GEO,Georgia,2023,1.81,3807.492
GGY,Guernsey,1950,2.3284,44.946
GGY,Guernsey,1951,2.259,45.823
GGY,Guernsey,1952,2.1837,46.099
GGY,Guernsey,1953,2.1265,46.208
GGY,Guernsey,1954,2.0876,46.31
GGY,Guernsey,1955,2.0764,46.395
GGY,Guernsey,1956,2.0876,46.498
GGY,Guernsey,1957,2.121,46.658
GGY,Guernsey,1958,2.1472,46.823
GGY,Guernsey,1959,2.1871,46.979
GGY,Guernsey,1960,2.2357,47.164
GGY,Guernsey,1961,2.2726,47.484
GGY,Guernsey,1962,2.3741,47.993
GGY,Guernsey,1963,2.4737,48.615
GGY,Guernsey,1964,2.4749,49.289
GGY,Guernsey,1965,2.3484,49.97
GGY,Guernsey,1966,2.2255,50.651
GGY,Guernsey,1967,2.1457,51.364
GGY,Guernsey,1968,2.1336,52.107
GGY,Guernsey,1969,2.1643,52.86
GGY,Guernsey,1970,2.1051,53.634
GGY,Guernsey,1971,2.018,54.154
GGY,Guernsey,1972,1.9422,54.284
GGY,Guernsey,1973,1.8178,54.307
GGY,Guernsey,1974,1.7339,54.323
GGY,Guernsey,1975,1.6519,54.275
GGY,Guernsey,1976,1.5997,54.196
GGY,Guernsey,1977,1.5661,54.14
GGY,Guernsey,1978,1.566,54.088
GGY,Guernsey,1979,1.5927,54.013
GGY,Guernsey,1980,1.5948,53.929
GGY,Guernsey,1981,1.5714,54.029
GGY,Guernsey,1982,1.4945,54.352
GGY,Guernsey,1983,1.6189,54.751
GGY,Guernsey,1984,1.4718,55.212
GGY,Guernsey,1985,1.5509,55.704
GGY,Guernsey,1986,1.5927,56.239
GGY,Guernsey,1987,1.5748,56.849
GGY,Guernsey,1988,1.54,57.498
GGY,Guernsey,1989,1.551,58.187
GGY,Guernsey,1990,1.6052,58.901
GGY,Guernsey,1991,1.5605,59.38
GGY,Guernsey,1992,1.4809,59.511
GGY,Guernsey,1993,1.4358,59.506
GGY,Guernsey,1994,1.4187,59.461
GGY,Guernsey,1995,1.336,59.377
GGY,Guernsey,1996,1.4088,59.388
GGY,Guernsey,1997,1.4732,59.554
GGY,Guernsey,1998,1.4764,59.778
GGY,Guernsey,1999,1.4987,60.022
GGY,Guernsey,2000,1.4684,60.269
GGY,Guernsey,2001,1.454,60.462
GGY,Guernsey,2002,1.45,60.584
GGY,Guernsey,2003,1.456,60.682
GGY,Guernsey,2004,1.4672,60.776
GGY,Guernsey,2005,1.4905,60.877
GGY,Guernsey,2006,1.5129,60.986
GGY,Guernsey,2007,1.534,61.102
GGY,Guernsey,2008,1.5484,61.228
GGY,Guernsey,2009,1.5501,61.366
GGY,Guernsey,2010,1.5586,61.513
GGY,Guernsey,2011,1.5641,61.677
GGY,Guernsey,2012,1.5569,61.856
GGY,Guernsey,2013,1.5422,62.023
GGY,Guernsey,2014,1.5099,62.158
GGY,Guernsey,2015,1.4733,62.237
GGY,Guernsey,2016,1.4351,62.19
GGY,Guernsey,2017,1.3829,62.194
GGY,Guernsey,2018,1.3387,62.432
GGY,Guernsey,2019,1.3231,62.783
GGY,Guernsey,2020,1.3301,63.106
GGY,Guernsey,2021,1.362,63.414
GGY,Guernsey,2022,1.3668,63.725
GGY,Guernsey,2023,1.3619,64.017
GHA,Ghana,1950,6.6998,5080.664
GHA,Ghana,1951,6.7313,5229.124
GHA,Ghana,1952,6.7549,5387.496
GHA,Ghana,1953,6.7767,5553.97
GHA,Ghana,1954,6.7986,5729.428
GHA,Ghana,1955,6.8184,5914.924
GHA,Ghana,1956,6.8426,6109.609
GHA,Ghana,1957,6.8517,6312.501
GHA,Ghana,1958,6.86,6520.156
GHA,Ghana,1959,6.8738,6735.54
GHA,Ghana,1960,6.8905,6961.214
GHA,Ghana,1961,6.9122,7162.666
GHA,Ghana,1962,6.9418,7337.375
GHA,Ghana,1963,6.936,7514.714
GHA,Ghana,1964,6.9017,7695.739
GHA,Ghana,1965,6.8795,7882.606
GHA,Ghana,1966,6.8622,8074.521
GHA,Ghana,1967,6.8935,8271.913
GHA,Ghana,1968,6.8925,8475.73
GHA,Ghana,1969,6.9539,8690.383
GHA,Ghana,1970,6.9525,8925.812
GHA,Ghana,1971,6.9459,9176.264
GHA,Ghana,1972,6.9165,9438.187
GHA,Ghana,1973,6.8723,9714.616
GHA,Ghana,1974,6.8221,10000.524
GHA,Ghana,1975,6.762,10294.308
GHA,Ghana,1976,6.7034,10594.913
GHA,Ghana,1977,6.6375,10911.871
GHA,Ghana,1978,6.5644,11248.45
GHA,Ghana,1979,6.5132,11597.256
GHA,Ghana,1980,6.4735,11941.448
GHA,Ghana,1981,6.4147,12281.712
GHA,Ghana,1982,6.3124,12643.819
GHA,Ghana,1983,6.2273,13029.836
GHA,Ghana,1984,6.1534,13370.59
GHA,Ghana,1985,6.1192,13661.23
GHA,Ghana,1986,6.0841,13965.216
GHA,Ghana,1987,6.0218,14289.108
GHA,Ghana,1988,5.9217,14636.568
GHA,Ghana,1989,5.8178,15006.812
GHA,Ghana,1990,5.7369,15394.648
GHA,Ghana,1991,5.6297,15787.496
GHA,Ghana,1992,5.5168,16184.856
GHA,Ghana,1993,5.4138,16589.519
GHA,Ghana,1994,5.2544,16993.19
GHA,Ghana,1995,5.1056,17399.017
GHA,Ghana,1996,4.9591,17810.181
GHA,Ghana,1997,4.8841,18238.958
GHA,Ghana,1998,4.8287,18688.036
GHA,Ghana,1999,4.8218,19149.864
GHA,Ghana,2000,4.8268,19637.087
GHA,Ghana,2001,4.7679,20167.069
GHA,Ghana,2002,4.6865,20729.388
GHA,Ghana,2003,4.5969,21296.705
GHA,Ghana,2004,4.5042,21868.298
GHA,Ghana,2005,4.4965,22449.438
GHA,Ghana,2006,4.3988,23040.702
GHA,Ghana,2007,4.2884,23642.279
GHA,Ghana,2008,4.2171,24249.946
GHA,Ghana,2009,4.1789,24862.664
GHA,Ghana,2010,4.1814,25474.995
GHA,Ghana,2011,4.1769,26095.088
GHA,Ghana,2012,4.1536,26734.268
GHA,Ghana,2013,4.1136,27386.193
GHA,Ghana,2014,4.0291,28041.592
GHA,Ghana,2015,3.982,28696.068
GHA,Ghana,2016,3.8729,29356.742
GHA,Ghana,2017,3.7153,30008.354
GHA,Ghana,2018,3.6501,30637.585
GHA,Ghana,2019,3.5935,31258.945
GHA,Ghana,2020,3.5414,31887.809
GHA,Ghana,2021,3.4922,32518.665
GHA,Ghana,2022,3.4342,33149.152
GHA,Ghana,2023,3.3967,33787.914
GIB,Gibraltar,1950,2.6815,21.656
GIB,Gibraltar,1951,2.7608,21.462
GIB,Gibraltar,1952,2.8028,21.47
GIB,Gibraltar,1953,2.799,21.593
GIB,Gibraltar,1954,2.768,21.7
GIB,Gibraltar,1955,2.7339,21.785
GIB,Gibraltar,1956,2.8019,21.846
GIB,Gibraltar,1957,2.8744,21.882
GIB,Gibraltar,1958,2.9371,21.886
GIB,Gibraltar,1959,2.9964,21.869
GIB,Gibraltar,1960,3.1024,21.839
GIB,Gibraltar,1961,3.26,21.872
GIB,Gibraltar,1962,3.5276,22.197
GIB,Gibraltar,1963,4.0611,22.753
GIB,Gibraltar,1964,4.2598,23.315
GIB,Gibraltar,1965,3.9888,23.878
GIB,Gibraltar,1966,3.6037,24.444
GIB,Gibraltar,1967,3.1835,25.015
GIB,Gibraltar,1968,2.9802,25.578
GIB,Gibraltar,1969,2.9487,26.12
GIB,Gibraltar,1970,2.9479,26.634
GIB,Gibraltar,1971,2.9435,27.02
GIB,Gibraltar,1972,2.788,27.29
GIB,Gibraltar,1973,2.6712,27.536
GIB,Gibraltar,1974,2.5963,27.754
GIB,Gibraltar,1975,2.5266,27.951
GIB,Gibraltar,1976,2.4792,28.134
GIB,Gibraltar,1977,2.4677,28.3
GIB,Gibraltar,1978,2.4858,28.446
GIB,Gibraltar,1979,2.5235,28.574
GIB,Gibraltar,1980,2.5667,28.676
GIB,Gibraltar,1981,2.534,28.74
GIB,Gibraltar,1982,2.4911,28.765
GIB,Gibraltar,1983,2.4363,28.733
GIB,Gibraltar,1984,2.3982,28.643
GIB,Gibraltar,1985,2.3714,28.512
GIB,Gibraltar,1986,2.3555,28.328
GIB,Gibraltar,1987,2.3499,28.096
GIB,Gibraltar,1988,2.3447,27.839
GIB,Gibraltar,1989,2.3532,27.544
GIB,Gibraltar,1990,2.3897,27.2
GIB,Gibraltar,1991,2.4306,26.898
GIB,Gibraltar,1992,2.4426,26.878
GIB,Gibraltar,1993,2.42,27.07
GIB,Gibraltar,1994,2.3804,27.239
GIB,Gibraltar,1995,2.3337,27.377
GIB,Gibraltar,1996,2.2509,27.487
GIB,Gibraltar,1997,2.2327,27.582
GIB,Gibraltar,1998,2.2038,27.65
GIB,Gibraltar,1999,2.1887,27.692
GIB,Gibraltar,2000,2.1848,27.709
GIB,Gibraltar,2001,2.1036,27.657
GIB,Gibraltar,2002,1.6831,27.831
GIB,Gibraltar,2003,1.6337,28.274
GIB,Gibraltar,2004,1.6886,28.715
GIB,Gibraltar,2005,1.7538,29.163
GIB,Gibraltar,2006,1.8018,29.594
GIB,Gibraltar,2007,1.852,30.006
GIB,Gibraltar,2008,1.9033,30.413
GIB,Gibraltar,2009,1.9262,30.823
GIB,Gibraltar,2010,1.9536,31.248
GIB,Gibraltar,2011,1.9745,31.66
GIB,Gibraltar,2012,1.9985,32.029
GIB,Gibraltar,2013,2.0989,32.408
GIB,Gibraltar,2014,2.0837,32.813
GIB,Gibraltar,2015,2.0738,33.193
GIB,Gibraltar,2016,1.9397,33.658
GIB,Gibraltar,2017,1.9301,34.245
GIB,Gibraltar,2018,1.9212,34.854
GIB,Gibraltar,2019,1.9118,35.494
GIB,Gibraltar,2020,1.9068,36.173
GIB,Gibraltar,2021,1.899,36.858
GIB,Gibraltar,2022,1.8945,37.609
GIB,Gibraltar,2023,1.8881,38.471
GIN,Guinea,1950,5.971,3013.177
GIN,Guinea,1951,5.9781,3061.973
GIN,Guinea,1952,5.9926,3111.681
GIN,Guinea,1953,6.0072,3162.522
GIN,Guinea,1954,6.022,3214.56
GIN,Guinea,1955,6.0369,3267.86
GIN,Guinea,1956,6.052,3322.5
GIN,Guinea,1957,6.0672,3378.654
GIN,Guinea,1958,6.0824,3436.432
GIN,Guinea,1959,6.0974,3495.773
GIN,Guinea,1960,6.1122,3556.749
GIN,Guinea,1961,6.1265,3619.551
GIN,Guinea,1962,6.1402,3684.273
GIN,Guinea,1963,6.1534,3750.954
GIN,Guinea,1964,6.1661,3819.722
GIN,Guinea,1965,6.1783,3890.716
GIN,Guinea,1966,6.1902,3964.154
GIN,Guinea,1967,6.2021,4040.154
GIN,Guinea,1968,6.2144,4118.55
GIN,Guinea,1969,6.2278,4198.3
GIN,Guinea,1970,6.2432,4277.536
GIN,Guinea,1971,6.2615,4355.2
GIN,Guinea,1972,6.2832,4431.292
GIN,Guinea,1973,6.3082,4506.324
GIN,Guinea,1974,6.3363,4580.51
GIN,Guinea,1975,6.3672,4653.876
GIN,Guinea,1976,6.4001,4727.022
GIN,Guinea,1977,6.434,4801.128
GIN,Guinea,1978,6.4401,4877.854
GIN,Guinea,1979,6.4495,4959.282
GIN,Guinea,1980,6.4587,5047.42
GIN,Guinea,1981,6.4588,5143.288
GIN,Guinea,1982,6.4865,5247.672
GIN,Guinea,1983,6.4875,5359.814
GIN,Guinea,1984,6.5119,5480.096
GIN,Guinea,1985,6.5273,5610.373
GIN,Guinea,1986,6.5477,5750.668
GIN,Guinea,1987,6.5708,5900.198
GIN,Guinea,1988,6.5605,6056.574
GIN,Guinea,1989,6.5478,6215.812
GIN,Guinea,1990,6.5148,6434.374
GIN,Guinea,1991,6.4838,6697.166
GIN,Guinea,1992,6.4528,6914.366
GIN,Guinea,1993,6.4086,7128.178
GIN,Guinea,1994,6.3584,7345.107
GIN,Guinea,1995,6.2882,7553.25
GIN,Guinea,1996,6.2054,7770.035
GIN,Guinea,1997,6.1226,7931.37
GIN,Guinea,1998,6.0514,8081.99
GIN,Guinea,1999,5.9852,8265.123
GIN,Guinea,2000,5.918,8428.832
GIN,Guinea,2001,5.8343,8539.96
GIN,Guinea,2002,5.7806,8674.066
GIN,Guinea,2003,5.7441,8870.781
GIN,Guinea,2004,5.7328,9062.726
GIN,Guinea,2005,5.7269,9245.844
GIN,Guinea,2006,5.704,9441.17
GIN,Guinea,2007,5.664,9662.28
GIN,Guinea,2008,5.5958,9898.87
GIN,Guinea,2009,5.5279,10143.534
GIN,Guinea,2010,5.4353,10396.086
GIN,Guinea,2011,5.337,10656.81
GIN,Guinea,2012,5.2317,10921.58
GIN,Guinea,2013,5.1513,11191.873
GIN,Guinea,2014,5.0702,11472.924
GIN,Guinea,2015,5.0016,11767.07
GIN,Guinea,2016,4.9155,12073.03
GIN,Guinea,2017,4.7927,12385.659
GIN,Guinea,2018,4.6689,12704.774
GIN,Guinea,2019,4.5763,13034.346
GIN,Guinea,2020,4.4889,13371.183
GIN,Guinea,2021,4.3987,13710.513
GIN,Guinea,2022,4.3033,14055.137
GIN,Guinea,2023,4.2175,14405.468
GLP,Guadeloupe,1950,5.5924,215.515
GLP,Guadeloupe,1951,5.6361,219.562
GLP,Guadeloupe,1952,5.6619,225.631
GLP,Guadeloupe,1953,5.6859,231.969
GLP,Guadeloupe,1954,5.7023,238.386
GLP,Guadeloupe,1955,5.7733,244.781
GLP,Guadeloupe,1956,5.7146,251.276
GLP,Guadeloupe,1957,5.6004,257.964
GLP,Guadeloupe,1958,5.6343,264.872
GLP,Guadeloupe,1959,5.6315,272.032
GLP,Guadeloupe,1960,5.7709,279.427
GLP,Guadeloupe,1961,5.6664,286.385
GLP,Guadeloupe,1962,5.8558,292.003
GLP,Guadeloupe,1963,5.7091,296.535
GLP,Guadeloupe,1964,5.5802,300.618
GLP,Guadeloupe,1965,5.5928,304.563
GLP,Guadeloupe,1966,5.5809,308.498
GLP,Guadeloupe,1967,5.4289,312.146
GLP,Guadeloupe,1968,5.2179,314.896
GLP,Guadeloupe,1969,4.9786,316.741
GLP,Guadeloupe,1970,4.7579,318.111
GLP,Guadeloupe,1971,4.5568,319.077
GLP,Guadeloupe,1972,4.3493,319.674
GLP,Guadeloupe,1973,4.1724,319.998
GLP,Guadeloupe,1974,3.988,320.572
GLP,Guadeloupe,1975,3.7518,322.457
GLP,Guadeloupe,1976,3.3427,325.301
GLP,Guadeloupe,1977,2.9267,327.707
GLP,Guadeloupe,1978,2.5843,329.305
GLP,Guadeloupe,1979,2.4626,330.388
GLP,Guadeloupe,1980,2.4658,331.211
GLP,Guadeloupe,1981,2.4595,332.506
GLP,Guadeloupe,1982,2.4566,335.817
GLP,Guadeloupe,1983,2.4643,341.382
GLP,Guadeloupe,1984,2.447,347.99
GLP,Guadeloupe,1985,2.4323,354.894
GLP,Guadeloupe,1986,2.3732,361.914
GLP,Guadeloupe,1987,2.3154,368.953
GLP,Guadeloupe,1988,2.2751,375.99
GLP,Guadeloupe,1989,2.2566,382.805
GLP,Guadeloupe,1990,2.2423,388.813
GLP,Guadeloupe,1991,2.228,393.782
GLP,Guadeloupe,1992,2.1992,398.158
GLP,Guadeloupe,1993,2.1563,402.32
GLP,Guadeloupe,1994,2.1338,406.324
GLP,Guadeloupe,1995,2.1208,410.184
GLP,Guadeloupe,1996,2.1208,413.925
GLP,Guadeloupe,1997,2.1324,417.586
GLP,Guadeloupe,1998,2.1467,420.466
GLP,Guadeloupe,1999,2.1783,420.932
GLP,Guadeloupe,2000,2.2206,419.568
GLP,Guadeloupe,2001,2.2341,417.834
GLP,Guadeloupe,2002,2.2178,415.758
GLP,Guadeloupe,2003,2.2235,413.418
GLP,Guadeloupe,2004,2.2331,410.854
GLP,Guadeloupe,2005,2.3011,408.076
GLP,Guadeloupe,2006,2.2852,407.219
GLP,Guadeloupe,2007,2.2305,408.296
GLP,Guadeloupe,2008,2.1626,408.979
GLP,Guadeloupe,2009,2.1145,408.992
GLP,Guadeloupe,2010,2.1367,408.812
GLP,Guadeloupe,2011,2.1704,409.054
GLP,Guadeloupe,2012,2.1949,409.152
GLP,Guadeloupe,2013,2.216,408.361
GLP,Guadeloupe,2014,2.2129,406.64
GLP,Guadeloupe,2015,2.1792,403.95
GLP,Guadeloupe,2016,2.1411,404.634
GLP,Guadeloupe,2017,2.0825,412.692
GLP,Guadeloupe,2018,2.0962,415.18
GLP,Guadeloupe,2019,2.1486,410.257
GLP,Guadeloupe,2020,2.1673,407.394
GLP,Guadeloupe,2021,2.1313,399.151
GLP,Guadeloupe,2022,2.1098,384.698
GLP,Guadeloupe,2023,2.0887,376.516
GMB,Gambia,1950,6.353,306.736
GMB,Gambia,1951,6.354,314.491
GMB,Gambia,1952,6.3543,322.638
GMB,Gambia,1953,6.351,331.089
GMB,Gambia,1954,6.3442,339.812
GMB,Gambia,1955,6.334,348.789
GMB,Gambia,1956,6.3205,358.03
GMB,Gambia,1957,6.3041,367.546
GMB,Gambia,1958,6.2855,377.374
GMB,Gambia,1959,6.2658,387.544
GMB,Gambia,1960,6.2462,398.06
GMB,Gambia,1961,6.2282,408.93
GMB,Gambia,1962,6.2132,420.163
GMB,Gambia,1963,6.2021,431.757
GMB,Gambia,1964,6.1953,443.687
GMB,Gambia,1965,6.1918,455.952
GMB,Gambia,1966,6.1831,468.516
GMB,Gambia,1967,6.206,481.588
GMB,Gambia,1968,6.221,495.269
GMB,Gambia,1969,6.2457,509.44
GMB,Gambia,1970,6.2566,524.105
GMB,Gambia,1971,6.3295,539.388
GMB,Gambia,1972,6.3663,555.37
GMB,Gambia,1973,6.4046,571.992
GMB,Gambia,1974,6.4153,589.085
GMB,Gambia,1975,6.4276,606.82
GMB,Gambia,1976,6.4343,625.666
GMB,Gambia,1977,6.4326,645.77
GMB,Gambia,1978,6.4212,667.103
GMB,Gambia,1979,6.4109,689.781
GMB,Gambia,1980,6.4137,713.914
GMB,Gambia,1981,6.3993,739.126
GMB,Gambia,1982,6.3962,765.753
GMB,Gambia,1983,6.3929,794.525
GMB,Gambia,1984,6.3847,825.631
GMB,Gambia,1985,6.3575,858.874
GMB,Gambia,1986,6.3444,894.02
GMB,Gambia,1987,6.2999,931.09
GMB,Gambia,1988,6.2575,970.16
GMB,Gambia,1989,6.2545,1011.358
GMB,Gambia,1990,6.2457,1054.696
GMB,Gambia,1991,6.1909,1099.959
GMB,Gambia,1992,6.1109,1145.582
GMB,Gambia,1993,6.0341,1188.365
GMB,Gambia,1994,6.0349,1227.226
GMB,Gambia,1995,5.994,1264.312
GMB,Gambia,1996,5.9246,1301.41
GMB,Gambia,1997,5.8506,1338.89
GMB,Gambia,1998,5.8177,1376.987
GMB,Gambia,1999,5.7716,1415.779
GMB,Gambia,2000,5.7163,1455.084
GMB,Gambia,2001,5.6701,1495.011
GMB,Gambia,2002,5.6561,1535.691
GMB,Gambia,2003,5.6563,1577.611
GMB,Gambia,2004,5.6832,1621.312
GMB,Gambia,2005,5.7082,1667.037
GMB,Gambia,2006,5.736,1715.275
GMB,Gambia,2007,5.685,1765.774
GMB,Gambia,2008,5.6254,1817.852
GMB,Gambia,2009,5.5745,1871.422
GMB,Gambia,2010,5.558,1926.63
GMB,Gambia,2011,5.5421,1983.784
GMB,Gambia,2012,5.5194,2043.094
GMB,Gambia,2013,5.3917,2103.82
GMB,Gambia,2014,5.1974,2164.528
GMB,Gambia,2015,5.003,2224.529
GMB,Gambia,2016,4.8087,2283.77
GMB,Gambia,2017,4.6143,2342.189
GMB,Gambia,2018,4.42,2399.632
GMB,Gambia,2019,4.3304,2456.844
GMB,Gambia,2020,4.2479,2515.733
GMB,Gambia,2021,4.1655,2576.01
GMB,Gambia,2022,4.0784,2636.47
GMB,Gambia,2023,4.0058,2697.846
GNB,Guinea-Bissau,1950,5.9138,543.627
GNB,Guinea-Bissau,1951,5.9091,549.737
GNB,Guinea-Bissau,1952,5.9009,553.912
GNB,Guinea-Bissau,1953,5.8953,557.625
GNB,Guinea-Bissau,1954,5.8922,560.978
GNB,Guinea-Bissau,1955,5.8916,564.068
GNB,Guinea-Bissau,1956,5.8934,566.97
GNB,Guinea-Bissau,1957,5.8976,569.742
GNB,Guinea-Bissau,1958,5.9039,572.423
GNB,Guinea-Bissau,1959,5.9118,575.034
GNB,Guinea-Bissau,1960,5.9209,577.633
GNB,Guinea-Bissau,1961,5.9307,582.532
GNB,Guinea-Bissau,1962,5.9407,589.474
GNB,Guinea-Bissau,1963,5.9507,594.418
GNB,Guinea-Bissau,1964,5.9607,588.543
GNB,Guinea-Bissau,1965,5.9708,575.006
GNB,Guinea-Bissau,1966,5.9816,566.908
GNB,Guinea-Bissau,1967,5.9937,569.011
GNB,Guinea-Bissau,1968,6.0076,578.17
GNB,Guinea-Bissau,1969,6.0237,581.61
GNB,Guinea-Bissau,1970,6.0414,584.402
GNB,Guinea-Bissau,1971,6.0595,586.22
GNB,Guinea-Bissau,1972,6.0781,586.62
GNB,Guinea-Bissau,1973,6.0977,592.808
GNB,Guinea-Bissau,1974,6.1201,613.338
GNB,Guinea-Bissau,1975,6.1496,650.966
GNB,Guinea-Bissau,1976,6.1918,694.19
GNB,Guinea-Bissau,1977,6.2488,741.79
GNB,Guinea-Bissau,1978,6.3196,791.694
GNB,Guinea-Bissau,1979,6.4012,819.867
GNB,Guinea-Bissau,1980,6.4871,829.302
GNB,Guinea-Bissau,1981,6.5694,842.432
GNB,Guinea-Bissau,1982,6.6403,855.891
GNB,Guinea-Bissau,1983,6.6937,869.592
GNB,Guinea-Bissau,1984,6.7267,883.519
GNB,Guinea-Bissau,1985,6.7392,897.698
GNB,Guinea-Bissau,1986,6.7341,912.126
GNB,Guinea-Bissau,1987,6.7173,926.862
GNB,Guinea-Bissau,1988,6.6934,942.061
GNB,Guinea-Bissau,1989,6.6634,957.79
GNB,Guinea-Bissau,1990,6.501,973.67
GNB,Guinea-Bissau,1991,6.4738,994.64
GNB,Guinea-Bissau,1992,6.4345,1024.356
GNB,Guinea-Bissau,1993,6.369,1058.745
GNB,Guinea-Bissau,1994,6.2993,1092.031
GNB,Guinea-Bissau,1995,6.2229,1119.949
GNB,Guinea-Bissau,1996,6.1412,1143.535
GNB,Guinea-Bissau,1997,6.0602,1165.545
GNB,Guinea-Bissau,1998,5.9697,1187.473
GNB,Guinea-Bissau,1999,5.8708,1210.206
GNB,Guinea-Bissau,2000,5.7863,1234.741
GNB,Guinea-Bissau,2001,5.6877,1261.273
GNB,Guinea-Bissau,2002,5.6344,1289.307
GNB,Guinea-Bissau,2003,5.5772,1318.806
GNB,Guinea-Bissau,2004,5.4998,1349.562
GNB,Guinea-Bissau,2005,5.4599,1381.585
GNB,Guinea-Bissau,2006,5.406,1415.302
GNB,Guinea-Bissau,2007,5.3654,1450.986
GNB,Guinea-Bissau,2008,5.2663,1488.054
GNB,Guinea-Bissau,2009,5.1761,1526.377
GNB,Guinea-Bissau,2010,5.1113,1566.347
GNB,Guinea-Bissau,2011,5.0671,1608.076
GNB,Guinea-Bissau,2012,5.0032,1651.417
GNB,Guinea-Bissau,2013,4.9296,1695.973
GNB,Guinea-Bissau,2014,4.7898,1741.122
GNB,Guinea-Bissau,2015,4.6611,1786.456
GNB,Guinea-Bissau,2016,4.5189,1831.893
GNB,Guinea-Bissau,2017,4.347,1877.072
GNB,Guinea-Bissau,2018,4.2414,1922.168
GNB,Guinea-Bissau,2019,4.1534,1967.696
GNB,Guinea-Bissau,2020,4.0754,2013.255
GNB,Guinea-Bissau,2021,3.9978,2058.842
GNB,Guinea-Bissau,2022,3.9108,2105.529
GNB,Guinea-Bissau,2023,3.8361,2153.339
GNQ,Equatorial Guinea,1950,5.6755,226.562
GNQ,Equatorial Guinea,1951,5.673,230.615
GNQ,Equatorial Guinea,1952,5.6681,234.684
GNQ,Equatorial Guinea,1953,5.6635,238.796
GNQ,Equatorial Guinea,1954,5.6591,242.975
GNQ,Equatorial Guinea,1955,5.6552,247.215
GNQ,Equatorial Guinea,1956,5.6518,251.528
GNQ,Equatorial Guinea,1957,5.6491,255.915
GNQ,Equatorial Guinea,1958,5.6478,260.387
GNQ,Equatorial Guinea,1959,5.6487,264.996
GNQ,Equatorial Guinea,1960,5.6527,269.807
GNQ,Equatorial Guinea,1961,5.6607,274.896
GNQ,Equatorial Guinea,1962,5.6733,280.286
GNQ,Equatorial Guinea,1963,5.6904,285.965
GNQ,Equatorial Guinea,1964,5.7111,291.942
GNQ,Equatorial Guinea,1965,5.7336,298.238
GNQ,Equatorial Guinea,1966,5.7559,304.859
GNQ,Equatorial Guinea,1967,5.7756,311.805
GNQ,Equatorial Guinea,1968,5.7913,318.848
GNQ,Equatorial Guinea,1969,5.8022,322.516
GNQ,Equatorial Guinea,1970,5.8076,320.803
GNQ,Equatorial Guinea,1971,5.8079,315.94
GNQ,Equatorial Guinea,1972,5.8047,309.468
GNQ,Equatorial Guinea,1973,5.7999,302.282
GNQ,Equatorial Guinea,1974,5.7949,294.953
GNQ,Equatorial Guinea,1975,5.7914,287.902
GNQ,Equatorial Guinea,1976,5.7913,281.031
GNQ,Equatorial Guinea,1977,5.7954,276.779
GNQ,Equatorial Guinea,1978,5.804,276.531
GNQ,Equatorial Guinea,1979,5.8173,279.846
GNQ,Equatorial Guinea,1980,5.8349,288.644
GNQ,Equatorial Guinea,1981,5.8563,303.252
GNQ,Equatorial Guinea,1982,5.8797,322.216
GNQ,Equatorial Guinea,1983,5.9033,343.42
GNQ,Equatorial Guinea,1984,5.9258,364.9
GNQ,Equatorial Guinea,1985,5.9457,385.547
GNQ,Equatorial Guinea,1986,5.9619,404.728
GNQ,Equatorial Guinea,1987,5.974,422.522
GNQ,Equatorial Guinea,1988,5.9821,439.651
GNQ,Equatorial Guinea,1989,5.9859,456.808
GNQ,Equatorial Guinea,1990,5.9865,474.274
GNQ,Equatorial Guinea,1991,5.9854,492.217
GNQ,Equatorial Guinea,1992,5.9835,510.77
GNQ,Equatorial Guinea,1993,5.9812,530.023
GNQ,Equatorial Guinea,1994,5.9778,550.138
GNQ,Equatorial Guinea,1995,5.9715,571.264
GNQ,Equatorial Guinea,1996,5.9599,593.492
GNQ,Equatorial Guinea,1997,5.9411,616.893
GNQ,Equatorial Guinea,1998,5.9138,641.474
GNQ,Equatorial Guinea,1999,5.8779,667.214
GNQ,Equatorial Guinea,2000,5.8342,703.279
GNQ,Equatorial Guinea,2001,5.7846,749.836
GNQ,Equatorial Guinea,2002,5.7311,797.957
GNQ,Equatorial Guinea,2003,5.6754,847.862
GNQ,Equatorial Guinea,2004,5.6183,899.916
GNQ,Equatorial Guinea,2005,5.5595,947.367
GNQ,Equatorial Guinea,2006,5.498,990.343
GNQ,Equatorial Guinea,2007,5.4326,1036.044
GNQ,Equatorial Guinea,2008,5.3626,1084.53
GNQ,Equatorial Guinea,2009,5.2879,1135.673
GNQ,Equatorial Guinea,2010,5.2088,1189.085
GNQ,Equatorial Guinea,2011,5.1257,1241.835
GNQ,Equatorial Guinea,2012,5.0396,1293.483
GNQ,Equatorial Guinea,2013,4.9518,1346.218
GNQ,Equatorial Guinea,2014,4.863,1399.828
GNQ,Equatorial Guinea,2015,4.7743,1453.923
GNQ,Equatorial Guinea,2016,4.6862,1508.186
GNQ,Equatorial Guinea,2017,4.5989,1562.396
GNQ,Equatorial Guinea,2018,4.5129,1616.422
GNQ,Equatorial Guinea,2019,4.4286,1670.177
GNQ,Equatorial Guinea,2020,4.3463,1716.468
GNQ,Equatorial Guinea,2021,4.266,1758.786
GNQ,Equatorial Guinea,2022,4.1696,1803.545
GNQ,Equatorial Guinea,2023,4.0813,1847.549
GRC,Greece,1950,2.5743,7651.079
GRC,Greece,1951,2.4848,7712.87
GRC,Greece,1952,2.4164,7775.542
GRC,Greece,1953,2.3919,7841.27
GRC,Greece,1954,2.399,7910.867
GRC,Greece,1955,2.4202,7984.71
GRC,Greece,1956,2.3832,8060.988
GRC,Greece,1957,2.3302,8136.974
GRC,Greece,1958,2.308,8214.996
GRC,Greece,1959,2.3266,8297.71
GRC,Greece,1960,2.2936,8384.492
GRC,Greece,1961,2.2386,8447.002
GRC,Greece,1962,2.2424,8473.376
GRC,Greece,1963,2.2433,8488.375
GRC,Greece,1964,2.3128,8504.002
GRC,Greece,1965,2.3345,8521.363
GRC,Greece,1966,2.3953,8579.992
GRC,Greece,1967,2.484,8655.156
GRC,Greece,1968,2.4737,8717.917
GRC,Greece,1969,2.4338,8747.072
GRC,Greece,1970,2.4352,8747.776
GRC,Greece,1971,2.4082,8787.038
GRC,Greece,1972,2.3882,8849.378
GRC,Greece,1973,2.3648,8893.4
GRC,Greece,1974,2.4284,8929.114
GRC,Greece,1975,2.4189,9016.966
GRC,Greece,1976,2.4201,9160.209
GRC,Greece,1977,2.3767,9282.021
GRC,Greece,1978,2.3713,9389.966
GRC,Greece,1979,2.3561,9526.004
GRC,Greece,1980,2.2967,9653.414
GRC,Greece,1981,2.1696,9754.402
GRC,Greece,1982,2.0817,9837.47
GRC,Greece,1983,1.9889,9911.493
GRC,Greece,1984,1.8709,9978.782
GRC,Greece,1985,1.7436,10037.037
GRC,Greece,1986,1.66,10088.762
GRC,Greece,1987,1.5809,10134.534
GRC,Greece,1988,1.5422,10177.006
GRC,Greece,1989,1.4852,10218.039
GRC,Greece,1990,1.4663,10258.487
GRC,Greece,1991,1.4592,10306.644
GRC,Greece,1992,1.4521,10359.894
GRC,Greece,1993,1.4256,10412.75
GRC,Greece,1994,1.4136,10466.26
GRC,Greece,1995,1.3853,10519.234
GRC,Greece,1996,1.3648,10570.08
GRC,Greece,1997,1.3573,10622.325
GRC,Greece,1998,1.3385,10675.409
GRC,Greece,1999,1.326,10727.951
GRC,Greece,2000,1.3309,10782.635
GRC,Greece,2001,1.327,10843.164
GRC,Greece,2002,1.3352,10890.286
GRC,Greece,2003,1.333,10918.471
GRC,Greece,2004,1.3397,10947.366
GRC,Greece,2005,1.3575,10981.334
GRC,Greece,2006,1.4033,11016.104
GRC,Greece,2007,1.4158,11045.737
GRC,Greece,2008,1.4936,11076.872
GRC,Greece,2009,1.5072,11108.069
GRC,Greece,2010,1.4848,11124.67
GRC,Greece,2011,1.3953,11108.844
GRC,Greece,2012,1.3447,11048.298
GRC,Greece,2013,1.2923,10967.54
GRC,Greece,2014,1.2984,10893.166
GRC,Greece,2015,1.328,10820.902
GRC,Greece,2016,1.382,10775.504
GRC,Greece,2017,1.35,10753.534
GRC,Greece,2018,1.35,10730.844
GRC,Greece,2019,1.3373,10718.576
GRC,Greece,2020,1.386,10699.369
GRC,Greece,2021,1.4321,10579.561
GRC,Greece,2022,1.3075,10412.48
GRC,Greece,2023,1.3336,10242.908
GRD,Grenada,1950,5.1843,77.261
GRD,Grenada,1951,5.3584,77.933
GRD,Grenada,1952,5.6865,78.934
GRD,Grenada,1953,5.9741,80.216
GRD,Grenada,1954,6.2214,81.776
GRD,Grenada,1955,6.4275,83.635
GRD,Grenada,1956,6.5904,85.804
GRD,Grenada,1957,6.7086,88.147
GRD,Grenada,1958,6.7782,90.415
GRD,Grenada,1959,6.7921,92.423
GRD,Grenada,1960,6.7433,94.058
GRD,Grenada,1961,6.627,95.336
GRD,Grenada,1962,6.4422,96.375
GRD,Grenada,1963,6.1964,97.195
GRD,Grenada,1964,5.9055,97.76
GRD,Grenada,1965,5.5966,98.067
GRD,Grenada,1966,5.3001,98.122
GRD,Grenada,1967,5.0404,98.066
GRD,Grenada,1968,4.8346,98.078
GRD,Grenada,1969,4.6902,98.204
GRD,Grenada,1970,4.4603,98.414
GRD,Grenada,1971,4.3073,98.648
GRD,Grenada,1972,4.1755,98.777
GRD,Grenada,1973,4.0456,98.708
GRD,Grenada,1974,3.9196,98.486
GRD,Grenada,1975,3.7542,98.126
GRD,Grenada,1976,3.5968,97.632
GRD,Grenada,1977,3.4574,97.018
GRD,Grenada,1978,3.3515,96.304
GRD,Grenada,1979,3.3441,95.49
GRD,Grenada,1980,3.2985,94.538
GRD,Grenada,1981,2.9895,94.052
GRD,Grenada,1982,3.154,94.384
GRD,Grenada,1983,3.3057,94.948
GRD,Grenada,1984,3.2238,95.498
GRD,Grenada,1985,3.4783,96.111
GRD,Grenada,1986,3.5845,96.79
GRD,Grenada,1987,3.5814,97.526
GRD,Grenada,1988,3.1929,98.308
GRD,Grenada,1989,3.2327,99.121
GRD,Grenada,1990,3.0575,99.957
GRD,Grenada,1991,3.1065,100.793
GRD,Grenada,1992,2.9704,101.602
GRD,Grenada,1993,2.8051,102.382
GRD,Grenada,1994,2.7945,103.138
GRD,Grenada,1995,2.8221,103.869
GRD,Grenada,1996,2.8483,104.584
GRD,Grenada,1997,2.8027,105.293
GRD,Grenada,1998,2.4943,106.009
GRD,Grenada,1999,2.3923,106.727
GRD,Grenada,2000,2.441,107.451
GRD,Grenada,2001,2.4207,107.987
GRD,Grenada,2002,2.3777,108.404
GRD,Grenada,2003,2.3323,108.884
GRD,Grenada,2004,2.2853,109.323
GRD,Grenada,2005,2.2417,109.734
GRD,Grenada,2006,2.1947,110.134
GRD,Grenada,2007,2.1539,110.522
GRD,Grenada,2008,2.1155,110.896
GRD,Grenada,2009,2.0784,111.254
GRD,Grenada,2010,2.0379,111.586
GRD,Grenada,2011,2.0057,112.079
GRD,Grenada,2012,1.967,112.774
GRD,Grenada,2013,1.913,113.487
GRD,Grenada,2014,1.7993,114.132
GRD,Grenada,2015,1.7146,114.676
GRD,Grenada,2016,1.6157,115.13
GRD,Grenada,2017,1.4378,115.438
GRD,Grenada,2018,1.5295,115.691
GRD,Grenada,2019,1.5418,115.982
GRD,Grenada,2020,1.5321,116.341
GRD,Grenada,2021,1.517,116.688
GRD,Grenada,2022,1.5017,116.913
GRD,Grenada,2023,1.4874,117.081
GRL,Greenland,1950,5.6414,23.209
GRL,Greenland,1951,5.7323,23.664
GRL,Greenland,1952,5.8045,24.174
GRL,Greenland,1953,5.923,24.808
GRL,Greenland,1954,6.0932,25.497
GRL,Greenland,1955,6.2669,26.26
GRL,Greenland,1956,6.3303,27.181
GRL,Greenland,1957,6.398,28.262
GRL,Greenland,1958,6.468,29.44
GRL,Greenland,1959,6.5753,30.727
GRL,Greenland,1960,6.6863,32.105
GRL,Greenland,1961,6.7808,33.417
GRL,Greenland,1962,6.785,34.645
GRL,Greenland,1963,6.7568,35.904
GRL,Greenland,1964,6.6537,37.209
GRL,Greenland,1965,6.4185,38.556
GRL,Greenland,1966,6.0308,39.967
GRL,Greenland,1967,5.5455,41.398
GRL,Greenland,1968,4.9285,42.781
GRL,Greenland,1969,4.2086,44.137
GRL,Greenland,1970,3.5411,45.465
GRL,Greenland,1971,3.2017,46.5
GRL,Greenland,1972,3.0117,47.258
GRL,Greenland,1973,2.7388,47.977
GRL,Greenland,1974,2.4496,48.622
GRL,Greenland,1975,2.33,49.172
GRL,Greenland,1976,2.267,49.591
GRL,Greenland,1977,2.2831,49.755
GRL,Greenland,1978,2.1959,49.751
GRL,Greenland,1979,2.2084,49.782
GRL,Greenland,1980,2.3543,50.111
GRL,Greenland,1981,2.3192,50.718
GRL,Greenland,1982,2.2277,51.339
GRL,Greenland,1983,2.086,51.967
GRL,Greenland,1984,2.1089,52.612
GRL,Greenland,1985,2.171,53.211
GRL,Greenland,1986,2.0815,53.74
GRL,Greenland,1987,2.1043,54.266
GRL,Greenland,1988,2.2716,54.8
GRL,Greenland,1989,2.3381,55.318
GRL,Greenland,1990,2.418,55.63
GRL,Greenland,1991,2.4395,55.721
GRL,Greenland,1992,2.5506,55.753
GRL,Greenland,1993,2.5652,55.758
GRL,Greenland,1994,2.5349,55.75
GRL,Greenland,1995,2.513,55.84
GRL,Greenland,1996,2.5149,55.999
GRL,Greenland,1997,2.5979,56.1
GRL,Greenland,1998,2.4418,56.15
GRL,Greenland,1999,2.3696,56.13
GRL,Greenland,2000,2.347,56.208
GRL,Greenland,2001,2.4532,56.411
GRL,Greenland,2002,2.4922,56.592
GRL,Greenland,2003,2.3895,56.761
GRL,Greenland,2004,2.379,56.907
GRL,Greenland,2005,2.335,56.95
GRL,Greenland,2006,2.2573,56.882
GRL,Greenland,2007,2.2696,56.782
GRL,Greenland,2008,2.269,56.661
GRL,Greenland,2009,2.3221,56.522
GRL,Greenland,2010,2.2407,56.614
GRL,Greenland,2011,2.0967,56.834
GRL,Greenland,2012,2.0006,56.778
GRL,Greenland,2013,2.0124,56.513
GRL,Greenland,2014,2.0092,56.173
GRL,Greenland,2015,2.0762,56.021
GRL,Greenland,2016,2.0682,56.061
GRL,Greenland,2017,2.0653,56.071
GRL,Greenland,2018,2.0203,56.074
GRL,Greenland,2019,2.0061,56.084
GRL,Greenland,2020,1.9984,56.08
GRL,Greenland,2021,1.9854,56.042
GRL,Greenland,2022,1.9685,55.99
GRL,Greenland,2023,1.9497,55.922
GTM,Guatemala,1950,6.8038,3097.198
GTM,Guatemala,1951,6.8406,3177.367
GTM,Guatemala,1952,6.8756,3261.652
GTM,Guatemala,1953,6.8978,3348.81
GTM,Guatemala,1954,6.9227,3439.102
GTM,Guatemala,1955,6.9501,3533.307
GTM,Guatemala,1956,6.9773,3631.182
GTM,Guatemala,1957,7.0146,3732.743
GTM,Guatemala,1958,7.0065,3837.026
GTM,Guatemala,1959,7.0064,3946.494
GTM,Guatemala,1960,6.9993,4063.654
GTM,Guatemala,1961,6.9786,4186.201
GTM,Guatemala,1962,6.9344,4312.044
GTM,Guatemala,1963,6.899,4440.264
GTM,Guatemala,1964,6.8707,4571.109
GTM,Guatemala,1965,6.8391,4704.965
GTM,Guatemala,1966,6.802,4840.958
GTM,Guatemala,1967,6.7548,4978.862
GTM,Guatemala,1968,6.6995,5118.112
GTM,Guatemala,1969,6.6463,5257.081
GTM,Guatemala,1970,6.6002,5396.966
GTM,Guatemala,1971,6.5463,5538.356
GTM,Guatemala,1972,6.5111,5682.834
GTM,Guatemala,1973,6.4868,5831.631
GTM,Guatemala,1974,6.4585,5981.197
GTM,Guatemala,1975,6.4101,6128.731
GTM,Guatemala,1976,6.3683,6262.404
GTM,Guatemala,1977,6.3186,6401.514
GTM,Guatemala,1978,6.2611,6561.534
GTM,Guatemala,1979,6.2162,6727.798
GTM,Guatemala,1980,6.1708,6900.212
GTM,Guatemala,1981,6.1207,7075.648
GTM,Guatemala,1982,6.0571,7240.241
GTM,Guatemala,1983,5.9765,7419.642
GTM,Guatemala,1984,5.8552,7630.682
GTM,Guatemala,1985,5.7294,7849.693
GTM,Guatemala,1986,5.6632,8070.818
GTM,Guatemala,1987,5.6387,8296.484
GTM,Guatemala,1988,5.6211,8532.099
GTM,Guatemala,1989,5.5593,8775.546
GTM,Guatemala,1990,5.4803,9024.773
GTM,Guatemala,1991,5.3772,9272.584
GTM,Guatemala,1992,5.3141,9522.266
GTM,Guatemala,1993,5.2537,9779.76
GTM,Guatemala,1994,5.1909,10043.718
GTM,Guatemala,1995,5.1051,10312.996
GTM,Guatemala,1996,5.0077,10583.526
GTM,Guatemala,1997,4.9063,10857.754
GTM,Guatemala,1998,4.8004,11139.145
GTM,Guatemala,1999,4.6871,11422.965
GTM,Guatemala,2000,4.5825,11697.592
GTM,Guatemala,2001,4.5021,11969.422
GTM,Guatemala,2002,4.3706,12246.915
GTM,Guatemala,2003,4.25,12525.842
GTM,Guatemala,2004,4.1339,12807.402
GTM,Guatemala,2005,3.9743,13087.628
GTM,Guatemala,2006,3.8447,13367.458
GTM,Guatemala,2007,3.7159,13652.04
GTM,Guatemala,2008,3.5708,13935.174
GTM,Guatemala,2009,3.4649,14215.611
GTM,Guatemala,2010,3.3752,14500.112
GTM,Guatemala,2011,3.2924,14792.126
GTM,Guatemala,2012,3.2186,15089.646
GTM,Guatemala,2013,3.151,15387.338
GTM,Guatemala,2014,3.088,15681.725
GTM,Guatemala,2015,3.0288,15971.743
GTM,Guatemala,2016,2.9727,16268.76
GTM,Guatemala,2017,2.8572,16567.357
GTM,Guatemala,2018,2.743,16845.685
GTM,Guatemala,2019,2.5935,17103.803
GTM,Guatemala,2020,2.4697,17357.325
GTM,Guatemala,2021,2.3876,17598.65
GTM,Guatemala,2022,2.3434,17847.877
GTM,Guatemala,2023,2.3108,18124.838
GUF,French Guiana,1950,4.9053,23.396
GUF,French Guiana,1951,4.9065,23.697
GUF,French Guiana,1952,4.9064,24.005
GUF,French Guiana,1953,5.0009,24.334
GUF,French Guiana,1954,5.1327,24.725
GUF,French Guiana,1955,5.2338,25.437
GUF,French Guiana,1956,5.2553,26.459
GUF,French Guiana,1957,5.2514,27.541
GUF,French Guiana,1958,5.1967,28.674
GUF,French Guiana,1959,5.2184,29.852
GUF,French Guiana,1960,5.2164,31.084
GUF,French Guiana,1961,5.1241,32.374
GUF,French Guiana,1962,5.1037,33.778
GUF,French Guiana,1963,5.1662,35.313
GUF,French Guiana,1964,5.2863,36.948
GUF,French Guiana,1965,5.1833,38.681
GUF,French Guiana,1966,5.043,40.478
GUF,French Guiana,1967,4.9341,42.237
GUF,French Guiana,1968,4.8559,43.683
GUF,French Guiana,1969,4.7822,44.928
GUF,French Guiana,1970,4.7162,46.279
GUF,French Guiana,1971,4.5999,47.719
GUF,French Guiana,1972,4.4201,49.219
GUF,French Guiana,1973,4.0734,50.733
GUF,French Guiana,1974,3.7796,52.41
GUF,French Guiana,1975,3.5675,54.463
GUF,French Guiana,1976,3.4202,56.731
GUF,French Guiana,1977,3.3827,59.038
GUF,French Guiana,1978,3.3704,61.403
GUF,French Guiana,1979,3.3577,63.838
GUF,French Guiana,1980,3.351,66.348
GUF,French Guiana,1981,3.3876,68.942
GUF,French Guiana,1982,3.4313,72.272
GUF,French Guiana,1983,3.4595,76.568
GUF,French Guiana,1984,3.4064,81.24
GUF,French Guiana,1985,3.3745,86.102
GUF,French Guiana,1986,3.384,91.156
GUF,French Guiana,1987,3.4079,96.409
GUF,French Guiana,1988,3.4551,101.868
GUF,French Guiana,1989,3.5824,107.565
GUF,French Guiana,1990,3.7357,112.686
GUF,French Guiana,1991,3.8683,116.981
GUF,French Guiana,1992,3.8906,121.249
GUF,French Guiana,1993,3.8555,125.646
GUF,French Guiana,1994,3.8218,130.119
GUF,French Guiana,1995,3.7597,134.633
GUF,French Guiana,1996,3.7139,139.169
GUF,French Guiana,1997,3.6631,143.723
GUF,French Guiana,1998,3.7421,148.372
GUF,French Guiana,1999,3.8008,153.738
GUF,French Guiana,2000,3.9582,160.62
GUF,French Guiana,2001,3.7768,168.53
GUF,French Guiana,2002,3.717,176.709
GUF,French Guiana,2003,3.7659,185.091
GUF,French Guiana,2004,3.47,193.649
GUF,French Guiana,2005,3.7797,202.447
GUF,French Guiana,2006,3.8242,210.971
GUF,French Guiana,2007,3.7819,219.109
GUF,French Guiana,2008,3.57,226.097
GUF,French Guiana,2009,3.49,230.704
GUF,French Guiana,2010,3.4289,234.565
GUF,French Guiana,2011,3.4805,239.52
GUF,French Guiana,2012,3.6172,245.772
GUF,French Guiana,2013,3.4709,253.241
GUF,French Guiana,2014,3.4726,260.55
GUF,French Guiana,2015,3.5465,266.362
GUF,French Guiana,2016,3.6414,271.266
GUF,French Guiana,2017,3.8839,276.144
GUF,French Guiana,2018,3.7849,280.962
GUF,French Guiana,2019,3.7322,285.568
GUF,French Guiana,2020,3.6621,289.056
GUF,French Guiana,2021,3.7083,293.015
GUF,French Guiana,2022,3.4357,298.306
GUF,French Guiana,2023,3.3877,303.402
GUM,Guam,1950,5.2097,60.776
GUM,Guam,1951,5.2997,61.299
GUM,Guam,1952,5.5899,61.882
GUM,Guam,1953,5.7498,62.539
GUM,Guam,1954,5.8929,63.272
GUM,Guam,1955,6.2154,64.078
GUM,Guam,1956,6.2241,64.97
GUM,Guam,1957,6.45,65.943
GUM,Guam,1958,6.1183,66.99
GUM,Guam,1959,6.0471,68.102
GUM,Guam,1960,5.9688,69.525
GUM,Guam,1961,5.948,71.31
GUM,Guam,1962,5.8989,73.192
GUM,Guam,1963,5.5708,75.095
GUM,Guam,1964,5.393,77.008
GUM,Guam,1965,5.1369,78.932
GUM,Guam,1966,5.072,80.844
GUM,Guam,1967,4.646,82.72
GUM,Guam,1968,4.3461,84.563
GUM,Guam,1969,4.4401,86.404
GUM,Guam,1970,4.3428,88.365
GUM,Guam,1971,4.2018,90.466
GUM,Guam,1972,4.0461,92.619
GUM,Guam,1973,3.8899,94.781
GUM,Guam,1974,3.7639,96.94
GUM,Guam,1975,3.6577,99.057
GUM,Guam,1976,3.5339,101.166
GUM,Guam,1977,3.3631,103.298
GUM,Guam,1978,3.1051,105.424
GUM,Guam,1979,3.0335,107.636
GUM,Guam,1980,3.0387,110.14
GUM,Guam,1981,2.9693,112.902
GUM,Guam,1982,2.9118,115.711
GUM,Guam,1983,3.0287,118.508
GUM,Guam,1984,2.8548,121.302
GUM,Guam,1985,2.9046,124.116
GUM,Guam,1986,2.9343,126.964
GUM,Guam,1987,2.966,129.858
GUM,Guam,1988,2.9863,132.799
GUM,Guam,1989,3.0008,135.799
GUM,Guam,1990,3.0152,138.61
GUM,Guam,1991,3.0278,141.073
GUM,Guam,1992,3.042,143.393
GUM,Guam,1993,3.0539,145.654
GUM,Guam,1994,3.0444,147.868
GUM,Guam,1995,3.0398,150.054
GUM,Guam,1996,3.0326,152.17
GUM,Guam,1997,3.0231,154.215
GUM,Guam,1998,3.0081,156.237
GUM,Guam,1999,2.9693,158.289
GUM,Guam,2000,2.9152,160.065
GUM,Guam,2001,2.8173,161.329
GUM,Guam,2002,2.5819,162.315
GUM,Guam,2003,2.6572,163.137
GUM,Guam,2004,2.7721,163.81
GUM,Guam,2005,2.6376,164.365
GUM,Guam,2006,2.8067,164.839
GUM,Guam,2007,2.9045,165.267
GUM,Guam,2008,2.9046,165.693
GUM,Guam,2009,2.8911,166.173
GUM,Guam,2010,2.9734,166.522
GUM,Guam,2011,2.8759,166.543
GUM,Guam,2012,3.1175,166.33
GUM,Guam,2013,2.8826,165.966
GUM,Guam,2014,2.9463,165.486
GUM,Guam,2015,2.9328,164.905
GUM,Guam,2016,3.1714,164.233
GUM,Guam,2017,3.0879,163.49
GUM,Guam,2018,2.9946,162.679
GUM,Guam,2019,2.9384,161.808
GUM,Guam,2020,2.8954,162.158
GUM,Guam,2021,2.8558,163.73
GUM,Guam,2022,2.8185,165.18
GUM,Guam,2023,2.7808,166.506
GUY,Guyana,1950,5.8342,418.038
GUY,Guyana,1951,5.9156,429.1
GUY,Guyana,1952,5.9932,441.245
GUY,Guyana,1953,6.0729,454.555
GUY,Guyana,1954,6.1492,468.97
GUY,Guyana,1955,6.2183,484.364
GUY,Guyana,1956,6.2671,500.575
GUY,Guyana,1957,6.3107,517.501
GUY,Guyana,1958,6.3083,535.071
GUY,Guyana,1959,6.3143,553.066
GUY,Guyana,1960,6.331,569.143
GUY,Guyana,1961,6.3386,582.568
GUY,Guyana,1962,6.3326,595.46
GUY,Guyana,1963,6.3071,608.537
GUY,Guyana,1964,6.2315,621.764
GUY,Guyana,1965,6.135,635.128
GUY,Guyana,1966,6.0207,648.646
GUY,Guyana,1967,5.8881,662.311
GUY,Guyana,1968,5.751,676.16
GUY,Guyana,1969,5.5808,690.223
GUY,Guyana,1970,5.4111,702.705
GUY,Guyana,1971,5.2568,712.662
GUY,Guyana,1972,5.0769,721.617
GUY,Guyana,1973,4.8659,730.138
GUY,Guyana,1974,4.6383,738.056
GUY,Guyana,1975,4.4497,745.393
GUY,Guyana,1976,4.2798,752.253
GUY,Guyana,1977,4.1164,758.654
GUY,Guyana,1978,3.9669,764.586
GUY,Guyana,1979,3.8596,770.062
GUY,Guyana,1980,3.7701,774.367
GUY,Guyana,1981,3.7188,776.454
GUY,Guyana,1982,3.6784,776.712
GUY,Guyana,1983,3.6369,775.891
GUY,Guyana,1984,3.5407,774.111
GUY,Guyana,1985,3.4698,771.477
GUY,Guyana,1986,3.3805,768.098
GUY,Guyana,1987,3.305,764.12
GUY,Guyana,1988,3.2285,759.664
GUY,Guyana,1989,3.186,754.865
GUY,Guyana,1990,3.1806,749.894
GUY,Guyana,1991,3.183,747.861
GUY,Guyana,1992,3.1881,749.911
GUY,Guyana,1993,3.1991,752.964
GUY,Guyana,1994,3.2263,755.822
GUY,Guyana,1995,3.2377,758.388
GUY,Guyana,1996,3.2302,760.526
GUY,Guyana,1997,3.221,762.244
GUY,Guyana,1998,3.1816,763.586
GUY,Guyana,1999,3.1253,764.483
GUY,Guyana,2000,3.0565,764.832
GUY,Guyana,2001,2.9583,764.478
GUY,Guyana,2002,2.8437,763.652
GUY,Guyana,2003,2.7499,763.102
GUY,Guyana,2004,2.6813,762.418
GUY,Guyana,2005,2.6476,760.914
GUY,Guyana,2006,2.6593,758.966
GUY,Guyana,2007,2.6807,756.86
GUY,Guyana,2008,2.6969,754.606
GUY,Guyana,2009,2.6939,752.094
GUY,Guyana,2010,2.6837,749.256
GUY,Guyana,2011,2.6945,746.153
GUY,Guyana,2012,2.7006,746.288
GUY,Guyana,2013,2.7111,750.021
GUY,Guyana,2014,2.6955,754.229
GUY,Guyana,2015,2.6665,758.781
GUY,Guyana,2016,2.6336,763.548
GUY,Guyana,2017,2.5927,768.479
GUY,Guyana,2018,2.5528,791.556
GUY,Guyana,2019,2.5212,807.665
GUY,Guyana,2020,2.4909,807.482
GUY,Guyana,2021,2.4617,815.482
GUY,Guyana,2022,2.4374,821.637
GUY,Guyana,2023,2.4125,826.353
HKG,"China, Hong Kong SAR",1950,4.255,1978.342
HKG,"China, Hong Kong SAR",1951,4.3485,2069.48
HKG,"China, Hong Kong SAR",1952,4.3893,2164.798
HKG,"China, Hong Kong SAR",1953,4.4271,2264.328
HKG,"China, Hong Kong SAR",1954,4.4612,2368.615
HKG,"China, Hong Kong SAR",1955,4.5505,2478.198
HKG,"China, Hong Kong SAR",1956,4.6403,2594.257
HKG,"China, Hong Kong SAR",1957,4.7631,2717.184
HKG,"China, Hong Kong SAR",1958,4.8798,2845.5
HKG,"China, Hong Kong SAR",1959,4.9979,2974.544
HKG,"China, Hong Kong SAR",1960,5.0846,3094.84
HKG,"China, Hong Kong SAR",1961,5.1689,3076.657
HKG,"China, Hong Kong SAR",1962,5.1772,2889.084
HKG,"China, Hong Kong SAR",1963,5.1523,2662.601
HKG,"China, Hong Kong SAR",1964,5.0851,3136.028
HKG,"China, Hong Kong SAR",1965,4.9233,3855.421
HKG,"China, Hong Kong SAR",1966,4.464,4015.302
HKG,"China, Hong Kong SAR",1967,4.123,3474.128
HKG,"China, Hong Kong SAR",1968,3.783,3065.327
HKG,"China, Hong Kong SAR",1969,3.5994,3395.52
HKG,"China, Hong Kong SAR",1970,3.3862,3739.916
HKG,"China, Hong Kong SAR",1971,3.3999,3989.236
HKG,"China, Hong Kong SAR",1972,3.2538,4117.123
HKG,"China, Hong Kong SAR",1973,3.135,4223.246
HKG,"China, Hong Kong SAR",1974,2.9536,4330.722
HKG,"China, Hong Kong SAR",1975,2.6273,4438.378
HKG,"China, Hong Kong SAR",1976,2.421,4545.132
HKG,"China, Hong Kong SAR",1977,2.308,4650.49
HKG,"China, Hong Kong SAR",1978,2.2047,4754.068
HKG,"China, Hong Kong SAR",1979,2.1166,4857.67
HKG,"China, Hong Kong SAR",1980,2.0614,4962.484
HKG,"China, Hong Kong SAR",1981,1.9528,5060.956
HKG,"China, Hong Kong SAR",1982,1.8719,5150.094
HKG,"China, Hong Kong SAR",1983,1.7449,5235.106
HKG,"China, Hong Kong SAR",1984,1.5848,5315.979
HKG,"China, Hong Kong SAR",1985,1.5041,5393.122
HKG,"China, Hong Kong SAR",1986,1.3912,5451.433
HKG,"China, Hong Kong SAR",1987,1.3386,5486.372
HKG,"China, Hong Kong SAR",1988,1.4034,5514.898
HKG,"China, Hong Kong SAR",1989,1.3165,5540.574
HKG,"China, Hong Kong SAR",1990,1.283,5560.597
HKG,"China, Hong Kong SAR",1991,1.2987,5628.094
HKG,"China, Hong Kong SAR",1992,1.3594,5759.556
HKG,"China, Hong Kong SAR",1993,1.3587,5902.513
HKG,"China, Hong Kong SAR",1994,1.3681,6042.261
HKG,"China, Hong Kong SAR",1995,1.3038,6177.104
HKG,"China, Hong Kong SAR",1996,1.2028,6302.464
HKG,"China, Hong Kong SAR",1997,1.1226,6416.674
HKG,"China, Hong Kong SAR",1998,1.0251,6521.334
HKG,"China, Hong Kong SAR",1999,0.9939,6616.525
HKG,"China, Hong Kong SAR",2000,1.0265,6704.664
HKG,"China, Hong Kong SAR",2001,0.9411,6774.239
HKG,"China, Hong Kong SAR",2002,0.9316,6821.408
HKG,"China, Hong Kong SAR",2003,0.9044,6858.906
HKG,"China, Hong Kong SAR",2004,0.9212,6888.164
HKG,"China, Hong Kong SAR",2005,0.9574,6908.486
HKG,"China, Hong Kong SAR",2006,0.9874,6931.09
HKG,"China, Hong Kong SAR",2007,1.03,6971.345
HKG,"China, Hong Kong SAR",2008,1.0536,7020.688
HKG,"China, Hong Kong SAR",2009,1.0497,7064.467
HKG,"China, Hong Kong SAR",2010,1.1198,7101.617
HKG,"China, Hong Kong SAR",2011,1.1362,7142.97
HKG,"China, Hong Kong SAR",2012,1.2072,7201.061
HKG,"China, Hong Kong SAR",2013,1.2649,7264.335
HKG,"China, Hong Kong SAR",2014,1.2005,7319.5
HKG,"China, Hong Kong SAR",2015,1.2272,7366.41
HKG,"China, Hong Kong SAR",2016,1.2052,7408.01
HKG,"China, Hong Kong SAR",2017,1.1356,7444.892
HKG,"China, Hong Kong SAR",2018,1.0856,7471.194
HKG,"China, Hong Kong SAR",2019,1.055,7485.813
HKG,"China, Hong Kong SAR",2020,0.8916,7490.236
HKG,"China, Hong Kong SAR",2021,0.7785,7484.602
HKG,"China, Hong Kong SAR",2022,0.7084,7465.915
HKG,"China, Hong Kong SAR",2023,0.7169,7442.734
HND,Honduras,1950,7.4688,1558.938
HND,Honduras,1951,7.4787,1601.486
HND,Honduras,1952,7.4956,1645.832
HND,Honduras,1953,7.5069,1691.965
HND,Honduras,1954,7.5125,1739.815
HND,Honduras,1955,7.5125,1789.39
HND,Honduras,1956,7.5076,1840.666
HND,Honduras,1957,7.4982,1893.582
HND,Honduras,1958,7.4854,1948.15
HND,Honduras,1959,7.4714,2004.32
HND,Honduras,1960,7.4584,2062.06
HND,Honduras,1961,7.4482,2121.242
HND,Honduras,1962,7.4425,2182.064
HND,Honduras,1963,7.4413,2244.878
HND,Honduras,1964,7.4426,2309.855
HND,Honduras,1965,7.4424,2377.156
HND,Honduras,1966,7.4101,2446.75
HND,Honduras,1967,7.3592,2518.648
HND,Honduras,1968,7.295,2593.057
HND,Honduras,1969,7.2276,2670.288
HND,Honduras,1970,7.1719,2750.714
HND,Honduras,1971,7.1126,2834.616
HND,Honduras,1972,7.0582,2922.064
HND,Honduras,1973,6.9846,3011.46
HND,Honduras,1974,6.9128,3099.836
HND,Honduras,1975,6.8661,3193.234
HND,Honduras,1976,6.814,3294.457
HND,Honduras,1977,6.7317,3398.654
HND,Honduras,1978,6.6341,3505.463
HND,Honduras,1979,6.5313,3614.981
HND,Honduras,1980,6.4182,3727.173
HND,Honduras,1981,6.3012,3841.778
HND,Honduras,1982,6.1791,3958.728
HND,Honduras,1983,6.0586,4078.174
HND,Honduras,1984,5.9345,4199.85
HND,Honduras,1985,5.8162,4323.342
HND,Honduras,1986,5.7004,4448.899
HND,Honduras,1987,5.5813,4576.91
HND,Honduras,1988,5.468,4707.678
HND,Honduras,1989,5.3543,4841.838
HND,Honduras,1990,5.2712,4980.488
HND,Honduras,1991,5.1912,5123.792
HND,Honduras,1992,5.1133,5271.431
HND,Honduras,1993,5.0279,5423.249
HND,Honduras,1994,4.9349,5579.242
HND,Honduras,1995,4.8352,5739.638
HND,Honduras,1996,4.713,5903.954
HND,Honduras,1997,4.5901,6071.454
HND,Honduras,1998,4.4725,6234.432
HND,Honduras,1999,4.366,6400.463
HND,Honduras,2000,4.2893,6577.772
HND,Honduras,2001,4.1525,6757.993
HND,Honduras,2002,3.9997,6938.858
HND,Honduras,2003,3.8444,7119.213
HND,Honduras,2004,3.7099,7298.994
HND,Honduras,2005,3.577,7478.355
HND,Honduras,2006,3.4488,7656.832
HND,Honduras,2007,3.351,7834.798
HND,Honduras,2008,3.2598,8012.587
HND,Honduras,2009,3.173,8189.898
HND,Honduras,2010,3.0781,8365.878
HND,Honduras,2011,2.9981,8540.583
HND,Honduras,2012,2.9269,8715.076
HND,Honduras,2013,2.8549,8889.278
HND,Honduras,2014,2.7934,9063.122
HND,Honduras,2015,2.7464,9237.305
HND,Honduras,2016,2.7044,9412.38
HND,Honduras,2017,2.6626,9588.136
HND,Honduras,2018,2.6451,9765.21
HND,Honduras,2019,2.6112,9943.634
HND,Honduras,2020,2.5768,10119.64
HND,Honduras,2021,2.5482,10289.876
HND,Honduras,2022,2.5217,10463.872
HND,Honduras,2023,2.5002,10644.851
HRV,Croatia,1950,2.9326,3864.99
HRV,Croatia,1951,2.6621,3911.671
HRV,Croatia,1952,2.725,3957.414
HRV,Croatia,1953,2.6806,4006.122
HRV,Croatia,1954,2.629,4048.114
HRV,Croatia,1955,2.5878,4080.735
HRV,Croatia,1956,2.5041,4110.124
HRV,Croatia,1957,2.3611,4136.704
HRV,Croatia,1958,2.2599,4160.692
HRV,Croatia,1959,2.2696,4182.093
HRV,Croatia,1960,2.2394,4200.264
HRV,Croatia,1961,2.2185,4223.427
HRV,Croatia,1962,2.1918,4255.014
HRV,Croatia,1963,2.1449,4287.266
HRV,Croatia,1964,2.1422,4317.758
HRV,Croatia,1965,2.2239,4346.706
HRV,Croatia,1966,2.2274,4374.301
HRV,Croatia,1967,2.1025,4400.269
HRV,Croatia,1968,2.0272,4423.828
HRV,Croatia,1969,1.951,4444.446
HRV,Croatia,1970,1.8815,4462.674
HRV,Croatia,1971,1.9744,4480.162
HRV,Croatia,1972,2.0069,4497.891
HRV,Croatia,1973,2.0128,4515.758
HRV,Croatia,1974,1.9828,4533.953
HRV,Croatia,1975,1.9513,4552.73
HRV,Croatia,1976,1.9364,4571.75
HRV,Croatia,1977,1.9471,4590.623
HRV,Croatia,1978,1.9549,4609.02
HRV,Croatia,1979,1.9467,4626.959
HRV,Croatia,1980,1.9313,4643.896
HRV,Croatia,1981,1.9263,4664.258
HRV,Croatia,1982,1.9095,4689.156
HRV,Croatia,1983,1.8906,4712.884
HRV,Croatia,1984,1.8747,4734.488
HRV,Croatia,1985,1.8282,4754.554
HRV,Croatia,1986,1.7732,4773.051
HRV,Croatia,1987,1.7447,4790.209
HRV,Croatia,1988,1.7057,4806.032
HRV,Croatia,1989,1.6476,4820.732
HRV,Croatia,1990,1.6283,4835.066
HRV,Croatia,1991,1.5426,4825.157
HRV,Croatia,1992,1.4622,4782.232
HRV,Croatia,1993,1.5081,4729.742
HRV,Croatia,1994,1.5203,4675.514
HRV,Croatia,1995,1.5793,4619.36
HRV,Croatia,1996,1.6749,4562.299
HRV,Croatia,1997,1.6847,4504.621
HRV,Croatia,1998,1.4988,4445.667
HRV,Croatia,1999,1.4384,4385.822
HRV,Croatia,2000,1.4227,4326.105
HRV,Croatia,2001,1.4582,4301.074
HRV,Croatia,2002,1.4276,4305.782
HRV,Croatia,2003,1.4119,4306.686
HRV,Croatia,2004,1.4186,4310.056
HRV,Croatia,2005,1.5057,4313.946
HRV,Croatia,2006,1.4694,4315.8
HRV,Croatia,2007,1.487,4315.954
HRV,Croatia,2008,1.5546,4314.63
HRV,Croatia,2009,1.5877,4310.53
HRV,Croatia,2010,1.5513,4301.145
HRV,Croatia,2011,1.4855,4280.824
HRV,Croatia,2012,1.5159,4259.236
HRV,Croatia,2013,1.4605,4242.398
HRV,Croatia,2014,1.461,4219.479
HRV,Croatia,2015,1.4032,4183.728
HRV,Croatia,2016,1.4274,4136.444
HRV,Croatia,2017,1.4227,4079.2
HRV,Croatia,2018,1.472,4024.868
HRV,Croatia,2019,1.4703,3986.334
HRV,Croatia,2020,1.4843,3953.958
HRV,Croatia,2021,1.6244,3924.61
HRV,Croatia,2022,1.5303,3907.027
HRV,Croatia,2023,1.4677,3896.023
HTI,Haiti,1950,6.2507,3265.708
HTI,Haiti,1951,6.2412,3314.919
HTI,Haiti,1952,6.2414,3366.262
HTI,Haiti,1953,6.2335,3419.84
HTI,Haiti,1954,6.2231,3475.528
HTI,Haiti,1955,6.2299,3533.744
HTI,Haiti,1956,6.2315,3594.803
HTI,Haiti,1957,6.1989,3657.817
HTI,Haiti,1958,6.1958,3722.71
HTI,Haiti,1959,6.1981,3789.689
HTI,Haiti,1960,6.178,3858.443
HTI,Haiti,1961,6.1787,3929.03
HTI,Haiti,1962,6.1746,4001.575
HTI,Haiti,1963,6.1731,4073.068
HTI,Haiti,1964,6.1637,4146.244
HTI,Haiti,1965,6.1289,4223.82
HTI,Haiti,1966,6.0932,4302.639
HTI,Haiti,1967,6.0506,4382.999
HTI,Haiti,1968,6.0089,4465.328
HTI,Haiti,1969,5.9569,4549.334
HTI,Haiti,1970,5.9114,4635.124
HTI,Haiti,1971,5.8772,4723.244
HTI,Haiti,1972,5.8494,4813.868
HTI,Haiti,1973,5.8108,4906.743
HTI,Haiti,1974,5.7814,5001.796
HTI,Haiti,1975,5.7483,5099.086
HTI,Haiti,1976,5.7104,5198.357
HTI,Haiti,1977,5.6737,5299.476
HTI,Haiti,1978,5.6419,5402.58
HTI,Haiti,1979,5.5944,5507.59
HTI,Haiti,1980,5.5573,5614.493
HTI,Haiti,1981,5.5327,5723.725
HTI,Haiti,1982,5.5264,5835.937
HTI,Haiti,1983,5.5127,5951.096
HTI,Haiti,1984,5.5051,6069.23
HTI,Haiti,1985,5.4953,6190.862
HTI,Haiti,1986,5.4794,6316.122
HTI,Haiti,1987,5.4712,6445.123
HTI,Haiti,1988,5.4724,6578.144
HTI,Haiti,1989,5.4437,6714.73
HTI,Haiti,1990,5.4144,6854.441
HTI,Haiti,1991,5.317,6995.45
HTI,Haiti,1992,5.2076,7136.571
HTI,Haiti,1993,5.0989,7278.181
HTI,Haiti,1994,4.9912,7419.771
HTI,Haiti,1995,4.8841,7562.546
HTI,Haiti,1996,4.777,7707.557
HTI,Haiti,1997,4.6693,7854.298
HTI,Haiti,1998,4.561,8002.143
HTI,Haiti,1999,4.4525,8151.296
HTI,Haiti,2000,4.3896,8303.151
HTI,Haiti,2001,4.2483,8455.918
HTI,Haiti,2002,4.1252,8607.641
HTI,Haiti,2003,4.047,8759.912
HTI,Haiti,2004,3.9428,8910.263
HTI,Haiti,2005,3.835,9061.273
HTI,Haiti,2006,3.7611,9216.562
HTI,Haiti,2007,3.6871,9373.296
HTI,Haiti,2008,3.6207,9530.774
HTI,Haiti,2009,3.5649,9689.58
HTI,Haiti,2010,3.4973,9803.294
HTI,Haiti,2011,3.4312,9914.904
HTI,Haiti,2012,3.3206,10069.77
HTI,Haiti,2013,3.2214,10222.362
HTI,Haiti,2014,3.164,10373.235
HTI,Haiti,2015,3.1104,10523.242
HTI,Haiti,2016,3.0537,10671.457
HTI,Haiti,2017,2.9848,10817.754
HTI,Haiti,2018,2.9239,10962.362
HTI,Haiti,2019,2.8623,11105.163
HTI,Haiti,2020,2.8036,11243.848
HTI,Haiti,2021,2.7476,11374.586
HTI,Haiti,2022,2.699,11503.606
HTI,Haiti,2023,2.6557,11637.398
HUN,Hungary,1950,2.6148,9337.88
HUN,Hungary,1951,2.5443,9423.174
HUN,Hungary,1952,2.4838,9503.927
HUN,Hungary,1953,2.7497,9594.481
HUN,Hungary,1954,2.9643,9704.586
HUN,Hungary,1955,2.8166,9823.206
HUN,Hungary,1956,2.6069,9853.988
HUN,Hungary,1957,2.2961,9837.928
HUN,Hungary,1958,2.1764,9880.678
HUN,Hungary,1959,2.079,9936.841
HUN,Hungary,1960,2.0214,9983.374
HUN,Hungary,1961,1.9372,10026.513
HUN,Hungary,1962,1.8012,10058.066
HUN,Hungary,1963,1.82,10083.841
HUN,Hungary,1964,1.8145,10114.371
HUN,Hungary,1965,1.8202,10141.119
HUN,Hungary,1966,1.8901,10170.404
HUN,Hungary,1967,2.0135,10206.81
HUN,Hungary,1968,2.0672,10244.544
HUN,Hungary,1969,2.0412,10281.589
HUN,Hungary,1970,1.9797,10315.143
HUN,Hungary,1971,1.9306,10343.969
HUN,Hungary,1972,1.9311,10374.304
HUN,Hungary,1973,1.9523,10407.439
HUN,Hungary,1974,2.284,10453.913
HUN,Hungary,1975,2.3633,10515.652
HUN,Hungary,1976,2.2508,10573.772
HUN,Hungary,1977,2.1641,10623.14
HUN,Hungary,1978,2.0765,10660.188
HUN,Hungary,1979,2.0181,10688.252
HUN,Hungary,1980,1.9199,10695.366
HUN,Hungary,1981,1.8768,10679.329
HUN,Hungary,1982,1.7957,10656.116
HUN,Hungary,1983,1.7453,10622.989
HUN,Hungary,1984,1.7566,10584.328
HUN,Hungary,1985,1.8474,10547.265
HUN,Hungary,1986,1.8463,10511.098
HUN,Hungary,1987,1.8287,10475.105
HUN,Hungary,1988,1.8161,10440.531
HUN,Hungary,1989,1.8188,10403.42
HUN,Hungary,1990,1.8571,10381.281
HUN,Hungary,1991,1.8631,10378.176
HUN,Hungary,1992,1.7702,10371.474
HUN,Hungary,1993,1.6858,10356.87
HUN,Hungary,1994,1.6398,10339.937
HUN,Hungary,1995,1.568,10322.788
HUN,Hungary,1996,1.4577,10302.235
HUN,Hungary,1997,1.3769,10278.602
HUN,Hungary,1998,1.3263,10251.716
HUN,Hungary,1999,1.2901,10219.796
HUN,Hungary,2000,1.3196,10190.6
HUN,Hungary,2001,1.3121,10166.69
HUN,Hungary,2002,1.3026,10138.466
HUN,Hungary,2003,1.2755,10108.963
HUN,Hungary,2004,1.2808,10085.791
HUN,Hungary,2005,1.3123,10065.706
HUN,Hungary,2006,1.3411,10049.943
HUN,Hungary,2007,1.3222,10034.082
HUN,Hungary,2008,1.3462,10016.657
HUN,Hungary,2009,1.3212,10001.378
HUN,Hungary,2010,1.257,9979.128
HUN,Hungary,2011,1.2502,9946.676
HUN,Hungary,2012,1.3343,9916.623
HUN,Hungary,2013,1.35,9889.346
HUN,Hungary,2014,1.4245,9862.842
HUN,Hungary,2015,1.4464,9839.211
HUN,Hungary,2016,1.5141,9810.532
HUN,Hungary,2017,1.5241,9785.604
HUN,Hungary,2018,1.5218,9774.394
HUN,Hungary,2019,1.5308,9770.346
HUN,Hungary,2020,1.5755,9749.456
HUN,Hungary,2021,1.6053,9707.85
HUN,Hungary,2022,1.55,9684.306
HUN,Hungary,2023,1.486,9686.464
IDN,Indonesia,1950,5.1089,68799.025
IDN,Indonesia,1951,5.1592,70286.303
IDN,Indonesia,1952,5.2099,71876.432
IDN,Indonesia,1953,5.2559,73569.144
IDN,Indonesia,1954,5.3142,75367.369
IDN,Indonesia,1955,5.3619,77273.507
IDN,Indonesia,1956,5.3933,79282.549
IDN,Indonesia,1957,5.4183,81390.834
IDN,Indonesia,1958,5.4481,83592.762
IDN,Indonesia,1959,5.4761,85892.869
IDN,Indonesia,1960,5.5055,88296.07
IDN,Indonesia,1961,5.5222,90791.249
IDN,Indonesia,1962,5.5341,93375.85
IDN,Indonesia,1963,5.551,96051.424
IDN,Indonesia,1964,5.5682,98833.748
IDN,Indonesia,1965,5.5927,101365.13
IDN,Indonesia,1966,5.5932,103792.754
IDN,Indonesia,1967,5.5829,106526.393
IDN,Indonesia,1968,5.5683,109450.006
IDN,Indonesia,1969,5.5526,112517.639
IDN,Indonesia,1970,5.488,115657.494
IDN,Indonesia,1971,5.3968,118833.702
IDN,Indonesia,1972,5.3152,122039.841
IDN,Indonesia,1973,5.2457,125288.515
IDN,Indonesia,1974,5.0894,128555.045
IDN,Indonesia,1975,5.0316,131843.848
IDN,Indonesia,1976,4.9208,135173.656
IDN,Indonesia,1977,4.8074,138533.541
IDN,Indonesia,1978,4.7317,141953.164
IDN,Indonesia,1979,4.6245,145434.834
IDN,Indonesia,1980,4.4946,148950.54
IDN,Indonesia,1981,4.3564,152485.034
IDN,Indonesia,1982,4.2472,156052.152
IDN,Indonesia,1983,4.1086,159651.381
IDN,Indonesia,1984,3.9562,163251.124
IDN,Indonesia,1985,3.7251,166776.185
IDN,Indonesia,1986,3.5299,170175.064
IDN,Indonesia,1987,3.4201,173511.154
IDN,Indonesia,1988,3.3533,176855.066
IDN,Indonesia,1989,3.2468,180201.63
IDN,Indonesia,1990,3.1137,183501.098
IDN,Indonesia,1991,3.0581,186778.238
IDN,Indonesia,1992,2.9499,190043.744
IDN,Indonesia,1993,2.9002,193305.168
IDN,Indonesia,1994,2.8512,196591.828
IDN,Indonesia,1995,2.809,199888.057
IDN,Indonesia,1996,2.7822,203204.348
IDN,Indonesia,1997,2.7423,206536.095
IDN,Indonesia,1998,2.6603,209826.788
IDN,Indonesia,1999,2.5678,213004.668
IDN,Indonesia,2000,2.5033,216077.79
IDN,Indonesia,2001,2.4659,219097.902
IDN,Indonesia,2002,2.4358,222088.495
IDN,Indonesia,2003,2.4105,225048.008
IDN,Indonesia,2004,2.415,227926.649
IDN,Indonesia,2005,2.4524,230871.65
IDN,Indonesia,2006,2.4569,233951.652
IDN,Indonesia,2007,2.4762,237062.338
IDN,Indonesia,2008,2.4398,240157.903
IDN,Indonesia,2009,2.4425,243220.028
IDN,Indonesia,2010,2.4616,246305.322
IDN,Indonesia,2011,2.5151,249470.032
IDN,Indonesia,2012,2.5139,252698.525
IDN,Indonesia,2013,2.4408,255852.467
IDN,Indonesia,2014,2.3926,258877.399
IDN,Indonesia,2015,2.3465,261799.249
IDN,Indonesia,2016,2.3111,264627.418
IDN,Indonesia,2017,2.2528,267346.658
IDN,Indonesia,2018,2.2192,269951.846
IDN,Indonesia,2019,2.205,272489.381
IDN,Indonesia,2020,2.189,274814.866
IDN,Indonesia,2021,2.1659,276758.053
IDN,Indonesia,2022,2.149,278830.529
IDN,Indonesia,2023,2.1267,281190.067
IMN,Isle of Man,1950,2.4069,55.089
IMN,Isle of Man,1951,2.3571,55.066
IMN,Isle of Man,1952,2.2787,54.642
IMN,Isle of Man,1953,2.1734,54.071
IMN,Isle of Man,1954,2.0624,53.445
IMN,Isle of Man,1955,1.9487,52.776
IMN,Isle of Man,1956,2.0714,52.059
IMN,Isle of Man,1957,2.1708,51.304
IMN,Isle of Man,1958,2.3642,50.525
IMN,Isle of Man,1959,2.4201,49.714
IMN,Isle of Man,1960,2.6822,48.868
IMN,Isle of Man,1961,2.6876,48.451
IMN,Isle of Man,1962,2.6342,48.688
IMN,Isle of Man,1963,2.6236,49.151
IMN,Isle of Man,1964,2.6267,49.625
IMN,Isle of Man,1965,2.5387,50.09
IMN,Isle of Man,1966,2.4617,50.748
IMN,Isle of Man,1967,2.4469,51.741
IMN,Isle of Man,1968,2.4472,52.891
IMN,Isle of Man,1969,2.5123,54.074
IMN,Isle of Man,1970,2.5659,55.3
IMN,Isle of Man,1971,2.512,56.427
IMN,Isle of Man,1972,2.4542,57.367
IMN,Isle of Man,1973,2.3636,58.256
IMN,Isle of Man,1974,2.2633,59.138
IMN,Isle of Man,1975,2.1603,59.959
IMN,Isle of Man,1976,2.083,60.75
IMN,Isle of Man,1977,2.0235,61.566
IMN,Isle of Man,1978,1.9877,62.398
IMN,Isle of Man,1979,1.9601,63.239
IMN,Isle of Man,1980,1.9539,64.076
IMN,Isle of Man,1981,1.9409,64.596
IMN,Isle of Man,1982,1.9147,64.686
IMN,Isle of Man,1983,1.888,64.63
IMN,Isle of Man,1984,1.8654,64.528
IMN,Isle of Man,1985,1.8797,64.401
IMN,Isle of Man,1986,1.8918,64.696
IMN,Isle of Man,1987,1.9093,65.597
IMN,Isle of Man,1988,1.9207,66.68
IMN,Isle of Man,1989,1.9263,67.79
IMN,Isle of Man,1990,1.9588,68.916
IMN,Isle of Man,1991,1.978,69.808
IMN,Isle of Man,1992,1.9736,70.354
IMN,Isle of Man,1993,1.9459,70.772
IMN,Isle of Man,1994,1.9152,71.168
IMN,Isle of Man,1995,1.923,71.513
IMN,Isle of Man,1996,1.9306,72.048
IMN,Isle of Man,1997,1.9257,72.909
IMN,Isle of Man,1998,1.901,73.86
IMN,Isle of Man,1999,1.8582,74.79
IMN,Isle of Man,2000,1.8659,75.659
IMN,Isle of Man,2001,1.8696,76.476
IMN,Isle of Man,2002,1.8633,77.275
IMN,Isle of Man,2003,1.8403,78.049
IMN,Isle of Man,2004,1.8261,78.792
IMN,Isle of Man,2005,1.8628,79.516
IMN,Isle of Man,2006,1.9046,80.294
IMN,Isle of Man,2007,1.9274,81.146
IMN,Isle of Man,2008,1.941,82.03
IMN,Isle of Man,2009,1.9374,82.94
IMN,Isle of Man,2010,1.9284,83.873
IMN,Isle of Man,2011,1.9026,84.382
IMN,Isle of Man,2012,1.8644,84.335
IMN,Isle of Man,2013,1.8241,84.141
IMN,Isle of Man,2014,1.7898,83.892
IMN,Isle of Man,2015,1.7478,83.593
IMN,Isle of Man,2016,1.7126,83.466
IMN,Isle of Man,2017,1.6742,83.609
IMN,Isle of Man,2018,1.6362,83.805
IMN,Isle of Man,2019,1.6064,83.957
IMN,Isle of Man,2020,1.5853,84.064
IMN,Isle of Man,2021,1.5685,84.106
IMN,Isle of Man,2022,1.5558,84.132
IMN,Isle of Man,2023,1.5482,84.165
IND,India,1950,5.7316,346278.821
IND,India,1951,5.7721,353870.057
IND,India,1952,5.8211,361874.903
IND,India,1953,5.8653,370104.574
IND,India,1954,5.9061,378687.138
IND,India,1955,5.9106,387700.887
IND,India,1956,5.9135,396988.903
IND,India,1957,5.9133,406253.888
IND,India,1958,5.9031,415777.442
IND,India,1959,5.8918,425780.669
IND,India,1960,5.9211,435990.338
IND,India,1961,5.937,446564.729
IND,India,1962,5.9533,457283.09
IND,India,1963,5.9691,468138.575
IND,India,1964,5.9794,479229.598
IND,India,1965,5.9411,490140.146
IND,India,1966,5.8806,500740.247
IND,India,1967,5.8248,511606.372
IND,India,1968,5.7598,522716.888
IND,India,1969,5.6842,533880.544
IND,India,1970,5.624,545864.268
IND,India,1971,5.5647,558096.387
IND,India,1972,5.4815,570482.142
IND,India,1973,5.4024,583465.598
IND,India,1974,5.3248,597041.391
IND,India,1975,5.1945,611309.535
IND,India,1976,5.1301,625861.883
IND,India,1977,5.0074,640801.103
IND,India,1978,4.8884,655728.229
IND,India,1979,4.8077,671155.746
IND,India,1980,4.7753,687354.026
IND,India,1981,4.6983,703696.25
IND,India,1982,4.6199,720313.473
IND,India,1983,4.5651,737372.68
IND,India,1984,4.516,754875.449
IND,India,1985,4.4316,772647.793
IND,India,1986,4.399,790689.978
IND,India,1987,4.3111,808931.27
IND,India,1988,4.2218,827342.99
IND,India,1989,4.1325,846039.529
IND,India,1990,4.0446,864972.222
IND,India,1991,3.9594,883927.6
IND,India,1992,3.8774,902957.07
IND,India,1993,3.7986,922118.387
IND,India,1994,3.7232,941163.767
IND,India,1995,3.6511,960301.044
IND,India,1996,3.5816,979678.458
IND,India,1997,3.5136,999133.762
IND,India,1998,3.4462,1018665.08
IND,India,1999,3.3831,1038225.823
IND,India,2000,3.3498,1057922.733
IND,India,2001,3.3028,1077898.575
IND,India,2002,3.2169,1097600.38
IND,India,2003,3.1216,1116803.006
IND,India,2004,3.0464,1135991.513
IND,India,2005,2.9584,1154676.322
IND,India,2006,2.8674,1172878.89
IND,India,2007,2.7753,1190676.021
IND,India,2008,2.7114,1207930.964
IND,India,2009,2.674,1225524.753
IND,India,2010,2.5985,1243481.564
IND,India,2011,2.5322,1261224.954
IND,India,2012,2.4699,1278674.502
IND,India,2013,2.3992,1295829.511
IND,India,2014,2.2935,1312277.191
IND,India,2015,2.2887,1328024.498
IND,India,2016,2.284,1343944.296
IND,India,2017,2.1934,1359657.4
IND,India,2018,2.1843,1374659.064
IND,India,2019,2.1203,1389030.312
IND,India,2020,2.0468,1402617.695
IND,India,2021,2.0136,1414203.896
IND,India,2022,1.9936,1425423.212
IND,India,2023,1.9754,1438069.596
IRL,Ireland,1950,3.4973,2912.654
IRL,Ireland,1951,3.5477,2936.864
IRL,Ireland,1952,3.5601,2941.462
IRL,Ireland,1953,3.5345,2929.08
IRL,Ireland,1954,3.4669,2915.174
IRL,Ireland,1955,3.3665,2899.538
IRL,Ireland,1956,3.3821,2883.754
IRL,Ireland,1957,3.4791,2869.099
IRL,Ireland,1958,3.4651,2854
IRL,Ireland,1959,3.6019,2839.218
IRL,Ireland,1960,3.7554,2827.69
IRL,Ireland,1961,3.7837,2824.692
IRL,Ireland,1962,3.9301,2831.496
IRL,Ireland,1963,4.0269,2843.034
IRL,Ireland,1964,4.0786,2857.166
IRL,Ireland,1965,4.0404,2873.153
IRL,Ireland,1966,3.9422,2888.887
IRL,Ireland,1967,3.8429,2905.42
IRL,Ireland,1968,3.7696,2922.794
IRL,Ireland,1969,3.8241,2940.752
IRL,Ireland,1970,3.8496,2961.404
IRL,Ireland,1971,3.9344,2993.12
IRL,Ireland,1972,3.8489,3037.153
IRL,Ireland,1973,3.7134,3084.434
IRL,Ireland,1974,3.5878,3132.177
IRL,Ireland,1975,3.3716,3180.118
IRL,Ireland,1976,3.2871,3228.402
IRL,Ireland,1977,3.242,3277.756
IRL,Ireland,1978,3.2106,3329.183
IRL,Ireland,1979,3.214,3375.801
IRL,Ireland,1980,3.2051,3415.24
IRL,Ireland,1981,3.0586,3448.826
IRL,Ireland,1982,2.9472,3475.536
IRL,Ireland,1983,2.7494,3497.608
IRL,Ireland,1984,2.5859,3515.954
IRL,Ireland,1985,2.4921,3531.27
IRL,Ireland,1986,2.4409,3541.867
IRL,Ireland,1987,2.3149,3540.381
IRL,Ireland,1988,2.1725,3525.096
IRL,Ireland,1989,2.0811,3511.07
IRL,Ireland,1990,2.1103,3514.018
IRL,Ireland,1991,2.0771,3534.26
IRL,Ireland,1992,1.9907,3558.421
IRL,Ireland,1993,1.9041,3576.122
IRL,Ireland,1994,1.8476,3590.156
IRL,Ireland,1995,1.8434,3610.697
IRL,Ireland,1996,1.8827,3638.509
IRL,Ireland,1997,1.9317,3672.292
IRL,Ireland,1998,1.9407,3711.074
IRL,Ireland,1999,1.903,3752.938
IRL,Ireland,2000,1.8927,3802.585
IRL,Ireland,2001,1.9398,3862.981
IRL,Ireland,2002,1.9707,3928.443
IRL,Ireland,2003,1.9603,3992.935
IRL,Ireland,2004,1.9302,4066.064
IRL,Ireland,2005,1.8654,4155.284
IRL,Ireland,2006,1.9147,4268.778
IRL,Ireland,2007,2.0109,4393.513
IRL,Ireland,2008,2.0645,4486
IRL,Ireland,2009,2.0628,4533.752
IRL,Ireland,2010,2.0559,4559.08
IRL,Ireland,2011,2.0327,4579.602
IRL,Ireland,2012,1.9901,4600.132
IRL,Ireland,2013,1.9336,4624.686
IRL,Ireland,2014,1.8999,4658.239
IRL,Ireland,2015,1.8609,4702.487
IRL,Ireland,2016,1.8163,4753.503
IRL,Ireland,2017,1.7719,4810.26
IRL,Ireland,2018,1.7614,4872.556
IRL,Ireland,2019,1.7181,4933.491
IRL,Ireland,2020,1.6533,4982.606
IRL,Ireland,2021,1.777,5028.426
IRL,Ireland,2022,1.5942,5110.016
IRL,Ireland,2023,1.5977,5196.63
IRN,Iran (Islamic Republic of),1950,6.9699,16510.553
IRN,Iran (Islamic Republic of),1951,6.9768,16921.274
IRN,Iran (Islamic Republic of),1952,7.0051,17344.433
IRN,Iran (Islamic Republic of),1953,7.0258,17778.114
IRN,Iran (Islamic Republic of),1954,7.0485,18226.199
IRN,Iran (Islamic Republic of),1955,7.1514,18700.802
IRN,Iran (Islamic Republic of),1956,7.2491,19204.386
IRN,Iran (Islamic Republic of),1957,7.3537,19726.842
IRN,Iran (Islamic Republic of),1958,7.4579,20266.511
IRN,Iran (Islamic Republic of),1959,7.5715,20846.775
IRN,Iran (Islamic Republic of),1960,7.5189,21470.434
IRN,Iran (Islamic Republic of),1961,7.4593,22125.726
IRN,Iran (Islamic Republic of),1962,7.4012,22807.907
IRN,Iran (Islamic Republic of),1963,7.3168,23519.005
IRN,Iran (Islamic Republic of),1964,7.2373,24262.859
IRN,Iran (Islamic Republic of),1965,7.222,25036.978
IRN,Iran (Islamic Republic of),1966,7.2136,25829.27
IRN,Iran (Islamic Republic of),1967,7.1901,26628.432
IRN,Iran (Islamic Republic of),1968,7.1186,27437.391
IRN,Iran (Islamic Republic of),1969,7.007,28273.482
IRN,Iran (Islamic Republic of),1970,6.7981,29145.1
IRN,Iran (Islamic Republic of),1971,6.5489,30029.071
IRN,Iran (Islamic Republic of),1972,6.2568,30921.179
IRN,Iran (Islamic Republic of),1973,6.0612,31839.838
IRN,Iran (Islamic Republic of),1974,5.9684,32796.463
IRN,Iran (Islamic Republic of),1975,5.9472,33802.973
IRN,Iran (Islamic Republic of),1976,6.0657,34837.271
IRN,Iran (Islamic Republic of),1977,6.1788,35933.181
IRN,Iran (Islamic Republic of),1978,6.3442,37126.534
IRN,Iran (Islamic Republic of),1979,6.5486,38424.952
IRN,Iran (Islamic Republic of),1980,6.6304,39842.324
IRN,Iran (Islamic Republic of),1981,6.6176,41989.312
IRN,Iran (Islamic Republic of),1982,6.5863,44272.14
IRN,Iran (Islamic Republic of),1983,6.5285,46029.535
IRN,Iran (Islamic Republic of),1984,6.4334,47793.998
IRN,Iran (Islamic Republic of),1985,6.2416,49582.289
IRN,Iran (Islamic Republic of),1986,6.0113,51446.045
IRN,Iran (Islamic Republic of),1987,5.7186,53323.492
IRN,Iran (Islamic Republic of),1988,5.4337,55072.694
IRN,Iran (Islamic Republic of),1989,5.1719,56704.914
IRN,Iran (Islamic Republic of),1990,4.9338,58380.092
IRN,Iran (Islamic Republic of),1991,4.5683,59986.931
IRN,Iran (Islamic Republic of),1992,4.0988,61184.983
IRN,Iran (Islamic Republic of),1993,3.6744,61403.544
IRN,Iran (Islamic Republic of),1994,3.2437,61520.598
IRN,Iran (Islamic Republic of),1995,2.8515,62205.567
IRN,Iran (Islamic Republic of),1996,2.5417,62881.3
IRN,Iran (Islamic Republic of),1997,2.323,63639.638
IRN,Iran (Islamic Republic of),1998,2.19,64519.859
IRN,Iran (Islamic Republic of),1999,2.0893,65445.39
IRN,Iran (Islamic Republic of),2000,1.9992,66418.659
IRN,Iran (Islamic Republic of),2001,1.9176,67452.005
IRN,Iran (Islamic Republic of),2002,1.8359,68011.317
IRN,Iran (Islamic Republic of),2003,1.8006,68769.34
IRN,Iran (Islamic Republic of),2004,1.7803,70256.316
IRN,Iran (Islamic Republic of),2005,1.756,71828.455
IRN,Iran (Islamic Republic of),2006,1.755,73392.747
IRN,Iran (Islamic Republic of),2007,1.7483,74602.648
IRN,Iran (Islamic Republic of),2008,1.7433,75514.204
IRN,Iran (Islamic Republic of),2009,1.7396,76457.825
IRN,Iran (Islamic Republic of),2010,1.7487,77420.842
IRN,Iran (Islamic Republic of),2011,1.7918,78383.598
IRN,Iran (Islamic Republic of),2012,1.851,79370.58
IRN,Iran (Islamic Republic of),2013,1.9127,80414.686
IRN,Iran (Islamic Republic of),2014,1.9751,81502.045
IRN,Iran (Islamic Republic of),2015,2.0174,82619.362
IRN,Iran (Islamic Republic of),2016,2.0537,83812.228
IRN,Iran (Islamic Republic of),2017,2.0228,85026.754
IRN,Iran (Islamic Republic of),2018,1.9186,86117.998
IRN,Iran (Islamic Republic of),2019,1.7662,87051.648
IRN,Iran (Islamic Republic of),2020,1.6997,87723.443
IRN,Iran (Islamic Republic of),2021,1.7086,88455.488
IRN,Iran (Islamic Republic of),2022,1.7035,89524.246
IRN,Iran (Islamic Republic of),2023,1.6952,90608.707
IRQ,Iraq,1950,6.2,5653.35
IRQ,Iraq,1951,6.4,5774.129
IRQ,Iraq,1952,6.8368,5913.007
IRQ,Iraq,1953,6.844,6064.248
IRQ,Iraq,1954,6.7579,6219.466
IRQ,Iraq,1955,6,6366.278
IRQ,Iraq,1956,6,6507.5
IRQ,Iraq,1957,4.8,6633.376
IRQ,Iraq,1958,4.8,6741.678
IRQ,Iraq,1959,5.3,6870.38
IRQ,Iraq,1960,5.3,7022.052
IRQ,Iraq,1961,5.8,7194.553
IRQ,Iraq,1962,6.9913,7413.875
IRQ,Iraq,1963,7.0047,7667.928
IRQ,Iraq,1964,7.0105,7929.566
IRQ,Iraq,1965,7.0205,8202.14
IRQ,Iraq,1966,7.0218,8485.104
IRQ,Iraq,1967,7.0293,8778.869
IRQ,Iraq,1968,7.0563,9085.016
IRQ,Iraq,1969,7.0834,9403.356
IRQ,Iraq,1970,7.0712,9735.61
IRQ,Iraq,1971,7.055,10077.809
IRQ,Iraq,1972,7.0238,10430.164
IRQ,Iraq,1973,6.9865,10795.869
IRQ,Iraq,1974,6.9521,11167.76
IRQ,Iraq,1975,6.9129,11543.64
IRQ,Iraq,1976,6.8564,11927.651
IRQ,Iraq,1977,6.7945,12331.046
IRQ,Iraq,1978,6.7257,12753.356
IRQ,Iraq,1979,6.662,13170.366
IRQ,Iraq,1980,6.593,13591.992
IRQ,Iraq,1981,6.5257,14006.382
IRQ,Iraq,1982,6.4599,14406.082
IRQ,Iraq,1983,6.3868,14840.554
IRQ,Iraq,1984,6.321,15310.732
IRQ,Iraq,1985,6.2456,15683.43
IRQ,Iraq,1986,6.1822,16074.145
IRQ,Iraq,1987,6.1136,16521.049
IRQ,Iraq,1988,6.0516,16908.819
IRQ,Iraq,1989,5.9883,17364.542
IRQ,Iraq,1990,5.9294,17581.206
IRQ,Iraq,1991,5.8332,17767.253
IRQ,Iraq,1992,5.7177,18300.845
IRQ,Iraq,1993,5.6092,19201.195
IRQ,Iraq,1994,5.488,20139.807
IRQ,Iraq,1995,5.3602,20825.86
IRQ,Iraq,1996,5.249,21501.321
IRQ,Iraq,1997,5.194,22176.593
IRQ,Iraq,1998,5.1123,22884.399
IRQ,Iraq,1999,5.0346,23636.527
IRQ,Iraq,2000,4.9196,24424.056
IRQ,Iraq,2001,4.799,25197.84
IRQ,Iraq,2002,4.668,26006.559
IRQ,Iraq,2003,4.5807,26802.659
IRQ,Iraq,2004,4.5268,27577.878
IRQ,Iraq,2005,4.4457,28407.448
IRQ,Iraq,2006,4.4591,28616.515
IRQ,Iraq,2007,4.4044,28391.607
IRQ,Iraq,2008,4.3731,28971.036
IRQ,Iraq,2009,4.3782,30058.206
IRQ,Iraq,2010,4.4566,31045.366
IRQ,Iraq,2011,4.5884,32161.424
IRQ,Iraq,2012,4.5442,33654.842
IRQ,Iraq,2013,4.4406,35281.989
IRQ,Iraq,2014,4.3097,36550.059
IRQ,Iraq,2015,4.0799,37560.534
IRQ,Iraq,2016,3.8426,38469.627
IRQ,Iraq,2017,3.6396,39337.353
IRQ,Iraq,2018,3.5465,40265.624
IRQ,Iraq,2019,3.4797,41192.17
IRQ,Iraq,2020,3.4189,42116.604
IRQ,Iraq,2021,3.3577,43071.21
IRQ,Iraq,2022,3.2945,44070.551
IRQ,Iraq,2023,3.2485,45074.049
ISL,Iceland,1950,3.8539,142.667
ISL,Iceland,1951,3.7207,145.42
ISL,Iceland,1952,3.788,147.762
ISL,Iceland,1953,3.933,150.742
ISL,Iceland,1954,3.9125,154.263
ISL,Iceland,1955,4.0356,157.746
ISL,Iceland,1956,4.1111,161.079
ISL,Iceland,1957,4.1727,164.755
ISL,Iceland,1958,4.0719,168.478
ISL,Iceland,1959,4.2129,171.994
ISL,Iceland,1960,4.2589,175.56
ISL,Iceland,1961,3.9127,178.998
ISL,Iceland,1962,3.9792,182.341
ISL,Iceland,1963,3.9836,185.643
ISL,Iceland,1964,3.8696,189.026
ISL,Iceland,1965,3.72,192.333
ISL,Iceland,1966,3.5784,195.596
ISL,Iceland,1967,3.2822,198.783
ISL,Iceland,1968,3.0629,201.504
ISL,Iceland,1969,2.984,203.377
ISL,Iceland,1970,2.8155,204.478
ISL,Iceland,1971,2.9169,206.161
ISL,Iceland,1972,3.0847,209.203
ISL,Iceland,1973,2.9411,212.381
ISL,Iceland,1974,2.6611,215.266
ISL,Iceland,1975,2.6401,218.028
ISL,Iceland,1976,2.5222,220.19
ISL,Iceland,1977,2.3196,221.834
ISL,Iceland,1978,2.3516,223.572
ISL,Iceland,1979,2.487,225.756
ISL,Iceland,1980,2.4781,228.144
ISL,Iceland,1981,2.3374,230.746
ISL,Iceland,1982,2.2719,233.845
ISL,Iceland,1983,2.2464,236.964
ISL,Iceland,1984,2.083,239.501
ISL,Iceland,1985,1.9416,241.402
ISL,Iceland,1986,1.9348,243.184
ISL,Iceland,1987,2.0689,245.854
ISL,Iceland,1988,2.2579,249.726
ISL,Iceland,1989,2.2077,252.851
ISL,Iceland,1990,2.3022,254.833
ISL,Iceland,1991,2.1959,257.812
ISL,Iceland,1992,2.2139,261.085
ISL,Iceland,1993,2.2213,263.754
ISL,Iceland,1994,2.1435,266.054
ISL,Iceland,1995,2.0826,267.51
ISL,Iceland,1996,2.1105,268.96
ISL,Iceland,1997,2.0395,271.184
ISL,Iceland,1998,2.0426,274.111
ISL,Iceland,1999,1.9974,277.448
ISL,Iceland,2000,2.0713,281.28
ISL,Iceland,2001,1.9547,285.052
ISL,Iceland,2002,1.9359,287.607
ISL,Iceland,2003,1.9906,289.605
ISL,Iceland,2004,2.0373,292.168
ISL,Iceland,2005,2.0456,296.834
ISL,Iceland,2006,2.075,303.874
ISL,Iceland,2007,2.0892,311.651
ISL,Iceland,2008,2.1565,317.514
ISL,Iceland,2009,2.2267,318.612
ISL,Iceland,2010,2.1916,318.158
ISL,Iceland,2011,2.0228,319.137
ISL,Iceland,2012,2.034,320.841
ISL,Iceland,2013,1.9377,323.885
ISL,Iceland,2014,1.9276,327.512
ISL,Iceland,2015,1.8085,330.952
ISL,Iceland,2016,1.7438,335.574
ISL,Iceland,2017,1.7107,343.532
ISL,Iceland,2018,1.7099,352.854
ISL,Iceland,2019,1.7439,360.7
ISL,Iceland,2020,1.7179,366.614
ISL,Iceland,2021,1.8184,372.644
ISL,Iceland,2022,1.589,380.356
ISL,Iceland,2023,1.5401,387.558
ISR,Israel,1950,4.5706,1289.236
ISR,Israel,1951,4.6657,1351.802
ISR,Israel,1952,4.7409,1414.216
ISR,Israel,1953,4.7219,1476.325
ISR,Israel,1954,4.3409,1538.035
ISR,Israel,1955,4.3867,1599.497
ISR,Israel,1956,4.4358,1660.632
ISR,Israel,1957,4.3825,1720.531
ISR,Israel,1958,4.3262,1779.006
ISR,Israel,1959,4.3645,1836.34
ISR,Israel,1960,4.3661,1891.935
ISR,Israel,1961,4.1482,1956.884
ISR,Israel,1962,4.0863,2040.961
ISR,Israel,1963,4.0873,2135.041
ISR,Israel,1964,4.1631,2231.855
ISR,Israel,1965,4.1252,2331.451
ISR,Israel,1966,3.9602,2433.835
ISR,Israel,1967,3.824,2538.657
ISR,Israel,1968,3.7115,2645.47
ISR,Israel,1969,3.6758,2754.157
ISR,Israel,1970,3.7864,2864.778
ISR,Israel,1971,3.8489,2977.3
ISR,Israel,1972,3.7982,3079.401
ISR,Israel,1973,3.6062,3163.044
ISR,Israel,1974,3.6415,3239.981
ISR,Israel,1975,3.614,3318.089
ISR,Israel,1976,3.6222,3398.267
ISR,Israel,1977,3.4704,3479.618
ISR,Israel,1978,3.2454,3560.396
ISR,Israel,1979,3.2028,3640.874
ISR,Israel,1980,3.1528,3721.665
ISR,Israel,1981,3.0726,3802.238
ISR,Israel,1982,3.1313,3883.632
ISR,Israel,1983,3.1433,3959.63
ISR,Israel,1984,3.0775,4033.735
ISR,Israel,1985,3.0387,4105.359
ISR,Israel,1986,2.9908,4168.971
ISR,Israel,1987,2.9229,4236.87
ISR,Israel,1988,2.8961,4307.32
ISR,Israel,1989,2.84,4381.51
ISR,Israel,1990,2.8398,4544.999
ISR,Israel,1991,2.8322,4779.89
ISR,Israel,1992,2.8697,4957.238
ISR,Israel,1993,2.8658,5086.045
ISR,Israel,1994,2.8371,5216.7
ISR,Israel,1995,2.823,5354.739
ISR,Israel,1996,2.8625,5499.551
ISR,Israel,1997,2.8757,5646.473
ISR,Israel,1998,2.9219,5790.14
ISR,Israel,1999,2.888,5946.08
ISR,Israel,2000,2.9212,6111.19
ISR,Israel,2001,2.868,6259.982
ISR,Israel,2002,2.877,6387.72
ISR,Israel,2003,2.9187,6502.82
ISR,Israel,2004,2.8477,6615.087
ISR,Israel,2005,2.7933,6728.206
ISR,Israel,2006,2.8281,6844.032
ISR,Israel,2007,2.8518,6962.455
ISR,Israel,2008,2.9026,7082.62
ISR,Israel,2009,2.9439,7206.096
ISR,Israel,2010,3.0285,7336.735
ISR,Israel,2011,3.0105,7471.022
ISR,Israel,2012,3.05,7607.78
ISR,Israel,2013,3.0356,7749.379
ISR,Israel,2014,3.0811,7897.179
ISR,Israel,2015,3.093,8052.908
ISR,Israel,2016,3.1129,8210.006
ISR,Israel,2017,3.1228,8361.796
ISR,Israel,2018,3.1032,8510.067
ISR,Israel,2019,3.0341,8657.474
ISR,Israel,2020,2.9374,8800.376
ISR,Israel,2021,3.0186,8942.924
ISR,Israel,2022,2.9358,9103.151
ISR,Israel,2023,2.8301,9256.314
ITA,Italy,1950,2.5233,46391.673
ITA,Italy,1951,2.3762,46751.899
ITA,Italy,1952,2.3231,47018.18
ITA,Italy,1953,2.285,47410.885
ITA,Italy,1954,2.3488,47832.235
ITA,Italy,1955,2.3429,48130.818
ITA,Italy,1956,2.3507,48401.952
ITA,Italy,1957,2.3484,48657.034
ITA,Italy,1958,2.326,48927.099
ITA,Italy,1959,2.3872,49219.446
ITA,Italy,1960,2.3843,49514.555
ITA,Italy,1961,2.4203,49815.249
ITA,Italy,1962,2.4513,50170.59
ITA,Italy,1963,2.5195,50570.976
ITA,Italy,1964,2.6625,51019.579
ITA,Italy,1965,2.6171,51480.728
ITA,Italy,1966,2.588,51919.067
ITA,Italy,1967,2.5086,52338.334
ITA,Italy,1968,2.4898,52712.156
ITA,Italy,1969,2.4698,53060.137
ITA,Italy,1970,2.3959,53390.236
ITA,Italy,1971,2.3983,53707.795
ITA,Italy,1972,2.3509,54067.562
ITA,Italy,1973,2.3151,54450.567
ITA,Italy,1974,2.2922,54821.114
ITA,Italy,1975,2.1774,55166.045
ITA,Italy,1976,2.0563,55459.416
ITA,Italy,1977,1.9389,55714.555
ITA,Italy,1978,1.8415,55938.966
ITA,Italy,1979,1.7333,56132.38
ITA,Italy,1980,1.6466,56412.084
ITA,Italy,1981,1.5822,56646.75
ITA,Italy,1982,1.5606,56719.175
ITA,Italy,1983,1.5062,56766.112
ITA,Italy,1984,1.4578,56810.352
ITA,Italy,1985,1.4155,56855.501
ITA,Italy,1986,1.3511,56875.988
ITA,Italy,1987,1.3297,56891.926
ITA,Italy,1988,1.3552,56928.751
ITA,Italy,1989,1.3282,56976.755
ITA,Italy,1990,1.3314,57031.454
ITA,Italy,1991,1.3032,57075.394
ITA,Italy,1992,1.2955,57124.99
ITA,Italy,1993,1.2489,57170.764
ITA,Italy,1994,1.2082,57420.138
ITA,Italy,1995,1.1885,57403.344
ITA,Italy,1996,1.1972,57162.092
ITA,Italy,1997,1.2098,57189.274
ITA,Italy,1998,1.2099,57215.194
ITA,Italy,1999,1.2279,57240.798
ITA,Italy,2000,1.2491,57272.196
ITA,Italy,2001,1.247,57305.76
ITA,Italy,2002,1.2643,57420.628
ITA,Italy,2003,1.2853,57739.699
ITA,Italy,2004,1.3368,58176.738
ITA,Italy,2005,1.3325,58519.693
ITA,Italy,2006,1.3643,58754.433
ITA,Italy,2007,1.3926,59108.72
ITA,Italy,2008,1.4351,59561.684
ITA,Italy,2009,1.4386,59904.01
ITA,Italy,2010,1.443,60164.213
ITA,Italy,2011,1.4266,60367.88
ITA,Italy,2012,1.416,60531.515
ITA,Italy,2013,1.3797,60653.868
ITA,Italy,2014,1.3636,60664.171
ITA,Italy,2015,1.3445,60575.316
ITA,Italy,2016,1.3359,60478.107
ITA,Italy,2017,1.317,60390.318
ITA,Italy,2018,1.2856,60277.498
ITA,Italy,2019,1.2591,60130.136
ITA,Italy,2020,1.2418,59912.769
ITA,Italy,2021,1.2522,59729.35
ITA,Italy,2022,1.24,59619.115
ITA,Italy,2023,1.1977,59499.453
JAM,Jamaica,1950,3.923,1407.206
JAM,Jamaica,1951,4.013,1447.469
JAM,Jamaica,1952,4.0543,1481.343
JAM,Jamaica,1953,4.1842,1509.736
JAM,Jamaica,1954,4.3332,1533.448
JAM,Jamaica,1955,4.5242,1553.711
JAM,Jamaica,1956,4.7411,1571.973
JAM,Jamaica,1957,4.9634,1589.677
JAM,Jamaica,1958,5.1921,1608.264
JAM,Jamaica,1959,5.3232,1628.235
JAM,Jamaica,1960,5.5382,1650.005
JAM,Jamaica,1961,5.597,1673.261
JAM,Jamaica,1962,5.6351,1696.932
JAM,Jamaica,1963,5.7313,1721.099
JAM,Jamaica,1964,5.7898,1745.568
JAM,Jamaica,1965,5.7186,1769.192
JAM,Jamaica,1966,5.6923,1791.475
JAM,Jamaica,1967,5.6681,1812.865
JAM,Jamaica,1968,5.576,1833.765
JAM,Jamaica,1969,5.4684,1855.127
JAM,Jamaica,1970,5.3493,1878.196
JAM,Jamaica,1971,5.2117,1903.728
JAM,Jamaica,1972,5.0599,1931.542
JAM,Jamaica,1973,4.995,1961.219
JAM,Jamaica,1974,4.6653,1990.906
JAM,Jamaica,1975,4.4356,2018.981
JAM,Jamaica,1976,4.2127,2045.578
JAM,Jamaica,1977,4.0041,2070.657
JAM,Jamaica,1978,3.8381,2094.836
JAM,Jamaica,1979,3.7185,2119.486
JAM,Jamaica,1980,3.5881,2145.658
JAM,Jamaica,1981,3.5102,2173.818
JAM,Jamaica,1982,3.458,2203.888
JAM,Jamaica,1983,3.4111,2234.832
JAM,Jamaica,1984,3.3244,2264.562
JAM,Jamaica,1985,3.212,2290.656
JAM,Jamaica,1986,3.1055,2312.125
JAM,Jamaica,1987,3.0243,2329.813
JAM,Jamaica,1988,2.9816,2345.777
JAM,Jamaica,1989,2.9296,2361.916
JAM,Jamaica,1990,2.9546,2379.877
JAM,Jamaica,1991,2.9966,2400.868
JAM,Jamaica,1992,3.026,2424.701
JAM,Jamaica,1993,2.987,2449.916
JAM,Jamaica,1994,2.9304,2475.22
JAM,Jamaica,1995,2.8506,2500.151
JAM,Jamaica,1996,2.7704,2524.462
JAM,Jamaica,1997,2.6774,2547.848
JAM,Jamaica,1998,2.5744,2569.736
JAM,Jamaica,1999,2.4653,2589.795
JAM,Jamaica,2000,2.3446,2607.826
JAM,Jamaica,2001,2.2958,2624.403
JAM,Jamaica,2002,2.2707,2640.572
JAM,Jamaica,2003,2.244,2656.623
JAM,Jamaica,2004,2.1984,2672.225
JAM,Jamaica,2005,2.1475,2687.066
JAM,Jamaica,2006,2.089,2700.968
JAM,Jamaica,2007,2.0233,2713.8
JAM,Jamaica,2008,1.9526,2725.634
JAM,Jamaica,2009,1.8793,2736.995
JAM,Jamaica,2010,1.7988,2748.568
JAM,Jamaica,2011,1.7174,2760.494
JAM,Jamaica,2012,1.6482,2772.43
JAM,Jamaica,2013,1.5914,2783.687
JAM,Jamaica,2014,1.5439,2793.749
JAM,Jamaica,2015,1.5075,2802.534
JAM,Jamaica,2016,1.4643,2809.915
JAM,Jamaica,2017,1.4276,2815.764
JAM,Jamaica,2018,1.4002,2820.097
JAM,Jamaica,2019,1.3901,2823.271
JAM,Jamaica,2020,1.3826,2830.739
JAM,Jamaica,2021,1.3779,2837.682
JAM,Jamaica,2022,1.3725,2839.144
JAM,Jamaica,2023,1.3577,2839.786
JEY,Jersey,1950,2.177,57.11
JEY,Jersey,1951,2.0914,58.016
JEY,Jersey,1952,2.0472,58.715
JEY,Jersey,1953,2.0023,59.363
JEY,Jersey,1954,1.9845,59.996
JEY,Jersey,1955,1.9455,60.605
JEY,Jersey,1956,1.9809,61.181
JEY,Jersey,1957,2.0498,61.761
JEY,Jersey,1958,2.1591,62.374
JEY,Jersey,1959,2.2626,63.006
JEY,Jersey,1960,2.412,63.644
JEY,Jersey,1961,2.4978,64.298
JEY,Jersey,1962,2.6257,64.96
JEY,Jersey,1963,2.7426,65.619
JEY,Jersey,1964,2.7862,66.272
JEY,Jersey,1965,2.7302,66.909
JEY,Jersey,1966,2.5705,67.535
JEY,Jersey,1967,2.386,68.14
JEY,Jersey,1968,2.2588,68.686
JEY,Jersey,1969,2.105,69.179
JEY,Jersey,1970,1.9328,69.654
JEY,Jersey,1971,1.8988,70.402
JEY,Jersey,1972,1.6361,71.48
JEY,Jersey,1973,1.5523,72.566
JEY,Jersey,1974,1.4725,73.57
JEY,Jersey,1975,1.416,74.506
JEY,Jersey,1976,1.3382,75.194
JEY,Jersey,1977,1.4089,75.586
JEY,Jersey,1978,1.3889,75.893
JEY,Jersey,1979,1.396,76.207
JEY,Jersey,1980,1.3528,76.533
JEY,Jersey,1981,1.3224,77.049
JEY,Jersey,1982,1.3252,77.82
JEY,Jersey,1983,1.3267,78.662
JEY,Jersey,1984,1.3562,79.515
JEY,Jersey,1985,1.2992,80.372
JEY,Jersey,1986,1.3208,81.174
JEY,Jersey,1987,1.386,81.894
JEY,Jersey,1988,1.445,82.591
JEY,Jersey,1989,1.4537,83.314
JEY,Jersey,1990,1.4522,84.186
JEY,Jersey,1991,1.4049,84.89
JEY,Jersey,1992,1.4687,85.222
JEY,Jersey,1993,1.4139,85.478
JEY,Jersey,1994,1.4956,85.702
JEY,Jersey,1995,1.5188,85.87
JEY,Jersey,1996,1.5348,86.177
JEY,Jersey,1997,1.5378,86.66
JEY,Jersey,1998,1.5313,87.128
JEY,Jersey,1999,1.5179,87.53
JEY,Jersey,2000,1.5079,87.841
JEY,Jersey,2001,1.4907,88.388
JEY,Jersey,2002,1.477,89.297
JEY,Jersey,2003,1.5378,90.28
JEY,Jersey,2004,1.5151,91.262
JEY,Jersey,2005,1.4339,92.249
JEY,Jersey,2006,1.4397,93.228
JEY,Jersey,2007,1.5302,94.207
JEY,Jersey,2008,1.5627,95.18
JEY,Jersey,2009,1.5755,96.145
JEY,Jersey,2010,1.5934,97.108
JEY,Jersey,2011,1.5979,98.03
JEY,Jersey,2012,1.5946,98.911
JEY,Jersey,2013,1.5694,99.754
JEY,Jersey,2014,1.5523,100.568
JEY,Jersey,2015,1.51,101.217
JEY,Jersey,2016,1.4682,101.692
JEY,Jersey,2017,1.4187,102.125
JEY,Jersey,2018,1.3848,102.518
JEY,Jersey,2019,1.3596,102.856
JEY,Jersey,2020,1.3371,103.13
JEY,Jersey,2021,1.3558,103.328
JEY,Jersey,2022,1.3645,103.49
JEY,Jersey,2023,1.3706,103.674
JOR,Jordan,1950,7.4444,438.802
JOR,Jordan,1951,7.4397,471.151
JOR,Jordan,1952,7.4221,506.444
JOR,Jordan,1953,7.4104,544.098
JOR,Jordan,1954,7.3987,583.846
JOR,Jordan,1955,7.42,625.567
JOR,Jordan,1956,7.4412,669.101
JOR,Jordan,1957,7.4603,714.355
JOR,Jordan,1958,7.4793,760.822
JOR,Jordan,1959,7.5118,807.609
JOR,Jordan,1960,7.5985,853.471
JOR,Jordan,1961,7.6995,897.59
JOR,Jordan,1962,7.7855,940.554
JOR,Jordan,1963,7.8538,984.714
JOR,Jordan,1964,7.9126,1035.64
JOR,Jordan,1965,7.932,1099.44
JOR,Jordan,1966,7.9918,1178.36
JOR,Jordan,1967,8.0591,1271.183
JOR,Jordan,1968,8.1354,1372.46
JOR,Jordan,1969,8.1918,1473.1
JOR,Jordan,1970,8.1808,1565.163
JOR,Jordan,1971,8.1502,1645.145
JOR,Jordan,1972,8.1175,1714.555
JOR,Jordan,1973,8.0618,1778.094
JOR,Jordan,1974,7.9967,1839.182
JOR,Jordan,1975,7.9251,1899.055
JOR,Jordan,1976,7.832,1958.177
JOR,Jordan,1977,7.7227,2019.002
JOR,Jordan,1978,7.594,2083.596
JOR,Jordan,1979,7.4477,2153.882
JOR,Jordan,1980,7.2868,2234.186
JOR,Jordan,1981,7.121,2325.517
JOR,Jordan,1982,6.9592,2426.926
JOR,Jordan,1983,6.8124,2537.308
JOR,Jordan,1984,6.6705,2654.688
JOR,Jordan,1985,6.5338,2778.81
JOR,Jordan,1986,6.3869,2909.886
JOR,Jordan,1987,6.1963,3047.634
JOR,Jordan,1988,6.0106,3193.039
JOR,Jordan,1989,5.798,3349.627
JOR,Jordan,1990,5.5439,3621.908
JOR,Jordan,1991,5.3305,3915.15
JOR,Jordan,1992,5.137,4127.692
JOR,Jordan,1993,4.9717,4348.02
JOR,Jordan,1994,4.8189,4561.406
JOR,Jordan,1995,4.6761,4752.096
JOR,Jordan,1996,4.508,4912.516
JOR,Jordan,1997,4.3182,5046.285
JOR,Jordan,1998,4.112,5164.284
JOR,Jordan,1999,3.9715,5276.444
JOR,Jordan,2000,3.8639,5386.946
JOR,Jordan,2001,3.8032,5498.894
JOR,Jordan,2002,3.8052,5616.066
JOR,Jordan,2003,3.816,5741.828
JOR,Jordan,2004,3.7288,5882.062
JOR,Jordan,2005,3.6533,6029.587
JOR,Jordan,2006,3.7115,6427.371
JOR,Jordan,2007,3.7965,6827.227
JOR,Jordan,2008,3.8764,6989.866
JOR,Jordan,2009,3.8409,7141.754
JOR,Jordan,2010,3.7799,7297.044
JOR,Jordan,2011,3.69,7480.424
JOR,Jordan,2012,3.5679,7587.127
JOR,Jordan,2013,3.4485,7991.809
JOR,Jordan,2014,3.3017,8791.71
JOR,Jordan,2015,3.1411,9544.729
JOR,Jordan,2016,3.0716,10006.366
JOR,Jordan,2017,2.9944,10234.226
JOR,Jordan,2018,2.9226,10462.306
JOR,Jordan,2019,2.8551,10671.892
JOR,Jordan,2020,2.7911,10865.228
JOR,Jordan,2021,2.7346,11066.356
JOR,Jordan,2022,2.6791,11256.263
JOR,Jordan,2023,2.6392,11439.214
JPN,Japan,1950,3.6154,86443.277
JPN,Japan,1951,3.225,87849.926
JPN,Japan,1952,2.947,89135.132
JPN,Japan,1953,2.6732,90324.184
JPN,Japan,1954,2.468,91407.672
JPN,Japan,1955,2.3488,92425.478
JPN,Japan,1956,2.2062,93342.008
JPN,Japan,1957,2.0357,94108.977
JPN,Japan,1958,2.0967,94846.956
JPN,Japan,1959,2.0348,95622.978
JPN,Japan,1960,1.9808,96399.754
JPN,Japan,1961,1.9281,97217.594
JPN,Japan,1962,1.9278,98076.405
JPN,Japan,1963,1.9513,98958.231
JPN,Japan,1964,1.9979,99890.178
JPN,Japan,1965,2.089,100916.019
JPN,Japan,1966,1.6321,101887.835
JPN,Japan,1967,2.1577,102965.527
JPN,Japan,1968,2.065,104237.471
JPN,Japan,1969,2.0258,105475.17
JPN,Japan,1970,2.035,106712.368
JPN,Japan,1971,2.089,107952.03
JPN,Japan,1972,2.1138,109238.955
JPN,Japan,1973,2.1454,110614.736
JPN,Japan,1974,2.0651,112009.694
JPN,Japan,1975,1.9206,113321.196
JPN,Japan,1976,1.8412,114502.795
JPN,Japan,1977,1.7894,115574.277
JPN,Japan,1978,1.7857,116576.944
JPN,Japan,1979,1.7691,117521.556
JPN,Japan,1980,1.7392,118358.756
JPN,Japan,1981,1.7176,118994.053
JPN,Japan,1982,1.7384,119485.775
JPN,Japan,1983,1.7701,119948.947
JPN,Japan,1984,1.7802,120384.394
JPN,Japan,1985,1.7365,120832.163
JPN,Japan,1986,1.6979,121366.735
JPN,Japan,1987,1.6658,121943.587
JPN,Japan,1988,1.6251,122476.952
JPN,Japan,1989,1.5467,122947.413
JPN,Japan,1990,1.5087,123399.765
JPN,Japan,1991,1.5042,123889.871
JPN,Japan,1992,1.4777,124383.708
JPN,Japan,1993,1.4401,124839.958
JPN,Japan,1994,1.4676,125286.86
JPN,Japan,1995,1.4067,125672.665
JPN,Japan,1996,1.403,125975.302
JPN,Japan,1997,1.3761,126265.929
JPN,Japan,1998,1.3707,126549.181
JPN,Japan,1999,1.3397,126801.564
JPN,Japan,2000,1.346,127027.789
JPN,Japan,2001,1.3247,127260.148
JPN,Japan,2002,1.3076,127484.598
JPN,Japan,2003,1.2851,127671.252
JPN,Japan,2004,1.2773,127815.774
JPN,Japan,2005,1.2455,127913.33
JPN,Japan,2006,1.2849,127997.247
JPN,Japan,2007,1.305,128087.682
JPN,Japan,2008,1.3302,128155.99
JPN,Japan,2009,1.333,128192.47
JPN,Japan,2010,1.3573,128185.275
JPN,Japan,2011,1.3627,128096.432
JPN,Japan,2012,1.3755,127928.285
JPN,Japan,2013,1.3894,127723.646
JPN,Japan,2014,1.3876,127486.604
JPN,Japan,2015,1.4153,127275.872
JPN,Japan,2016,1.4078,127159.951
JPN,Japan,2017,1.3899,127064.69
JPN,Japan,2018,1.3734,126913.432
JPN,Japan,2019,1.3234,126699.424
JPN,Japan,2020,1.3036,126304.543
JPN,Japan,2021,1.2745,125679.338
JPN,Japan,2022,1.2558,124997.578
JPN,Japan,2023,1.2079,124370.947
KAZ,Kazakhstan,1950,4.5599,6787.149
KAZ,Kazakhstan,1951,4.5387,7020.908
KAZ,Kazakhstan,1952,4.5109,7258.809
KAZ,Kazakhstan,1953,4.4955,7498.49
KAZ,Kazakhstan,1954,4.4821,7742.03
KAZ,Kazakhstan,1955,4.5061,7993.631
KAZ,Kazakhstan,1956,4.571,8256.702
KAZ,Kazakhstan,1957,4.6376,8533.9
KAZ,Kazakhstan,1958,4.6781,8822.641
KAZ,Kazakhstan,1959,4.5693,9122.175
KAZ,Kazakhstan,1960,4.4945,9429.981
KAZ,Kazakhstan,1961,4.424,9742.085
KAZ,Kazakhstan,1962,4.3571,10058.928
KAZ,Kazakhstan,1963,4.2639,10377.466
KAZ,Kazakhstan,1964,4.0715,10690.31
KAZ,Kazakhstan,1965,3.881,10993.183
KAZ,Kazakhstan,1966,3.8192,11288.99
KAZ,Kazakhstan,1967,3.7686,11584.428
KAZ,Kazakhstan,1968,3.6289,11879.182
KAZ,Kazakhstan,1969,3.509,12156.212
KAZ,Kazakhstan,1970,3.5048,12419.057
KAZ,Kazakhstan,1971,3.5337,12684.813
KAZ,Kazakhstan,1972,3.5532,12951.798
KAZ,Kazakhstan,1973,3.5078,13208.122
KAZ,Kazakhstan,1974,3.453,13454.57
KAZ,Kazakhstan,1975,3.3979,13700.842
KAZ,Kazakhstan,1976,3.3323,13998.738
KAZ,Kazakhstan,1977,3.2569,14353.265
KAZ,Kazakhstan,1978,3.1557,14711.497
KAZ,Kazakhstan,1979,3.1374,14978.696
KAZ,Kazakhstan,1980,3.0915,15152.948
KAZ,Kazakhstan,1981,3.0519,15323.082
KAZ,Kazakhstan,1982,3.0204,15492.595
KAZ,Kazakhstan,1983,3.0681,15665.551
KAZ,Kazakhstan,1984,3.1455,15844.621
KAZ,Kazakhstan,1985,3.2076,16031.09
KAZ,Kazakhstan,1986,3.1887,16262.702
KAZ,Kazakhstan,1987,3.1217,16527.715
KAZ,Kazakhstan,1988,3.0012,16781.168
KAZ,Kazakhstan,1989,2.8661,16997.013
KAZ,Kazakhstan,1990,2.7448,17154.054
KAZ,Kazakhstan,1991,2.6771,17278.6
KAZ,Kazakhstan,1992,2.5839,17332.625
KAZ,Kazakhstan,1993,2.4827,17274.487
KAZ,Kazakhstan,1994,2.3783,17043.771
KAZ,Kazakhstan,1995,2.2535,16730.536
KAZ,Kazakhstan,1996,2.084,16416.027
KAZ,Kazakhstan,1997,1.9702,16043.25
KAZ,Kazakhstan,1998,1.9381,15647.786
KAZ,Kazakhstan,1999,1.902,15455.874
KAZ,Kazakhstan,2000,1.8981,15501.103
KAZ,Kazakhstan,2001,1.9057,15575.55
KAZ,Kazakhstan,2002,1.9562,15656.678
KAZ,Kazakhstan,2003,2.0751,15747.38
KAZ,Kazakhstan,2004,2.2014,15850.16
KAZ,Kazakhstan,2005,2.2743,15968.116
KAZ,Kazakhstan,2006,2.3804,16103.716
KAZ,Kazakhstan,2007,2.4902,16257.214
KAZ,Kazakhstan,2008,2.6164,16426.525
KAZ,Kazakhstan,2009,2.5797,16619.846
KAZ,Kazakhstan,2010,2.61,16836.81
KAZ,Kazakhstan,2011,2.605,17066.002
KAZ,Kazakhstan,2012,2.64,17306.106
KAZ,Kazakhstan,2013,2.67,17556.502
KAZ,Kazakhstan,2014,2.76,17816.285
KAZ,Kazakhstan,2015,2.755,18084.169
KAZ,Kazakhstan,2016,2.795,18363.6
KAZ,Kazakhstan,2017,2.745,18651.931
KAZ,Kazakhstan,2018,2.845,18932.727
KAZ,Kazakhstan,2019,2.89,19209.555
KAZ,Kazakhstan,2020,3.13,19482.117
KAZ,Kazakhstan,2021,3.32,19743.603
KAZ,Kazakhstan,2022,3.05,20034.609
KAZ,Kazakhstan,2023,3.0124,20330.104
KEN,Kenya,1950,7.3887,5769.184
KEN,Kenya,1951,7.4002,5893.576
KEN,Kenya,1952,7.4104,6033.294
KEN,Kenya,1953,7.4256,6183.891
KEN,Kenya,1954,7.4345,6348.141
KEN,Kenya,1955,7.4596,6529.297
KEN,Kenya,1956,7.5132,6727.69
KEN,Kenya,1957,7.5705,6944.868
KEN,Kenya,1958,7.6038,7174.789
KEN,Kenya,1959,7.6428,7422.745
KEN,Kenya,1960,7.6512,7695.307
KEN,Kenya,1961,7.7154,7987.77
KEN,Kenya,1962,7.769,8299.308
KEN,Kenya,1963,7.8173,8627.971
KEN,Kenya,1964,7.8691,8973.536
KEN,Kenya,1965,7.9233,9338.078
KEN,Kenya,1966,7.9554,9717.816
KEN,Kenya,1967,7.9526,10111.056
KEN,Kenya,1968,7.9484,10518.822
KEN,Kenya,1969,7.9474,10939.695
KEN,Kenya,1970,7.943,11368.792
KEN,Kenya,1971,7.922,11788.904
KEN,Kenya,1972,7.8938,12206.06
KEN,Kenya,1973,7.8596,12634.835
KEN,Kenya,1974,7.8223,13070.078
KEN,Kenya,1975,7.7953,13511.67
KEN,Kenya,1976,7.7669,13957.623
KEN,Kenya,1977,7.7294,14428.819
KEN,Kenya,1978,7.6664,14934.126
KEN,Kenya,1979,7.5985,15460.666
KEN,Kenya,1980,7.5305,16018.459
KEN,Kenya,1981,7.4535,16601.507
KEN,Kenya,1982,7.3449,17206.175
KEN,Kenya,1983,7.218,17846.374
KEN,Kenya,1984,7.0826,18514.906
KEN,Kenya,1985,6.9599,19201.768
KEN,Kenya,1986,6.8404,19901.646
KEN,Kenya,1987,6.6863,20616.096
KEN,Kenya,1988,6.5153,21356.219
KEN,Kenya,1989,6.3321,22118.434
KEN,Kenya,1990,6.1355,22892.652
KEN,Kenya,1991,5.94,23646.514
KEN,Kenya,1992,5.7405,24382.46
KEN,Kenya,1993,5.5687,25117.188
KEN,Kenya,1994,5.4379,25857.13
KEN,Kenya,1995,5.3717,26601.751
KEN,Kenya,1996,5.3071,27344.211
KEN,Kenya,1997,5.2679,28101.768
KEN,Kenya,1998,5.2439,28888.057
KEN,Kenya,1999,5.1774,29733.408
KEN,Kenya,2000,5.1355,30642.89
KEN,Kenya,2001,5.0943,31619.17
KEN,Kenya,2002,5.0269,32629.808
KEN,Kenya,2003,4.9368,33652.223
KEN,Kenya,2004,4.8606,34713.455
KEN,Kenya,2005,4.8008,35796.484
KEN,Kenya,2006,4.7539,36904.008
KEN,Kenya,2007,4.718,38036.349
KEN,Kenya,2008,4.6599,39206.351
KEN,Kenya,2009,4.5666,40408.891
KEN,Kenya,2010,4.4463,41598.566
KEN,Kenya,2011,4.2836,42758.461
KEN,Kenya,2012,4.1163,43888.303
KEN,Kenya,2013,3.9553,44986.791
KEN,Kenya,2014,3.8433,46051.44
KEN,Kenya,2015,3.7658,47088.526
KEN,Kenya,2016,3.689,48139.687
KEN,Kenya,2017,3.6087,49197.766
KEN,Kenya,2018,3.536,50207.107
KEN,Kenya,2019,3.4329,51202.828
KEN,Kenya,2020,3.3638,52217.334
KEN,Kenya,2021,3.3121,53219.166
KEN,Kenya,2022,3.2622,54252.46
KEN,Kenya,2023,3.2076,55339.003
KGZ,Kyrgyzstan,1950,4.626,1751.14
KGZ,Kyrgyzstan,1951,4.6288,1787.522
KGZ,Kyrgyzstan,1952,4.6756,1824.591
KGZ,Kyrgyzstan,1953,4.7275,1862.532
KGZ,Kyrgyzstan,1954,4.78,1902.145
KGZ,Kyrgyzstan,1955,4.8408,1944.403
KGZ,Kyrgyzstan,1956,4.896,1989.62
KGZ,Kyrgyzstan,1957,4.9927,2038.327
KGZ,Kyrgyzstan,1958,5.1412,2090.854
KGZ,Kyrgyzstan,1959,5.2293,2149.295
KGZ,Kyrgyzstan,1960,5.3087,2215.508
KGZ,Kyrgyzstan,1961,5.3637,2288.666
KGZ,Kyrgyzstan,1962,5.4209,2367.294
KGZ,Kyrgyzstan,1963,5.4789,2449.242
KGZ,Kyrgyzstan,1964,5.4333,2532.151
KGZ,Kyrgyzstan,1965,5.3749,2615.057
KGZ,Kyrgyzstan,1966,5.3215,2697.634
KGZ,Kyrgyzstan,1967,5.2548,2780.169
KGZ,Kyrgyzstan,1968,5.1815,2862.894
KGZ,Kyrgyzstan,1969,5.1825,2944.84
KGZ,Kyrgyzstan,1970,5.2032,3025.142
KGZ,Kyrgyzstan,1971,5.1812,3101.442
KGZ,Kyrgyzstan,1972,5.1365,3173.944
KGZ,Kyrgyzstan,1973,5.0242,3244.87
KGZ,Kyrgyzstan,1974,4.8913,3314.021
KGZ,Kyrgyzstan,1975,4.764,3381.363
KGZ,Kyrgyzstan,1976,4.6759,3447.005
KGZ,Kyrgyzstan,1977,4.5933,3514.121
KGZ,Kyrgyzstan,1978,4.5257,3584.523
KGZ,Kyrgyzstan,1979,4.3769,3656.189
KGZ,Kyrgyzstan,1980,4.2252,3729.374
KGZ,Kyrgyzstan,1981,4.1879,3804.456
KGZ,Kyrgyzstan,1982,4.1976,3882.811
KGZ,Kyrgyzstan,1983,4.1649,3965.758
KGZ,Kyrgyzstan,1984,4.1983,4039.347
KGZ,Kyrgyzstan,1985,4.2026,4102.392
KGZ,Kyrgyzstan,1986,4.2209,4168.594
KGZ,Kyrgyzstan,1987,4.1633,4238.468
KGZ,Kyrgyzstan,1988,4.0308,4308.017
KGZ,Kyrgyzstan,1989,3.9072,4382.001
KGZ,Kyrgyzstan,1990,3.7978,4459.544
KGZ,Kyrgyzstan,1991,3.7372,4532.116
KGZ,Kyrgyzstan,1992,3.6374,4600.31
KGZ,Kyrgyzstan,1993,3.4095,4626.803
KGZ,Kyrgyzstan,1994,3.2831,4649.185
KGZ,Kyrgyzstan,1995,3.2912,4713.634
KGZ,Kyrgyzstan,1996,3.0924,4782.882
KGZ,Kyrgyzstan,1997,2.88,4847.993
KGZ,Kyrgyzstan,1998,2.7953,4907.79
KGZ,Kyrgyzstan,1999,2.7139,4968.586
KGZ,Kyrgyzstan,2000,2.5764,5025.145
KGZ,Kyrgyzstan,2001,2.5456,5071.956
KGZ,Kyrgyzstan,2002,2.5656,5116.254
KGZ,Kyrgyzstan,2003,2.5954,5159.422
KGZ,Kyrgyzstan,2004,2.6307,5203.041
KGZ,Kyrgyzstan,2005,2.6448,5246.332
KGZ,Kyrgyzstan,2006,2.7436,5282.452
KGZ,Kyrgyzstan,2007,2.7809,5313.368
KGZ,Kyrgyzstan,2008,2.8384,5342.52
KGZ,Kyrgyzstan,2009,2.9547,5398.008
KGZ,Kyrgyzstan,2010,3.0964,5491.76
KGZ,Kyrgyzstan,2011,3.1404,5594.535
KGZ,Kyrgyzstan,2012,3.1827,5696.519
KGZ,Kyrgyzstan,2013,3.1498,5797.29
KGZ,Kyrgyzstan,2014,3.2095,5898.319
KGZ,Kyrgyzstan,2015,3.2083,6001.882
KGZ,Kyrgyzstan,2016,3.1041,6108.462
KGZ,Kyrgyzstan,2017,3.0435,6220.15
KGZ,Kyrgyzstan,2018,3.28,6341.732
KGZ,Kyrgyzstan,2019,3.33,6494.035
KGZ,Kyrgyzstan,2020,3.05,6664.14
KGZ,Kyrgyzstan,2021,2.89,6820.478
KGZ,Kyrgyzstan,2022,2.81,6955.788
KGZ,Kyrgyzstan,2023,2.8,7073.516
KHM,Cambodia,1950,6.5298,4375.257
KHM,Cambodia,1951,6.5142,4475.692
KHM,Cambodia,1952,6.5089,4577.961
KHM,Cambodia,1953,6.5193,4680.45
KHM,Cambodia,1954,6.5164,4783.833
KHM,Cambodia,1955,6.5255,4890.372
KHM,Cambodia,1956,6.5087,4999.484
KHM,Cambodia,1957,6.4807,5110.434
KHM,Cambodia,1958,6.4254,5220.834
KHM,Cambodia,1959,6.3612,5332.93
KHM,Cambodia,1960,6.3134,5449.966
KHM,Cambodia,1961,6.3021,5571.168
KHM,Cambodia,1962,6.3009,5697.558
KHM,Cambodia,1963,6.2924,5823.01
KHM,Cambodia,1964,6.2877,5946.178
KHM,Cambodia,1965,6.2674,6072.29
KHM,Cambodia,1966,6.2368,6201.232
KHM,Cambodia,1967,6.2005,6332.944
KHM,Cambodia,1968,6.1654,6467.324
KHM,Cambodia,1969,6.1238,6604.725
KHM,Cambodia,1970,6.0706,6639.182
KHM,Cambodia,1971,6.0073,6620.88
KHM,Cambodia,1972,5.9432,6673.886
KHM,Cambodia,1973,5.5595,6739.726
KHM,Cambodia,1974,4.7967,6783.24
KHM,Cambodia,1975,4.103,6581.371
KHM,Cambodia,1976,3.4093,6134.991
KHM,Cambodia,1977,2.7155,5668.55
KHM,Cambodia,1978,3.3381,5211.652
KHM,Cambodia,1979,4.5559,5088.808
KHM,Cambodia,1980,5.7737,5199.872
KHM,Cambodia,1981,6.0415,5284.496
KHM,Cambodia,1982,6.1929,5436.432
KHM,Cambodia,1983,6.2964,5636.203
KHM,Cambodia,1984,6.3385,5845.117
KHM,Cambodia,1985,6.3134,6043.783
KHM,Cambodia,1986,6.2259,6285.693
KHM,Cambodia,1987,6.0966,6557.97
KHM,Cambodia,1988,5.9441,6812.014
KHM,Cambodia,1989,5.6808,7073.473
KHM,Cambodia,1990,5.642,7374.752
KHM,Cambodia,1991,5.588,7686.85
KHM,Cambodia,1992,5.4864,8113.084
KHM,Cambodia,1993,5.4332,8616.382
KHM,Cambodia,1994,5.2814,9239.162
KHM,Cambodia,1995,5.0762,10018.497
KHM,Cambodia,1996,4.8674,10801.27
KHM,Cambodia,1997,4.3946,11570.982
KHM,Cambodia,1998,4.1295,12058.172
KHM,Cambodia,1999,3.9333,12265.731
KHM,Cambodia,2000,3.7944,12462.336
KHM,Cambodia,2001,3.6867,12658.484
KHM,Cambodia,2002,3.5704,12855.241
KHM,Cambodia,2003,3.4289,13050.968
KHM,Cambodia,2004,3.3073,13244.731
KHM,Cambodia,2005,3.2379,13439.202
KHM,Cambodia,2006,3.1747,13639.028
KHM,Cambodia,2007,3.1297,13841.77
KHM,Cambodia,2008,3.0478,14053.48
KHM,Cambodia,2009,2.971,14276.81
KHM,Cambodia,2010,2.8585,14500.726
KHM,Cambodia,2011,2.7816,14722.584
KHM,Cambodia,2012,2.7506,14945.086
KHM,Cambodia,2013,2.7421,15170.208
KHM,Cambodia,2014,2.7336,15396.772
KHM,Cambodia,2015,2.729,15623.25
KHM,Cambodia,2016,2.7248,15852.803
KHM,Cambodia,2017,2.7189,16073.372
KHM,Cambodia,2018,2.7242,16274.522
KHM,Cambodia,2019,2.7246,16481.304
KHM,Cambodia,2020,2.6993,16725.474
KHM,Cambodia,2021,2.6635,16974.305
KHM,Cambodia,2022,2.6162,17201.724
KHM,Cambodia,2023,2.5794,17423.88
KIR,Kiribati,1950,6.1297,37.846
KIR,Kiribati,1951,6.1723,38.622
KIR,Kiribati,1952,6.2122,39.426
KIR,Kiribati,1953,6.2618,40.264
KIR,Kiribati,1954,6.3026,41.132
KIR,Kiribati,1955,6.3244,42.041
KIR,Kiribati,1956,6.3427,42.991
KIR,Kiribati,1957,6.3645,43.974
KIR,Kiribati,1958,6.3756,44.986
KIR,Kiribati,1959,6.4001,46.044
KIR,Kiribati,1960,6.4412,47.157
KIR,Kiribati,1961,6.4774,48.323
KIR,Kiribati,1962,6.4152,49.538
KIR,Kiribati,1963,6.3499,50.792
KIR,Kiribati,1964,6.2889,52.088
KIR,Kiribati,1965,6.2616,53.439
KIR,Kiribati,1966,6.2247,54.425
KIR,Kiribati,1967,6.1121,54.996
KIR,Kiribati,1968,5.984,55.529
KIR,Kiribati,1969,5.848,56.36
KIR,Kiribati,1970,5.7064,57.51
KIR,Kiribati,1971,5.5539,58.652
KIR,Kiribati,1972,5.374,59.778
KIR,Kiribati,1973,5.1987,60.824
KIR,Kiribati,1974,5.0938,61.219
KIR,Kiribati,1975,5.019,60.987
KIR,Kiribati,1976,4.9639,60.661
KIR,Kiribati,1977,4.9573,60.267
KIR,Kiribati,1978,4.9686,59.864
KIR,Kiribati,1979,4.9651,60.172
KIR,Kiribati,1980,4.9644,61.148
KIR,Kiribati,1981,4.961,62.121
KIR,Kiribati,1982,4.9517,63.134
KIR,Kiribati,1983,4.9142,64.169
KIR,Kiribati,1984,4.9097,65.228
KIR,Kiribati,1985,4.9111,66.496
KIR,Kiribati,1986,4.8708,68.06
KIR,Kiribati,1987,4.8064,69.732
KIR,Kiribati,1988,4.7331,71.426
KIR,Kiribati,1989,4.6932,73.147
KIR,Kiribati,1990,4.6684,74.854
KIR,Kiribati,1991,4.642,76.366
KIR,Kiribati,1992,4.5676,77.641
KIR,Kiribati,1993,4.4866,78.841
KIR,Kiribati,1994,4.4416,80.021
KIR,Kiribati,1995,4.4191,81.234
KIR,Kiribati,1996,4.4252,82.622
KIR,Kiribati,1997,4.3682,84.147
KIR,Kiribati,1998,4.2903,85.658
KIR,Kiribati,1999,4.1851,87.126
KIR,Kiribati,2000,4.0707,88.613
KIR,Kiribati,2001,3.9568,90.335
KIR,Kiribati,2002,3.8136,92.264
KIR,Kiribati,2003,3.7016,94.175
KIR,Kiribati,2004,3.7342,96.085
KIR,Kiribati,2005,3.7599,98.036
KIR,Kiribati,2006,3.8154,100.018
KIR,Kiribati,2007,3.8647,102.068
KIR,Kiribati,2008,3.8991,104.222
KIR,Kiribati,2009,3.9052,106.467
KIR,Kiribati,2010,3.8982,108.704
KIR,Kiribati,2011,3.878,110.647
KIR,Kiribati,2012,3.7684,112.284
KIR,Kiribati,2013,3.6435,113.838
KIR,Kiribati,2014,3.5205,115.326
KIR,Kiribati,2015,3.4377,116.815
KIR,Kiribati,2016,3.3755,118.478
KIR,Kiribati,2017,3.3394,120.274
KIR,Kiribati,2018,3.3184,122.084
KIR,Kiribati,2019,3.2901,123.92
KIR,Kiribati,2020,3.2542,126.099
KIR,Kiribati,2021,3.2192,128.377
KIR,Kiribati,2022,3.1815,130.469
KIR,Kiribati,2023,3.1474,132.53
KNA,Saint Kitts and Nevis,1950,6.3793,47.232
KNA,Saint Kitts and Nevis,1951,6.463,48.309
KNA,Saint Kitts and Nevis,1952,6.5728,49.389
KNA,Saint Kitts and Nevis,1953,6.6946,50.443
KNA,Saint Kitts and Nevis,1954,6.8335,51.342
KNA,Saint Kitts and Nevis,1955,6.9652,52.134
KNA,Saint Kitts and Nevis,1956,7.0897,52.974
KNA,Saint Kitts and Nevis,1957,7.259,53.821
KNA,Saint Kitts and Nevis,1958,7.2604,54.644
KNA,Saint Kitts and Nevis,1959,6.9487,55.469
KNA,Saint Kitts and Nevis,1960,6.5408,55.81
KNA,Saint Kitts and Nevis,1961,6.2715,55.334
KNA,Saint Kitts and Nevis,1962,6.0609,54.461
KNA,Saint Kitts and Nevis,1963,6.1212,53.441
KNA,Saint Kitts and Nevis,1964,6.0843,52.326
KNA,Saint Kitts and Nevis,1965,6.0084,51.139
KNA,Saint Kitts and Nevis,1966,5.783,49.898
KNA,Saint Kitts and Nevis,1967,5.4603,48.605
KNA,Saint Kitts and Nevis,1968,5.1645,47.245
KNA,Saint Kitts and Nevis,1969,4.9667,45.731
KNA,Saint Kitts and Nevis,1970,4.7278,44.606
KNA,Saint Kitts and Nevis,1971,4.5063,44.206
KNA,Saint Kitts and Nevis,1972,4.1607,44.033
KNA,Saint Kitts and Nevis,1973,3.9664,43.88
KNA,Saint Kitts and Nevis,1974,3.8064,43.738
KNA,Saint Kitts and Nevis,1975,3.6748,43.606
KNA,Saint Kitts and Nevis,1976,3.5894,43.482
KNA,Saint Kitts and Nevis,1977,3.4777,43.358
KNA,Saint Kitts and Nevis,1978,3.2861,43.217
KNA,Saint Kitts and Nevis,1979,3.23,43.033
KNA,Saint Kitts and Nevis,1980,3.2613,42.85
KNA,Saint Kitts and Nevis,1981,3.2965,42.698
KNA,Saint Kitts and Nevis,1982,3.1749,42.532
KNA,Saint Kitts and Nevis,1983,3.0977,42.334
KNA,Saint Kitts and Nevis,1984,2.884,42.113
KNA,Saint Kitts and Nevis,1985,2.82,41.874
KNA,Saint Kitts and Nevis,1986,2.6834,41.618
KNA,Saint Kitts and Nevis,1987,2.6216,41.348
KNA,Saint Kitts and Nevis,1988,2.6225,41.062
KNA,Saint Kitts and Nevis,1989,2.6895,40.758
KNA,Saint Kitts and Nevis,1990,2.7253,40.432
KNA,Saint Kitts and Nevis,1991,2.597,40.358
KNA,Saint Kitts and Nevis,1992,2.4334,40.714
KNA,Saint Kitts and Nevis,1993,2.3747,41.242
KNA,Saint Kitts and Nevis,1994,2.3101,41.776
KNA,Saint Kitts and Nevis,1995,2.304,42.326
KNA,Saint Kitts and Nevis,1996,2.2597,42.877
KNA,Saint Kitts and Nevis,1997,2.3001,43.428
KNA,Saint Kitts and Nevis,1998,2.3097,43.998
KNA,Saint Kitts and Nevis,1999,2.2558,44.601
KNA,Saint Kitts and Nevis,2000,2.1264,45.248
KNA,Saint Kitts and Nevis,2001,2.0825,45.76
KNA,Saint Kitts and Nevis,2002,2.0376,46.02
KNA,Saint Kitts and Nevis,2003,2.0038,46.176
KNA,Saint Kitts and Nevis,2004,1.9637,46.315
KNA,Saint Kitts and Nevis,2005,1.9315,46.437
KNA,Saint Kitts and Nevis,2006,1.9016,46.568
KNA,Saint Kitts and Nevis,2007,1.8706,46.706
KNA,Saint Kitts and Nevis,2008,1.8334,46.835
KNA,Saint Kitts and Nevis,2009,1.8005,46.916
KNA,Saint Kitts and Nevis,2010,1.7621,46.846
KNA,Saint Kitts and Nevis,2011,1.7396,46.886
KNA,Saint Kitts and Nevis,2012,1.7129,47.033
KNA,Saint Kitts and Nevis,2013,1.6822,47.069
KNA,Saint Kitts and Nevis,2014,1.6651,47.089
KNA,Saint Kitts and Nevis,2015,1.6429,47.087
KNA,Saint Kitts and Nevis,2016,1.633,47.074
KNA,Saint Kitts and Nevis,2017,1.6104,47.05
KNA,Saint Kitts and Nevis,2018,1.5868,47.008
KNA,Saint Kitts and Nevis,2019,1.5685,46.952
KNA,Saint Kitts and Nevis,2020,1.5496,46.87
KNA,Saint Kitts and Nevis,2021,1.5307,46.763
KNA,Saint Kitts and Nevis,2022,1.5115,46.709
KNA,Saint Kitts and Nevis,2023,1.5051,46.758
KOR,Republic of Korea,1950,6.0628,19757.321
KOR,Republic of Korea,1951,6.0891,19868.99
KOR,Republic of Korea,1952,6.1215,20229.879
KOR,Republic of Korea,1953,6.1711,20775.325
KOR,Republic of Korea,1954,6.1738,21415.573
KOR,Republic of Korea,1955,6.1687,22125.103
KOR,Republic of Korea,1956,6.175,22874.434
KOR,Republic of Korea,1957,6.178,23660.791
KOR,Republic of Korea,1958,6.1523,24473.927
KOR,Republic of Korea,1959,6.0958,25298.233
KOR,Republic of Korea,1960,5.9942,26115.379
KOR,Republic of Korea,1961,5.8025,26852.951
KOR,Republic of Korea,1962,5.5623,27509.237
KOR,Republic of Korea,1963,5.3336,28145.54
KOR,Republic of Korea,1964,5.0676,28744.977
KOR,Republic of Korea,1965,4.8867,29284.338
KOR,Republic of Korea,1966,4.782,29845.941
KOR,Republic of Korea,1967,4.6148,30495.728
KOR,Republic of Korea,1968,4.5096,31175.29
KOR,Republic of Korea,1969,4.4466,31852.761
KOR,Republic of Korea,1970,4.4586,32542.197
KOR,Republic of Korea,1971,4.2585,33239.853
KOR,Republic of Korea,1972,4.0197,33936.466
KOR,Republic of Korea,1973,3.8026,34625.849
KOR,Republic of Korea,1974,3.5551,35287.837
KOR,Republic of Korea,1975,3.3126,35875.742
KOR,Republic of Korea,1976,3.1191,36379.925
KOR,Republic of Korea,1977,2.9542,36843.637
KOR,Republic of Korea,1978,2.6995,37281.935
KOR,Republic of Korea,1979,2.7481,37710.899
KOR,Republic of Korea,1980,2.7338,38141.106
KOR,Republic of Korea,1981,2.6691,38689.189
KOR,Republic of Korea,1982,2.4309,39356.154
KOR,Republic of Korea,1983,2.1023,40000.941
KOR,Republic of Korea,1984,1.8316,40598.3
KOR,Republic of Korea,1985,1.7051,41148.963
KOR,Republic of Korea,1986,1.6229,41718.505
KOR,Republic of Korea,1987,1.5714,42322.092
KOR,Republic of Korea,1988,1.5575,42922.977
KOR,Republic of Korea,1989,1.5638,43524.767
KOR,Republic of Korea,1990,1.6025,44081.427
KOR,Republic of Korea,1991,1.7017,44439.15
KOR,Republic of Korea,1992,1.7379,44653.695
KOR,Republic of Korea,1993,1.6827,44887.724
KOR,Republic of Korea,1994,1.6705,45130.84
KOR,Republic of Korea,1995,1.6456,45368.425
KOR,Republic of Korea,1996,1.5993,45638.7
KOR,Republic of Korea,1997,1.5554,45941.537
KOR,Republic of Korea,1998,1.4966,46230.878
KOR,Republic of Korea,1999,1.4694,46500.383
KOR,Republic of Korea,2000,1.4672,46766.661
KOR,Republic of Korea,2001,1.3423,47043.468
KOR,Republic of Korea,2002,1.2271,47299.12
KOR,Republic of Korea,2003,1.1986,47514.16
KOR,Republic of Korea,2004,1.1639,47697.076
KOR,Republic of Korea,2005,1.1151,47851.644
KOR,Republic of Korea,2006,1.1449,48006.518
KOR,Republic of Korea,2007,1.215,48178.118
KOR,Republic of Korea,2008,1.1905,48356.493
KOR,Republic of Korea,2009,1.1777,48546.687
KOR,Republic of Korea,2010,1.2264,48769.332
KOR,Republic of Korea,2011,1.2581,49127.644
KOR,Republic of Korea,2012,1.2737,49599.58
KOR,Republic of Korea,2013,1.2056,50071.164
KOR,Republic of Korea,2014,1.197,50539.056
KOR,Republic of Korea,2015,1.2017,50983.912
KOR,Republic of Korea,2016,1.1401,51297.839
KOR,Republic of Korea,2017,1.0351,51486.27
KOR,Republic of Korea,2018,0.9512,51640.894
KOR,Republic of Korea,2019,0.8805,51767.846
KOR,Republic of Korea,2020,0.8121,51858.482
KOR,Republic of Korea,2021,0.7829,51848.398
KOR,Republic of Korea,2022,0.78,51782.512
KOR,Republic of Korea,2023,0.72,51748.739
KWT,Kuwait,1950,7.115,153.958
KWT,Kuwait,1951,7.1213,158.45
KWT,Kuwait,1952,7.1273,163.157
KWT,Kuwait,1953,7.136,168.089
KWT,Kuwait,1954,7.1352,173.244
KWT,Kuwait,1955,7.1405,186.114
KWT,Kuwait,1956,7.1539,207.215
KWT,Kuwait,1957,7.1672,227.042
KWT,Kuwait,1958,7.1883,250.203
KWT,Kuwait,1959,7.2032,279.525
KWT,Kuwait,1960,7.2229,311.06
KWT,Kuwait,1961,7.2482,345.944
KWT,Kuwait,1962,7.2544,384.995
KWT,Kuwait,1963,7.2753,427.694
KWT,Kuwait,1964,7.2863,473.115
KWT,Kuwait,1965,7.3144,521.174
KWT,Kuwait,1966,7.3396,572.59
KWT,Kuwait,1967,7.3256,628.089
KWT,Kuwait,1968,7.2785,687.716
KWT,Kuwait,1969,7.1808,749.452
KWT,Kuwait,1970,7.0254,809.114
KWT,Kuwait,1971,6.8388,865.076
KWT,Kuwait,1972,6.6375,920.352
KWT,Kuwait,1973,6.4304,977.654
KWT,Kuwait,1974,6.2332,1038.346
KWT,Kuwait,1975,6.0594,1104.863
KWT,Kuwait,1976,5.8962,1178.711
KWT,Kuwait,1977,5.7116,1258.023
KWT,Kuwait,1978,5.5208,1340.319
KWT,Kuwait,1979,5.3329,1423.514
KWT,Kuwait,1980,5.1836,1504.782
KWT,Kuwait,1981,5.0208,1583.426
KWT,Kuwait,1982,4.8479,1662.48
KWT,Kuwait,1983,4.6585,1744.295
KWT,Kuwait,1984,4.4523,1820.688
KWT,Kuwait,1985,4.2178,1894.242
KWT,Kuwait,1986,4.0033,1972.52
KWT,Kuwait,1987,3.8274,2052.994
KWT,Kuwait,1988,3.7024,2134.708
KWT,Kuwait,1989,3.5928,2217.468
KWT,Kuwait,1990,3.4865,1684.819
KWT,Kuwait,1991,3.3984,1351.399
KWT,Kuwait,1992,3.3531,1634.961
KWT,Kuwait,1993,3.3128,1672.151
KWT,Kuwait,1994,3.2719,1664.361
KWT,Kuwait,1995,3.2484,1681.513
KWT,Kuwait,1996,3.2227,1730.246
KWT,Kuwait,1997,3.1348,1787.683
KWT,Kuwait,1998,3.0394,1844.302
KWT,Kuwait,1999,2.9522,1900.03
KWT,Kuwait,2000,2.8871,1954.709
KWT,Kuwait,2001,2.8386,2008.121
KWT,Kuwait,2002,2.7947,2059.974
KWT,Kuwait,2003,2.7706,2109.881
KWT,Kuwait,2004,2.7615,2157.32
KWT,Kuwait,2005,2.731,2236.788
KWT,Kuwait,2006,2.5895,2364.733
KWT,Kuwait,2007,2.4118,2507.886
KWT,Kuwait,2008,2.2658,2651.421
KWT,Kuwait,2009,2.155,2795.484
KWT,Kuwait,2010,2.0438,2943.372
KWT,Kuwait,2011,1.9559,3132.814
KWT,Kuwait,2012,1.9898,3337.025
KWT,Kuwait,2013,1.9684,3507.746
KWT,Kuwait,2014,2.0604,3665.766
KWT,Kuwait,2015,2.0301,3834.454
KWT,Kuwait,2016,2.0609,4003.971
KWT,Kuwait,2017,2.1596,4154.684
KWT,Kuwait,2018,2.1176,4323.388
KWT,Kuwait,2019,2.0869,4442.194
KWT,Kuwait,2020,2.0987,4400.144
KWT,Kuwait,2021,1.8196,4360.742
KWT,Kuwait,2022,1.5468,4589.51
KWT,Kuwait,2023,1.5246,4838.782
LAO,Lao People's Democratic Republic,1950,6.2483,1684.55
LAO,Lao People's Democratic Republic,1951,6.2332,1725.243
LAO,Lao People's Democratic Republic,1952,6.2433,1766.179
LAO,Lao People's Democratic Republic,1953,6.2535,1807.812
LAO,Lao People's Democratic Republic,1954,6.2454,1850.128
LAO,Lao People's Democratic Republic,1955,6.2577,1893.213
LAO,Lao People's Democratic Republic,1956,6.2695,1937.229
LAO,Lao People's Democratic Republic,1957,6.2682,1982.134
LAO,Lao People's Democratic Republic,1958,6.2784,2028.026
LAO,Lao People's Democratic Republic,1959,6.2887,2074.484
LAO,Lao People's Democratic Republic,1960,6.2918,2121.514
LAO,Lao People's Democratic Republic,1961,6.3097,2169.796
LAO,Lao People's Democratic Republic,1962,6.3128,2219.91
LAO,Lao People's Democratic Republic,1963,6.3182,2271.06
LAO,Lao People's Democratic Republic,1964,6.3126,2322.826
LAO,Lao People's Democratic Republic,1965,6.3161,2376.2
LAO,Lao People's Democratic Republic,1966,6.3068,2431.084
LAO,Lao People's Democratic Republic,1967,6.3062,2487.715
LAO,Lao People's Democratic Republic,1968,6.2979,2546.377
LAO,Lao People's Democratic Republic,1969,6.3007,2606.959
LAO,Lao People's Democratic Republic,1970,6.3102,2669.702
LAO,Lao People's Democratic Republic,1971,6.2953,2734.628
LAO,Lao People's Democratic Republic,1972,6.284,2801.66
LAO,Lao People's Democratic Republic,1973,6.2813,2870.573
LAO,Lao People's Democratic Republic,1974,6.2887,2939.761
LAO,Lao People's Democratic Republic,1975,6.2873,3005.521
LAO,Lao People's Democratic Republic,1976,6.2892,3064.876
LAO,Lao People's Democratic Republic,1977,6.2925,3118.923
LAO,Lao People's Democratic Republic,1978,6.2978,3171.74
LAO,Lao People's Democratic Republic,1979,6.3139,3228.202
LAO,Lao People's Democratic Republic,1980,6.3317,3292.574
LAO,Lao People's Democratic Republic,1981,6.3503,3366.631
LAO,Lao People's Democratic Republic,1982,6.369,3450.026
LAO,Lao People's Democratic Republic,1983,6.376,3541.001
LAO,Lao People's Democratic Republic,1984,6.3696,3637.844
LAO,Lao People's Democratic Republic,1985,6.3278,3739.984
LAO,Lao People's Democratic Republic,1986,6.2547,3846.714
LAO,Lao People's Democratic Republic,1987,6.2053,3957.612
LAO,Lao People's Democratic Republic,1988,6.1582,4072.601
LAO,Lao People's Democratic Republic,1989,6.1015,4190.974
LAO,Lao People's Democratic Republic,1990,6.0574,4311.955
LAO,Lao People's Democratic Republic,1991,5.9858,4435.118
LAO,Lao People's Democratic Republic,1992,5.9,4559.646
LAO,Lao People's Democratic Republic,1993,5.7983,4685.06
LAO,Lao People's Democratic Republic,1994,5.5981,4809.22
LAO,Lao People's Democratic Republic,1995,5.3554,4929.409
LAO,Lao People's Democratic Republic,1996,5.1482,5045.678
LAO,Lao People's Democratic Republic,1997,4.9611,5152.011
LAO,Lao People's Democratic Republic,1998,4.7917,5248.266
LAO,Lao People's Democratic Republic,1999,4.6391,5340.784
LAO,Lao People's Democratic Republic,2000,4.4286,5431.212
LAO,Lao People's Democratic Republic,2001,4.2904,5521.482
LAO,Lao People's Democratic Republic,2002,4.1317,5610.888
LAO,Lao People's Democratic Republic,2003,4.0241,5697.945
LAO,Lao People's Democratic Republic,2004,3.8985,5781.626
LAO,Lao People's Democratic Republic,2005,3.6848,5869.523
LAO,Lao People's Democratic Republic,2006,3.5591,5963.2
LAO,Lao People's Democratic Republic,2007,3.4384,6056.236
LAO,Lao People's Democratic Republic,2008,3.3309,6148.969
LAO,Lao People's Democratic Republic,2009,3.2285,6241.642
LAO,Lao People's Democratic Republic,2010,3.1374,6334.194
LAO,Lao People's Democratic Republic,2011,3.0495,6426.59
LAO,Lao People's Democratic Republic,2012,2.9525,6518.978
LAO,Lao People's Democratic Republic,2013,2.8724,6611.384
LAO,Lao People's Democratic Republic,2014,2.8022,6703.172
LAO,Lao People's Democratic Republic,2015,2.7959,6801.645
LAO,Lao People's Democratic Republic,2016,2.7444,6908.802
LAO,Lao People's Democratic Republic,2017,2.6914,7018.147
LAO,Lao People's Democratic Republic,2018,2.6326,7128.045
LAO,Lao People's Democratic Republic,2019,2.5888,7237.636
LAO,Lao People's Democratic Republic,2020,2.5354,7346.532
LAO,Lao People's Democratic Republic,2021,2.494,7453.194
LAO,Lao People's Democratic Republic,2022,2.455,7559.008
LAO,Lao People's Democratic Republic,2023,2.4209,7664.992
LBN,Lebanon,1950,5.8054,1349.35
LBN,Lebanon,1951,5.8052,1387.572
LBN,Lebanon,1952,5.7989,1427.085
LBN,Lebanon,1953,5.805,1468.014
LBN,Lebanon,1954,5.8062,1510.416
LBN,Lebanon,1955,5.8114,1554.068
LBN,Lebanon,1956,5.812,1599.148
LBN,Lebanon,1957,5.8087,1645.925
LBN,Lebanon,1958,5.8165,1693.552
LBN,Lebanon,1959,5.841,1742.77
LBN,Lebanon,1960,5.8775,1794.406
LBN,Lebanon,1961,5.8907,1850.084
LBN,Lebanon,1962,5.9023,1909.578
LBN,Lebanon,1963,5.9051,1970.316
LBN,Lebanon,1964,5.8511,2030.543
LBN,Lebanon,1965,5.7684,2088.83
LBN,Lebanon,1966,5.6775,2148.26
LBN,Lebanon,1967,5.5689,2206.73
LBN,Lebanon,1968,5.4476,2266.368
LBN,Lebanon,1969,5.3157,2328.159
LBN,Lebanon,1970,5.1876,2386.114
LBN,Lebanon,1971,5.0502,2446.314
LBN,Lebanon,1972,4.9122,2509.729
LBN,Lebanon,1973,4.7897,2572.935
LBN,Lebanon,1974,4.6544,2635.185
LBN,Lebanon,1975,4.5208,2693.191
LBN,Lebanon,1976,4.3936,2726.469
LBN,Lebanon,1977,4.2789,2762.155
LBN,Lebanon,1978,4.1757,2822.682
LBN,Lebanon,1979,4.0768,2882.635
LBN,Lebanon,1980,4.011,2944.763
LBN,Lebanon,1981,3.9525,3008.98
LBN,Lebanon,1982,3.8548,3054.931
LBN,Lebanon,1983,3.7341,3094.996
LBN,Lebanon,1984,3.6576,3152.744
LBN,Lebanon,1985,3.5332,3217.376
LBN,Lebanon,1986,3.4659,3300.366
LBN,Lebanon,1987,3.4203,3385.555
LBN,Lebanon,1988,3.3923,3454.65
LBN,Lebanon,1989,3.3628,3525.285
LBN,Lebanon,1990,3.268,3595.174
LBN,Lebanon,1991,3.1622,3668.912
LBN,Lebanon,1992,3.0521,3747.371
LBN,Lebanon,1993,2.9369,3820.647
LBN,Lebanon,1994,2.8234,3889.799
LBN,Lebanon,1995,2.7245,3960.735
LBN,Lebanon,1996,2.6981,4034.781
LBN,Lebanon,1997,2.6668,4108.405
LBN,Lebanon,1998,2.6475,4181.281
LBN,Lebanon,1999,2.6307,4255.277
LBN,Lebanon,2000,2.6,4329.34
LBN,Lebanon,2001,2.576,4401.918
LBN,Lebanon,2002,2.5232,4463.504
LBN,Lebanon,2003,2.4567,4525.508
LBN,Lebanon,2004,2.3776,4599.279
LBN,Lebanon,2005,2.2912,4671.102
LBN,Lebanon,2006,2.2444,4751.136
LBN,Lebanon,2007,2.201,4844.118
LBN,Lebanon,2008,2.1722,4925.354
LBN,Lebanon,2009,2.1913,4992.286
LBN,Lebanon,2010,2.256,5041.288
LBN,Lebanon,2011,2.3198,5096.02
LBN,Lebanon,2012,2.3446,5235.742
LBN,Lebanon,2013,2.3608,5743.436
LBN,Lebanon,2014,2.3755,6346.99
LBN,Lebanon,2015,2.3823,6472.469
LBN,Lebanon,2016,2.3898,6323.06
LBN,Lebanon,2017,2.3716,6160.128
LBN,Lebanon,2018,2.3474,5984.12
LBN,Lebanon,2019,2.3268,5794.594
LBN,Lebanon,2020,2.3076,5702.398
LBN,Lebanon,2021,2.2832,5718.122
LBN,Lebanon,2022,2.2633,5744.489
LBN,Lebanon,2023,2.2395,5773.492
LBR,Liberia,1950,6.0012,918.902
LBR,Liberia,1951,6.0429,936.408
LBR,Liberia,1952,6.0874,954.976
LBR,Liberia,1953,6.1243,974.376
LBR,Liberia,1954,6.1609,994.769
LBR,Liberia,1955,6.1913,1016.39
LBR,Liberia,1956,6.2379,1039.149
LBR,Liberia,1957,6.2805,1062.948
LBR,Liberia,1958,6.3059,1087.246
LBR,Liberia,1959,6.3529,1112.563
LBR,Liberia,1960,6.391,1139.522
LBR,Liberia,1961,6.4457,1167.717
LBR,Liberia,1962,6.5036,1197.039
LBR,Liberia,1963,6.5559,1227.414
LBR,Liberia,1964,6.5849,1258.745
LBR,Liberia,1965,6.6168,1291.156
LBR,Liberia,1966,6.6279,1324.383
LBR,Liberia,1967,6.6501,1358.435
LBR,Liberia,1968,6.6569,1393.53
LBR,Liberia,1969,6.6437,1429.605
LBR,Liberia,1970,6.5784,1466.676
LBR,Liberia,1971,6.5418,1504.077
LBR,Liberia,1972,6.5989,1542.67
LBR,Liberia,1973,6.6509,1583.588
LBR,Liberia,1974,6.6906,1626.362
LBR,Liberia,1975,6.7439,1670.913
LBR,Liberia,1976,6.793,1717.06
LBR,Liberia,1977,6.8407,1766.019
LBR,Liberia,1978,6.8838,1818.247
LBR,Liberia,1979,6.9187,1872.713
LBR,Liberia,1980,6.872,1929.253
LBR,Liberia,1981,6.8338,1986.867
LBR,Liberia,1982,6.7885,2045.073
LBR,Liberia,1983,6.7598,2107.114
LBR,Liberia,1984,6.7281,2173.312
LBR,Liberia,1985,6.6925,2240.539
LBR,Liberia,1986,6.6377,2308.511
LBR,Liberia,1987,6.5719,2377.23
LBR,Liberia,1988,6.5073,2446.941
LBR,Liberia,1989,6.4342,2517.858
LBR,Liberia,1990,6.3699,2223.667
LBR,Liberia,1991,6.3231,1956.518
LBR,Liberia,1992,6.2772,2072.462
LBR,Liberia,1993,6.2461,2155.126
LBR,Liberia,1994,6.2097,2149.928
LBR,Liberia,1995,6.1732,2169.162
LBR,Liberia,1996,6.1293,2232.288
LBR,Liberia,1997,6.0786,2412.989
LBR,Liberia,1998,6.0169,2670.124
LBR,Liberia,1999,5.9535,2821.684
LBR,Liberia,2000,5.8748,2928.116
LBR,Liberia,2001,5.7739,3015.338
LBR,Liberia,2002,5.6528,3094.782
LBR,Liberia,2003,5.5471,3119.532
LBR,Liberia,2004,5.5062,3156.892
LBR,Liberia,2005,5.5192,3301.015
LBR,Liberia,2006,5.5303,3490.787
LBR,Liberia,2007,5.4616,3669.05
LBR,Liberia,2008,5.3281,3821.003
LBR,Liberia,2009,5.1735,3943.028
LBR,Liberia,2010,5.0583,4058.89
LBR,Liberia,2011,4.9699,4221.178
LBR,Liberia,2012,4.8809,4373.044
LBR,Liberia,2013,4.7492,4470.239
LBR,Liberia,2014,4.6218,4564.294
LBR,Liberia,2015,4.5232,4659.431
LBR,Liberia,2016,4.4614,4755.608
LBR,Liberia,2017,4.3957,4848.924
LBR,Liberia,2018,4.3356,4944.726
LBR,Liberia,2019,4.2567,5043.721
LBR,Liberia,2020,4.1736,5149.464
LBR,Liberia,2021,4.0885,5259.323
LBR,Liberia,2022,4.0156,5373.294
LBR,Liberia,2023,3.9498,5493.031
LBY,Libya,1950,7.0089,1131.46
LBY,Libya,1951,7.0304,1145.387
LBY,Libya,1952,7.0516,1162.479
LBY,Libya,1953,7.1262,1183.292
LBY,Libya,1954,7.1835,1208.177
LBY,Libya,1955,7.2414,1241.377
LBY,Libya,1956,7.289,1282.958
LBY,Libya,1957,7.347,1328.854
LBY,Libya,1958,7.4043,1379.207
LBY,Libya,1959,7.4549,1433.966
LBY,Libya,1960,7.5088,1492.89
LBY,Libya,1961,7.5564,1555.699
LBY,Libya,1962,7.6098,1621.96
LBY,Libya,1963,7.6851,1690.457
LBY,Libya,1964,7.7523,1753.691
LBY,Libya,1965,7.8228,1804.015
LBY,Libya,1966,7.8906,1849.063
LBY,Libya,1967,7.9318,1898.199
LBY,Libya,1968,7.9739,1952.781
LBY,Libya,1969,8.0111,2014.294
LBY,Libya,1970,8.0476,2082.589
LBY,Libya,1971,8.0955,2153.534
LBY,Libya,1972,8.0733,2226.091
LBY,Libya,1973,8.0473,2314.192
LBY,Libya,1974,8.0203,2432.211
LBY,Libya,1975,7.977,2571.556
LBY,Libya,1976,7.932,2721.237
LBY,Libya,1977,7.8717,2881.533
LBY,Libya,1978,7.7891,3052.526
LBY,Libya,1979,7.6799,3233.846
LBY,Libya,1980,7.5434,3424.378
LBY,Libya,1981,7.3708,3621.486
LBY,Libya,1982,7.1621,3724.766
LBY,Libya,1983,6.9104,3718.961
LBY,Libya,1984,6.6217,3773.634
LBY,Libya,1985,6.3276,3898.745
LBY,Libya,1986,6.0221,4017.404
LBY,Libya,1987,5.7183,4129.739
LBY,Libya,1988,5.4103,4237.754
LBY,Libya,1989,5.0912,4342.92
LBY,Libya,1990,4.7763,4445.24
LBY,Libya,1991,4.4614,4544.4
LBY,Libya,1992,4.1618,4640.352
LBY,Libya,1993,3.8829,4733.045
LBY,Libya,1994,3.6494,4822.037
LBY,Libya,1995,3.4422,4906.843
LBY,Libya,1996,3.2561,4987.393
LBY,Libya,1997,3.1322,5064.639
LBY,Libya,1998,3.0433,5140.704
LBY,Libya,1999,2.9722,5218.038
LBY,Libya,2000,2.9056,5305.022
LBY,Libya,2001,2.8656,5403.639
LBY,Libya,2002,2.8314,5508.41
LBY,Libya,2003,2.7969,5619.398
LBY,Libya,2004,2.7726,5736.692
LBY,Libya,2005,2.7648,5858.798
LBY,Libya,2006,2.6994,5980.211
LBY,Libya,2007,2.6482,6104.38
LBY,Libya,2008,2.5986,6235.43
LBY,Libya,2009,2.5561,6366.686
LBY,Libya,2010,2.6027,6497.839
LBY,Libya,2011,2.6463,6343.203
LBY,Libya,2012,2.6804,6179.328
LBY,Libya,2013,2.7162,6304.628
LBY,Libya,2014,2.7545,6427.252
LBY,Libya,2015,2.7111,6531.819
LBY,Libya,2016,2.6733,6632.126
LBY,Libya,2017,2.6262,6738.77
LBY,Libya,2018,2.5807,6849.054
LBY,Libya,2019,2.5386,6951.032
LBY,Libya,2020,2.5071,7045.399
LBY,Libya,2021,2.4624,7135.175
LBY,Libya,2022,2.4022,7223.804
LBY,Libya,2023,2.3546,7305.659
LCA,Saint Lucia,1950,6.4203,92.991
LCA,Saint Lucia,1951,6.439,93.968
LCA,Saint Lucia,1952,6.4604,94.415
LCA,Saint Lucia,1953,6.0914,94.326
LCA,Saint Lucia,1954,6.2446,94.106
LCA,Saint Lucia,1955,6.4464,93.804
LCA,Saint Lucia,1956,6.5979,93.452
LCA,Saint Lucia,1957,6.701,93.083
LCA,Saint Lucia,1958,6.7593,92.715
LCA,Saint Lucia,1959,6.7788,92.352
LCA,Saint Lucia,1960,6.7668,92.586
LCA,Saint Lucia,1961,6.8353,93.49
LCA,Saint Lucia,1962,6.8181,94.505
LCA,Saint Lucia,1963,6.7215,95.519
LCA,Saint Lucia,1964,6.758,96.505
LCA,Saint Lucia,1965,6.6885,97.493
LCA,Saint Lucia,1966,6.6071,98.464
LCA,Saint Lucia,1967,6.5075,99.504
LCA,Saint Lucia,1968,6.3872,100.676
LCA,Saint Lucia,1969,6.249,101.879
LCA,Saint Lucia,1970,6.1007,103.164
LCA,Saint Lucia,1971,5.9527,104.564
LCA,Saint Lucia,1972,5.813,106.002
LCA,Saint Lucia,1973,5.6859,107.498
LCA,Saint Lucia,1974,5.5711,109.076
LCA,Saint Lucia,1975,5.3581,110.725
LCA,Saint Lucia,1976,5.1613,112.425
LCA,Saint Lucia,1977,4.966,114.134
LCA,Saint Lucia,1978,4.8249,115.834
LCA,Saint Lucia,1979,4.5833,117.528
LCA,Saint Lucia,1980,4.4125,119.29
LCA,Saint Lucia,1981,4.2756,121.166
LCA,Saint Lucia,1982,4.169,123.086
LCA,Saint Lucia,1983,4.0821,125.044
LCA,Saint Lucia,1984,4.0178,127.067
LCA,Saint Lucia,1985,3.97,129.159
LCA,Saint Lucia,1986,3.8012,131.239
LCA,Saint Lucia,1987,3.6128,133.227
LCA,Saint Lucia,1988,3.4347,135
LCA,Saint Lucia,1989,3.3136,136.512
LCA,Saint Lucia,1990,3.238,137.857
LCA,Saint Lucia,1991,3.1904,139.52
LCA,Saint Lucia,1992,3.11,141.617
LCA,Saint Lucia,1993,2.9986,143.726
LCA,Saint Lucia,1994,3.0281,145.89
LCA,Saint Lucia,1995,3.0264,148.208
LCA,Saint Lucia,1996,2.7117,150.436
LCA,Saint Lucia,1997,2.7429,152.569
LCA,Saint Lucia,1998,2.4034,154.677
LCA,Saint Lucia,1999,2.5012,156.702
LCA,Saint Lucia,2000,2.207,158.616
LCA,Saint Lucia,2001,2.1252,160.237
LCA,Saint Lucia,2002,2.0321,161.641
LCA,Saint Lucia,2003,1.9395,162.976
LCA,Saint Lucia,2004,1.8632,164.239
LCA,Saint Lucia,2005,1.8075,165.45
LCA,Saint Lucia,2006,1.7651,166.639
LCA,Saint Lucia,2007,1.7,167.758
LCA,Saint Lucia,2008,1.7,168.808
LCA,Saint Lucia,2009,1.7353,169.869
LCA,Saint Lucia,2010,1.6731,170.906
LCA,Saint Lucia,2011,1.5,171.801
LCA,Saint Lucia,2012,1.5,172.586
LCA,Saint Lucia,2013,1.4998,173.369
LCA,Saint Lucia,2014,1.4845,174.138
LCA,Saint Lucia,2015,1.4728,174.905
LCA,Saint Lucia,2016,1.4607,175.646
LCA,Saint Lucia,2017,1.4483,176.342
LCA,Saint Lucia,2018,1.436,177.017
LCA,Saint Lucia,2019,1.4237,177.661
LCA,Saint Lucia,2020,1.4113,178.25
LCA,Saint Lucia,2021,1.399,178.522
LCA,Saint Lucia,2022,1.3874,178.781
LCA,Saint Lucia,2023,1.3794,179.285
LIE,Liechtenstein,1950,2.7117,13.764
LIE,Liechtenstein,1951,2.7704,13.999
LIE,Liechtenstein,1952,2.7383,14.227
LIE,Liechtenstein,1953,2.7163,14.466
LIE,Liechtenstein,1954,2.6977,14.713
LIE,Liechtenstein,1955,2.6976,14.969
LIE,Liechtenstein,1956,2.7252,15.242
LIE,Liechtenstein,1957,2.761,15.539
LIE,Liechtenstein,1958,2.7945,15.855
LIE,Liechtenstein,1959,2.7864,16.17
LIE,Liechtenstein,1960,2.7787,16.491
LIE,Liechtenstein,1961,2.7784,16.86
LIE,Liechtenstein,1962,2.7982,17.273
LIE,Liechtenstein,1963,2.8505,17.7
LIE,Liechtenstein,1964,2.9188,18.145
LIE,Liechtenstein,1965,2.9631,18.602
LIE,Liechtenstein,1966,2.7788,19.066
LIE,Liechtenstein,1967,2.477,19.554
LIE,Liechtenstein,1968,2.2171,20.081
LIE,Liechtenstein,1969,2.1354,20.622
LIE,Liechtenstein,1970,2.0932,21.144
LIE,Liechtenstein,1971,2.0334,21.594
LIE,Liechtenstein,1972,1.9832,21.992
LIE,Liechtenstein,1973,1.9357,22.397
LIE,Liechtenstein,1974,1.9037,22.802
LIE,Liechtenstein,1975,1.8971,23.198
LIE,Liechtenstein,1976,1.9093,23.587
LIE,Liechtenstein,1977,1.9204,23.971
LIE,Liechtenstein,1978,1.9003,24.348
LIE,Liechtenstein,1979,1.6734,24.721
LIE,Liechtenstein,1980,1.6965,25.09
LIE,Liechtenstein,1981,1.6879,25.462
LIE,Liechtenstein,1982,1.6064,25.847
LIE,Liechtenstein,1983,1.5285,26.238
LIE,Liechtenstein,1984,1.5075,26.626
LIE,Liechtenstein,1985,1.4946,27.009
LIE,Liechtenstein,1986,1.4786,27.384
LIE,Liechtenstein,1987,1.4962,27.759
LIE,Liechtenstein,1988,1.4962,28.148
LIE,Liechtenstein,1989,1.5008,28.532
LIE,Liechtenstein,1990,1.5008,28.887
LIE,Liechtenstein,1991,1.4997,29.279
LIE,Liechtenstein,1992,1.4765,29.724
LIE,Liechtenstein,1993,1.4544,30.17
LIE,Liechtenstein,1994,1.4418,30.601
LIE,Liechtenstein,1995,1.4349,31.033
LIE,Liechtenstein,1996,1.5162,31.472
LIE,Liechtenstein,1997,1.569,31.899
LIE,Liechtenstein,1998,1.5857,32.316
LIE,Liechtenstein,1999,1.6041,32.727
LIE,Liechtenstein,2000,1.5735,33.113
LIE,Liechtenstein,2001,1.5243,33.444
LIE,Liechtenstein,2002,1.468,33.742
LIE,Liechtenstein,2003,1.3726,34.06
LIE,Liechtenstein,2004,1.4391,34.388
LIE,Liechtenstein,2005,1.4869,34.69
LIE,Liechtenstein,2006,1.4283,34.975
LIE,Liechtenstein,2007,1.4206,35.226
LIE,Liechtenstein,2008,1.442,35.444
LIE,Liechtenstein,2009,1.6799,35.717
LIE,Liechtenstein,2010,1.4346,35.998
LIE,Liechtenstein,2011,1.662,36.27
LIE,Liechtenstein,2012,1.5141,36.596
LIE,Liechtenstein,2013,1.4621,36.91
LIE,Liechtenstein,2014,1.57,37.163
LIE,Liechtenstein,2015,1.4254,37.4
LIE,Liechtenstein,2016,1.5897,37.615
LIE,Liechtenstein,2017,1.4582,37.85
LIE,Liechtenstein,2018,1.5641,38.129
LIE,Liechtenstein,2019,1.4828,38.44
LIE,Liechtenstein,2020,1.4613,38.767
LIE,Liechtenstein,2021,1.5229,39.044
LIE,Liechtenstein,2022,1.5294,39.317
LIE,Liechtenstein,2023,1.5374,39.598
LKA,Sri Lanka,1950,5.462,7811.047
LKA,Sri Lanka,1951,5.461,7956.334
LKA,Sri Lanka,1952,5.4307,8111.56
LKA,Sri Lanka,1953,5.3932,8275.144
LKA,Sri Lanka,1954,5.3504,8445.936
LKA,Sri Lanka,1955,5.308,8623.33
LKA,Sri Lanka,1956,5.2623,8807.219
LKA,Sri Lanka,1957,5.3366,9000.996
LKA,Sri Lanka,1958,5.4037,9208.818
LKA,Sri Lanka,1959,5.4142,9430.152
LKA,Sri Lanka,1960,5.3517,9661.389
LKA,Sri Lanka,1961,5.2395,9899.372
LKA,Sri Lanka,1962,5.1773,10143.754
LKA,Sri Lanka,1963,5.1177,10395.04
LKA,Sri Lanka,1964,5.0569,10653.396
LKA,Sri Lanka,1965,4.9345,10916.964
LKA,Sri Lanka,1966,4.8283,11183.928
LKA,Sri Lanka,1967,4.7873,11457.328
LKA,Sri Lanka,1968,4.6583,11736.088
LKA,Sri Lanka,1969,4.4991,12013.858
LKA,Sri Lanka,1970,4.3868,12287.11
LKA,Sri Lanka,1971,4.2661,12551.91
LKA,Sri Lanka,1972,4.1558,12809.205
LKA,Sri Lanka,1973,4.0011,13060.916
LKA,Sri Lanka,1974,3.8546,13305.693
LKA,Sri Lanka,1975,3.8159,13548.984
LKA,Sri Lanka,1976,3.7827,13796.77
LKA,Sri Lanka,1977,3.7414,14049.372
LKA,Sri Lanka,1978,3.8103,14310.128
LKA,Sri Lanka,1979,3.8218,14579.614
LKA,Sri Lanka,1980,3.7246,14847.974
LKA,Sri Lanka,1981,3.6487,15099.414
LKA,Sri Lanka,1982,3.3198,15286.568
LKA,Sri Lanka,1983,3.1143,15388.794
LKA,Sri Lanka,1984,3.0062,15441.86
LKA,Sri Lanka,1985,2.8946,15544.154
LKA,Sri Lanka,1986,2.7426,15731.256
LKA,Sri Lanka,1987,2.644,15916.576
LKA,Sri Lanka,1988,2.5651,16078.621
LKA,Sri Lanka,1989,2.578,16248.557
LKA,Sri Lanka,1990,2.5406,16352.458
LKA,Sri Lanka,1991,2.5141,16475.354
LKA,Sri Lanka,1992,2.4869,16739.284
LKA,Sri Lanka,1993,2.4379,17025.918
LKA,Sri Lanka,1994,2.4053,17275.773
LKA,Sri Lanka,1995,2.3529,17564.068
LKA,Sri Lanka,1996,2.2852,17905.018
LKA,Sri Lanka,1997,2.2154,18248.2
LKA,Sri Lanka,1998,2.1361,18596.003
LKA,Sri Lanka,1999,2.1422,18944.731
LKA,Sri Lanka,2000,2.2131,19293.054
LKA,Sri Lanka,2001,2.2826,19600.362
LKA,Sri Lanka,2002,2.3104,19805.752
LKA,Sri Lanka,2003,2.301,19951.521
LKA,Sri Lanka,2004,2.2713,20087.605
LKA,Sri Lanka,2005,2.263,20216.524
LKA,Sri Lanka,2006,2.2918,20352.411
LKA,Sri Lanka,2007,2.2951,20492.545
LKA,Sri Lanka,2008,2.2319,20629.378
LKA,Sri Lanka,2009,2.1788,20756.435
LKA,Sri Lanka,2010,2.1341,20879.089
LKA,Sri Lanka,2011,2.1444,21009.048
LKA,Sri Lanka,2012,2.1727,21169.458
LKA,Sri Lanka,2013,2.1777,21358.827
LKA,Sri Lanka,2014,2.1343,21547.456
LKA,Sri Lanka,2015,2.09,21729.971
LKA,Sri Lanka,2016,2.0621,21910.772
LKA,Sri Lanka,2017,2.044,22087.522
LKA,Sri Lanka,2018,2.0335,22253.118
LKA,Sri Lanka,2019,2.0216,22410.552
LKA,Sri Lanka,2020,2.007,22561.807
LKA,Sri Lanka,2021,1.9953,22700.372
LKA,Sri Lanka,2022,1.9841,22834.965
LKA,Sri Lanka,2023,1.9737,22971.617
LSO,Lesotho,1950,5.7007,579.551
LSO,Lesotho,1951,5.7209,590.269
LSO,Lesotho,1952,5.7327,601.947
LSO,Lesotho,1953,5.7452,614.474
LSO,Lesotho,1954,5.7847,627.894
LSO,Lesotho,1955,5.7865,642.188
LSO,Lesotho,1956,5.7913,657.311
LSO,Lesotho,1957,5.7912,674.669
LSO,Lesotho,1958,5.7912,694.315
LSO,Lesotho,1959,5.7872,714.947
LSO,Lesotho,1960,5.7843,736.5
LSO,Lesotho,1961,5.7854,758.824
LSO,Lesotho,1962,5.7872,781.814
LSO,Lesotho,1963,5.7756,805.373
LSO,Lesotho,1964,5.7651,829.437
LSO,Lesotho,1965,5.772,854.09
LSO,Lesotho,1966,5.7563,881.87
LSO,Lesotho,1967,5.7445,913.982
LSO,Lesotho,1968,5.7248,948.104
LSO,Lesotho,1969,5.7045,983.202
LSO,Lesotho,1970,5.6977,1019.272
LSO,Lesotho,1971,5.696,1056.246
LSO,Lesotho,1972,5.6936,1094.063
LSO,Lesotho,1973,5.6883,1132.697
LSO,Lesotho,1974,5.7534,1172.42
LSO,Lesotho,1975,5.8247,1213.643
LSO,Lesotho,1976,5.8713,1253.214
LSO,Lesotho,1977,5.8483,1289.967
LSO,Lesotho,1978,5.823,1327.24
LSO,Lesotho,1979,5.7885,1366.169
LSO,Lesotho,1980,5.7456,1406.521
LSO,Lesotho,1981,5.6944,1448.069
LSO,Lesotho,1982,5.6324,1490.732
LSO,Lesotho,1983,5.5601,1534.413
LSO,Lesotho,1984,5.4779,1578.986
LSO,Lesotho,1985,5.4008,1624.379
LSO,Lesotho,1986,5.3166,1666.138
LSO,Lesotho,1987,5.2221,1703.39
LSO,Lesotho,1988,5.1035,1739.841
LSO,Lesotho,1989,4.9643,1775.436
LSO,Lesotho,1990,4.8134,1809.696
LSO,Lesotho,1991,4.6813,1842.379
LSO,Lesotho,1992,4.5414,1873.274
LSO,Lesotho,1993,4.3646,1901.793
LSO,Lesotho,1994,4.2096,1927.707
LSO,Lesotho,1995,4.1253,1951.437
LSO,Lesotho,1996,4.0578,1972.418
LSO,Lesotho,1997,3.9819,1988.13
LSO,Lesotho,1998,3.8151,1998.049
LSO,Lesotho,1999,3.6701,2003.234
LSO,Lesotho,2000,3.6053,2003.913
LSO,Lesotho,2001,3.63,2000.853
LSO,Lesotho,2002,3.6821,1994.679
LSO,Lesotho,2003,3.6185,1985.059
LSO,Lesotho,2004,3.5079,1971.129
LSO,Lesotho,2005,3.4278,1953.076
LSO,Lesotho,2006,3.4139,1945.062
LSO,Lesotho,2007,3.4415,1953.268
LSO,Lesotho,2008,3.3921,1966.541
LSO,Lesotho,2009,3.3087,1980.883
LSO,Lesotho,2010,3.2496,1996.251
LSO,Lesotho,2011,3.3427,2014.009
LSO,Lesotho,2012,3.296,2034.354
LSO,Lesotho,2013,3.2832,2056.504
LSO,Lesotho,2014,3.2388,2080.089
LSO,Lesotho,2015,3.2166,2104.612
LSO,Lesotho,2016,3.1798,2130.422
LSO,Lesotho,2017,3.1055,2157.11
LSO,Lesotho,2018,3.0163,2183.603
LSO,Lesotho,2019,2.9237,2209.405
LSO,Lesotho,2020,2.8462,2235.727
LSO,Lesotho,2021,2.7689,2261.542
LSO,Lesotho,2022,2.7162,2286.11
LSO,Lesotho,2023,2.694,2311.472
LTU,Lithuania,1950,2.7133,2432.996
LTU,Lithuania,1951,2.7041,2458.819
LTU,Lithuania,1952,2.6619,2486.41
LTU,Lithuania,1953,2.6139,2515.124
LTU,Lithuania,1954,2.575,2544.703
LTU,Lithuania,1955,2.5671,2575.311
LTU,Lithuania,1956,2.584,2607.334
LTU,Lithuania,1957,2.6284,2641.761
LTU,Lithuania,1958,2.6509,2678.936
LTU,Lithuania,1959,2.6299,2722.674
LTU,Lithuania,1960,2.6224,2769.095
LTU,Lithuania,1961,2.6129,2812.598
LTU,Lithuania,1962,2.471,2853.287
LTU,Lithuania,1963,2.3501,2891.072
LTU,Lithuania,1964,2.3044,2928.854
LTU,Lithuania,1965,2.2336,2965.262
LTU,Lithuania,1966,2.2647,3000.357
LTU,Lithuania,1967,2.268,3035.378
LTU,Lithuania,1968,2.3088,3070.266
LTU,Lithuania,1969,2.3276,3103.42
LTU,Lithuania,1970,2.3961,3135.872
LTU,Lithuania,1971,2.4139,3170.709
LTU,Lithuania,1972,2.3458,3204.905
LTU,Lithuania,1973,2.2243,3236.222
LTU,Lithuania,1974,2.206,3266.362
LTU,Lithuania,1975,2.1747,3295.733
LTU,Lithuania,1976,2.1671,3324.568
LTU,Lithuania,1977,2.1297,3353.248
LTU,Lithuania,1978,2.0813,3380.074
LTU,Lithuania,1979,2.0452,3404.736
LTU,Lithuania,1980,1.9987,3428.419
LTU,Lithuania,1981,1.989,3452.309
LTU,Lithuania,1982,1.9844,3477.584
LTU,Lithuania,1983,2.116,3505.432
LTU,Lithuania,1984,2.0899,3534.124
LTU,Lithuania,1985,2.0972,3562.388
LTU,Lithuania,1986,2.1311,3593.78
LTU,Lithuania,1987,2.1104,3627.367
LTU,Lithuania,1988,2.0138,3672.646
LTU,Lithuania,1989,1.9862,3696.105
LTU,Lithuania,1990,2.0308,3695.012
LTU,Lithuania,1991,2.0126,3701.407
LTU,Lithuania,1992,1.9701,3697.544
LTU,Lithuania,1993,1.7414,3680.196
LTU,Lithuania,1994,1.5771,3654.891
LTU,Lithuania,1995,1.5515,3627.038
LTU,Lithuania,1996,1.4946,3599.712
LTU,Lithuania,1997,1.4681,3573.409
LTU,Lithuania,1998,1.4581,3547.77
LTU,Lithuania,1999,1.4557,3522.902
LTU,Lithuania,2000,1.3831,3500.402
LTU,Lithuania,2001,1.2812,3473.004
LTU,Lithuania,2002,1.2314,3444.05
LTU,Lithuania,2003,1.2605,3415.278
LTU,Lithuania,2004,1.2711,3376.699
LTU,Lithuania,2005,1.2912,3322.263
LTU,Lithuania,2006,1.3222,3269.808
LTU,Lithuania,2007,1.3589,3231.374
LTU,Lithuania,2008,1.4441,3198.48
LTU,Lithuania,2009,1.4995,3163.254
LTU,Lithuania,2010,1.4992,3097.72
LTU,Lithuania,2011,1.5482,3028.642
LTU,Lithuania,2012,1.5911,2988.329
LTU,Lithuania,2013,1.5829,2958.36
LTU,Lithuania,2014,1.628,2933.168
LTU,Lithuania,2015,1.7052,2905.764
LTU,Lithuania,2016,1.6923,2869.11
LTU,Lithuania,2017,1.6332,2829.312
LTU,Lithuania,2018,1.6352,2802.478
LTU,Lithuania,2019,1.6102,2795.058
LTU,Lithuania,2020,1.4871,2795.765
LTU,Lithuania,2021,1.3587,2794.488
LTU,Lithuania,2022,1.27,2816.92
LTU,Lithuania,2023,1.201,2854.099
LUX,Luxembourg,1950,1.9602,296.57
LUX,Luxembourg,1951,1.9888,298.16
LUX,Luxembourg,1952,2.1287,299.901
LUX,Luxembourg,1953,2.1295,301.683
LUX,Luxembourg,1954,2.1813,303.481
LUX,Luxembourg,1955,2.1647,305.312
LUX,Luxembourg,1956,2.1033,306.958
LUX,Luxembourg,1957,2.156,308.44
LUX,Luxembourg,1958,2.1677,310.038
LUX,Luxembourg,1959,2.2084,312.034
LUX,Luxembourg,1960,2.2796,313.878
LUX,Luxembourg,1961,2.3305,316.342
LUX,Luxembourg,1962,2.3369,319.652
LUX,Luxembourg,1963,2.32,322.848
LUX,Luxembourg,1964,2.3621,326.232
LUX,Luxembourg,1965,2.3973,329.702
LUX,Luxembourg,1966,2.3451,333.077
LUX,Luxembourg,1967,2.2361,335.518
LUX,Luxembourg,1968,2.1202,337.007
LUX,Luxembourg,1969,2.0196,338.263
LUX,Luxembourg,1970,1.9729,339.332
LUX,Luxembourg,1971,1.9475,341.956
LUX,Luxembourg,1972,1.7474,346.072
LUX,Luxembourg,1973,1.5839,349.201
LUX,Luxembourg,1974,1.5853,351.426
LUX,Luxembourg,1975,1.5613,353.68
LUX,Luxembourg,1976,1.5001,355.872
LUX,Luxembourg,1977,1.5089,358.244
LUX,Luxembourg,1978,1.4896,361.046
LUX,Luxembourg,1979,1.4786,362.894
LUX,Luxembourg,1980,1.4961,363.705
LUX,Luxembourg,1981,1.5478,364.485
LUX,Luxembourg,1982,1.49,365.056
LUX,Luxembourg,1983,1.4392,365.49
LUX,Luxembourg,1984,1.4237,365.897
LUX,Luxembourg,1985,1.3863,366.661
LUX,Luxembourg,1986,1.4295,368.406
LUX,Luxembourg,1987,1.4078,370.79
LUX,Luxembourg,1988,1.5103,373.783
LUX,Luxembourg,1989,1.5284,377.378
LUX,Luxembourg,1990,1.6023,381.7
LUX,Luxembourg,1991,1.6126,386.817
LUX,Luxembourg,1992,1.6509,391.964
LUX,Luxembourg,1993,1.7065,397.2
LUX,Luxembourg,1994,1.7251,402.59
LUX,Luxembourg,1995,1.7053,408.227
LUX,Luxembourg,1996,1.7683,413.776
LUX,Luxembourg,1997,1.7186,418.968
LUX,Luxembourg,1998,1.6873,424.154
LUX,Luxembourg,1999,1.7435,429.897
LUX,Luxembourg,2000,1.761,436.132
LUX,Luxembourg,2001,1.6616,441.752
LUX,Luxembourg,2002,1.6288,446.389
LUX,Luxembourg,2003,1.6199,451.838
LUX,Luxembourg,2004,1.6569,458.296
LUX,Luxembourg,2005,1.6308,465.364
LUX,Luxembourg,2006,1.6455,472.866
LUX,Luxembourg,2007,1.6105,480.27
LUX,Luxembourg,2008,1.6061,488.99
LUX,Luxembourg,2009,1.5896,498.187
LUX,Luxembourg,2010,1.6217,507.41
LUX,Luxembourg,2011,1.5302,518.584
LUX,Luxembourg,2012,1.5724,530.948
LUX,Luxembourg,2013,1.5503,543.354
LUX,Luxembourg,2014,1.4991,556.279
LUX,Luxembourg,2015,1.4645,569.536
LUX,Luxembourg,2016,1.4149,583.506
LUX,Luxembourg,2017,1.3925,596.496
LUX,Luxembourg,2018,1.3797,608.101
LUX,Luxembourg,2019,1.3426,620.163
LUX,Luxembourg,2020,1.3612,630.597
LUX,Luxembourg,2021,1.3823,640.274
LUX,Luxembourg,2022,1.3896,653.312
LUX,Luxembourg,2023,1.396,665.098
LVA,Latvia,1950,2.0752,1918.72
LVA,Latvia,1951,2.0102,1933.915
LVA,Latvia,1952,1.9418,1949.535
LVA,Latvia,1953,1.8464,1965.198
LVA,Latvia,1954,1.9202,1982.034
LVA,Latvia,1955,1.8815,2000.462
LVA,Latvia,1956,1.8369,2019.505
LVA,Latvia,1957,1.8678,2040.115
LVA,Latvia,1958,1.9174,2063.292
LVA,Latvia,1959,1.9221,2096.981
LVA,Latvia,1960,1.9414,2131.172
LVA,Latvia,1961,1.9637,2157.169
LVA,Latvia,1962,1.9151,2182.285
LVA,Latvia,1963,1.8513,2205.801
LVA,Latvia,1964,1.8133,2229.758
LVA,Latvia,1965,1.7289,2252.762
LVA,Latvia,1966,1.7864,2274.349
LVA,Latvia,1967,1.8192,2296.078
LVA,Latvia,1968,1.8601,2317.284
LVA,Latvia,1969,1.8804,2337.666
LVA,Latvia,1970,1.9645,2357.559
LVA,Latvia,1971,2.0231,2377.073
LVA,Latvia,1972,2.009,2395.874
LVA,Latvia,1973,1.9464,2415.783
LVA,Latvia,1974,1.9775,2436.995
LVA,Latvia,1975,1.9477,2455.77
LVA,Latvia,1976,1.9122,2470.537
LVA,Latvia,1977,1.8695,2484.608
LVA,Latvia,1978,1.8475,2497.362
LVA,Latvia,1979,1.8499,2505.526
LVA,Latvia,1980,1.8757,2511.759
LVA,Latvia,1981,1.8743,2519.97
LVA,Latvia,1982,1.9526,2532.015
LVA,Latvia,1983,2.0966,2546.971
LVA,Latvia,1984,2.1122,2562.773
LVA,Latvia,1985,2.0614,2579.23
LVA,Latvia,1986,2.1732,2599.778
LVA,Latvia,1987,2.1795,2625.962
LVA,Latvia,1988,2.1404,2652.247
LVA,Latvia,1989,2.0286,2664.836
LVA,Latvia,1990,1.9874,2660.132
LVA,Latvia,1991,1.844,2648.94
LVA,Latvia,1992,1.7199,2614.826
LVA,Latvia,1993,1.5026,2563.82
LVA,Latvia,1994,1.3838,2521.233
LVA,Latvia,1995,1.2522,2485.949
LVA,Latvia,1996,1.161,2457.905
LVA,Latvia,1997,1.1172,2433.231
LVA,Latvia,1998,1.1044,2410.209
LVA,Latvia,1999,1.171,2390.822
LVA,Latvia,2000,1.2445,2368.312
LVA,Latvia,2001,1.2229,2338.301
LVA,Latvia,2002,1.2575,2311.351
LVA,Latvia,2003,1.3218,2288.984
LVA,Latvia,2004,1.2968,2264.174
LVA,Latvia,2005,1.3894,2239.784
LVA,Latvia,2006,1.4638,2219.032
LVA,Latvia,2007,1.5424,2200.776
LVA,Latvia,2008,1.5854,2177.712
LVA,Latvia,2009,1.4718,2142.042
LVA,Latvia,2010,1.3671,2097.831
LVA,Latvia,2011,1.3429,2059.942
LVA,Latvia,2012,1.4443,2034.633
LVA,Latvia,2013,1.5274,2013.01
LVA,Latvia,2014,1.646,1994.149
LVA,Latvia,2015,1.7065,1977.867
LVA,Latvia,2016,1.7423,1959.863
LVA,Latvia,2017,1.6984,1942.594
LVA,Latvia,2018,1.6125,1927.588
LVA,Latvia,2019,1.6092,1914.263
LVA,Latvia,2020,1.5462,1901.123
LVA,Latvia,2021,1.5716,1885.587
LVA,Latvia,2022,1.47,1881.063
LVA,Latvia,2023,1.3375,1882.396
MAC,"China, Macao SAR",1950,5.5541,196.654
MAC,"China, Macao SAR",1951,5.5146,200.113
MAC,"China, Macao SAR",1952,5.4583,200.401
MAC,"China, Macao SAR",1953,5.3963,199.588
MAC,"China, Macao SAR",1954,5.3374,197.868
MAC,"China, Macao SAR",1955,5.2643,195.442
MAC,"China, Macao SAR",1956,5.1805,192.179
MAC,"China, Macao SAR",1957,5.0917,188.189
MAC,"China, Macao SAR",1958,4.9967,183.668
MAC,"China, Macao SAR",1959,4.9256,178.425
MAC,"China, Macao SAR",1960,4.9574,173.315
MAC,"China, Macao SAR",1961,4.6737,173.323
MAC,"China, Macao SAR",1962,4.3927,177.81
MAC,"China, Macao SAR",1963,4.2271,182.135
MAC,"China, Macao SAR",1964,3.9428,225.655
MAC,"China, Macao SAR",1965,3.6186,265.631
MAC,"China, Macao SAR",1966,3.3168,262.942
MAC,"China, Macao SAR",1967,3.014,260.423
MAC,"China, Macao SAR",1968,2.6081,257.933
MAC,"China, Macao SAR",1969,2.3074,255.306
MAC,"China, Macao SAR",1970,2.0828,257.396
MAC,"China, Macao SAR",1971,1.9939,263.459
MAC,"China, Macao SAR",1972,1.9404,273.181
MAC,"China, Macao SAR",1973,1.8428,250.324
MAC,"China, Macao SAR",1974,1.7312,221.387
MAC,"China, Macao SAR",1975,1.5541,223.94
MAC,"China, Macao SAR",1976,1.4301,227.377
MAC,"China, Macao SAR",1977,1.3914,231.539
MAC,"China, Macao SAR",1978,1.4249,236.207
MAC,"China, Macao SAR",1979,1.5795,241.147
MAC,"China, Macao SAR",1980,1.7313,246.097
MAC,"China, Macao SAR",1981,1.8488,252.505
MAC,"China, Macao SAR",1982,1.9923,261.055
MAC,"China, Macao SAR",1983,2.0981,270.503
MAC,"China, Macao SAR",1984,2.1449,280.557
MAC,"China, Macao SAR",1985,2.2354,291.277
MAC,"China, Macao SAR",1986,2.1891,302.67
MAC,"China, Macao SAR",1987,2.06,314.62
MAC,"China, Macao SAR",1988,1.8628,326.905
MAC,"China, Macao SAR",1989,1.8096,339.223
MAC,"China, Macao SAR",1990,1.7092,351.123
MAC,"China, Macao SAR",1991,1.615,362.268
MAC,"China, Macao SAR",1992,1.5471,372.248
MAC,"China, Macao SAR",1993,1.4706,381.326
MAC,"China, Macao SAR",1994,1.4307,390.122
MAC,"China, Macao SAR",1995,1.3674,398.693
MAC,"China, Macao SAR",1996,1.2879,407.028
MAC,"China, Macao SAR",1997,1.205,415.069
MAC,"China, Macao SAR",1998,1.1132,422.81
MAC,"China, Macao SAR",1999,1.0248,430.252
MAC,"China, Macao SAR",2000,0.9328,437.309
MAC,"China, Macao SAR",2001,0.8454,445.125
MAC,"China, Macao SAR",2002,0.8061,456.014
MAC,"China, Macao SAR",2003,0.7982,469.053
MAC,"China, Macao SAR",2004,0.803,482.2
MAC,"China, Macao SAR",2005,0.862,495.41
MAC,"China, Macao SAR",2006,0.9203,508.747
MAC,"China, Macao SAR",2007,0.9668,522.276
MAC,"China, Macao SAR",2008,0.9831,535.93
MAC,"China, Macao SAR",2009,0.9972,549.483
MAC,"China, Macao SAR",2010,1.0505,562.806
MAC,"China, Macao SAR",2011,1.1288,575.633
MAC,"China, Macao SAR",2012,1.1932,587.446
MAC,"China, Macao SAR",2013,1.15,598.743
MAC,"China, Macao SAR",2014,1.224,610.304
MAC,"China, Macao SAR",2015,1.142,622.179
MAC,"China, Macao SAR",2016,1.138,634.312
MAC,"China, Macao SAR",2017,1.019,646.554
MAC,"China, Macao SAR",2018,0.924,658.772
MAC,"China, Macao SAR",2019,0.936,670.974
MAC,"China, Macao SAR",2020,0.8566,683.066
MAC,"China, Macao SAR",2021,0.7721,694.402
MAC,"China, Macao SAR",2022,0.6616,704.356
MAC,"China, Macao SAR",2023,0.6616,713.912
MAF,Saint Martin (French part),1950,6.4878,2.984
MAF,Saint Martin (French part),1951,6.481,3.113
MAF,Saint Martin (French part),1952,6.4682,3.232
MAF,Saint Martin (French part),1953,6.4566,3.353
MAF,Saint Martin (French part),1954,6.4507,3.479
MAF,Saint Martin (French part),1955,6.4357,3.599
MAF,Saint Martin (French part),1956,6.4245,3.723
MAF,Saint Martin (French part),1957,6.4158,3.847
MAF,Saint Martin (French part),1958,6.4108,3.972
MAF,Saint Martin (French part),1959,6.4095,4.112
MAF,Saint Martin (French part),1960,6.389,4.25
MAF,Saint Martin (French part),1961,6.3946,4.386
MAF,Saint Martin (French part),1962,6.3727,4.527
MAF,Saint Martin (French part),1963,6.3602,4.673
MAF,Saint Martin (French part),1964,6.3541,4.827
MAF,Saint Martin (French part),1965,6.3448,4.996
MAF,Saint Martin (French part),1966,6.3232,5.213
MAF,Saint Martin (French part),1967,6.3023,5.472
MAF,Saint Martin (French part),1968,6.2623,5.693
MAF,Saint Martin (French part),1969,6.1864,5.868
MAF,Saint Martin (French part),1970,6.0893,6.047
MAF,Saint Martin (French part),1971,5.9697,6.228
MAF,Saint Martin (French part),1972,5.8389,6.408
MAF,Saint Martin (French part),1973,5.6385,6.596
MAF,Saint Martin (French part),1974,5.3882,6.801
MAF,Saint Martin (French part),1975,5.0995,7.038
MAF,Saint Martin (French part),1976,4.8395,7.303
MAF,Saint Martin (French part),1977,4.5755,7.569
MAF,Saint Martin (French part),1978,4.3186,7.822
MAF,Saint Martin (French part),1979,4.1113,8.063
MAF,Saint Martin (French part),1980,3.8839,8.288
MAF,Saint Martin (French part),1981,3.6402,8.498
MAF,Saint Martin (French part),1982,3.3623,9.494
MAF,Saint Martin (French part),1983,3.1495,11.485
MAF,Saint Martin (French part),1984,3.0327,13.733
MAF,Saint Martin (French part),1985,2.9518,16.095
MAF,Saint Martin (French part),1986,2.8948,18.558
MAF,Saint Martin (French part),1987,2.8553,21.108
MAF,Saint Martin (French part),1988,2.8238,23.749
MAF,Saint Martin (French part),1989,2.7883,26.453
MAF,Saint Martin (French part),1990,2.7452,28.224
MAF,Saint Martin (French part),1991,2.7084,28.8
MAF,Saint Martin (French part),1992,2.6801,29.081
MAF,Saint Martin (French part),1993,2.6646,29.282
MAF,Saint Martin (French part),1994,2.6693,29.413
MAF,Saint Martin (French part),1995,2.6879,29.47
MAF,Saint Martin (French part),1996,2.7102,29.443
MAF,Saint Martin (French part),1997,2.7461,29.323
MAF,Saint Martin (French part),1998,2.7946,29.107
MAF,Saint Martin (French part),1999,2.8387,29.284
MAF,Saint Martin (French part),2000,2.8761,29.996
MAF,Saint Martin (French part),2001,2.8966,30.804
MAF,Saint Martin (French part),2002,2.8961,31.604
MAF,Saint Martin (French part),2003,2.8721,32.395
MAF,Saint Martin (French part),2004,2.8274,33.171
MAF,Saint Martin (French part),2005,2.7793,33.928
MAF,Saint Martin (French part),2006,2.7105,34.658
MAF,Saint Martin (French part),2007,2.6329,35.337
MAF,Saint Martin (French part),2008,2.5504,35.958
MAF,Saint Martin (French part),2009,2.4639,36.502
MAF,Saint Martin (French part),2010,2.3995,36.856
MAF,Saint Martin (French part),2011,2.424,37.068
MAF,Saint Martin (French part),2012,2.7733,37.276
MAF,Saint Martin (French part),2013,2.7194,37.419
MAF,Saint Martin (French part),2014,2.7072,37.45
MAF,Saint Martin (French part),2015,2.6649,37.369
MAF,Saint Martin (French part),2016,2.6432,37.175
MAF,Saint Martin (French part),2017,2.6571,36.837
MAF,Saint Martin (French part),2018,2.7255,36.012
MAF,Saint Martin (French part),2019,2.7906,34.266
MAF,Saint Martin (French part),2020,2.8287,31.786
MAF,Saint Martin (French part),2021,2.8042,29.961
MAF,Saint Martin (French part),2022,2.7625,28.87
MAF,Saint Martin (French part),2023,2.718,27.515
MAR,Morocco,1950,6.14,8935.45
MAR,Morocco,1951,6.2193,9159.29
MAR,Morocco,1952,6.3101,9394.878
MAR,Morocco,1953,6.3904,9639.568
MAR,Morocco,1954,6.4353,9893.315
MAR,Morocco,1955,6.501,10158.128
MAR,Morocco,1956,6.5641,10434.024
MAR,Morocco,1957,6.6275,10720.548
MAR,Morocco,1958,6.7114,11013.742
MAR,Morocco,1959,6.8041,11317.007
MAR,Morocco,1960,6.8867,11624.933
MAR,Morocco,1961,6.969,11931.086
MAR,Morocco,1962,7.0461,12253.092
MAR,Morocco,1963,7.0118,12577.502
MAR,Morocco,1964,6.97,12898.886
MAR,Morocco,1965,6.9322,13239.171
MAR,Morocco,1966,6.889,13597.065
MAR,Morocco,1967,6.8453,13968.175
MAR,Morocco,1968,6.7864,14347.9
MAR,Morocco,1969,6.7259,14734.256
MAR,Morocco,1970,6.6825,15129.448
MAR,Morocco,1971,6.616,15527.225
MAR,Morocco,1972,6.5454,15924.692
MAR,Morocco,1973,6.481,16326.268
MAR,Morocco,1974,6.3975,16733.842
MAR,Morocco,1975,6.2986,17150.786
MAR,Morocco,1976,6.175,17574.182
MAR,Morocco,1977,6.036,18014.756
MAR,Morocco,1978,5.9103,18477.385
MAR,Morocco,1979,5.8485,18955.589
MAR,Morocco,1980,5.7836,19459.943
MAR,Morocco,1981,5.7096,19985.402
MAR,Morocco,1982,5.6044,20520.318
MAR,Morocco,1983,5.4096,21060.696
MAR,Morocco,1984,5.1991,21593.778
MAR,Morocco,1985,4.9877,22113.953
MAR,Morocco,1986,4.7724,22600.803
MAR,Morocco,1987,4.5831,23054.392
MAR,Morocco,1988,4.394,23500.524
MAR,Morocco,1989,4.2172,23939.414
MAR,Morocco,1990,4.0599,24375.551
MAR,Morocco,1991,3.9469,24799.014
MAR,Morocco,1992,3.7566,25212.468
MAR,Morocco,1993,3.5477,25614.586
MAR,Morocco,1994,3.4129,26000.822
MAR,Morocco,1995,3.2954,26399.429
MAR,Morocco,1996,3.2288,26808.107
MAR,Morocco,1997,3.1472,27213.337
MAR,Morocco,1998,3.0375,27621.648
MAR,Morocco,1999,2.8824,28027.179
MAR,Morocco,2000,2.7744,28423.435
MAR,Morocco,2001,2.6861,28814.643
MAR,Morocco,2002,2.6166,29198.142
MAR,Morocco,2003,2.6061,29571.415
MAR,Morocco,2004,2.6107,29953.018
MAR,Morocco,2005,2.6131,30358.144
MAR,Morocco,2006,2.6113,30771.178
MAR,Morocco,2007,2.6178,31186.468
MAR,Morocco,2008,2.6123,31606.767
MAR,Morocco,2009,2.6242,32030.778
MAR,Morocco,2010,2.6289,32467.016
MAR,Morocco,2011,2.5951,32912.588
MAR,Morocco,2012,2.5428,33355.241
MAR,Morocco,2013,2.4782,33787.571
MAR,Morocco,2014,2.4252,34204.78
MAR,Morocco,2015,2.406,34607.588
MAR,Morocco,2016,2.3965,35023.457
MAR,Morocco,2017,2.3754,35446.392
MAR,Morocco,2018,2.3538,35839.76
MAR,Morocco,2019,2.3417,36210.898
MAR,Morocco,2020,2.3195,36584.208
MAR,Morocco,2021,2.2884,36954.442
MAR,Morocco,2022,2.2559,37329.064
MAR,Morocco,2023,2.2303,37712.505
MCO,Monaco,1950,3.0581,19.666
MCO,Monaco,1951,3.0699,20.348
MCO,Monaco,1952,3.0641,20.558
MCO,Monaco,1953,3.0397,20.662
MCO,Monaco,1954,2.9905,20.663
MCO,Monaco,1955,2.9665,20.575
MCO,Monaco,1956,2.9456,20.72
MCO,Monaco,1957,2.9283,21.093
MCO,Monaco,1958,2.8935,21.404
MCO,Monaco,1959,2.849,21.646
MCO,Monaco,1960,2.8121,21.808
MCO,Monaco,1961,2.7832,21.901
MCO,Monaco,1962,2.7562,22.078
MCO,Monaco,1963,2.7267,22.385
MCO,Monaco,1964,2.6904,22.686
MCO,Monaco,1965,2.66,22.94
MCO,Monaco,1966,2.6248,23.131
MCO,Monaco,1967,2.5908,23.23
MCO,Monaco,1968,2.5663,23.437
MCO,Monaco,1969,2.536,23.831
MCO,Monaco,1970,2.5002,24.228
MCO,Monaco,1971,2.4701,24.576
MCO,Monaco,1972,2.4395,24.862
MCO,Monaco,1973,2.4084,25.072
MCO,Monaco,1974,2.3766,25.234
MCO,Monaco,1975,2.351,25.5
MCO,Monaco,1976,2.3262,25.895
MCO,Monaco,1977,2.3059,26.273
MCO,Monaco,1978,2.2839,26.605
MCO,Monaco,1979,2.2642,26.892
MCO,Monaco,1980,2.2442,27.122
MCO,Monaco,1981,2.2245,27.293
MCO,Monaco,1982,2.2029,27.561
MCO,Monaco,1983,2.1841,27.96
MCO,Monaco,1984,2.165,28.356
MCO,Monaco,1985,2.1409,28.731
MCO,Monaco,1986,2.1065,29.093
MCO,Monaco,1987,2.0618,29.446
MCO,Monaco,1988,2.0108,29.78
MCO,Monaco,1989,1.9339,30.084
MCO,Monaco,1990,1.8484,30.358
MCO,Monaco,1991,1.7863,30.625
MCO,Monaco,1992,1.755,30.887
MCO,Monaco,1993,1.7487,31.136
MCO,Monaco,1994,1.7563,31.375
MCO,Monaco,1995,1.7831,31.609
MCO,Monaco,1996,1.8236,31.837
MCO,Monaco,1997,1.8836,32.062
MCO,Monaco,1998,1.9542,32.267
MCO,Monaco,1999,2.0074,32.41
MCO,Monaco,2000,2.0824,32.455
MCO,Monaco,2001,2.1755,32.447
MCO,Monaco,2002,2.0063,32.422
MCO,Monaco,2003,1.9141,32.374
MCO,Monaco,2004,1.9939,32.307
MCO,Monaco,2005,2.0064,32.21
MCO,Monaco,2006,2.1007,32.057
MCO,Monaco,2007,2.2056,31.837
MCO,Monaco,2008,2.3836,31.836
MCO,Monaco,2009,2.3966,32.364
MCO,Monaco,2010,2.3853,33.164
MCO,Monaco,2011,2.2199,33.946
MCO,Monaco,2012,2.2941,34.711
MCO,Monaco,2013,2.3125,35.447
MCO,Monaco,2014,2.4849,36.128
MCO,Monaco,2015,2.5031,36.757
MCO,Monaco,2016,2.5776,37.276
MCO,Monaco,2017,2.4179,37.678
MCO,Monaco,2018,2.4851,38.154
MCO,Monaco,2019,2.4033,38.109
MCO,Monaco,2020,2.3795,38.05
MCO,Monaco,2021,2.1219,38.527
MCO,Monaco,2022,2.1144,38.932
MCO,Monaco,2023,2.1099,38.956
MDA,Republic of Moldova,1950,3.4858,2528.36
MDA,Republic of Moldova,1951,3.5192,2572.745
MDA,Republic of Moldova,1952,3.5326,2619.778
MDA,Republic of Moldova,1953,3.5336,2669.504
MDA,Republic of Moldova,1954,3.5159,2721.546
MDA,Republic of Moldova,1955,3.4919,2775.557
MDA,Republic of Moldova,1956,3.4661,2831.238
MDA,Republic of Moldova,1957,3.4355,2887.995
MDA,Republic of Moldova,1958,3.4046,2944.561
MDA,Republic of Moldova,1959,3.3726,3007.366
MDA,Republic of Moldova,1960,3.3147,3076.166
MDA,Republic of Moldova,1961,3.2283,3143.887
MDA,Republic of Moldova,1962,3.0429,3209.504
MDA,Republic of Moldova,1963,2.8915,3271.788
MDA,Republic of Moldova,1964,2.7098,3330.238
MDA,Republic of Moldova,1965,2.6846,3385.972
MDA,Republic of Moldova,1966,2.6506,3440.655
MDA,Republic of Moldova,1967,2.6174,3494.202
MDA,Republic of Moldova,1968,2.5916,3547.082
MDA,Republic of Moldova,1969,2.5659,3599.99
MDA,Republic of Moldova,1970,2.5647,3643.517
MDA,Republic of Moldova,1971,2.5634,3677.927
MDA,Republic of Moldova,1972,2.5636,3713.997
MDA,Republic of Moldova,1973,2.5662,3752.623
MDA,Republic of Moldova,1974,2.5636,3793.847
MDA,Republic of Moldova,1975,2.5215,3836.946
MDA,Republic of Moldova,1976,2.4725,3881.03
MDA,Republic of Moldova,1977,2.4238,3925.583
MDA,Republic of Moldova,1978,2.3867,3970.294
MDA,Republic of Moldova,1979,2.3842,4010.389
MDA,Republic of Moldova,1980,2.3813,4048.713
MDA,Republic of Moldova,1981,2.4019,4089.538
MDA,Republic of Moldova,1982,2.449,4130.066
MDA,Republic of Moldova,1983,2.5776,4172.076
MDA,Republic of Moldova,1984,2.6692,4215.888
MDA,Republic of Moldova,1985,2.6742,4261.13
MDA,Republic of Moldova,1986,2.7379,4309.366
MDA,Republic of Moldova,1987,2.7764,4359.064
MDA,Republic of Moldova,1988,2.6282,4407.768
MDA,Republic of Moldova,1989,2.4628,4439.38
MDA,Republic of Moldova,1990,2.3925,4451.148
MDA,Republic of Moldova,1991,2.2783,4456.608
MDA,Republic of Moldova,1992,2.2167,4455.71
MDA,Republic of Moldova,1993,2.1121,4448.239
MDA,Republic of Moldova,1994,1.9927,4434.456
MDA,Republic of Moldova,1995,1.8249,4414.211
MDA,Republic of Moldova,1996,1.7086,4387.656
MDA,Republic of Moldova,1997,1.7899,4355.538
MDA,Republic of Moldova,1998,1.6496,4318.714
MDA,Republic of Moldova,1999,1.5559,4278.216
MDA,Republic of Moldova,2000,1.4963,4234.967
MDA,Republic of Moldova,2001,1.4707,4189.77
MDA,Republic of Moldova,2002,1.4477,4142.93
MDA,Republic of Moldova,2003,1.4795,4095.42
MDA,Republic of Moldova,2004,1.5431,4046.67
MDA,Republic of Moldova,2005,1.5279,3988.669
MDA,Republic of Moldova,2006,1.537,3921.316
MDA,Republic of Moldova,2007,1.5747,3851.396
MDA,Republic of Moldova,2008,1.6375,3779.504
MDA,Republic of Moldova,2009,1.719,3706.21
MDA,Republic of Moldova,2010,1.7033,3631.992
MDA,Republic of Moldova,2011,1.6501,3557.266
MDA,Republic of Moldova,2012,1.6611,3482.626
MDA,Republic of Moldova,2013,1.6217,3408.738
MDA,Republic of Moldova,2014,1.82,3342.709
MDA,Republic of Moldova,2015,1.87,3287.164
MDA,Republic of Moldova,2016,1.89,3237.794
MDA,Republic of Moldova,2017,1.81,3193.498
MDA,Republic of Moldova,2018,1.81,3153.773
MDA,Republic of Moldova,2019,1.78,3112.562
MDA,Republic of Moldova,2020,1.77,3069.131
MDA,Republic of Moldova,2021,1.7505,3023.778
MDA,Republic of Moldova,2022,1.6944,3039.984
MDA,Republic of Moldova,2023,1.7306,3067.07
MDG,Madagascar,1950,7.4309,3956.074
MDG,Madagascar,1951,7.4322,4057.2
MDG,Madagascar,1952,7.4299,4160.835
MDG,Madagascar,1953,7.4326,4267.535
MDG,Madagascar,1954,7.4217,4377.319
MDG,Madagascar,1955,7.3974,4490.113
MDG,Madagascar,1956,7.3915,4606.422
MDG,Madagascar,1957,7.3747,4726.636
MDG,Madagascar,1958,7.3732,4850.846
MDG,Madagascar,1959,7.3597,4979.094
MDG,Madagascar,1960,7.343,5111.029
MDG,Madagascar,1961,7.2989,5246.158
MDG,Madagascar,1962,7.2559,5384.15
MDG,Madagascar,1963,7.2116,5525.185
MDG,Madagascar,1964,7.1878,5669.863
MDG,Madagascar,1965,7.1713,5819.116
MDG,Madagascar,1966,7.1563,5974.278
MDG,Madagascar,1967,7.144,6136.486
MDG,Madagascar,1968,7.1314,6306.493
MDG,Madagascar,1969,7.1179,6484.716
MDG,Madagascar,1970,7.0962,6672.003
MDG,Madagascar,1971,7.0682,6868.868
MDG,Madagascar,1972,7.0418,7074.398
MDG,Madagascar,1973,7.0106,7288.048
MDG,Madagascar,1974,6.9931,7509.726
MDG,Madagascar,1975,6.9713,7739.336
MDG,Madagascar,1976,6.9543,7976.83
MDG,Madagascar,1977,6.9266,8222.24
MDG,Madagascar,1978,6.9039,8475.864
MDG,Madagascar,1979,6.872,8737.58
MDG,Madagascar,1980,6.8376,9006.032
MDG,Madagascar,1981,6.774,9279.01
MDG,Madagascar,1982,6.6994,9557.67
MDG,Madagascar,1983,6.6262,9843.044
MDG,Madagascar,1984,6.5465,10134.55
MDG,Madagascar,1985,6.4558,10433.142
MDG,Madagascar,1986,6.3426,10736.857
MDG,Madagascar,1987,6.2415,11047.292
MDG,Madagascar,1988,6.1778,11369.462
MDG,Madagascar,1989,6.1486,11704.998
MDG,Madagascar,1990,6.1395,12055.639
MDG,Madagascar,1991,6.1184,12421.412
MDG,Madagascar,1992,6.0815,12800.87
MDG,Madagascar,1993,6.062,13197.346
MDG,Madagascar,1994,6.0422,13613.85
MDG,Madagascar,1995,6.0364,14051.276
MDG,Madagascar,1996,6.0311,14510.712
MDG,Madagascar,1997,6.023,14990.814
MDG,Madagascar,1998,5.9916,15489.364
MDG,Madagascar,1999,5.8388,16000.506
MDG,Madagascar,2000,5.6645,16516.338
MDG,Madagascar,2001,5.5279,17032.939
MDG,Madagascar,2002,5.4115,17549.913
MDG,Madagascar,2003,5.3285,18071.854
MDG,Madagascar,2004,5.2639,18606.608
MDG,Madagascar,2005,5.1953,19159.707
MDG,Madagascar,2006,5.1325,19730.909
MDG,Madagascar,2007,5.0832,20318.583
MDG,Madagascar,2008,5.0434,20923.84
MDG,Madagascar,2009,5.0031,21547.28
MDG,Madagascar,2010,4.8964,22183.34
MDG,Madagascar,2011,4.7366,22822.3
MDG,Madagascar,2012,4.6128,23462.438
MDG,Madagascar,2013,4.5268,24109.29
MDG,Madagascar,2014,4.4211,24764.348
MDG,Madagascar,2015,4.3345,25426.702
MDG,Madagascar,2016,4.2846,26099.952
MDG,Madagascar,2017,4.2586,26788.375
MDG,Madagascar,2018,4.2462,27494.926
MDG,Madagascar,2019,4.2214,28219.554
MDG,Madagascar,2020,4.1696,28953.556
MDG,Madagascar,2021,4.1039,29691.083
MDG,Madagascar,2022,4.0359,30437.261
MDG,Madagascar,2023,3.9724,31195.932
MDV,Maldives,1950,6.1832,74.448
MDV,Maldives,1951,6.1781,75.713
MDV,Maldives,1952,6.2113,77.063
MDV,Maldives,1953,6.2303,78.491
MDV,Maldives,1954,6.2589,79.999
MDV,Maldives,1955,6.3286,81.602
MDV,Maldives,1956,6.391,83.308
MDV,Maldives,1957,6.4471,85.121
MDV,Maldives,1958,6.5038,87.043
MDV,Maldives,1959,6.5577,89.057
MDV,Maldives,1960,6.7133,91.19
MDV,Maldives,1961,6.7918,93.45
MDV,Maldives,1962,6.8869,95.802
MDV,Maldives,1963,6.9411,98.222
MDV,Maldives,1964,7.0029,100.662
MDV,Maldives,1965,7.0698,104.102
MDV,Maldives,1966,7.1453,108.506
MDV,Maldives,1967,7.2273,112.528
MDV,Maldives,1968,7.2793,116.074
MDV,Maldives,1969,7.327,119.564
MDV,Maldives,1970,7.3914,123.219
MDV,Maldives,1971,7.3844,127.035
MDV,Maldives,1972,7.3739,130.968
MDV,Maldives,1973,7.3992,134.952
MDV,Maldives,1974,7.3769,138.978
MDV,Maldives,1975,7.3209,143.158
MDV,Maldives,1976,7.2921,147.525
MDV,Maldives,1977,7.2661,151.93
MDV,Maldives,1978,7.2293,156.159
MDV,Maldives,1979,7.2333,160.36
MDV,Maldives,1980,7.226,164.835
MDV,Maldives,1981,7.1908,169.532
MDV,Maldives,1982,7.1456,174.333
MDV,Maldives,1983,7.0925,179.128
MDV,Maldives,1984,7.0249,184.198
MDV,Maldives,1985,6.9395,190.169
MDV,Maldives,1986,6.8461,196.935
MDV,Maldives,1987,6.7309,203.944
MDV,Maldives,1988,6.5829,210.885
MDV,Maldives,1989,6.3857,217.738
MDV,Maldives,1990,6.1298,224.762
MDV,Maldives,1991,5.7962,231.802
MDV,Maldives,1992,5.4349,238.543
MDV,Maldives,1993,5.0633,244.884
MDV,Maldives,1994,4.688,250.822
MDV,Maldives,1995,4.2924,256.649
MDV,Maldives,1996,3.8593,262.347
MDV,Maldives,1997,3.4773,267.707
MDV,Maldives,1998,3.1712,272.723
MDV,Maldives,1999,2.8992,277.412
MDV,Maldives,2000,2.6906,282.019
MDV,Maldives,2001,2.5316,286.768
MDV,Maldives,2002,2.4254,291.616
MDV,Maldives,2003,2.3423,296.491
MDV,Maldives,2004,2.262,301.413
MDV,Maldives,2005,2.1989,306.429
MDV,Maldives,2006,2.2043,313.851
MDV,Maldives,2007,2.2934,324.479
MDV,Maldives,2008,2.3711,336.17
MDV,Maldives,2009,2.3905,348.275
MDV,Maldives,2010,2.3493,360.792
MDV,Maldives,2011,2.3069,373.674
MDV,Maldives,2012,2.2541,386.818
MDV,Maldives,2013,2.1735,400.07
MDV,Maldives,2014,2.0891,413.617
MDV,Maldives,2015,2.0042,428.154
MDV,Maldives,2016,1.9028,443.308
MDV,Maldives,2017,1.7979,458.287
MDV,Maldives,2018,1.7104,473.098
MDV,Maldives,2019,1.6405,487.731
MDV,Maldives,2020,1.6133,502.118
MDV,Maldives,2021,1.5986,516.154
MDV,Maldives,2022,1.5835,524.106
MDV,Maldives,2023,1.5752,525.994
MEX,Mexico,1950,6.7093,27587.939
MEX,Mexico,1951,6.7273,28320.482
MEX,Mexico,1952,6.7314,29090.173
MEX,Mexico,1953,6.7339,29899.233
MEX,Mexico,1954,6.7448,30753.005
MEX,Mexico,1955,6.7298,31650.6
MEX,Mexico,1956,6.7426,32587.934
MEX,Mexico,1957,6.7519,33562.724
MEX,Mexico,1958,6.7575,34575.068
MEX,Mexico,1959,6.7584,35627.266
MEX,Mexico,1960,6.7626,36724.615
MEX,Mexico,1961,6.7766,37890.118
MEX,Mexico,1962,6.8,39129.2
MEX,Mexico,1963,6.8168,40424.064
MEX,Mexico,1964,6.8333,41772.049
MEX,Mexico,1965,6.8186,43174.477
MEX,Mexico,1966,6.7904,44629.106
MEX,Mexico,1967,6.7526,46129.608
MEX,Mexico,1968,6.7074,47668.303
MEX,Mexico,1969,6.6262,49233.194
MEX,Mexico,1970,6.5295,50814.953
MEX,Mexico,1971,6.4186,52412.558
MEX,Mexico,1972,6.2807,54030.168
MEX,Mexico,1973,6.1207,55667.284
MEX,Mexico,1974,5.9468,57320.15
MEX,Mexico,1975,5.7393,58982.4
MEX,Mexico,1976,5.5425,60645.512
MEX,Mexico,1977,5.3612,62308.493
MEX,Mexico,1978,5.202,63979.046
MEX,Mexico,1979,4.9641,65648.866
MEX,Mexico,1980,4.739,67300.334
MEX,Mexico,1981,4.5737,68892.108
MEX,Mexico,1982,4.4249,70433.26
MEX,Mexico,1983,4.2962,71971.24
MEX,Mexico,1984,4.1836,73506.846
MEX,Mexico,1985,4.0874,75043.414
MEX,Mexico,1986,3.9712,76585.637
MEX,Mexico,1987,3.8026,78136.651
MEX,Mexico,1988,3.6403,79695.531
MEX,Mexico,1989,3.5321,81247.182
MEX,Mexico,1990,3.4436,82820.17
MEX,Mexico,1991,3.3631,84430.572
MEX,Mexico,1992,3.2853,86044.809
MEX,Mexico,1993,3.2114,87653.807
MEX,Mexico,1994,3.1317,89259.205
MEX,Mexico,1995,3.0436,90862.455
MEX,Mexico,1996,2.9639,92452.702
MEX,Mexico,1997,2.8858,94021.207
MEX,Mexico,1998,2.8146,95575.245
MEX,Mexico,1999,2.763,97115.706
MEX,Mexico,2000,2.714,98625.552
MEX,Mexico,2001,2.6708,100099.099
MEX,Mexico,2002,2.6327,101548.624
MEX,Mexico,2003,2.5793,102978.515
MEX,Mexico,2004,2.5362,104394.131
MEX,Mexico,2005,2.4947,105811.504
MEX,Mexico,2006,2.456,107253.666
MEX,Mexico,2007,2.4212,108774.36
MEX,Mexico,2008,2.3907,110374.288
MEX,Mexico,2009,2.3641,111999.721
MEX,Mexico,2010,2.3402,113623.895
MEX,Mexico,2011,2.3174,115243.504
MEX,Mexico,2012,2.2943,116818.208
MEX,Mexico,2013,2.2692,118343.573
MEX,Mexico,2014,2.2106,119784.261
MEX,Mexico,2015,2.1368,121072.306
MEX,Mexico,2016,2.0856,122251.35
MEX,Mexico,2017,2.0406,123400.057
MEX,Mexico,2018,2.03,124573.711
MEX,Mexico,2019,2.02,125762.982
MEX,Mexico,2020,1.99,126799.054
MEX,Mexico,2021,1.97,127648.148
MEX,Mexico,2022,1.94,128613.117
MEX,Mexico,2023,1.91,129739.759
MHL,Marshall Islands,1950,7.7562,12.996
MHL,Marshall Islands,1951,7.7572,13.111
MHL,Marshall Islands,1952,7.7997,13.215
MHL,Marshall Islands,1953,7.8331,13.31
MHL,Marshall Islands,1954,7.8761,13.392
MHL,Marshall Islands,1955,7.906,13.482
MHL,Marshall Islands,1956,7.9174,13.57
MHL,Marshall Islands,1957,7.9537,13.638
MHL,Marshall Islands,1958,7.979,13.805
MHL,Marshall Islands,1959,8.0233,14.197
MHL,Marshall Islands,1960,8.0774,14.703
MHL,Marshall Islands,1961,8.1152,15.219
MHL,Marshall Islands,1962,8.1221,15.755
MHL,Marshall Islands,1963,8.123,16.302
MHL,Marshall Islands,1964,8.143,16.852
MHL,Marshall Islands,1965,8.1564,17.402
MHL,Marshall Islands,1966,8.1986,17.927
MHL,Marshall Islands,1967,8.1695,18.655
MHL,Marshall Islands,1968,8.1433,19.862
MHL,Marshall Islands,1969,8.1118,21.305
MHL,Marshall Islands,1970,8.0753,22.53
MHL,Marshall Islands,1971,8.0359,23.366
MHL,Marshall Islands,1972,7.9947,23.992
MHL,Marshall Islands,1973,7.9517,24.581
MHL,Marshall Islands,1974,7.8994,25.296
MHL,Marshall Islands,1975,7.8317,26.154
MHL,Marshall Islands,1976,7.7569,27.021
MHL,Marshall Islands,1977,7.6696,27.906
MHL,Marshall Islands,1978,7.5797,28.81
MHL,Marshall Islands,1979,7.4729,29.738
MHL,Marshall Islands,1980,7.3702,30.774
MHL,Marshall Islands,1981,7.269,32.017
MHL,Marshall Islands,1982,7.1789,33.397
MHL,Marshall Islands,1983,7.0834,34.811
MHL,Marshall Islands,1984,6.9878,36.264
MHL,Marshall Islands,1985,6.8661,37.761
MHL,Marshall Islands,1986,6.7311,39.286
MHL,Marshall Islands,1987,6.5684,40.828
MHL,Marshall Islands,1988,6.3841,42.321
MHL,Marshall Islands,1989,6.1835,43.586
MHL,Marshall Islands,1990,5.9703,44.629
MHL,Marshall Islands,1991,5.757,45.568
MHL,Marshall Islands,1992,5.546,46.388
MHL,Marshall Islands,1993,5.3821,47.093
MHL,Marshall Islands,1994,5.2321,47.712
MHL,Marshall Islands,1995,5.091,48.266
MHL,Marshall Islands,1996,5.0207,48.775
MHL,Marshall Islands,1997,4.9593,49.259
MHL,Marshall Islands,1998,4.8684,49.717
MHL,Marshall Islands,1999,4.7832,50.202
MHL,Marshall Islands,2000,4.695,50.706
MHL,Marshall Islands,2001,4.5826,51.123
MHL,Marshall Islands,2002,4.4881,51.425
MHL,Marshall Islands,2003,4.4183,51.638
MHL,Marshall Islands,2004,4.3401,51.792
MHL,Marshall Islands,2005,4.2764,51.906
MHL,Marshall Islands,2006,4.1974,51.992
MHL,Marshall Islands,2007,4.0902,52.035
MHL,Marshall Islands,2008,3.9666,52.03
MHL,Marshall Islands,2009,3.8304,52.019
MHL,Marshall Islands,2010,3.673,52.044
MHL,Marshall Islands,2011,3.5266,51.908
MHL,Marshall Islands,2012,3.3817,51.419
MHL,Marshall Islands,2013,3.2465,50.681
MHL,Marshall Islands,2014,3.1805,49.796
MHL,Marshall Islands,2015,3.1315,48.8
MHL,Marshall Islands,2016,3.0914,47.709
MHL,Marshall Islands,2017,3.0645,46.529
MHL,Marshall Islands,2018,3.0383,45.285
MHL,Marshall Islands,2019,3.0121,44.007
MHL,Marshall Islands,2020,2.9886,42.706
MHL,Marshall Islands,2021,2.9644,41.367
MHL,Marshall Islands,2022,2.9361,40.077
MHL,Marshall Islands,2023,2.9191,38.827
MKD,North Macedonia,1950,5.1377,1248.683
MKD,North Macedonia,1951,4.9703,1271.035
MKD,North Macedonia,1952,4.8339,1294.53
MKD,North Macedonia,1953,4.5536,1319.471
MKD,North Macedonia,1954,4.5298,1340.006
MKD,North Macedonia,1955,4.2878,1355.676
MKD,North Macedonia,1956,4.041,1370.918
MKD,North Macedonia,1957,3.8955,1385.255
MKD,North Macedonia,1958,3.8592,1400.116
MKD,North Macedonia,1959,3.9153,1417.075
MKD,North Macedonia,1960,3.8261,1435.059
MKD,North Macedonia,1961,3.615,1455.171
MKD,North Macedonia,1962,3.5034,1471.745
MKD,North Macedonia,1963,3.6155,1488.737
MKD,North Macedonia,1964,3.5595,1510.9
MKD,North Macedonia,1965,3.5155,1533.466
MKD,North Macedonia,1966,3.4317,1557.349
MKD,North Macedonia,1967,3.332,1582.492
MKD,North Macedonia,1968,3.2187,1608.93
MKD,North Macedonia,1969,3.1009,1636.345
MKD,North Macedonia,1970,3.0116,1664.208
MKD,North Macedonia,1971,2.9273,1691.216
MKD,North Macedonia,1972,2.8648,1717.395
MKD,North Macedonia,1973,2.7193,1743.816
MKD,North Macedonia,1974,2.6985,1770.545
MKD,North Macedonia,1975,2.6922,1797.972
MKD,North Macedonia,1976,2.6229,1825.83
MKD,North Macedonia,1977,2.4903,1853.138
MKD,North Macedonia,1978,2.4158,1879.847
MKD,North Macedonia,1979,2.4014,1906.523
MKD,North Macedonia,1980,2.3633,1933.038
MKD,North Macedonia,1981,2.293,1959.065
MKD,North Macedonia,1982,2.2856,1978.956
MKD,North Macedonia,1983,2.2499,1991.901
MKD,North Macedonia,1984,2.2404,2003.399
MKD,North Macedonia,1985,2.2523,2014.331
MKD,North Macedonia,1986,2.2526,2024.732
MKD,North Macedonia,1987,2.315,2035.157
MKD,North Macedonia,1988,2.3239,2045.737
MKD,North Macedonia,1989,2.2496,2055.649
MKD,North Macedonia,1990,2.2688,2063.69
MKD,North Macedonia,1991,2.3101,2055.994
MKD,North Macedonia,1992,2.2812,2032.523
MKD,North Macedonia,1993,2.2598,2006.854
MKD,North Macedonia,1994,2.2318,1992.666
MKD,North Macedonia,1995,2.1301,1998.534
MKD,North Macedonia,1996,2.0588,2012.553
MKD,North Macedonia,1997,1.9162,2025.755
MKD,North Macedonia,1998,1.8905,2037.568
MKD,North Macedonia,1999,1.7696,2048.087
MKD,North Macedonia,2000,1.8629,2057.252
MKD,North Macedonia,2001,1.7295,2066.301
MKD,North Macedonia,2002,1.7857,2074.484
MKD,North Macedonia,2003,1.745,2081.411
MKD,North Macedonia,2004,1.5242,2086.58
MKD,North Macedonia,2005,1.469,2089.807
MKD,North Macedonia,2006,1.5145,2089.233
MKD,North Macedonia,2007,1.5331,2081.972
MKD,North Macedonia,2008,1.5653,2070.834
MKD,North Macedonia,2009,1.637,2060.598
MKD,North Macedonia,2010,1.7066,2051.505
MKD,North Macedonia,2011,1.6253,2040.446
MKD,North Macedonia,2012,1.7091,2027.289
MKD,North Macedonia,2013,1.7049,2013.28
MKD,North Macedonia,2014,1.7675,1997.833
MKD,North Macedonia,2015,1.7579,1980.366
MKD,North Macedonia,2016,1.7859,1961.259
MKD,North Macedonia,2017,1.7255,1940.879
MKD,North Macedonia,2018,1.7309,1919.728
MKD,North Macedonia,2019,1.6507,1897.641
MKD,North Macedonia,2020,1.625,1872.015
MKD,North Macedonia,2021,1.6215,1851.108
MKD,North Macedonia,2022,1.5879,1840.233
MKD,North Macedonia,2023,1.4647,1831.802
MLI,Mali,1950,6.8729,4696.911
MLI,Mali,1951,6.8949,4766.701
MLI,Mali,1952,6.9059,4836.363
MLI,Mali,1953,6.9209,4904.8
MLI,Mali,1954,6.936,4972.91
MLI,Mali,1955,6.9503,5041.934
MLI,Mali,1956,6.9683,5111.976
MLI,Mali,1957,6.9848,5183.13
MLI,Mali,1958,6.9979,5253.468
MLI,Mali,1959,7.0074,5325.638
MLI,Mali,1960,7.0186,5402.55
MLI,Mali,1961,7.0308,5482.283
MLI,Mali,1962,7.0379,5563.917
MLI,Mali,1963,7.0465,5646.605
MLI,Mali,1964,7.0549,5730.125
MLI,Mali,1965,7.0808,5815.487
MLI,Mali,1966,7.1105,5902.204
MLI,Mali,1967,7.1359,5990.906
MLI,Mali,1968,7.1586,6082.978
MLI,Mali,1969,7.1746,6177.704
MLI,Mali,1970,7.1815,6276.472
MLI,Mali,1971,7.2031,6377.944
MLI,Mali,1972,7.2188,6483.726
MLI,Mali,1973,7.2225,6597.106
MLI,Mali,1974,7.2282,6715.436
MLI,Mali,1975,7.2528,6837.261
MLI,Mali,1976,7.2721,6960.978
MLI,Mali,1977,7.2994,7090.978
MLI,Mali,1978,7.3186,7229.652
MLI,Mali,1979,7.3476,7375.266
MLI,Mali,1980,7.3651,7530.514
MLI,Mali,1981,7.3647,7692.766
MLI,Mali,1982,7.3202,7860.194
MLI,Mali,1983,7.2763,8034.4
MLI,Mali,1984,7.2556,8208.598
MLI,Mali,1985,7.2612,8374.663
MLI,Mali,1986,7.3108,8531.277
MLI,Mali,1987,7.3115,8681.164
MLI,Mali,1988,7.3238,8833.996
MLI,Mali,1989,7.3313,8999.938
MLI,Mali,1990,7.3113,9178.83
MLI,Mali,1991,7.2804,9362.888
MLI,Mali,1992,7.2367,9553.54
MLI,Mali,1993,7.1798,9754.786
MLI,Mali,1994,7.1189,9967.031
MLI,Mali,1995,7.0523,10185.366
MLI,Mali,1996,7.0102,10407.278
MLI,Mali,1997,6.9715,10646.495
MLI,Mali,1998,6.936,10919.573
MLI,Mali,1999,6.9114,11227.414
MLI,Mali,2000,6.8865,11559.29
MLI,Mali,2001,6.8524,11912.158
MLI,Mali,2002,6.8191,12288.05
MLI,Mali,2003,6.7832,12684.955
MLI,Mali,2004,6.7415,13102.409
MLI,Mali,2005,6.7084,13538.647
MLI,Mali,2006,6.6768,13990.14
MLI,Mali,2007,6.6469,14457.776
MLI,Mali,2008,6.6242,14940.782
MLI,Mali,2009,6.5924,15435.538
MLI,Mali,2010,6.5788,15945.198
MLI,Mali,2011,6.5447,16469.049
MLI,Mali,2012,6.5235,16957.033
MLI,Mali,2013,6.4906,17459.615
MLI,Mali,2014,6.4405,18020.267
MLI,Mali,2015,6.3847,18593.022
MLI,Mali,2016,6.3192,19191.289
MLI,Mali,2017,6.2514,19813.011
MLI,Mali,2018,6.1176,20442.03
MLI,Mali,2019,5.8916,21068.405
MLI,Mali,2020,5.85,21713.836
MLI,Mali,2021,5.7786,22388.63
MLI,Mali,2022,5.6918,23072.64
MLI,Mali,2023,5.6141,23769.127
MLT,Malta,1950,4.2261,294.68
MLT,Malta,1951,4.2099,300.455
MLT,Malta,1952,4.1736,304.908
MLT,Malta,1953,4.1289,309.344
MLT,Malta,1954,4.0759,313.744
MLT,Malta,1955,4.0143,318.139
MLT,Malta,1956,4.031,322.456
MLT,Malta,1957,3.6809,326.694
MLT,Malta,1958,3.5844,329.408
MLT,Malta,1959,3.5763,330.353
MLT,Malta,1960,3.6258,330.82
MLT,Malta,1961,3.3036,330.848
MLT,Malta,1962,3.2184,330.488
MLT,Malta,1963,2.8706,329.806
MLT,Malta,1964,2.7357,328.788
MLT,Malta,1965,2.4373,327.398
MLT,Malta,1966,2.2841,325.675
MLT,Malta,1967,2.1914,323.813
MLT,Malta,1968,2.0799,323.512
MLT,Malta,1969,2.0253,324.753
MLT,Malta,1970,2.0718,326.011
MLT,Malta,1971,2.1236,327.293
MLT,Malta,1972,2.0321,328.609
MLT,Malta,1973,2.0782,330.052
MLT,Malta,1974,2.0783,331.679
MLT,Malta,1975,2.1515,333.45
MLT,Malta,1976,2.1288,335.286
MLT,Malta,1977,2.141,337.16
MLT,Malta,1978,2.0642,339.061
MLT,Malta,1979,2.0925,340.971
MLT,Malta,1980,1.9932,342.877
MLT,Malta,1981,1.8952,344.752
MLT,Malta,1982,2.0677,346.644
MLT,Malta,1983,2.0011,348.591
MLT,Malta,1984,1.9568,350.551
MLT,Malta,1985,1.9479,352.566
MLT,Malta,1986,1.9309,355.076
MLT,Malta,1987,1.9705,358.08
MLT,Malta,1988,2.057,361.224
MLT,Malta,1989,2.0947,364.522
MLT,Malta,1990,2.0413,367.908
MLT,Malta,1991,2.0018,371.332
MLT,Malta,1992,2.0596,374.795
MLT,Malta,1993,1.9576,378.217
MLT,Malta,1994,1.84,381.454
MLT,Malta,1995,1.7915,384.55
MLT,Malta,1996,1.9722,387.624
MLT,Malta,1997,1.9369,390.679
MLT,Malta,1998,1.8351,393.774
MLT,Malta,1999,1.7338,396.889
MLT,Malta,2000,1.6715,399.895
MLT,Malta,2001,1.4931,402.784
MLT,Malta,2002,1.4581,405.564
MLT,Malta,2003,1.476,408.226
MLT,Malta,2004,1.4,410.798
MLT,Malta,2005,1.3771,413.32
MLT,Malta,2006,1.3633,415.454
MLT,Malta,2007,1.3584,417.196
MLT,Malta,2008,1.4198,418.969
MLT,Malta,2009,1.4128,420.795
MLT,Malta,2010,1.375,422.651
MLT,Malta,2011,1.4431,424.628
MLT,Malta,2012,1.4203,426.61
MLT,Malta,2013,1.3662,428.452
MLT,Malta,2014,1.3788,434.485
MLT,Malta,2015,1.376,444.98
MLT,Malta,2016,1.3657,455.269
MLT,Malta,2017,1.2714,467.902
MLT,Malta,2018,1.2273,484.558
MLT,Malta,2019,1.1503,504.015
MLT,Malta,2020,1.1315,518.206
MLT,Malta,2021,1.1096,524.376
MLT,Malta,2022,1.1007,528.192
MLT,Malta,2023,1.0976,532.956
MMR,Myanmar,1950,5.9429,17737.116
MMR,Myanmar,1951,5.9366,18070.418
MMR,Myanmar,1952,5.9305,18418.009
MMR,Myanmar,1953,5.9255,18779.9
MMR,Myanmar,1954,5.9235,19156.655
MMR,Myanmar,1955,5.9136,19550.482
MMR,Myanmar,1956,5.9162,19959.221
MMR,Myanmar,1957,5.9173,20382.704
MMR,Myanmar,1958,5.9102,20816.418
MMR,Myanmar,1959,5.9107,21264.01
MMR,Myanmar,1960,5.9005,21730.25
MMR,Myanmar,1961,5.8998,22210.58
MMR,Myanmar,1962,5.9044,22704.719
MMR,Myanmar,1963,5.9055,23213.408
MMR,Myanmar,1964,5.9075,23737.315
MMR,Myanmar,1965,5.9123,24279.431
MMR,Myanmar,1966,5.8759,24836.496
MMR,Myanmar,1967,5.8415,25406.429
MMR,Myanmar,1968,5.7967,25989.662
MMR,Myanmar,1969,5.7472,26585.112
MMR,Myanmar,1970,5.6819,27193.016
MMR,Myanmar,1971,5.6148,27807.219
MMR,Myanmar,1972,5.5272,28428.324
MMR,Myanmar,1973,5.4349,29026.388
MMR,Myanmar,1974,5.3414,29598.167
MMR,Myanmar,1975,5.2485,30176.565
MMR,Myanmar,1976,5.1586,30758.811
MMR,Myanmar,1977,5.069,31355.966
MMR,Myanmar,1978,4.9853,31972.976
MMR,Myanmar,1979,4.8973,32596.55
MMR,Myanmar,1980,4.7889,33227.204
MMR,Myanmar,1981,4.688,33858.783
MMR,Myanmar,1982,4.6619,34482.966
MMR,Myanmar,1983,4.6331,35162.715
MMR,Myanmar,1984,4.5174,35899.313
MMR,Myanmar,1985,4.3159,36622.828
MMR,Myanmar,1986,4.0814,37314.878
MMR,Myanmar,1987,3.8609,37971.594
MMR,Myanmar,1988,3.6697,38600.927
MMR,Myanmar,1989,3.5932,39214.618
MMR,Myanmar,1990,3.5035,39817.252
MMR,Myanmar,1991,3.4319,40394.154
MMR,Myanmar,1992,3.3536,40950.342
MMR,Myanmar,1993,3.2813,41502.429
MMR,Myanmar,1994,3.2042,42055.143
MMR,Myanmar,1995,3.1274,42605.338
MMR,Myanmar,1996,3.058,43154.86
MMR,Myanmar,1997,2.9846,43708.798
MMR,Myanmar,1998,2.9123,44257.793
MMR,Myanmar,1999,2.8509,44787.724
MMR,Myanmar,2000,2.8133,45290.841
MMR,Myanmar,2001,2.7935,45771.138
MMR,Myanmar,2002,2.7646,46232.653
MMR,Myanmar,2003,2.6803,46667.192
MMR,Myanmar,2004,2.5883,47068.772
MMR,Myanmar,2005,2.5146,47438.365
MMR,Myanmar,2006,2.471,47785.135
MMR,Myanmar,2007,2.4471,48125.043
MMR,Myanmar,2008,2.4043,48390.794
MMR,Myanmar,2009,2.3692,48660.459
MMR,Myanmar,2010,2.3354,49024.382
MMR,Myanmar,2011,2.3063,49419.82
MMR,Myanmar,2012,2.2765,49837.446
MMR,Myanmar,2013,2.2637,50262.658
MMR,Myanmar,2014,2.2516,50681.634
MMR,Myanmar,2015,2.2656,51089.056
MMR,Myanmar,2016,2.2696,51495.696
MMR,Myanmar,2017,2.2525,51894.938
MMR,Myanmar,2018,2.2279,52272.246
MMR,Myanmar,2019,2.206,52640.713
MMR,Myanmar,2020,2.1787,53016.522
MMR,Myanmar,2021,2.1577,53387.102
MMR,Myanmar,2022,2.131,53756.788
MMR,Myanmar,2023,2.1152,54133.798
MNE,Montenegro,1950,4.3638,402.512
MNE,Montenegro,1951,4.626,410.073
MNE,Montenegro,1952,4.5633,418.9
MNE,Montenegro,1953,4.5577,427.479
MNE,Montenegro,1954,4.4866,434.371
MNE,Montenegro,1955,4.1565,440.584
MNE,Montenegro,1956,4.0267,446.69
MNE,Montenegro,1957,3.9446,452.741
MNE,Montenegro,1958,3.8025,458.806
MNE,Montenegro,1959,3.5312,464.898
MNE,Montenegro,1960,3.5323,471.197
MNE,Montenegro,1961,3.4875,477.827
MNE,Montenegro,1962,3.4428,484.442
MNE,Montenegro,1963,3.3817,490.788
MNE,Montenegro,1964,3.2793,496.93
MNE,Montenegro,1965,3.1858,502.892
MNE,Montenegro,1966,3.093,508.634
MNE,Montenegro,1967,2.912,514.096
MNE,Montenegro,1968,2.7954,519.308
MNE,Montenegro,1969,2.7913,524.446
MNE,Montenegro,1970,2.6875,529.671
MNE,Montenegro,1971,2.6732,535.109
MNE,Montenegro,1972,2.6107,540.698
MNE,Montenegro,1973,2.5115,546.262
MNE,Montenegro,1974,2.4338,551.732
MNE,Montenegro,1975,2.3808,557.151
MNE,Montenegro,1976,2.352,562.63
MNE,Montenegro,1977,2.3073,568.093
MNE,Montenegro,1978,2.2469,573.516
MNE,Montenegro,1979,2.197,579.012
MNE,Montenegro,1980,2.2171,584.82
MNE,Montenegro,1981,2.193,589.908
MNE,Montenegro,1982,2.1863,593.628
MNE,Montenegro,1983,2.1663,596.956
MNE,Montenegro,1984,2.1357,600.247
MNE,Montenegro,1985,2.1292,603.5
MNE,Montenegro,1986,2.0908,606.795
MNE,Montenegro,1987,2.0704,610.17
MNE,Montenegro,1988,2.0063,613.585
MNE,Montenegro,1989,1.9379,617.042
MNE,Montenegro,1990,1.9446,620.497
MNE,Montenegro,1991,2.0149,623.559
MNE,Montenegro,1992,2.0135,626.02
MNE,Montenegro,1993,1.9551,628.099
MNE,Montenegro,1994,1.9362,629.878
MNE,Montenegro,1995,1.9577,631.381
MNE,Montenegro,1996,1.9216,632.62
MNE,Montenegro,1997,1.8863,633.532
MNE,Montenegro,1998,1.8934,634.09
MNE,Montenegro,1999,1.8839,634.282
MNE,Montenegro,2000,1.9028,634.194
MNE,Montenegro,2001,1.8545,633.991
MNE,Montenegro,2002,1.8132,633.766
MNE,Montenegro,2003,1.8036,633.56
MNE,Montenegro,2004,1.7335,633.754
MNE,Montenegro,2005,1.7021,634.05
MNE,Montenegro,2006,1.7368,633.871
MNE,Montenegro,2007,1.8029,633.378
MNE,Montenegro,2008,1.8953,632.844
MNE,Montenegro,2009,1.9604,632.438
MNE,Montenegro,2010,1.731,632.088
MNE,Montenegro,2011,1.676,632.688
MNE,Montenegro,2012,1.728,633.54
MNE,Montenegro,2013,1.7445,633.202
MNE,Montenegro,2014,1.7617,631.376
MNE,Montenegro,2015,1.756,628.145
MNE,Montenegro,2016,1.7996,624.248
MNE,Montenegro,2017,1.79,620.114
MNE,Montenegro,2018,1.7753,615.795
MNE,Montenegro,2019,1.8145,611.666
MNE,Montenegro,2020,1.831,607.935
MNE,Montenegro,2021,1.8501,603.85
MNE,Montenegro,2022,1.8814,614.648
MNE,Montenegro,2023,1.8026,633.552
MNG,Mongolia,1950,5.5029,781.688
MNG,Mongolia,1951,5.5592,794.324
MNG,Mongolia,1952,5.6648,807.086
MNG,Mongolia,1953,5.7655,820.272
MNG,Mongolia,1954,5.8702,834.018
MNG,Mongolia,1955,6.0569,848.684
MNG,Mongolia,1956,6.2378,868.482
MNG,Mongolia,1957,6.3888,893.234
MNG,Mongolia,1958,6.5353,919.29
MNG,Mongolia,1959,6.6814,947.411
MNG,Mongolia,1960,6.8175,977.595
MNG,Mongolia,1961,6.9633,1009.284
MNG,Mongolia,1962,7.0984,1041.444
MNG,Mongolia,1963,7.2384,1071.362
MNG,Mongolia,1964,7.3292,1100.234
MNG,Mongolia,1965,7.3765,1131.177
MNG,Mongolia,1966,7.4089,1163.754
MNG,Mongolia,1967,7.3892,1196.996
MNG,Mongolia,1968,7.3708,1229.93
MNG,Mongolia,1969,7.3371,1262.284
MNG,Mongolia,1970,7.3144,1295.272
MNG,Mongolia,1971,7.2972,1330.071
MNG,Mongolia,1972,7.2793,1366.821
MNG,Mongolia,1973,7.2397,1405.502
MNG,Mongolia,1974,7.1735,1446.05
MNG,Mongolia,1975,7.066,1488.296
MNG,Mongolia,1976,6.9307,1531.945
MNG,Mongolia,1977,6.7899,1576.245
MNG,Mongolia,1978,6.6198,1619.468
MNG,Mongolia,1979,6.4243,1660.658
MNG,Mongolia,1980,6.2105,1701.335
MNG,Mongolia,1981,5.9817,1742.857
MNG,Mongolia,1982,5.801,1785.364
MNG,Mongolia,1983,5.6282,1829.092
MNG,Mongolia,1984,5.4514,1874.349
MNG,Mongolia,1985,5.2618,1921.514
MNG,Mongolia,1986,5.0292,1970.965
MNG,Mongolia,1987,4.8288,2022.8
MNG,Mongolia,1988,4.6471,2076.322
MNG,Mongolia,1989,4.4202,2124.185
MNG,Mongolia,1990,4.2061,2164.574
MNG,Mongolia,1991,3.8584,2202.768
MNG,Mongolia,1992,3.4258,2239.123
MNG,Mongolia,1993,3.0166,2273.512
MNG,Mongolia,1994,2.8193,2305.744
MNG,Mongolia,1995,2.7355,2335.715
MNG,Mongolia,1996,2.6213,2363.464
MNG,Mongolia,1997,2.4774,2389.128
MNG,Mongolia,1998,2.3585,2412.784
MNG,Mongolia,1999,2.2967,2434.04
MNG,Mongolia,2000,2.2546,2455.182
MNG,Mongolia,2001,2.1944,2477.7
MNG,Mongolia,2002,2.1033,2500.075
MNG,Mongolia,2003,2.0187,2521.805
MNG,Mongolia,2004,1.983,2542.792
MNG,Mongolia,2005,1.9905,2563.461
MNG,Mongolia,2006,2.1159,2584.756
MNG,Mongolia,2007,2.321,2607.965
MNG,Mongolia,2008,2.5317,2634.424
MNG,Mongolia,2009,2.6249,2665.326
MNG,Mongolia,2010,2.5206,2701.732
MNG,Mongolia,2011,2.5951,2745.18
MNG,Mongolia,2012,2.7392,2795.459
MNG,Mongolia,2013,2.9399,2851.881
MNG,Mongolia,2014,2.9958,2913.038
MNG,Mongolia,2015,3.0097,2976.526
MNG,Mongolia,2016,2.957,3040.812
MNG,Mongolia,2017,2.8912,3104.364
MNG,Mongolia,2018,2.9227,3167.706
MNG,Mongolia,2019,3.0081,3232.114
MNG,Mongolia,2020,2.9488,3290.786
MNG,Mongolia,2021,2.8345,3339.674
MNG,Mongolia,2022,2.7458,3386.015
MNG,Mongolia,2023,2.685,3431.932
MNP,Northern Mariana Islands,1950,6.0805,7.11
MNP,Northern Mariana Islands,1951,6.0825,7.234
MNP,Northern Mariana Islands,1952,6.082,7.328
MNP,Northern Mariana Islands,1953,6.0819,7.441
MNP,Northern Mariana Islands,1954,6.0753,7.57
MNP,Northern Mariana Islands,1955,6.0684,7.728
MNP,Northern Mariana Islands,1956,6.058,7.891
MNP,Northern Mariana Islands,1957,6.0487,8.071
MNP,Northern Mariana Islands,1958,6.0248,8.28
MNP,Northern Mariana Islands,1959,5.9906,8.497
MNP,Northern Mariana Islands,1960,5.9578,8.736
MNP,Northern Mariana Islands,1961,5.9115,8.995
MNP,Northern Mariana Islands,1962,5.8483,9.28
MNP,Northern Mariana Islands,1963,5.7932,9.595
MNP,Northern Mariana Islands,1964,5.7162,9.925
MNP,Northern Mariana Islands,1965,5.6582,10.264
MNP,Northern Mariana Islands,1966,5.5892,10.612
MNP,Northern Mariana Islands,1967,5.7013,10.748
MNP,Northern Mariana Islands,1968,7.7409,10.468
MNP,Northern Mariana Islands,1969,7.6226,9.988
MNP,Northern Mariana Islands,1970,7.439,10.17
MNP,Northern Mariana Islands,1971,7.1344,11.27
MNP,Northern Mariana Islands,1972,6.7758,12.636
MNP,Northern Mariana Islands,1973,6.3982,13.88
MNP,Northern Mariana Islands,1974,6.0201,14.655
MNP,Northern Mariana Islands,1975,5.6251,15.065
MNP,Northern Mariana Islands,1976,5.2343,15.438
MNP,Northern Mariana Islands,1977,4.8293,15.786
MNP,Northern Mariana Islands,1978,4.4344,16.13
MNP,Northern Mariana Islands,1979,4.0471,16.488
MNP,Northern Mariana Islands,1980,3.6474,17.625
MNP,Northern Mariana Islands,1981,3.2582,19.826
MNP,Northern Mariana Islands,1982,2.896,22.35
MNP,Northern Mariana Islands,1983,2.5807,24.936
MNP,Northern Mariana Islands,1984,2.3235,27.574
MNP,Northern Mariana Islands,1985,2.1455,30.258
MNP,Northern Mariana Islands,1986,2.1736,32.98
MNP,Northern Mariana Islands,1987,2.3426,35.736
MNP,Northern Mariana Islands,1988,2.1575,38.519
MNP,Northern Mariana Islands,1989,2.0153,41.304
MNP,Northern Mariana Islands,1990,2.338,43.342
MNP,Northern Mariana Islands,1991,2.8228,44.393
MNP,Northern Mariana Islands,1992,3.0661,45.182
MNP,Northern Mariana Islands,1993,3.2259,45.952
MNP,Northern Mariana Islands,1994,2.9778,46.73
MNP,Northern Mariana Islands,1995,3.0771,48.176
MNP,Northern Mariana Islands,1996,2.5876,51.706
MNP,Northern Mariana Islands,1997,2.245,56.596
MNP,Northern Mariana Islands,1998,1.6849,61.337
MNP,Northern Mariana Islands,1999,1.614,65.916
MNP,Northern Mariana Islands,2000,1.6404,68.356
MNP,Northern Mariana Islands,2001,1.7362,67.984
MNP,Northern Mariana Islands,2002,1.6775,66.778
MNP,Northern Mariana Islands,2003,1.893,65.42
MNP,Northern Mariana Islands,2004,2.0659,63.938
MNP,Northern Mariana Islands,2005,2.256,62.354
MNP,Northern Mariana Islands,2006,2.6132,60.682
MNP,Northern Mariana Islands,2007,2.7862,58.941
MNP,Northern Mariana Islands,2008,2.8147,57.15
MNP,Northern Mariana Islands,2009,2.7358,55.325
MNP,Northern Mariana Islands,2010,2.9819,54.091
MNP,Northern Mariana Islands,2011,3.208,53.608
MNP,Northern Mariana Islands,2012,3.3279,53.234
MNP,Northern Mariana Islands,2013,3.5353,52.758
MNP,Northern Mariana Islands,2014,3.3716,52.178
MNP,Northern Mariana Islands,2015,3.1341,51.514
MNP,Northern Mariana Islands,2016,2.923,50.773
MNP,Northern Mariana Islands,2017,2.7622,49.958
MNP,Northern Mariana Islands,2018,2.6428,49.077
MNP,Northern Mariana Islands,2019,2.5588,48.129
MNP,Northern Mariana Islands,2020,2.4937,47.528
MNP,Northern Mariana Islands,2021,2.4406,46.979
MNP,Northern Mariana Islands,2022,2.3882,46.078
MNP,Northern Mariana Islands,2023,2.3485,45.143
MOZ,Mozambique,1950,5.9967,5910.225
MOZ,Mozambique,1951,6.03,5978.156
MOZ,Mozambique,1952,6.0643,6050.759
MOZ,Mozambique,1953,6.0862,6123.118
MOZ,Mozambique,1954,6.1159,6196.978
MOZ,Mozambique,1955,6.1412,6274.472
MOZ,Mozambique,1956,6.1659,6355.035
MOZ,Mozambique,1957,6.1749,6438.178
MOZ,Mozambique,1958,6.1893,6521.554
MOZ,Mozambique,1959,6.2525,6610.402
MOZ,Mozambique,1960,6.3121,6713.695
MOZ,Mozambique,1961,6.366,6834.936
MOZ,Mozambique,1962,6.4235,6969.364
MOZ,Mozambique,1963,6.4744,7109.828
MOZ,Mozambique,1964,6.5131,7255.061
MOZ,Mozambique,1965,6.5435,7406.42
MOZ,Mozambique,1966,6.5767,7562.99
MOZ,Mozambique,1967,6.6069,7724.55
MOZ,Mozambique,1968,6.6459,7892.613
MOZ,Mozambique,1969,6.6724,8066.951
MOZ,Mozambique,1970,6.6994,8250.506
MOZ,Mozambique,1971,6.7009,8456.317
MOZ,Mozambique,1972,6.701,8692.936
MOZ,Mozambique,1973,6.6976,8954.242
MOZ,Mozambique,1974,6.6711,9236.093
MOZ,Mozambique,1975,6.659,9540.818
MOZ,Mozambique,1976,6.6408,9867.209
MOZ,Mozambique,1977,6.6166,10224.975
MOZ,Mozambique,1978,6.5919,10618.25
MOZ,Mozambique,1979,6.5637,11028.81
MOZ,Mozambique,1980,6.5299,11336.222
MOZ,Mozambique,1981,6.4805,11568.126
MOZ,Mozambique,1982,6.4297,11824.37
MOZ,Mozambique,1983,6.4336,12073.822
MOZ,Mozambique,1984,6.438,12315.954
MOZ,Mozambique,1985,6.4305,12548.948
MOZ,Mozambique,1986,6.4129,12770.578
MOZ,Mozambique,1987,6.3932,12822.574
MOZ,Mozambique,1988,6.3666,12800.558
MOZ,Mozambique,1989,6.3475,12906.842
MOZ,Mozambique,1990,6.3191,13094.536
MOZ,Mozambique,1991,6.2764,13352.09
MOZ,Mozambique,1992,6.2185,13613.316
MOZ,Mozambique,1993,6.1535,14051.192
MOZ,Mozambique,1994,6.0821,15033.853
MOZ,Mozambique,1995,6.0193,15960.53
MOZ,Mozambique,1996,5.9729,16492.48
MOZ,Mozambique,1997,5.9333,16949.982
MOZ,Mozambique,1998,5.9054,17340.464
MOZ,Mozambique,1999,5.8746,17734.506
MOZ,Mozambique,2000,5.8296,18129.653
MOZ,Mozambique,2001,5.7553,18537.729
MOZ,Mozambique,2002,5.6671,18958.338
MOZ,Mozambique,2003,5.5998,19392.475
MOZ,Mozambique,2004,5.5514,19840.313
MOZ,Mozambique,2005,5.5003,20304.569
MOZ,Mozambique,2006,5.4519,20787.087
MOZ,Mozambique,2007,5.4656,21287.635
MOZ,Mozambique,2008,5.5978,21819.036
MOZ,Mozambique,2009,5.6811,22391.745
MOZ,Mozambique,2010,5.6597,22999.235
MOZ,Mozambique,2011,5.5993,23649.039
MOZ,Mozambique,2012,5.5176,24337.846
MOZ,Mozambique,2013,5.4298,25051.611
MOZ,Mozambique,2014,5.3044,25788.475
MOZ,Mozambique,2015,5.2446,26547.572
MOZ,Mozambique,2016,5.1879,27337.105
MOZ,Mozambique,2017,5.1278,28166.393
MOZ,Mozambique,2018,5.0705,29018.644
MOZ,Mozambique,2019,5.0165,29884.38
MOZ,Mozambique,2020,4.959,30783.688
MOZ,Mozambique,2021,4.9051,31707.8
MOZ,Mozambique,2022,4.8399,32656.246
MOZ,Mozambique,2023,4.7628,33635.16
MRT,Mauritania,1950,5.7908,657.715
MRT,Mauritania,1951,5.8086,670.884
MRT,Mauritania,1952,5.8248,684.804
MRT,Mauritania,1953,5.8474,699.39
MRT,Mauritania,1954,5.8743,714.672
MRT,Mauritania,1955,5.9231,730.724
MRT,Mauritania,1956,5.9643,747.606
MRT,Mauritania,1957,6.0038,765.346
MRT,Mauritania,1958,6.0496,783.996
MRT,Mauritania,1959,6.0916,803.606
MRT,Mauritania,1960,6.1495,824.298
MRT,Mauritania,1961,6.1993,846.166
MRT,Mauritania,1962,6.2444,869.184
MRT,Mauritania,1963,6.3119,893.424
MRT,Mauritania,1964,6.3702,918.955
MRT,Mauritania,1965,6.444,945.838
MRT,Mauritania,1966,6.5164,974.157
MRT,Mauritania,1967,6.5681,1003.843
MRT,Mauritania,1968,6.6028,1034.739
MRT,Mauritania,1969,6.6434,1066.754
MRT,Mauritania,1970,6.6767,1099.806
MRT,Mauritania,1971,6.6963,1133.702
MRT,Mauritania,1972,6.706,1168.355
MRT,Mauritania,1973,6.7179,1203.838
MRT,Mauritania,1974,6.7295,1240.188
MRT,Mauritania,1975,6.7128,1277.33
MRT,Mauritania,1976,6.727,1315.336
MRT,Mauritania,1977,6.7362,1353.768
MRT,Mauritania,1978,6.7269,1392.713
MRT,Mauritania,1979,6.7025,1432.758
MRT,Mauritania,1980,6.6709,1474.043
MRT,Mauritania,1981,6.635,1516.877
MRT,Mauritania,1982,6.5882,1561.176
MRT,Mauritania,1983,6.5408,1606.746
MRT,Mauritania,1984,6.4834,1653.693
MRT,Mauritania,1985,6.4231,1702.107
MRT,Mauritania,1986,6.343,1751.835
MRT,Mauritania,1987,6.2709,1803.014
MRT,Mauritania,1988,6.2129,1855.859
MRT,Mauritania,1989,6.1955,1903.048
MRT,Mauritania,1990,6.1749,1951.878
MRT,Mauritania,1991,6.1568,2009.738
MRT,Mauritania,1992,6.126,2088.135
MRT,Mauritania,1993,6.0934,2174.328
MRT,Mauritania,1994,6.0581,2249.454
MRT,Mauritania,1995,5.9622,2312.017
MRT,Mauritania,1996,5.8609,2358.188
MRT,Mauritania,1997,5.7434,2411.306
MRT,Mauritania,1998,5.6232,2474.651
MRT,Mauritania,1999,5.5237,2541.698
MRT,Mauritania,2000,5.4558,2613.442
MRT,Mauritania,2001,5.407,2678.76
MRT,Mauritania,2002,5.3728,2738.654
MRT,Mauritania,2003,5.3639,2802.046
MRT,Mauritania,2004,5.3736,2868.664
MRT,Mauritania,2005,5.3764,2939.058
MRT,Mauritania,2006,5.4043,3013.66
MRT,Mauritania,2007,5.426,3093.059
MRT,Mauritania,2008,5.4363,3183.269
MRT,Mauritania,2009,5.4063,3284.448
MRT,Mauritania,2010,5.3845,3390.964
MRT,Mauritania,2011,5.3796,3502.811
MRT,Mauritania,2012,5.3519,3619.034
MRT,Mauritania,2013,5.317,3734.318
MRT,Mauritania,2014,5.2615,3848.514
MRT,Mauritania,2015,5.2111,3965.959
MRT,Mauritania,2016,5.1572,4086.656
MRT,Mauritania,2017,5.1059,4210.6
MRT,Mauritania,2018,5.0444,4337.685
MRT,Mauritania,2019,4.9837,4467.708
MRT,Mauritania,2020,4.9122,4600.131
MRT,Mauritania,2021,4.8476,4734.874
MRT,Mauritania,2022,4.7704,4875.638
MRT,Mauritania,2023,4.6973,5022.442
MSR,Montserrat,1950,4.8235,12.944
MSR,Montserrat,1951,4.8408,12.845
MSR,Montserrat,1952,4.8606,12.755
MSR,Montserrat,1953,4.8716,12.656
MSR,Montserrat,1954,4.8454,12.561
MSR,Montserrat,1955,4.8404,12.482
MSR,Montserrat,1956,4.7582,12.39
MSR,Montserrat,1957,4.701,12.299
MSR,Montserrat,1958,4.6645,12.206
MSR,Montserrat,1959,4.6009,12.111
MSR,Montserrat,1960,4.5507,12.034
MSR,Montserrat,1961,4.5131,11.963
MSR,Montserrat,1962,4.4952,11.884
MSR,Montserrat,1963,4.4603,11.804
MSR,Montserrat,1964,4.3761,11.725
MSR,Montserrat,1965,4.273,11.646
MSR,Montserrat,1966,4.1607,11.572
MSR,Montserrat,1967,4.0749,11.502
MSR,Montserrat,1968,3.9905,11.439
MSR,Montserrat,1969,3.8562,11.372
MSR,Montserrat,1970,3.7424,11.332
MSR,Montserrat,1971,3.6208,11.338
MSR,Montserrat,1972,3.495,11.35
MSR,Montserrat,1973,3.3462,11.366
MSR,Montserrat,1974,3.1637,11.389
MSR,Montserrat,1975,2.9526,11.408
MSR,Montserrat,1976,2.7623,11.422
MSR,Montserrat,1977,2.5896,11.434
MSR,Montserrat,1978,2.4367,11.437
MSR,Montserrat,1979,2.3172,11.409
MSR,Montserrat,1980,2.2442,11.339
MSR,Montserrat,1981,2.2531,11.253
MSR,Montserrat,1982,2.4996,11.182
MSR,Montserrat,1983,2.4916,11.12
MSR,Montserrat,1984,2.4391,11.056
MSR,Montserrat,1985,2.3585,10.995
MSR,Montserrat,1986,2.2613,10.944
MSR,Montserrat,1987,2.2242,10.895
MSR,Montserrat,1988,2.1875,10.846
MSR,Montserrat,1989,2.1667,10.777
MSR,Montserrat,1990,2.163,10.677
MSR,Montserrat,1991,2.1662,10.437
MSR,Montserrat,1992,2.1618,9.987
MSR,Montserrat,1993,2.1426,9.432
MSR,Montserrat,1994,2.0844,8.844
MSR,Montserrat,1995,1.9398,8.235
MSR,Montserrat,1996,1.7024,7.604
MSR,Montserrat,1997,1.5032,6.958
MSR,Montserrat,1998,1.351,6.302
MSR,Montserrat,1999,1.2035,5.658
MSR,Montserrat,2000,1.2294,5.029
MSR,Montserrat,2001,1.5193,4.59
MSR,Montserrat,2002,1.4478,4.476
MSR,Montserrat,2003,1.5961,4.49
MSR,Montserrat,2004,1.6152,4.515
MSR,Montserrat,2005,1.6149,4.546
MSR,Montserrat,2006,1.6101,4.582
MSR,Montserrat,2007,1.6021,4.623
MSR,Montserrat,2008,1.6,4.677
MSR,Montserrat,2009,1.5901,4.735
MSR,Montserrat,2010,1.5825,4.794
MSR,Montserrat,2011,1.5673,4.822
MSR,Montserrat,2012,1.5611,4.796
MSR,Montserrat,2013,1.4796,4.753
MSR,Montserrat,2014,1.4667,4.711
MSR,Montserrat,2015,1.5117,4.673
MSR,Montserrat,2016,1.6203,4.638
MSR,Montserrat,2017,1.685,4.602
MSR,Montserrat,2018,1.7485,4.569
MSR,Montserrat,2019,1.8648,4.54
MSR,Montserrat,2020,1.9536,4.508
MSR,Montserrat,2021,1.9414,4.479
MSR,Montserrat,2022,1.5456,4.453
MSR,Montserrat,2023,1.4442,4.42
MTQ,Martinique,1950,5.4967,232.07
MTQ,Martinique,1951,5.4293,237.477
MTQ,Martinique,1952,5.3497,242.828
MTQ,Martinique,1953,5.492,248.663
MTQ,Martinique,1954,5.6087,255.154
MTQ,Martinique,1955,5.686,261.042
MTQ,Martinique,1956,5.7019,266.236
MTQ,Martinique,1957,5.7056,271.675
MTQ,Martinique,1958,5.6346,277.222
MTQ,Martinique,1959,5.6194,282.89
MTQ,Martinique,1960,5.6734,288.771
MTQ,Martinique,1961,5.5993,294.58
MTQ,Martinique,1962,5.5492,299.758
MTQ,Martinique,1963,5.4295,304.228
MTQ,Martinique,1964,5.408,308.448
MTQ,Martinique,1965,5.479,312.76
MTQ,Martinique,1966,5.3792,317.075
MTQ,Martinique,1967,5.25,320.922
MTQ,Martinique,1968,5.0437,323.528
MTQ,Martinique,1969,4.743,324.842
MTQ,Martinique,1970,4.5312,325.52
MTQ,Martinique,1971,4.3678,325.985
MTQ,Martinique,1972,4.1794,326.343
MTQ,Martinique,1973,3.8466,326.366
MTQ,Martinique,1974,3.5235,326.374
MTQ,Martinique,1975,3.1245,327.339
MTQ,Martinique,1976,2.7755,328.968
MTQ,Martinique,1977,2.5312,330.268
MTQ,Martinique,1978,2.3595,331.152
MTQ,Martinique,1979,2.2493,331.78
MTQ,Martinique,1980,2.1883,332.284
MTQ,Martinique,1981,2.1833,332.986
MTQ,Martinique,1982,2.164,335.039
MTQ,Martinique,1983,2.1437,338.654
MTQ,Martinique,1984,2.104,342.823
MTQ,Martinique,1985,2.0793,347.148
MTQ,Martinique,1986,2.07,351.578
MTQ,Martinique,1987,2.077,356.136
MTQ,Martinique,1988,2.0468,360.79
MTQ,Martinique,1989,2.0358,365.564
MTQ,Martinique,1990,2.0226,371
MTQ,Martinique,1991,2.003,377.302
MTQ,Martinique,1992,1.9921,383.931
MTQ,Martinique,1993,1.9693,390.542
MTQ,Martinique,1994,1.9471,397.07
MTQ,Martinique,1995,1.9211,403.497
MTQ,Martinique,1996,1.9082,409.828
MTQ,Martinique,1997,1.8976,416.086
MTQ,Martinique,1998,1.89,421.813
MTQ,Martinique,1999,1.8775,423.889
MTQ,Martinique,2000,1.8966,421.382
MTQ,Martinique,2001,1.9048,417.146
MTQ,Martinique,2002,1.8931,412.466
MTQ,Martinique,2003,1.8992,408.406
MTQ,Martinique,2004,1.898,405.096
MTQ,Martinique,2005,1.9428,401.847
MTQ,Martinique,2006,2.0046,400.45
MTQ,Martinique,2007,2.0407,400.807
MTQ,Martinique,2008,2.0702,400.696
MTQ,Martinique,2009,2.0498,399.521
MTQ,Martinique,2010,2.036,397.384
MTQ,Martinique,2011,2.0083,394.566
MTQ,Martinique,2012,1.9984,391.731
MTQ,Martinique,2013,1.9875,389.466
MTQ,Martinique,2014,1.992,387.014
MTQ,Martinique,2015,1.9718,383.731
MTQ,Martinique,2016,1.9636,378.886
MTQ,Martinique,2017,1.9664,371.502
MTQ,Martinique,2018,1.9928,364.09
MTQ,Martinique,2019,2.0247,359.611
MTQ,Martinique,2020,2.0302,356.615
MTQ,Martinique,2021,2.0378,353.278
MTQ,Martinique,2022,2.0238,349.459
MTQ,Martinique,2023,2.0095,346.002
MUS,Mauritius,1950,6.0271,525.558
MUS,Mauritius,1951,6.0255,541.17
MUS,Mauritius,1952,5.9686,557.176
MUS,Mauritius,1953,5.8928,571.92
MUS,Mauritius,1954,5.8482,585.479
MUS,Mauritius,1955,5.8323,599.588
MUS,Mauritius,1956,5.8136,614.557
MUS,Mauritius,1957,5.8356,630.404
MUS,Mauritius,1958,5.8621,647.154
MUS,Mauritius,1959,5.8763,664.835
MUS,Mauritius,1960,5.8968,680.331
MUS,Mauritius,1961,5.9825,692.529
MUS,Mauritius,1962,5.8774,705.274
MUS,Mauritius,1963,6.18,720.35
MUS,Mauritius,1964,5.9562,736.537
MUS,Mauritius,1965,5.508,752.66
MUS,Mauritius,1966,5.4599,768.65
MUS,Mauritius,1967,4.6256,784.257
MUS,Mauritius,1968,4.5959,799.28
MUS,Mauritius,1969,3.9654,813.741
MUS,Mauritius,1970,3.8201,827.696
MUS,Mauritius,1971,3.5083,841.106
MUS,Mauritius,1972,3.4067,853.604
MUS,Mauritius,1973,3.0711,865.144
MUS,Mauritius,1974,3.4526,876.463
MUS,Mauritius,1975,3.1969,888.023
MUS,Mauritius,1976,3.1293,899.852
MUS,Mauritius,1977,3.0712,912.147
MUS,Mauritius,1978,3.0115,925.277
MUS,Mauritius,1979,2.9137,939.387
MUS,Mauritius,1980,2.8033,954.216
MUS,Mauritius,1981,2.6661,969.218
MUS,Mauritius,1982,2.5339,983.61
MUS,Mauritius,1983,2.3955,997.366
MUS,Mauritius,1984,2.2326,1011.238
MUS,Mauritius,1985,2.0538,1025.063
MUS,Mauritius,1986,1.9473,1038.344
MUS,Mauritius,1987,2.0029,1051.111
MUS,Mauritius,1988,2.097,1063.593
MUS,Mauritius,1989,2.2088,1075.982
MUS,Mauritius,1990,2.2962,1089.024
MUS,Mauritius,1991,2.2926,1103.041
MUS,Mauritius,1992,2.3592,1117.67
MUS,Mauritius,1993,2.3116,1132.393
MUS,Mauritius,1994,2.2435,1146.548
MUS,Mauritius,1995,2.1375,1159.821
MUS,Mauritius,1996,2.1162,1172.383
MUS,Mauritius,1997,2.0314,1184.299
MUS,Mauritius,1998,1.9112,1195.105
MUS,Mauritius,1999,2.0309,1205.891
MUS,Mauritius,2000,1.9765,1216.629
MUS,Mauritius,2001,1.8947,1225.801
MUS,Mauritius,2002,1.916,1234.085
MUS,Mauritius,2003,1.8711,1242.099
MUS,Mauritius,2004,1.8706,1249.8
MUS,Mauritius,2005,1.824,1257.215
MUS,Mauritius,2006,1.7142,1263.781
MUS,Mauritius,2007,1.672,1269.518
MUS,Mauritius,2008,1.6016,1274.635
MUS,Mauritius,2009,1.5276,1278.972
MUS,Mauritius,2010,1.4949,1282.709
MUS,Mauritius,2011,1.4825,1286.267
MUS,Mauritius,2012,1.4794,1289.17
MUS,Mauritius,2013,1.4187,1290.984
MUS,Mauritius,2014,1.3713,1292.004
MUS,Mauritius,2015,1.3191,1292.275
MUS,Mauritius,2016,1.3519,1291.803
MUS,Mauritius,2017,1.3955,1290.655
MUS,Mauritius,2018,1.3655,1288.833
MUS,Mauritius,2019,1.3506,1286.27
MUS,Mauritius,2020,1.3871,1283.223
MUS,Mauritius,2021,1.3525,1279.623
MUS,Mauritius,2022,1.2702,1276.13
MUS,Mauritius,2023,1.2407,1273.588
MWI,Malawi,1950,6.8245,2950.3
MWI,Malawi,1951,6.8357,3002.885
MWI,Malawi,1952,6.8452,3059.378
MWI,Malawi,1953,6.8529,3119.235
MWI,Malawi,1954,6.8048,3181.529
MWI,Malawi,1955,6.8428,3246.543
MWI,Malawi,1956,6.8861,3315.298
MWI,Malawi,1957,6.9233,3387.738
MWI,Malawi,1958,6.9653,3463.947
MWI,Malawi,1959,7.0105,3544.159
MWI,Malawi,1960,7.0424,3628.134
MWI,Malawi,1961,7.0674,3715.534
MWI,Malawi,1962,7.0951,3806.307
MWI,Malawi,1963,7.1275,3900.506
MWI,Malawi,1964,7.114,3997.305
MWI,Malawi,1965,7.1258,4096.157
MWI,Malawi,1966,7.1738,4197.926
MWI,Malawi,1967,7.213,4303.012
MWI,Malawi,1968,7.2623,4411.054
MWI,Malawi,1969,7.2739,4521.184
MWI,Malawi,1970,7.2955,4633.944
MWI,Malawi,1971,7.3105,4751.434
MWI,Malawi,1972,7.3262,4874.474
MWI,Malawi,1973,7.3383,5003.938
MWI,Malawi,1974,7.344,5141.337
MWI,Malawi,1975,7.3591,5287.366
MWI,Malawi,1976,7.3868,5443.384
MWI,Malawi,1977,7.4077,5614.983
MWI,Malawi,1978,7.4342,5810.132
MWI,Malawi,1979,7.4652,6028.749
MWI,Malawi,1980,7.5183,6265.529
MWI,Malawi,1981,7.4928,6516.454
MWI,Malawi,1982,7.451,6778.879
MWI,Malawi,1983,7.3608,7051.71
MWI,Malawi,1984,7.265,7332.81
MWI,Malawi,1985,7.17,7620.508
MWI,Malawi,1986,7.0693,7906.48
MWI,Malawi,1987,6.9702,8293.174
MWI,Malawi,1988,6.8757,8753.262
MWI,Malawi,1989,6.8029,9176.22
MWI,Malawi,1990,6.7402,9545.852
MWI,Malawi,1991,6.6812,9844.226
MWI,Malawi,1992,6.6299,10135.079
MWI,Malawi,1993,6.5726,10284.024
MWI,Malawi,1994,6.4877,10164.894
MWI,Malawi,1995,6.3922,10150.117
MWI,Malawi,1996,6.2848,10352.228
MWI,Malawi,1997,6.2308,10562.035
MWI,Malawi,1998,6.2054,10792.876
MWI,Malawi,1999,6.1239,11047.804
MWI,Malawi,2000,6.0021,11315.942
MWI,Malawi,2001,5.9427,11593.058
MWI,Malawi,2002,5.9034,11880.44
MWI,Malawi,2003,5.8752,12181.574
MWI,Malawi,2004,5.8642,12500.737
MWI,Malawi,2005,5.8483,12840.031
MWI,Malawi,2006,5.8022,13198.701
MWI,Malawi,2007,5.7239,13576.343
MWI,Malawi,2008,5.6087,13976.418
MWI,Malawi,2009,5.4533,14395.788
MWI,Malawi,2010,5.2627,14826.463
MWI,Malawi,2011,5.0825,15265.022
MWI,Malawi,2012,4.9019,15709.577
MWI,Malawi,2013,4.7591,16161.816
MWI,Malawi,2014,4.569,16621.538
MWI,Malawi,2015,4.3844,17085.587
MWI,Malawi,2016,4.2164,17557.739
MWI,Malawi,2017,4.1131,18039.715
MWI,Malawi,2018,4.0206,18528.081
MWI,Malawi,2019,3.9523,19025.752
MWI,Malawi,2020,3.8774,19533.888
MWI,Malawi,2021,3.791,20047.258
MWI,Malawi,2022,3.7197,20568.728
MWI,Malawi,2023,3.6483,21104.482
MYS,Malaysia,1950,6.4286,6098.283
MYS,Malaysia,1951,6.4278,6257.417
MYS,Malaysia,1952,6.426,6422.846
MYS,Malaysia,1953,6.4368,6593.943
MYS,Malaysia,1954,6.4479,6772.378
MYS,Malaysia,1955,6.4522,6959.963
MYS,Malaysia,1956,6.4605,7156.626
MYS,Malaysia,1957,6.4683,7362.822
MYS,Malaysia,1958,6.4561,7562.878
MYS,Malaysia,1959,6.4414,7755.786
MYS,Malaysia,1960,6.4121,7956.197
MYS,Malaysia,1961,6.3669,8164.442
MYS,Malaysia,1962,6.2963,8380.172
MYS,Malaysia,1963,6.1912,8602.16
MYS,Malaysia,1964,6.0299,8828.406
MYS,Malaysia,1965,5.8362,9056.408
MYS,Malaysia,1966,5.6351,9284.688
MYS,Malaysia,1967,5.4331,9507.099
MYS,Malaysia,1968,5.2907,9725.281
MYS,Malaysia,1969,5.1592,9947.598
MYS,Malaysia,1970,5.0351,10178.802
MYS,Malaysia,1971,4.9238,10423.454
MYS,Malaysia,1972,4.8216,10676.836
MYS,Malaysia,1973,4.7273,10935.621
MYS,Malaysia,1974,4.6187,11200.906
MYS,Malaysia,1975,4.5008,11471.914
MYS,Malaysia,1976,4.3983,11750.098
MYS,Malaysia,1977,4.2821,12035.713
MYS,Malaysia,1978,4.1787,12328.158
MYS,Malaysia,1979,4.0913,12627.862
MYS,Malaysia,1980,4.0345,12983.363
MYS,Malaysia,1981,4.002,13399.203
MYS,Malaysia,1982,3.9667,13832.798
MYS,Malaysia,1983,3.9278,14285.908
MYS,Malaysia,1984,3.8847,14759.009
MYS,Malaysia,1985,3.8042,15252.258
MYS,Malaysia,1986,3.6989,15760.42
MYS,Malaysia,1987,3.5653,16276.737
MYS,Malaysia,1988,3.502,16796.605
MYS,Malaysia,1989,3.313,17314.997
MYS,Malaysia,1990,3.3041,17833.171
MYS,Malaysia,1991,3.3388,18342.464
MYS,Malaysia,1992,3.3728,18834.572
MYS,Malaysia,1993,3.3639,19322.664
MYS,Malaysia,1994,3.3456,19820.446
MYS,Malaysia,1995,3.3165,20330.598
MYS,Malaysia,1996,3.2972,20850.087
MYS,Malaysia,1997,3.2271,21375.218
MYS,Malaysia,1998,3.1204,21906.713
MYS,Malaysia,1999,3.0682,22435.531
MYS,Malaysia,2000,2.9417,22967.816
MYS,Malaysia,2001,2.8074,23526.538
MYS,Malaysia,2002,2.658,24102.477
MYS,Malaysia,2003,2.6013,24679.602
MYS,Malaysia,2004,2.4928,25256.772
MYS,Malaysia,2005,2.3912,25836.071
MYS,Malaysia,2006,2.3084,26417.909
MYS,Malaysia,2007,2.2515,26998.389
MYS,Malaysia,2008,2.2618,27570.059
MYS,Malaysia,2009,2.2234,28124.778
MYS,Malaysia,2010,2.1437,28655.776
MYS,Malaysia,2011,2.1535,29162.039
MYS,Malaysia,2012,2.1167,29662.831
MYS,Malaysia,2013,2.0698,30174.265
MYS,Malaysia,2014,2.0581,30696.137
MYS,Malaysia,2015,2.0078,31232.798
MYS,Malaysia,2016,1.9425,31789.685
MYS,Malaysia,2017,1.8927,32355.644
MYS,Malaysia,2018,1.8377,32910.967
MYS,Malaysia,2019,1.7769,33440.596
MYS,Malaysia,2020,1.6803,33889.558
MYS,Malaysia,2021,1.5547,34282.399
MYS,Malaysia,2022,1.55,34695.493
MYS,Malaysia,2023,1.55,35126.298
MYT,Mayotte,1950,6.8638,20.526
MYT,Mayotte,1951,6.8733,20.924
MYT,Mayotte,1952,6.8748,21.343
MYT,Mayotte,1953,6.8653,21.796
MYT,Mayotte,1954,6.8668,22.294
MYT,Mayotte,1955,6.8673,22.824
MYT,Mayotte,1956,6.8592,23.387
MYT,Mayotte,1957,6.8866,23.984
MYT,Mayotte,1958,6.9209,24.62
MYT,Mayotte,1959,6.95,25.288
MYT,Mayotte,1960,6.9849,25.992
MYT,Mayotte,1961,7.0101,26.733
MYT,Mayotte,1962,7.0347,27.512
MYT,Mayotte,1963,7.0572,28.34
MYT,Mayotte,1964,7.0807,29.225
MYT,Mayotte,1965,7.1148,30.18
MYT,Mayotte,1966,7.1377,31.202
MYT,Mayotte,1967,7.1968,32.265
MYT,Mayotte,1968,7.2515,33.242
MYT,Mayotte,1969,7.3055,34.148
MYT,Mayotte,1970,7.3678,35.096
MYT,Mayotte,1971,7.4211,36.112
MYT,Mayotte,1972,7.4514,37.216
MYT,Mayotte,1973,7.4776,38.395
MYT,Mayotte,1974,7.4956,39.65
MYT,Mayotte,1975,7.5329,40.968
MYT,Mayotte,1976,7.5213,42.336
MYT,Mayotte,1977,7.5071,43.758
MYT,Mayotte,1978,7.4804,45.42
MYT,Mayotte,1979,7.4146,47.584
MYT,Mayotte,1980,7.3229,50.145
MYT,Mayotte,1981,7.2152,52.93
MYT,Mayotte,1982,7.0964,55.901
MYT,Mayotte,1983,6.9673,58.995
MYT,Mayotte,1984,6.8318,62.172
MYT,Mayotte,1985,6.6876,65.588
MYT,Mayotte,1986,6.5608,69.619
MYT,Mayotte,1987,6.4303,74.219
MYT,Mayotte,1988,6.3073,79.114
MYT,Mayotte,1989,6.1777,84.268
MYT,Mayotte,1990,6.0512,89.592
MYT,Mayotte,1991,5.9483,95.097
MYT,Mayotte,1992,5.8503,101.194
MYT,Mayotte,1993,5.7559,107.97
MYT,Mayotte,1994,5.6698,115.134
MYT,Mayotte,1995,5.5879,122.576
MYT,Mayotte,1996,5.5134,130.162
MYT,Mayotte,1997,5.392,137.431
MYT,Mayotte,1998,5.2558,143.975
MYT,Mayotte,1999,5.1112,150.208
MYT,Mayotte,2000,4.9643,156.492
MYT,Mayotte,2001,4.8105,162.701
MYT,Mayotte,2002,4.66,168.08
MYT,Mayotte,2003,4.5338,171.69
MYT,Mayotte,2004,4.4475,175.032
MYT,Mayotte,2005,4.5023,179.601
MYT,Mayotte,2006,4.5063,184.992
MYT,Mayotte,2007,4.4931,190.761
MYT,Mayotte,2008,4.4747,196.406
MYT,Mayotte,2009,4.4632,201.896
MYT,Mayotte,2010,4.4327,207.422
MYT,Mayotte,2011,4.3907,212.978
MYT,Mayotte,2012,4.3623,218.992
MYT,Mayotte,2013,4.4332,226.623
MYT,Mayotte,2014,4.5342,235.775
MYT,Mayotte,2015,4.675,245.579
MYT,Mayotte,2016,4.7041,255.872
MYT,Mayotte,2017,4.6605,265.164
MYT,Mayotte,2018,4.66,269.69
MYT,Mayotte,2019,4.58,274.91
MYT,Mayotte,2020,4.17,284.37
MYT,Mayotte,2021,4.66,294.421
MYT,Mayotte,2022,4.6613,305.269
MYT,Mayotte,2023,4.6163,316.015
NAM,Namibia,1950,5.6139,514.591
NAM,Namibia,1951,5.6775,520.391
NAM,Namibia,1952,5.7426,526.634
NAM,Namibia,1953,5.8073,533.23
NAM,Namibia,1954,5.87,540.015
NAM,Namibia,1955,5.9346,547.082
NAM,Namibia,1956,5.9968,554.558
NAM,Namibia,1957,6.0598,562.591
NAM,Namibia,1958,6.1322,571.335
NAM,Namibia,1959,6.1856,580.92
NAM,Namibia,1960,6.2431,591.464
NAM,Namibia,1961,6.2933,603.066
NAM,Namibia,1962,6.35,615.759
NAM,Namibia,1963,6.4085,629.589
NAM,Namibia,1964,6.4284,644.53
NAM,Namibia,1965,6.4453,660.558
NAM,Namibia,1966,6.4716,677.656
NAM,Namibia,1967,6.4849,696.045
NAM,Namibia,1968,6.5024,715.542
NAM,Namibia,1969,6.5079,736.12
NAM,Namibia,1970,6.5197,757.868
NAM,Namibia,1971,6.5206,780.584
NAM,Namibia,1972,6.533,804.398
NAM,Namibia,1973,6.5402,828.928
NAM,Namibia,1974,6.5518,854.32
NAM,Namibia,1975,6.5328,881.032
NAM,Namibia,1976,6.4937,906.566
NAM,Namibia,1977,6.4406,931.104
NAM,Namibia,1978,6.384,947.269
NAM,Namibia,1979,6.3137,962.825
NAM,Namibia,1980,6.2378,981.434
NAM,Namibia,1981,6.1589,992.5
NAM,Namibia,1982,6.0781,1010.308
NAM,Namibia,1983,5.9951,1037.511
NAM,Namibia,1984,5.9401,1065.989
NAM,Namibia,1985,5.8766,1096.89
NAM,Namibia,1986,5.7926,1131.081
NAM,Namibia,1987,5.699,1167.889
NAM,Namibia,1988,5.6091,1209.696
NAM,Namibia,1989,5.5172,1288.948
NAM,Namibia,1990,5.3978,1369.302
NAM,Namibia,1991,5.2896,1415.684
NAM,Namibia,1992,5.1066,1461.322
NAM,Namibia,1993,4.9053,1508.698
NAM,Namibia,1994,4.6763,1556.304
NAM,Namibia,1995,4.4173,1602.17
NAM,Namibia,1996,4.2013,1646.103
NAM,Namibia,1997,4.1658,1689.264
NAM,Namibia,1998,4.176,1732.745
NAM,Namibia,1999,4.1384,1776.368
NAM,Namibia,2000,3.9913,1818.647
NAM,Namibia,2001,3.8268,1857.048
NAM,Namibia,2002,3.6927,1889.97
NAM,Namibia,2003,3.5795,1917.464
NAM,Namibia,2004,3.5447,1942.082
NAM,Namibia,2005,3.5711,1966.582
NAM,Namibia,2006,3.6015,1991.888
NAM,Namibia,2007,3.6076,2018.6
NAM,Namibia,2008,3.6162,2047.056
NAM,Namibia,2009,3.633,2077.394
NAM,Namibia,2010,3.6566,2109.81
NAM,Namibia,2011,3.6579,2146.325
NAM,Namibia,2012,3.6762,2194.654
NAM,Namibia,2013,3.6533,2252.508
NAM,Namibia,2014,3.6354,2312.138
NAM,Namibia,2015,3.6041,2374.3
NAM,Namibia,2016,3.574,2439.213
NAM,Namibia,2017,3.5114,2506.853
NAM,Namibia,2018,3.4616,2577.326
NAM,Namibia,2019,3.4037,2650.494
NAM,Namibia,2020,3.3491,2728.762
NAM,Namibia,2021,3.3025,2810.548
NAM,Namibia,2022,3.2475,2889.662
NAM,Namibia,2023,3.2118,2963.095
NCL,New Caledonia,1950,5.1316,63.79
NCL,New Caledonia,1951,5.141,64.728
NCL,New Caledonia,1952,5.1563,65.732
NCL,New Caledonia,1953,5.1727,66.805
NCL,New Caledonia,1954,5.1865,67.946
NCL,New Caledonia,1955,5.2439,69.159
NCL,New Caledonia,1956,5.3005,70.615
NCL,New Caledonia,1957,5.353,72.555
NCL,New Caledonia,1958,5.3829,74.841
NCL,New Caledonia,1959,5.4071,77.26
NCL,New Caledonia,1960,5.4357,79.818
NCL,New Caledonia,1961,5.4649,82.521
NCL,New Caledonia,1962,5.3877,85.334
NCL,New Caledonia,1963,5.3435,88.05
NCL,New Caledonia,1964,5.3684,90.602
NCL,New Caledonia,1965,5.3111,93.159
NCL,New Caledonia,1966,5.2479,95.82
NCL,New Caledonia,1967,5.1497,98.587
NCL,New Caledonia,1968,5.0578,101.44
NCL,New Caledonia,1969,5.0082,104.849
NCL,New Caledonia,1970,5.0696,109.338
NCL,New Caledonia,1971,5.0508,114.514
NCL,New Caledonia,1972,5.0474,119.931
NCL,New Caledonia,1973,4.9322,125.586
NCL,New Caledonia,1974,4.6865,131.452
NCL,New Caledonia,1975,4.4563,137.462
NCL,New Caledonia,1976,4.2309,142.091
NCL,New Caledonia,1977,4.0542,144.599
NCL,New Caledonia,1978,3.8747,146.392
NCL,New Caledonia,1979,3.7487,148.132
NCL,New Caledonia,1980,3.6588,149.817
NCL,New Caledonia,1981,3.5855,151.441
NCL,New Caledonia,1982,3.4842,153.001
NCL,New Caledonia,1983,3.3533,155.003
NCL,New Caledonia,1984,3.164,157.583
NCL,New Caledonia,1985,3.0458,160.234
NCL,New Caledonia,1986,3.0793,162.898
NCL,New Caledonia,1987,3.0809,165.65
NCL,New Caledonia,1988,3.0831,168.502
NCL,New Caledonia,1989,3.0567,172.029
NCL,New Caledonia,1990,3.1001,176.456
NCL,New Caledonia,1991,3.072,181.238
NCL,New Caledonia,1992,2.9484,186.072
NCL,New Caledonia,1993,2.8227,190.857
NCL,New Caledonia,1994,2.715,195.614
NCL,New Caledonia,1995,2.652,200.379
NCL,New Caledonia,1996,2.654,205.034
NCL,New Caledonia,1997,2.6458,209.56
NCL,New Caledonia,1998,2.5474,214.047
NCL,New Caledonia,1999,2.4836,218.527
NCL,New Caledonia,2000,2.5089,223.098
NCL,New Caledonia,2001,2.4217,227.707
NCL,New Caledonia,2002,2.347,232.236
NCL,New Caledonia,2003,2.2676,236.678
NCL,New Caledonia,2004,2.2434,240.852
NCL,New Caledonia,2005,2.2274,244.381
NCL,New Caledonia,2006,2.2405,247.547
NCL,New Caledonia,2007,2.2146,250.725
NCL,New Caledonia,2008,2.204,253.825
NCL,New Caledonia,2009,2.1943,257.25
NCL,New Caledonia,2010,2.1872,261.582
NCL,New Caledonia,2011,2.1998,266.543
NCL,New Caledonia,2012,2.202,271.633
NCL,New Caledonia,2013,2.1666,276.822
NCL,New Caledonia,2014,2.1183,281.224
NCL,New Caledonia,2015,2.0788,283.168
NCL,New Caledonia,2016,2.0784,283.423
NCL,New Caledonia,2017,2.0426,283.546
NCL,New Caledonia,2018,2.041,283.541
NCL,New Caledonia,2019,2.0503,283.606
NCL,New Caledonia,2020,2.0217,284.176
NCL,New Caledonia,2021,2.0121,285.214
NCL,New Caledonia,2022,1.9976,287.123
NCL,New Caledonia,2023,1.9803,289.87
NER,Niger,1950,7.5593,2597.81
NER,Niger,1951,7.5583,2684.754
NER,Niger,1952,7.5602,2771.888
NER,Niger,1953,7.5522,2859.192
NER,Niger,1954,7.5545,2946.884
NER,Niger,1955,7.5512,3035.289
NER,Niger,1956,7.5422,3124.75
NER,Niger,1957,7.5417,3215.84
NER,Niger,1958,7.5423,3309.226
NER,Niger,1959,7.5283,3405.456
NER,Niger,1960,7.5296,3505.05
NER,Niger,1961,7.5118,3608.162
NER,Niger,1962,7.5008,3714.52
NER,Niger,1963,7.4887,3823.873
NER,Niger,1964,7.4797,3935.814
NER,Niger,1965,7.4659,4049.695
NER,Niger,1966,7.4813,4165.544
NER,Niger,1967,7.4898,4283.59
NER,Niger,1968,7.4966,4403.637
NER,Niger,1969,7.5056,4525.725
NER,Niger,1970,7.5142,4650.275
NER,Niger,1971,7.5176,4776.225
NER,Niger,1972,7.5233,4904.845
NER,Niger,1973,7.5289,5037.866
NER,Niger,1974,7.5394,5174.953
NER,Niger,1975,7.539,5317.019
NER,Niger,1976,7.5634,5464.962
NER,Niger,1977,7.5953,5619.716
NER,Niger,1978,7.6619,5782.932
NER,Niger,1979,7.7221,5955.556
NER,Niger,1980,7.7825,6135.971
NER,Niger,1981,7.8219,6322.006
NER,Niger,1982,7.8616,6512.732
NER,Niger,1983,7.9025,6708.644
NER,Niger,1984,7.9207,6909.971
NER,Niger,1985,7.9317,7118.457
NER,Niger,1986,7.9035,7335.811
NER,Niger,1987,7.8709,7561.15
NER,Niger,1988,7.8405,7793.748
NER,Niger,1989,7.8184,8034.78
NER,Niger,1990,7.8064,8286.06
NER,Niger,1991,7.7977,8546.9
NER,Niger,1992,7.7948,8817.634
NER,Niger,1993,7.7901,9100.789
NER,Niger,1994,7.786,9398.258
NER,Niger,1995,7.7757,9714.528
NER,Niger,1996,7.7804,10044.852
NER,Niger,1997,7.8022,10383.97
NER,Niger,1998,7.8399,10741.412
NER,Niger,1999,7.84,11117.411
NER,Niger,2000,7.8286,11509.63
NER,Niger,2001,7.8102,11920.647
NER,Niger,2002,7.7967,12349.144
NER,Niger,2003,7.7894,12796.984
NER,Niger,2004,7.777,13265.836
NER,Niger,2005,7.7687,13756.192
NER,Niger,2006,7.7444,14268.581
NER,Niger,2007,7.7258,14803.61
NER,Niger,2008,7.7023,15361.914
NER,Niger,2009,7.6787,15943.676
NER,Niger,2010,7.64,16548.835
NER,Niger,2011,7.5922,17176.283
NER,Niger,2012,7.5267,17836.769
NER,Niger,2013,7.4449,18519.898
NER,Niger,2014,7.3424,19215.909
NER,Niger,2015,7.2145,19939.498
NER,Niger,2016,7.0426,20685.753
NER,Niger,2017,6.8741,21435.446
NER,Niger,2018,6.7055,22188.069
NER,Niger,2019,6.537,22947.757
NER,Niger,2020,6.3685,23717.613
NER,Niger,2021,6.2,24502.14
NER,Niger,2022,6.1354,25311.973
NER,Niger,2023,6.0615,26159.867
NGA,Nigeria,1950,6.4191,37283.01
NGA,Nigeria,1951,6.4148,37994.077
NGA,Nigeria,1952,6.3911,38716.202
NGA,Nigeria,1953,6.396,39439.82
NGA,Nigeria,1954,6.3962,40176.324
NGA,Nigeria,1955,6.402,40935.634
NGA,Nigeria,1956,6.409,41716.055
NGA,Nigeria,1957,6.4039,42517.476
NGA,Nigeria,1958,6.3861,43324.646
NGA,Nigeria,1959,6.3747,44161.681
NGA,Nigeria,1960,6.3636,45053.782
NGA,Nigeria,1961,6.3529,45989.31
NGA,Nigeria,1962,6.356,46965.292
NGA,Nigeria,1963,6.3491,47973.575
NGA,Nigeria,1964,6.362,49012.016
NGA,Nigeria,1965,6.3673,50086.764
NGA,Nigeria,1966,6.3855,51188.234
NGA,Nigeria,1967,6.4006,52293.064
NGA,Nigeria,1968,6.4195,53432.783
NGA,Nigeria,1969,6.4378,54631.914
NGA,Nigeria,1970,6.4664,55893.838
NGA,Nigeria,1971,6.5316,57214.684
NGA,Nigeria,1972,6.5791,58601.748
NGA,Nigeria,1973,6.633,60082.139
NGA,Nigeria,1974,6.7034,61679.144
NGA,Nigeria,1975,6.7727,63410.815
NGA,Nigeria,1976,6.8063,65258.009
NGA,Nigeria,1977,6.8621,67234.59
NGA,Nigeria,1978,6.921,69326.532
NGA,Nigeria,1979,6.8871,71498.242
NGA,Nigeria,1980,6.8473,73764.641
NGA,Nigeria,1981,6.8198,76068.103
NGA,Nigeria,1982,6.7985,78378.701
NGA,Nigeria,1983,6.7747,80438.26
NGA,Nigeria,1984,6.7011,82526.443
NGA,Nigeria,1985,6.6164,84897.973
NGA,Nigeria,1986,6.5573,87235.953
NGA,Nigeria,1987,6.5037,89591.716
NGA,Nigeria,1988,6.4979,92020.09
NGA,Nigeria,1989,6.4935,94531.014
NGA,Nigeria,1990,6.4588,97120.925
NGA,Nigeria,1991,6.4257,99720.162
NGA,Nigeria,1992,6.3906,102372.77
NGA,Nigeria,1993,6.3539,105122.069
NGA,Nigeria,1994,6.3193,107935.714
NGA,Nigeria,1995,6.2734,110819.428
NGA,Nigeria,1996,6.2172,113754.778
NGA,Nigeria,1997,6.1382,116754.792
NGA,Nigeria,1998,6.0695,119846.254
NGA,Nigeria,1999,6.0819,123047.32
NGA,Nigeria,2000,6.1244,126382.494
NGA,Nigeria,2001,6.1278,129862.595
NGA,Nigeria,2002,6.1163,133471.988
NGA,Nigeria,2003,6.1,137202.644
NGA,Nigeria,2004,6.0895,141057.045
NGA,Nigeria,2005,6.0627,145017.254
NGA,Nigeria,2006,6.053,149077.334
NGA,Nigeria,2007,6.0272,153267.261
NGA,Nigeria,2008,6.0245,157595.014
NGA,Nigeria,2009,5.9926,162049.464
NGA,Nigeria,2010,5.9485,166642.886
NGA,Nigeria,2011,5.8932,171379.598
NGA,Nigeria,2012,5.7974,176200.624
NGA,Nigeria,2013,5.6939,181049.443
NGA,Nigeria,2014,5.6219,185896.915
NGA,Nigeria,2015,5.5032,190671.878
NGA,Nigeria,2016,5.3425,195443.7
NGA,Nigeria,2017,5.1819,200254.578
NGA,Nigeria,2018,5.0213,204938.755
NGA,Nigeria,2019,4.8606,209485.641
NGA,Nigeria,2020,4.7,213996.181
NGA,Nigeria,2021,4.6362,218529.286
NGA,Nigeria,2022,4.5525,223150.896
NGA,Nigeria,2023,4.4817,227882.945
NIC,Nicaragua,1950,7.1205,1331.439
NIC,Nicaragua,1951,7.1184,1369.65
NIC,Nicaragua,1952,7.0962,1409.021
NIC,Nicaragua,1953,7.0963,1449.9
NIC,Nicaragua,1954,7.1053,1492.256
NIC,Nicaragua,1955,7.1233,1536.246
NIC,Nicaragua,1956,7.1394,1581.973
NIC,Nicaragua,1957,7.1522,1629.465
NIC,Nicaragua,1958,7.1595,1678.739
NIC,Nicaragua,1959,7.1632,1729.787
NIC,Nicaragua,1960,7.1586,1782.37
NIC,Nicaragua,1961,7.1122,1836.451
NIC,Nicaragua,1962,7.1005,1892.32
NIC,Nicaragua,1963,7.0811,1950.159
NIC,Nicaragua,1964,7.0641,2010.176
NIC,Nicaragua,1965,7.033,2072.681
NIC,Nicaragua,1966,6.9903,2137.82
NIC,Nicaragua,1967,6.9404,2205.567
NIC,Nicaragua,1968,6.8846,2275.836
NIC,Nicaragua,1969,6.8246,2348.398
NIC,Nicaragua,1970,6.7726,2423.065
NIC,Nicaragua,1971,6.7139,2499.826
NIC,Nicaragua,1972,6.6526,2573.578
NIC,Nicaragua,1973,6.5859,2649.278
NIC,Nicaragua,1974,6.5208,2732.075
NIC,Nicaragua,1975,6.4454,2816.943
NIC,Nicaragua,1976,6.3661,2903.851
NIC,Nicaragua,1977,6.2795,2992.534
NIC,Nicaragua,1978,6.1639,3080.314
NIC,Nicaragua,1979,6.0692,3164.525
NIC,Nicaragua,1980,5.9591,3252.403
NIC,Nicaragua,1981,5.8403,3345.674
NIC,Nicaragua,1982,5.7372,3438.745
NIC,Nicaragua,1983,5.611,3530.282
NIC,Nicaragua,1984,5.4876,3619.104
NIC,Nicaragua,1985,5.3592,3706.479
NIC,Nicaragua,1986,5.2166,3794.156
NIC,Nicaragua,1987,5.0728,3882.164
NIC,Nicaragua,1988,4.9315,3972.32
NIC,Nicaragua,1989,4.7622,4066.476
NIC,Nicaragua,1990,4.5963,4162.559
NIC,Nicaragua,1991,4.432,4259.637
NIC,Nicaragua,1992,4.2674,4357.026
NIC,Nicaragua,1993,4.1018,4453.732
NIC,Nicaragua,1994,3.9369,4549.316
NIC,Nicaragua,1995,3.7752,4642.931
NIC,Nicaragua,1996,3.6197,4729.974
NIC,Nicaragua,1997,3.4734,4809.573
NIC,Nicaragua,1998,3.3388,4883.656
NIC,Nicaragua,1999,3.2176,4954.018
NIC,Nicaragua,2000,3.1196,5022.634
NIC,Nicaragua,2001,2.9957,5087.825
NIC,Nicaragua,2002,2.8873,5149.91
NIC,Nicaragua,2003,2.8274,5210.964
NIC,Nicaragua,2004,2.7837,5272.912
NIC,Nicaragua,2005,2.7646,5342.106
NIC,Nicaragua,2006,2.7329,5418.856
NIC,Nicaragua,2007,2.6973,5497.243
NIC,Nicaragua,2008,2.66,5576.593
NIC,Nicaragua,2009,2.6256,5656.601
NIC,Nicaragua,2010,2.596,5737.45
NIC,Nicaragua,2011,2.5578,5819.051
NIC,Nicaragua,2012,2.5271,5901.286
NIC,Nicaragua,2013,2.4916,5983.844
NIC,Nicaragua,2014,2.4632,6066.492
NIC,Nicaragua,2015,2.4344,6149.417
NIC,Nicaragua,2016,2.4069,6232.666
NIC,Nicaragua,2017,2.3781,6316.232
NIC,Nicaragua,2018,2.3474,6400.08
NIC,Nicaragua,2019,2.3211,6483.657
NIC,Nicaragua,2020,2.2989,6565.267
NIC,Nicaragua,2021,2.2651,6644.741
NIC,Nicaragua,2022,2.2397,6730.654
NIC,Nicaragua,2023,2.218,6823.613
NIU,Niue,1950,6.3236,4.497
NIU,Niue,1951,6.4144,4.542
NIU,Niue,1952,6.4927,4.558
NIU,Niue,1953,6.5721,4.577
NIU,Niue,1954,6.6551,4.594
NIU,Niue,1955,6.7654,4.628
NIU,Niue,1956,6.8776,4.67
NIU,Niue,1957,6.9602,4.717
NIU,Niue,1958,6.9536,4.764
NIU,Niue,1959,6.9621,4.806
NIU,Niue,1960,6.9545,4.826
NIU,Niue,1961,6.9416,4.85
NIU,Niue,1962,6.9204,4.926
NIU,Niue,1963,6.8992,5.03
NIU,Niue,1964,6.8648,5.126
NIU,Niue,1965,6.82,5.201
NIU,Niue,1966,6.7587,5.238
NIU,Niue,1967,6.6868,5.238
NIU,Niue,1968,6.5971,5.211
NIU,Niue,1969,6.473,5.162
NIU,Niue,1970,6.2357,5.109
NIU,Niue,1971,5.9693,5.038
NIU,Niue,1972,5.7086,4.894
NIU,Niue,1973,5.4706,4.693
NIU,Niue,1974,5.275,4.472
NIU,Niue,1975,5.0875,4.229
NIU,Niue,1976,4.9289,3.995
NIU,Niue,1977,4.8099,3.846
NIU,Niue,1978,4.7173,3.757
NIU,Niue,1979,4.6797,3.652
NIU,Niue,1980,4.7038,3.533
NIU,Niue,1981,4.7148,3.394
NIU,Niue,1982,4.6971,3.251
NIU,Niue,1983,4.6549,3.108
NIU,Niue,1984,4.5759,2.949
NIU,Niue,1985,4.4768,2.783
NIU,Niue,1986,4.3666,2.634
NIU,Niue,1987,4.2757,2.559
NIU,Niue,1988,4.2014,2.538
NIU,Niue,1989,4.1255,2.513
NIU,Niue,1990,4.0242,2.483
NIU,Niue,1991,3.8706,2.451
NIU,Niue,1992,3.728,2.414
NIU,Niue,1993,3.5953,2.376
NIU,Niue,1994,3.4616,2.34
NIU,Niue,1995,3.35,2.303
NIU,Niue,1996,3.2379,2.265
NIU,Niue,1997,3.1472,2.223
NIU,Niue,1998,3.0541,2.17
NIU,Niue,1999,2.9708,2.11
NIU,Niue,2000,2.9025,2.047
NIU,Niue,2001,2.8656,1.988
NIU,Niue,2002,2.8591,1.942
NIU,Niue,2003,2.8851,1.908
NIU,Niue,2004,2.9185,1.869
NIU,Niue,2005,2.9643,1.827
NIU,Niue,2006,2.9964,1.798
NIU,Niue,2007,3.0073,1.784
NIU,Niue,2008,3.0127,1.78
NIU,Niue,2009,3.04,1.777
NIU,Niue,2010,3.0452,1.768
NIU,Niue,2011,3.0319,1.756
NIU,Niue,2012,3.0109,1.757
NIU,Niue,2013,2.9715,1.762
NIU,Niue,2014,2.9336,1.769
NIU,Niue,2015,2.879,1.779
NIU,Niue,2016,2.8254,1.782
NIU,Niue,2017,2.765,1.78
NIU,Niue,2018,2.698,1.786
NIU,Niue,2019,2.6289,1.793
NIU,Niue,2020,2.5964,1.798
NIU,Niue,2021,2.5612,1.813
NIU,Niue,2022,2.5434,1.821
NIU,Niue,2023,2.5137,1.817
NLD,Netherlands,1950,3.1042,10113.758
NLD,Netherlands,1951,3.0637,10264.537
NLD,Netherlands,1952,3.0939,10382.295
NLD,Netherlands,1953,3.0373,10493.53
NLD,Netherlands,1954,3.0273,10615.735
NLD,Netherlands,1955,3.0323,10751.23
NLD,Netherlands,1956,3.0517,10889.769
NLD,Netherlands,1957,3.0742,11026.878
NLD,Netherlands,1958,3.103,11187.358
NLD,Netherlands,1959,3.1584,11348.103
NLD,Netherlands,1960,3.1179,11486.911
NLD,Netherlands,1961,3.2068,11639.365
NLD,Netherlands,1962,3.17,11807.551
NLD,Netherlands,1963,3.183,11969.156
NLD,Netherlands,1964,3.1533,12131.884
NLD,Netherlands,1965,3.0304,12301.125
NLD,Netherlands,1966,2.8955,12464.288
NLD,Netherlands,1967,2.7992,12607.834
NLD,Netherlands,1968,2.707,12740.846
NLD,Netherlands,1969,2.7374,12890.636
NLD,Netherlands,1970,2.5726,13052.078
NLD,Netherlands,1971,2.3662,13208.354
NLD,Netherlands,1972,2.1523,13342.772
NLD,Netherlands,1973,1.9085,13453.744
NLD,Netherlands,1974,1.7743,13559.67
NLD,Netherlands,1975,1.6657,13680.036
NLD,Netherlands,1976,1.6286,13786.637
NLD,Netherlands,1977,1.5826,13868.604
NLD,Netherlands,1978,1.5816,13953.92
NLD,Netherlands,1979,1.5652,14050.169
NLD,Netherlands,1980,1.5959,14162.686
NLD,Netherlands,1981,1.5576,14262.689
NLD,Netherlands,1982,1.4939,14333.9
NLD,Netherlands,1983,1.4666,14396.901
NLD,Netherlands,1984,1.4882,14462.807
NLD,Netherlands,1985,1.5092,14538.959
NLD,Netherlands,1986,1.5484,14626.494
NLD,Netherlands,1987,1.5564,14724.947
NLD,Netherlands,1988,1.5448,14825.923
NLD,Netherlands,1989,1.5562,14921.111
NLD,Netherlands,1990,1.614,15030.878
NLD,Netherlands,1991,1.6102,15155.09
NLD,Netherlands,1992,1.588,15276.785
NLD,Netherlands,1993,1.5734,15389.72
NLD,Netherlands,1994,1.5691,15485.449
NLD,Netherlands,1995,1.5339,15565.032
NLD,Netherlands,1996,1.5302,15640.027
NLD,Netherlands,1997,1.5636,15723.622
NLD,Netherlands,1998,1.6276,15827.107
NLD,Netherlands,1999,1.6555,15940.184
NLD,Netherlands,2000,1.7211,16058.76
NLD,Netherlands,2001,1.7124,16182.705
NLD,Netherlands,2002,1.7294,16288.051
NLD,Netherlands,2003,1.7416,16366.912
NLD,Netherlands,2004,1.7215,16425.566
NLD,Netherlands,2005,1.7055,16465.71
NLD,Netherlands,2006,1.7146,16493.852
NLD,Netherlands,2007,1.7138,16531.357
NLD,Netherlands,2008,1.7644,16597.258
NLD,Netherlands,2009,1.7834,16684.15
NLD,Netherlands,2010,1.7871,16771.235
NLD,Netherlands,2011,1.7524,16851.057
NLD,Netherlands,2012,1.7158,16915.194
NLD,Netherlands,2013,1.6765,16967.063
NLD,Netherlands,2014,1.7045,17030.089
NLD,Netherlands,2015,1.6567,17107.433
NLD,Netherlands,2016,1.6577,17204.693
NLD,Netherlands,2017,1.6165,17315.37
NLD,Netherlands,2018,1.5845,17421.28
NLD,Netherlands,2019,1.5718,17537.507
NLD,Netherlands,2020,1.5449,17636.731
NLD,Netherlands,2021,1.6242,17730.564
NLD,Netherlands,2022,1.5142,17904.421
NLD,Netherlands,2023,1.43,18092.524
NOR,Norway,1950,2.5228,3265.191
NOR,Norway,1951,2.4695,3295.961
NOR,Norway,1952,2.578,3327.838
NOR,Norway,1953,2.6372,3361.028
NOR,Norway,1954,2.6715,3394.39
NOR,Norway,1955,2.7584,3428.526
NOR,Norway,1956,2.8291,3461.066
NOR,Norway,1957,2.8243,3491.98
NOR,Norway,1958,2.8654,3523.003
NOR,Norway,1959,2.8825,3552.817
NOR,Norway,1960,2.8468,3581.121
NOR,Norway,1961,2.9154,3609.656
NOR,Norway,1962,2.8941,3638.841
NOR,Norway,1963,2.9049,3666.498
NOR,Norway,1964,2.9618,3694.32
NOR,Norway,1965,2.9246,3723.172
NOR,Norway,1966,2.8908,3752.788
NOR,Norway,1967,2.7862,3784.11
NOR,Norway,1968,2.7513,3816.088
NOR,Norway,1969,2.6975,3847.304
NOR,Norway,1970,2.5121,3875.346
NOR,Norway,1971,2.4936,3902.751
NOR,Norway,1972,2.3897,3932.908
NOR,Norway,1973,2.2341,3960.593
NOR,Norway,1974,2.1335,3985.28
NOR,Norway,1975,1.9861,4007.366
NOR,Norway,1976,1.8666,4026.22
NOR,Norway,1977,1.7586,4043.262
NOR,Norway,1978,1.7708,4058.674
NOR,Norway,1979,1.7512,4072.5
NOR,Norway,1980,1.7224,4085.604
NOR,Norway,1981,1.7006,4099.672
NOR,Norway,1982,1.7064,4114.736
NOR,Norway,1983,1.6565,4128.336
NOR,Norway,1984,1.657,4139.972
NOR,Norway,1985,1.6747,4152.4
NOR,Norway,1986,1.7073,4167.252
NOR,Norway,1987,1.7436,4186.824
NOR,Norway,1988,1.8407,4209.47
NOR,Norway,1989,1.8869,4226.913
NOR,Norway,1990,1.9317,4241.44
NOR,Norway,1991,1.9202,4261.623
NOR,Norway,1992,1.8876,4286.26
NOR,Norway,1993,1.8651,4311.862
NOR,Norway,1994,1.8691,4336.467
NOR,Norway,1995,1.8734,4358.992
NOR,Norway,1996,1.8924,4381.134
NOR,Norway,1997,1.8602,4404.986
NOR,Norway,1998,1.8201,4431.313
NOR,Norway,1999,1.8488,4461.787
NOR,Norway,2000,1.8539,4490.867
NOR,Norway,2001,1.7881,4513.657
NOR,Norway,2002,1.7574,4538.014
NOR,Norway,2003,1.7982,4564.669
NOR,Norway,2004,1.828,4591.742
NOR,Norway,2005,1.8355,4623.124
NOR,Norway,2006,1.8987,4660.494
NOR,Norway,2007,1.8971,4709.01
NOR,Norway,2008,1.9507,4768.101
NOR,Norway,2009,1.9743,4828.623
NOR,Norway,2010,1.9409,4889.162
NOR,Norway,2011,1.8763,4952.968
NOR,Norway,2012,1.8469,5018.458
NOR,Norway,2013,1.7785,5080.124
NOR,Norway,2014,1.7541,5137.395
NOR,Norway,2015,1.7284,5189.771
NOR,Norway,2016,1.7046,5235.983
NOR,Norway,2017,1.6236,5276.802
NOR,Norway,2018,1.5661,5311.752
NOR,Norway,2019,1.5333,5347.73
NOR,Norway,2020,1.4818,5379.274
NOR,Norway,2021,1.5595,5408.09
NOR,Norway,2022,1.4147,5456.801
NOR,Norway,2023,1.4048,5519.167
NPL,Nepal,1950,6.0566,8396.603
NPL,Nepal,1951,6.0614,8572.664
NPL,Nepal,1952,6.0569,8747.294
NPL,Nepal,1953,6.0677,8918.222
NPL,Nepal,1954,6.0739,9087.776
NPL,Nepal,1955,6.0664,9257.977
NPL,Nepal,1956,6.0557,9427.891
NPL,Nepal,1957,6.0475,9598.035
NPL,Nepal,1958,6.0452,9766.24
NPL,Nepal,1959,6.0317,9938.912
NPL,Nepal,1960,6.0686,10123.658
NPL,Nepal,1961,6.0928,10318.396
NPL,Nepal,1962,6.0817,10521.116
NPL,Nepal,1963,6.0564,10729.818
NPL,Nepal,1964,6.0427,10946.392
NPL,Nepal,1965,6.0065,11173.411
NPL,Nepal,1966,5.9799,11408.71
NPL,Nepal,1967,5.9539,11652.716
NPL,Nepal,1968,5.9443,11906.266
NPL,Nepal,1969,5.8931,12167.036
NPL,Nepal,1970,5.8688,12436.19
NPL,Nepal,1971,5.8454,12710.061
NPL,Nepal,1972,5.8007,12989.098
NPL,Nepal,1973,5.7006,13275.24
NPL,Nepal,1974,5.7496,13568.435
NPL,Nepal,1975,5.733,13870.695
NPL,Nepal,1976,5.7174,14177.65
NPL,Nepal,1977,5.6879,14499.175
NPL,Nepal,1978,5.6758,14839.696
NPL,Nepal,1979,5.644,15190.59
NPL,Nepal,1980,5.6031,15553.106
NPL,Nepal,1981,5.576,15922.422
NPL,Nepal,1982,5.5492,16297.988
NPL,Nepal,1983,5.536,16689.119
NPL,Nepal,1984,5.5085,17085.242
NPL,Nepal,1985,5.4569,17477.692
NPL,Nepal,1986,5.3999,17868.124
NPL,Nepal,1987,5.3476,18250.505
NPL,Nepal,1988,5.307,18638.661
NPL,Nepal,1989,5.2582,19057.807
NPL,Nepal,1990,5.2106,19524.573
NPL,Nepal,1991,5.1511,20036.5
NPL,Nepal,1992,5.0744,20609.707
NPL,Nepal,1993,5.0416,21180.159
NPL,Nepal,1994,4.964,21717.479
NPL,Nepal,1995,4.869,22245.439
NPL,Nepal,1996,4.6685,22741.862
NPL,Nepal,1997,4.4419,23219.463
NPL,Nepal,1998,4.2751,23680.357
NPL,Nepal,1999,4.1298,24125.199
NPL,Nepal,2000,3.9837,24546.509
NPL,Nepal,2001,3.7931,24946.748
NPL,Nepal,2002,3.604,25328.981
NPL,Nepal,2003,3.4393,25688.758
NPL,Nepal,2004,3.2794,26016.656
NPL,Nepal,2005,3.1153,26309.458
NPL,Nepal,2006,2.9666,26565.425
NPL,Nepal,2007,2.8568,26788.492
NPL,Nepal,2008,2.7365,26990.037
NPL,Nepal,2009,2.6303,27173.035
NPL,Nepal,2010,2.5412,27341.952
NPL,Nepal,2011,2.4623,27464.494
NPL,Nepal,2012,2.4202,27534.915
NPL,Nepal,2013,2.3601,27589.996
NPL,Nepal,2014,2.3191,27672.37
NPL,Nepal,2015,2.2733,27823.629
NPL,Nepal,2016,2.2262,27955.462
NPL,Nepal,2017,2.1729,28011.258
NPL,Nepal,2018,2.12,28079.689
NPL,Nepal,2019,2.0799,28414.064
NPL,Nepal,2020,2.0514,28966.574
NPL,Nepal,2021,2.0251,29475.01
NPL,Nepal,2022,2.0023,29715.436
NPL,Nepal,2023,1.9841,29694.614
NRU,Nauru,1950,4.6007,3.407
NRU,Nauru,1951,4.6388,3.51
NRU,Nauru,1952,4.7049,3.607
NRU,Nauru,1953,4.7899,3.695
NRU,Nauru,1954,4.8815,3.78
NRU,Nauru,1955,4.9557,3.885
NRU,Nauru,1956,5.026,4.021
NRU,Nauru,1957,5.09,4.158
NRU,Nauru,1958,5.17,4.297
NRU,Nauru,1959,5.2733,4.454
NRU,Nauru,1960,5.3369,4.608
NRU,Nauru,1961,5.3761,4.774
NRU,Nauru,1962,5.4234,4.979
NRU,Nauru,1963,5.4409,5.226
NRU,Nauru,1964,5.4726,5.514
NRU,Nauru,1965,5.4765,5.832
NRU,Nauru,1966,5.4122,6.044
NRU,Nauru,1967,5.2939,6.134
NRU,Nauru,1968,5.1393,6.328
NRU,Nauru,1969,4.9421,6.581
NRU,Nauru,1970,4.7395,6.71
NRU,Nauru,1971,4.5411,6.762
NRU,Nauru,1972,4.3548,6.812
NRU,Nauru,1973,4.1924,6.866
NRU,Nauru,1974,4.0674,6.923
NRU,Nauru,1975,3.9722,6.987
NRU,Nauru,1976,3.8992,7.064
NRU,Nauru,1977,3.8577,7.163
NRU,Nauru,1978,3.8427,7.298
NRU,Nauru,1979,3.8472,7.468
NRU,Nauru,1980,3.8781,7.649
NRU,Nauru,1981,3.9347,7.839
NRU,Nauru,1982,3.9926,8.04
NRU,Nauru,1983,4.0562,8.216
NRU,Nauru,1984,4.1075,8.377
NRU,Nauru,1985,4.1444,8.551
NRU,Nauru,1986,4.1485,8.742
NRU,Nauru,1987,4.1426,8.946
NRU,Nauru,1988,4.114,9.165
NRU,Nauru,1989,4.0676,9.39
NRU,Nauru,1990,4.0198,9.622
NRU,Nauru,1991,3.9911,9.85
NRU,Nauru,1992,3.9523,10.021
NRU,Nauru,1993,3.887,10.102
NRU,Nauru,1994,3.8369,10.137
NRU,Nauru,1995,3.808,10.165
NRU,Nauru,1996,3.7746,10.183
NRU,Nauru,1997,3.7377,10.197
NRU,Nauru,1998,3.6827,10.198
NRU,Nauru,1999,3.6358,10.187
NRU,Nauru,2000,3.5426,10.168
NRU,Nauru,2001,3.4609,10.13
NRU,Nauru,2002,3.4002,10.082
NRU,Nauru,2003,3.3884,10.059
NRU,Nauru,2004,3.3783,10.06
NRU,Nauru,2005,3.3765,10.049
NRU,Nauru,2006,3.3996,10.034
NRU,Nauru,2007,3.5038,10.02
NRU,Nauru,2008,3.6647,10.009
NRU,Nauru,2009,3.8473,10.016
NRU,Nauru,2010,4.0194,10.043
NRU,Nauru,2011,4.1171,10.098
NRU,Nauru,2012,4.1149,10.267
NRU,Nauru,2013,4.0978,10.517
NRU,Nauru,2014,4.0847,10.742
NRU,Nauru,2015,4.0753,10.954
NRU,Nauru,2016,4.0272,11.15
NRU,Nauru,2017,3.8792,11.324
NRU,Nauru,2018,3.6832,11.477
NRU,Nauru,2019,3.5311,11.587
NRU,Nauru,2020,3.4664,11.643
NRU,Nauru,2021,3.4251,11.709
NRU,Nauru,2022,3.3791,11.801
NRU,Nauru,2023,3.3312,11.875
NZL,New Zealand,1950,3.5518,1911.263
NZL,New Zealand,1951,3.6021,1951.206
NZL,New Zealand,1952,3.6681,1997.747
NZL,New Zealand,1953,3.6547,2047.751
NZL,New Zealand,1954,3.7781,2095.141
NZL,New Zealand,1955,3.8803,2139.672
NZL,New Zealand,1956,3.9794,2184.843
NZL,New Zealand,1957,4.0312,2233.688
NZL,New Zealand,1958,4.1096,2284.994
NZL,New Zealand,1959,4.1794,2333.482
NZL,New Zealand,1960,4.241,2379.48
NZL,New Zealand,1961,4.3062,2429.747
NZL,New Zealand,1962,4.1591,2484.405
NZL,New Zealand,1963,4.0461,2538.115
NZL,New Zealand,1964,3.7757,2588.77
NZL,New Zealand,1965,3.537,2636.494
NZL,New Zealand,1966,3.4204,2682.582
NZL,New Zealand,1967,3.3501,2723.42
NZL,New Zealand,1968,3.3354,2754.526
NZL,New Zealand,1969,3.2728,2784.4
NZL,New Zealand,1970,3.1684,2822.177
NZL,New Zealand,1971,3.18,2867.165
NZL,New Zealand,1972,2.9978,2919.258
NZL,New Zealand,1973,2.738,2978.988
NZL,New Zealand,1974,2.5736,3041.231
NZL,New Zealand,1975,2.3566,3094.032
NZL,New Zealand,1976,2.2699,3126.633
NZL,New Zealand,1977,2.2132,3140.133
NZL,New Zealand,1978,2.0767,3142.244
NZL,New Zealand,1979,2.1133,3141.6
NZL,New Zealand,1980,2.032,3146.327
NZL,New Zealand,1981,2.011,3159.84
NZL,New Zealand,1982,1.9467,3185.123
NZL,New Zealand,1983,1.9205,3219.278
NZL,New Zealand,1984,1.9281,3249.828
NZL,New Zealand,1985,1.9296,3268.028
NZL,New Zealand,1986,1.9602,3281.508
NZL,New Zealand,1987,2.0293,3299.443
NZL,New Zealand,1988,2.0983,3316.026
NZL,New Zealand,1989,2.121,3333.826
NZL,New Zealand,1990,2.167,3396.979
NZL,New Zealand,1991,2.0919,3480.925
NZL,New Zealand,1992,2.0598,3532.244
NZL,New Zealand,1993,2.0376,3573.61
NZL,New Zealand,1994,1.9817,3621.03
NZL,New Zealand,1995,1.9786,3674.428
NZL,New Zealand,1996,1.9608,3729.378
NZL,New Zealand,1997,1.9558,3776.95
NZL,New Zealand,1998,1.8953,3811.371
NZL,New Zealand,1999,1.9661,3835.555
NZL,New Zealand,2000,1.9773,3857.574
NZL,New Zealand,2001,1.964,3891.762
NZL,New Zealand,2002,1.8916,3951.118
NZL,New Zealand,2003,1.929,4022.586
NZL,New Zealand,2004,1.976,4083.91
NZL,New Zealand,2005,1.961,4135.007
NZL,New Zealand,2006,2.0095,4181.94
NZL,New Zealand,2007,2.1685,4223.266
NZL,New Zealand,2008,2.1875,4261.824
NZL,New Zealand,2009,2.1329,4304.304
NZL,New Zealand,2010,2.1654,4347.77
NZL,New Zealand,2011,2.0957,4382.7
NZL,New Zealand,2012,2.0871,4411.676
NZL,New Zealand,2013,2.0039,4453.851
NZL,New Zealand,2014,1.9247,4522.983
NZL,New Zealand,2015,1.9819,4614.029
NZL,New Zealand,2016,1.8758,4714.77
NZL,New Zealand,2017,1.8106,4812.752
NZL,New Zealand,2018,1.7189,4900.847
NZL,New Zealand,2019,1.7174,4989.402
NZL,New Zealand,2020,1.6297,5069.895
NZL,New Zealand,2021,1.6466,5107.696
NZL,New Zealand,2022,1.6654,5131.734
NZL,New Zealand,2023,1.6671,5172.836
OMN,Oman,1950,7.2612,456.988
OMN,Oman,1951,7.2526,462.757
OMN,Oman,1952,7.2549,468.82
OMN,Oman,1953,7.2509,475.164
OMN,Oman,1954,7.2475,481.817
OMN,Oman,1955,7.2334,488.801
OMN,Oman,1956,7.226,496.169
OMN,Oman,1957,7.2279,503.978
OMN,Oman,1958,7.2456,512.334
OMN,Oman,1959,7.2531,521.316
OMN,Oman,1960,7.2775,530.484
OMN,Oman,1961,7.2866,539.854
OMN,Oman,1962,7.3182,549.941
OMN,Oman,1963,7.334,560.827
OMN,Oman,1964,7.37,572.578
OMN,Oman,1965,7.3911,585.236
OMN,Oman,1966,7.4123,598.804
OMN,Oman,1967,7.4366,613.318
OMN,Oman,1968,7.4621,628.798
OMN,Oman,1969,7.4888,645.255
OMN,Oman,1970,7.5233,662.68
OMN,Oman,1971,7.5581,681.118
OMN,Oman,1972,7.5876,700.593
OMN,Oman,1973,7.6254,721.18
OMN,Oman,1974,7.6718,746.988
OMN,Oman,1975,7.7111,778.864
OMN,Oman,1976,7.7435,814.7
OMN,Oman,1977,7.7813,855.314
OMN,Oman,1978,7.8181,900.304
OMN,Oman,1979,7.8497,949.116
OMN,Oman,1980,7.887,1001.248
OMN,Oman,1981,7.904,1057.32
OMN,Oman,1982,7.8369,1117.678
OMN,Oman,1983,7.7482,1181.459
OMN,Oman,1984,7.6424,1247.716
OMN,Oman,1985,7.5123,1325.48
OMN,Oman,1986,7.3521,1413.419
OMN,Oman,1987,7.1754,1500.996
OMN,Oman,1988,6.953,1588.568
OMN,Oman,1989,6.7166,1676.228
OMN,Oman,1990,6.4558,1763.954
OMN,Oman,1991,6.1967,1851.473
OMN,Oman,1992,5.9193,1938.238
OMN,Oman,1993,5.6383,2021.675
OMN,Oman,1994,5.3594,2081.834
OMN,Oman,1995,5.067,2120.528
OMN,Oman,1996,4.7905,2156.926
OMN,Oman,1997,4.5241,2190.72
OMN,Oman,1998,4.2745,2222.489
OMN,Oman,1999,4.0641,2252.908
OMN,Oman,2000,3.8523,2282.132
OMN,Oman,2001,3.6624,2310.217
OMN,Oman,2002,3.5096,2337.14
OMN,Oman,2003,3.3709,2363.796
OMN,Oman,2004,3.1999,2404.821
OMN,Oman,2005,3.029,2459.802
OMN,Oman,2006,2.8791,2514.795
OMN,Oman,2007,2.7608,2570.174
OMN,Oman,2008,2.7619,2626.529
OMN,Oman,2009,2.8292,2684.659
OMN,Oman,2010,2.9734,2757.446
OMN,Oman,2011,2.9549,3076.763
OMN,Oman,2012,2.9282,3547.106
OMN,Oman,2013,2.9542,3833.913
OMN,Oman,2014,2.9696,4002.439
OMN,Oman,2015,2.9652,4184.895
OMN,Oman,2016,2.9487,4390.877
OMN,Oman,2017,2.9234,4537.396
OMN,Oman,2018,2.8101,4597.877
OMN,Oman,2019,2.6962,4591.241
OMN,Oman,2020,2.6379,4522.496
OMN,Oman,2021,2.5879,4500.424
OMN,Oman,2022,2.4485,4730.226
OMN,Oman,2023,2.5251,5049.269
PAK,Pakistan,1950,6.8,35849.26
PAK,Pakistan,1951,6.8,36581.898
PAK,Pakistan,1952,6.8,37376.999
PAK,Pakistan,1953,6.8,38229.654
PAK,Pakistan,1954,6.8,39137.06
PAK,Pakistan,1955,6.8,40098.069
PAK,Pakistan,1956,6.8,41113.929
PAK,Pakistan,1957,6.8,42185.136
PAK,Pakistan,1958,6.8,43312.056
PAK,Pakistan,1959,6.8,44495.162
PAK,Pakistan,1960,6.8,45709.31
PAK,Pakistan,1961,6.8,46921.277
PAK,Pakistan,1962,6.8,48156.128
PAK,Pakistan,1963,6.8,49447.776
PAK,Pakistan,1964,6.8,50799.999
PAK,Pakistan,1965,6.8,52209.01
PAK,Pakistan,1966,6.8,53678.667
PAK,Pakistan,1967,6.8,55214.768
PAK,Pakistan,1968,6.8,56810.508
PAK,Pakistan,1969,6.8,58460.939
PAK,Pakistan,1970,6.8005,60166.72
PAK,Pakistan,1971,6.8022,61847.9
PAK,Pakistan,1972,6.805,63583.194
PAK,Pakistan,1973,6.8083,65461.912
PAK,Pakistan,1974,6.8113,67415.487
PAK,Pakistan,1975,6.8119,69461.175
PAK,Pakistan,1976,6.8083,71620.254
PAK,Pakistan,1977,6.7989,73901.828
PAK,Pakistan,1978,6.7831,76307.379
PAK,Pakistan,1979,6.761,78997.04
PAK,Pakistan,1980,6.7339,82291.01
PAK,Pakistan,1981,6.7042,85802.049
PAK,Pakistan,1982,6.674,89089.246
PAK,Pakistan,1983,6.6443,92227.711
PAK,Pakistan,1984,6.615,95164.936
PAK,Pakistan,1985,6.5854,98229.286
PAK,Pakistan,1986,6.5539,101606.764
PAK,Pakistan,1987,6.5181,105130.717
PAK,Pakistan,1988,6.4756,108724.739
PAK,Pakistan,1989,6.4247,112336.629
PAK,Pakistan,1990,6.3637,116155.576
PAK,Pakistan,1991,6.291,120060.406
PAK,Pakistan,1992,6.207,123546.848
PAK,Pakistan,1993,6.1124,127020.117
PAK,Pakistan,1994,6.0079,130748.083
PAK,Pakistan,1995,5.894,134582.253
PAK,Pakistan,1996,5.7714,138557.092
PAK,Pakistan,1997,5.6419,142531.804
PAK,Pakistan,1998,5.5066,146522.356
PAK,Pakistan,1999,5.4621,150565.377
PAK,Pakistan,2000,5.3519,154879.127
PAK,Pakistan,2001,5.1825,159270.907
PAK,Pakistan,2002,5.0123,163222.55
PAK,Pakistan,2003,4.8942,167110.248
PAK,Pakistan,2004,4.6851,171286
PAK,Pakistan,2005,4.5947,175453.212
PAK,Pakistan,2006,4.5891,179682.69
PAK,Pakistan,2007,4.554,184493.23
PAK,Pakistan,2008,4.5154,189499.113
PAK,Pakistan,2009,4.4654,194376.534
PAK,Pakistan,2010,4.398,199239.047
PAK,Pakistan,2011,4.3051,203746.064
PAK,Pakistan,2012,4.204,207667.124
PAK,Pakistan,2013,4.1248,211073.978
PAK,Pakistan,2014,4.0552,214264.646
PAK,Pakistan,2015,3.9877,217290.882
PAK,Pakistan,2016,3.902,220138.869
PAK,Pakistan,2017,3.9,223273.968
PAK,Pakistan,2018,3.855,226928.892
PAK,Pakistan,2019,3.81,230800.899
PAK,Pakistan,2020,3.765,235001.746
PAK,Pakistan,2021,3.72,239477.801
PAK,Pakistan,2022,3.6617,243700.667
PAK,Pakistan,2023,3.6052,247504.495
PAN,Panama,1950,5.5681,860.85
PAN,Panama,1951,5.6154,882
PAN,Panama,1952,5.6671,904.45
PAN,Panama,1953,5.7178,928.196
PAN,Panama,1954,5.7249,953.086
PAN,Panama,1955,5.7341,978.962
PAN,Panama,1956,5.7447,1005.871
PAN,Panama,1957,5.7569,1033.908
PAN,Panama,1958,5.7634,1063.162
PAN,Panama,1959,5.7939,1093.801
PAN,Panama,1960,5.8291,1126.004
PAN,Panama,1961,5.8655,1159.87
PAN,Panama,1962,5.8719,1195.301
PAN,Panama,1963,5.8655,1232.124
PAN,Panama,1964,5.8076,1270.065
PAN,Panama,1965,5.7276,1308.835
PAN,Panama,1966,5.6491,1348.388
PAN,Panama,1967,5.5342,1388.628
PAN,Panama,1968,5.4113,1429.447
PAN,Panama,1969,5.2875,1470.886
PAN,Panama,1970,5.1752,1513.07
PAN,Panama,1971,5.0536,1556.081
PAN,Panama,1972,4.9076,1599.723
PAN,Panama,1973,4.7411,1643.69
PAN,Panama,1974,4.5762,1687.926
PAN,Panama,1975,4.4145,1732.389
PAN,Panama,1976,4.264,1776.935
PAN,Panama,1977,4.1176,1821.543
PAN,Panama,1978,3.9839,1866.311
PAN,Panama,1979,3.8842,1911.552
PAN,Panama,1980,3.7962,1957.534
PAN,Panama,1981,3.7226,2004.418
PAN,Panama,1982,3.6587,2052.271
PAN,Panama,1983,3.6006,2101.106
PAN,Panama,1984,3.5193,2150.782
PAN,Panama,1985,3.4273,2200.915
PAN,Panama,1986,3.3389,2251.325
PAN,Panama,1987,3.2509,2301.97
PAN,Panama,1988,3.1729,2352.848
PAN,Panama,1989,3.1206,2403.82
PAN,Panama,1990,3.072,2455.583
PAN,Panama,1991,2.9993,2508.266
PAN,Panama,1992,2.9499,2561.336
PAN,Panama,1993,2.9095,2615.098
PAN,Panama,1994,2.8773,2669.546
PAN,Panama,1995,2.8517,2724.557
PAN,Panama,1996,2.8302,2780.227
PAN,Panama,1997,2.8101,2836.695
PAN,Panama,1998,2.7895,2893.914
PAN,Panama,1999,2.7673,2951.822
PAN,Panama,2000,2.7439,3010.368
PAN,Panama,2001,2.7202,3069.537
PAN,Panama,2002,2.6981,3129.344
PAN,Panama,2003,2.6791,3189.807
PAN,Panama,2004,2.68,3251.154
PAN,Panama,2005,2.6431,3313.026
PAN,Panama,2006,2.6201,3375.024
PAN,Panama,2007,2.6121,3437.49
PAN,Panama,2008,2.6085,3500.648
PAN,Panama,2009,2.5929,3564.381
PAN,Panama,2010,2.5866,3628.535
PAN,Panama,2011,2.6039,3693.504
PAN,Panama,2012,2.5909,3759.256
PAN,Panama,2013,2.569,3825.329
PAN,Panama,2014,2.5518,3892.1
PAN,Panama,2015,2.5303,3960.035
PAN,Panama,2016,2.5022,4029.086
PAN,Panama,2017,2.4619,4098.707
PAN,Panama,2018,2.4017,4167.86
PAN,Panama,2019,2.2882,4234.7
PAN,Panama,2020,2.1841,4293.261
PAN,Panama,2021,2.1518,4345.405
PAN,Panama,2022,2.1393,4400.773
PAN,Panama,2023,2.1192,4458.759
PER,Peru,1950,6.9389,7677.414
PER,Peru,1951,6.9422,7893.62
PER,Peru,1952,6.9482,8116.663
PER,Peru,1953,6.9533,8344.899
PER,Peru,1954,6.9573,8579.31
PER,Peru,1955,6.9603,8822.013
PER,Peru,1956,6.9619,9073.474
PER,Peru,1957,6.9618,9333.872
PER,Peru,1958,6.9592,9603.646
PER,Peru,1959,6.9529,9883.654
PER,Peru,1960,6.9413,10174.127
PER,Peru,1961,6.9227,10475.124
PER,Peru,1962,6.8954,10784.612
PER,Peru,1963,6.858,11102.098
PER,Peru,1964,6.8097,11427.978
PER,Peru,1965,6.7502,11761.086
PER,Peru,1966,6.68,12101.297
PER,Peru,1967,6.6003,12448.814
PER,Peru,1968,6.5128,12803.992
PER,Peru,1969,6.418,13166.768
PER,Peru,1970,6.3161,13501.237
PER,Peru,1971,6.207,13838.068
PER,Peru,1972,6.0908,14210.146
PER,Peru,1973,5.9682,14582.867
PER,Peru,1974,5.8407,14956.552
PER,Peru,1975,5.7095,15333.957
PER,Peru,1976,5.5755,15716.809
PER,Peru,1977,5.4401,16109.806
PER,Peru,1978,5.3047,16516.059
PER,Peru,1979,5.1709,16933.139
PER,Peru,1980,5.0406,17360.949
PER,Peru,1981,4.9153,17798.805
PER,Peru,1982,4.7951,18246.503
PER,Peru,1983,4.6796,18705.957
PER,Peru,1984,4.5684,19174.716
PER,Peru,1985,4.4603,19648.204
PER,Peru,1986,4.3536,20117.122
PER,Peru,1987,4.2465,20582.32
PER,Peru,1988,4.1377,21054.702
PER,Peru,1989,4.0264,21532.589
PER,Peru,1990,3.9119,22014.771
PER,Peru,1991,3.7937,22483.775
PER,Peru,1992,3.673,22946.34
PER,Peru,1993,3.5518,23413.783
PER,Peru,1994,3.4318,23881.493
PER,Peru,1995,3.315,24348.919
PER,Peru,1996,3.2033,24811.171
PER,Peru,1997,3.0985,25274.147
PER,Peru,1998,3.0025,25738.095
PER,Peru,1999,2.917,26186.504
PER,Peru,2000,2.8451,26598.331
PER,Peru,2001,2.744,26964.601
PER,Peru,2002,2.6932,27288.217
PER,Peru,2003,2.6615,27580.49
PER,Peru,2004,2.6735,27852.19
PER,Peru,2005,2.6433,28101.18
PER,Peru,2006,2.6189,28324.491
PER,Peru,2007,2.5834,28530.699
PER,Peru,2008,2.5282,28719.041
PER,Peru,2009,2.4797,28896.811
PER,Peru,2010,2.4207,29086.019
PER,Peru,2011,2.4128,29304.086
PER,Peru,2012,2.3558,29550.366
PER,Peru,2013,2.3171,29817.919
PER,Peru,2014,2.2714,30115.826
PER,Peru,2015,2.2288,30457.6
PER,Peru,2016,2.189,30866.494
PER,Peru,2017,2.1521,31324.637
PER,Peru,2018,2.1177,31897.584
PER,Peru,2019,2.0859,32449.303
PER,Peru,2020,2.0563,32838.58
PER,Peru,2021,2.0289,33155.882
PER,Peru,2022,2.0036,33475.438
PER,Peru,2023,1.9802,33845.617
PHL,Philippines,1950,7.1287,18849.528
PHL,Philippines,1951,7.1174,19568.081
PHL,Philippines,1952,7.1106,20328.752
PHL,Philippines,1953,7.1035,21132.5
PHL,Philippines,1954,7.0892,21982.503
PHL,Philippines,1955,7.0711,22880.573
PHL,Philippines,1956,7.0517,23825.81
PHL,Philippines,1957,7.0262,24815.855
PHL,Philippines,1958,7.0033,25842.524
PHL,Philippines,1959,7.0001,26907.607
PHL,Philippines,1960,6.9965,27891.897
PHL,Philippines,1961,6.994,28792.621
PHL,Philippines,1962,6.9796,29723.536
PHL,Philippines,1963,6.9516,30674.731
PHL,Philippines,1964,6.8861,31643.032
PHL,Philippines,1965,6.7995,32625.316
PHL,Philippines,1966,6.6915,33617.17
PHL,Philippines,1967,6.5719,34621.32
PHL,Philippines,1968,6.4479,35638.342
PHL,Philippines,1969,6.3335,36660.799
PHL,Philippines,1970,6.2179,37622.204
PHL,Philippines,1971,6.0829,38518.659
PHL,Philippines,1972,5.9371,39408.56
PHL,Philippines,1973,5.7871,40294.13
PHL,Philippines,1974,5.6935,41174.341
PHL,Philippines,1975,5.596,42120.826
PHL,Philippines,1976,5.5053,43201.488
PHL,Philippines,1977,5.4422,44367.962
PHL,Philippines,1978,5.3927,45575.281
PHL,Philippines,1979,5.2552,46807.103
PHL,Philippines,1980,5.108,48043.74
PHL,Philippines,1981,4.9728,49311.727
PHL,Philippines,1982,4.9165,50695.707
PHL,Philippines,1983,4.8672,52194.62
PHL,Philippines,1984,4.7704,53726.181
PHL,Philippines,1985,4.6639,55213.006
PHL,Philippines,1986,4.5629,56645.078
PHL,Philippines,1987,4.5085,58157.496
PHL,Philippines,1988,4.4487,59739.052
PHL,Philippines,1989,4.3652,61265.26
PHL,Philippines,1990,4.3224,62854.666
PHL,Philippines,1991,4.2733,64382.248
PHL,Philippines,1992,4.1609,65926.125
PHL,Philippines,1993,4.0976,67530.621
PHL,Philippines,1994,4.0794,69019.291
PHL,Philippines,1995,4.0673,70546.246
PHL,Philippines,1996,4.0044,72190.242
PHL,Philippines,1997,3.943,73908.81
PHL,Philippines,1998,3.884,75791.024
PHL,Philippines,1999,3.8254,77753.257
PHL,Philippines,2000,3.754,79625.397
PHL,Philippines,2001,3.7186,81401.488
PHL,Philippines,2002,3.6507,83068.888
PHL,Philippines,2003,3.5909,84731.835
PHL,Philippines,2004,3.5238,86394.504
PHL,Philippines,2005,3.4479,88015.962
PHL,Philippines,2006,3.4655,89508.986
PHL,Philippines,2007,3.4029,91075.184
PHL,Philippines,2008,3.4011,92699.095
PHL,Philippines,2009,3.3759,94384.25
PHL,Philippines,2010,3.3146,96337.125
PHL,Philippines,2011,3.2358,98248.614
PHL,Philippines,2012,3.1435,100175.512
PHL,Philippines,2013,3.0419,102076.336
PHL,Philippines,2014,2.8941,103767.13
PHL,Philippines,2015,2.8286,105312.992
PHL,Philippines,2016,2.6792,106735.719
PHL,Philippines,2017,2.5255,108119.693
PHL,Philippines,2018,2.3776,109465.287
PHL,Philippines,2019,2.2148,110804.684
PHL,Philippines,2020,2.075,112081.264
PHL,Philippines,2021,1.95,113100.95
PHL,Philippines,2022,1.9287,113964.338
PHL,Philippines,2023,1.9157,114891.199
PLW,Palau,1950,7.1527,7.474
PLW,Palau,1951,7.1474,7.65
PLW,Palau,1952,7.1545,7.815
PLW,Palau,1953,7.1548,8.002
PLW,Palau,1954,7.169,8.21
PLW,Palau,1955,7.1765,8.416
PLW,Palau,1956,7.1669,8.593
PLW,Palau,1957,7.1797,8.747
PLW,Palau,1958,7.1861,8.902
PLW,Palau,1959,7.1908,9.101
PLW,Palau,1960,7.1889,9.328
PLW,Palau,1961,7.1727,9.555
PLW,Palau,1962,7.1449,9.793
PLW,Palau,1963,7.117,10.037
PLW,Palau,1964,7.0762,10.292
PLW,Palau,1965,7.0137,10.547
PLW,Palau,1966,6.9324,10.805
PLW,Palau,1967,6.8361,10.988
PLW,Palau,1968,6.7135,11.08
PLW,Palau,1969,6.5759,11.159
PLW,Palau,1970,6.3873,11.368
PLW,Palau,1971,6.1639,11.759
PLW,Palau,1972,5.8956,12.194
PLW,Palau,1973,5.5923,12.552
PLW,Palau,1974,5.2577,12.687
PLW,Palau,1975,4.9026,12.655
PLW,Palau,1976,4.5263,12.598
PLW,Palau,1977,4.0902,12.525
PLW,Palau,1978,3.7399,12.44
PLW,Palau,1979,3.4855,12.337
PLW,Palau,1980,3.3514,12.271
PLW,Palau,1981,3.2764,12.402
PLW,Palau,1982,3.2198,12.694
PLW,Palau,1983,3.1435,13.006
PLW,Palau,1984,3.0802,13.337
PLW,Palau,1985,3.0103,13.688
PLW,Palau,1986,2.9756,14.024
PLW,Palau,1987,2.9331,14.334
PLW,Palau,1988,2.9051,14.645
PLW,Palau,1989,2.9166,14.945
PLW,Palau,1990,2.8813,15.259
PLW,Palau,1991,2.7417,15.614
PLW,Palau,1992,2.7105,15.989
PLW,Palau,1993,2.7271,16.372
PLW,Palau,1994,2.6608,16.77
PLW,Palau,1995,2.5533,17.195
PLW,Palau,1996,2.3896,17.654
PLW,Palau,1997,2.187,18.108
PLW,Palau,1998,2.0057,18.524
PLW,Palau,1999,1.9064,18.901
PLW,Palau,2000,1.8185,19.178
PLW,Palau,2001,1.8698,19.352
PLW,Palau,2002,1.9228,19.503
PLW,Palau,2003,1.9617,19.659
PLW,Palau,2004,1.9886,19.82
PLW,Palau,2005,2.0165,19.818
PLW,Palau,2006,1.9963,19.593
PLW,Palau,2007,1.9683,19.302
PLW,Palau,2008,1.947,19.009
PLW,Palau,2009,1.935,18.709
PLW,Palau,2010,1.9374,18.396
PLW,Palau,2011,1.9652,18.078
PLW,Palau,2012,2.0056,17.766
PLW,Palau,2013,2.0542,17.648
PLW,Palau,2014,2.032,17.715
PLW,Palau,2015,2.0024,17.77
PLW,Palau,2016,2.0555,17.797
PLW,Palau,2017,2.0188,17.812
PLW,Palau,2018,1.9695,17.814
PLW,Palau,2019,1.984,17.798
PLW,Palau,2020,1.972,17.792
PLW,Palau,2021,1.9504,17.783
PLW,Palau,2022,1.9272,17.759
PLW,Palau,2023,1.9067,17.727
PNG,Papua New Guinea,1950,5.7106,1543.429
PNG,Papua New Guinea,1951,5.7416,1574.922
PNG,Papua New Guinea,1952,5.7579,1609.537
PNG,Papua New Guinea,1953,5.793,1650.228
PNG,Papua New Guinea,1954,5.7781,1693.504
PNG,Papua New Guinea,1955,5.8167,1739.219
PNG,Papua New Guinea,1956,5.8414,1787.439
PNG,Papua New Guinea,1957,5.8878,1837.503
PNG,Papua New Guinea,1958,5.929,1888.964
PNG,Papua New Guinea,1959,5.9569,1941.504
PNG,Papua New Guinea,1960,6.0182,1995.11
PNG,Papua New Guinea,1961,6.074,2046.127
PNG,Papua New Guinea,1962,6.1353,2093.919
PNG,Papua New Guinea,1963,6.1532,2141.376
PNG,Papua New Guinea,1964,6.1905,2188.326
PNG,Papua New Guinea,1965,6.2033,2235.82
PNG,Papua New Guinea,1966,6.2322,2285.774
PNG,Papua New Guinea,1967,6.2419,2337.532
PNG,Papua New Guinea,1968,6.2516,2390.804
PNG,Papua New Guinea,1969,6.2581,2446.926
PNG,Papua New Guinea,1970,6.2497,2505.628
PNG,Papua New Guinea,1971,6.2286,2566.422
PNG,Papua New Guinea,1972,6.1967,2628.432
PNG,Papua New Guinea,1973,6.1604,2690.629
PNG,Papua New Guinea,1974,6.1139,2752.671
PNG,Papua New Guinea,1975,6.0645,2814.82
PNG,Papua New Guinea,1976,6.0183,2877.327
PNG,Papua New Guinea,1977,5.9571,2940.327
PNG,Papua New Guinea,1978,5.879,3003.714
PNG,Papua New Guinea,1979,5.7852,3067.342
PNG,Papua New Guinea,1980,5.7048,3131.512
PNG,Papua New Guinea,1981,5.6447,3197.019
PNG,Papua New Guinea,1982,5.587,3264.291
PNG,Papua New Guinea,1983,5.5629,3333.633
PNG,Papua New Guinea,1984,5.5144,3405.198
PNG,Papua New Guinea,1985,5.4704,3478.936
PNG,Papua New Guinea,1986,5.4154,3554.793
PNG,Papua New Guinea,1987,5.359,3632.542
PNG,Papua New Guinea,1988,5.3021,3711.88
PNG,Papua New Guinea,1989,5.2434,3796.078
PNG,Papua New Guinea,1990,5.1796,3896.48
PNG,Papua New Guinea,1991,5.1093,4021.837
PNG,Papua New Guinea,1992,5.0326,4166.7
PNG,Papua New Guinea,1993,4.9615,4320.872
PNG,Papua New Guinea,1994,4.8702,4480.208
PNG,Papua New Guinea,1995,4.7802,4644.278
PNG,Papua New Guinea,1996,4.728,4813.362
PNG,Papua New Guinea,1997,4.6792,4987.884
PNG,Papua New Guinea,1998,4.6317,5166.39
PNG,Papua New Guinea,1999,4.5874,5349.333
PNG,Papua New Guinea,2000,4.5247,5537.064
PNG,Papua New Guinea,2001,4.469,5728.435
PNG,Papua New Guinea,2002,4.4195,5924.004
PNG,Papua New Guinea,2003,4.3619,6123.997
PNG,Papua New Guinea,2004,4.2832,6328.041
PNG,Papua New Guinea,2005,4.2203,6535.905
PNG,Papua New Guinea,2006,4.1479,6747.72
PNG,Papua New Guinea,2007,4.0761,6963.344
PNG,Papua New Guinea,2008,4.0146,7183.002
PNG,Papua New Guinea,2009,3.9412,7406.438
PNG,Papua New Guinea,2010,3.8827,7633.523
PNG,Papua New Guinea,2011,3.816,7859.346
PNG,Papua New Guinea,2012,3.7463,8081.39
PNG,Papua New Guinea,2013,3.6841,8302.698
PNG,Papua New Guinea,2014,3.6251,8523.441
PNG,Papua New Guinea,2015,3.5584,8743.246
PNG,Papua New Guinea,2016,3.4952,8961.718
PNG,Papua New Guinea,2017,3.4317,9178.714
PNG,Papua New Guinea,2018,3.3818,9394.513
PNG,Papua New Guinea,2019,3.3216,9609.01
PNG,Papua New Guinea,2020,3.2743,9815.746
PNG,Papua New Guinea,2021,3.2147,10012.896
PNG,Papua New Guinea,2022,3.1645,10203.17
PNG,Papua New Guinea,2023,3.0995,10389.635
POL,Poland,1950,3.6543,24780.161
POL,Poland,1951,3.7011,25222.692
POL,Poland,1952,3.6371,25672.46
POL,Poland,1953,3.5937,26126.456
POL,Poland,1954,3.5515,26590.474
POL,Poland,1955,3.5548,27063.64
POL,Poland,1956,3.463,27535.568
POL,Poland,1957,3.4961,28076.498
POL,Poland,1958,3.3925,28643.64
POL,Poland,1959,3.248,29132.527
POL,Poland,1960,3.0044,29575.966
POL,Poland,1961,2.8596,29979.689
POL,Poland,1962,2.744,30338.087
POL,Poland,1963,2.7003,30674.02
POL,Poland,1964,2.6026,30993.135
POL,Poland,1965,2.537,31288.336
POL,Poland,1966,2.4467,31568.284
POL,Poland,1967,2.3493,31828.63
POL,Poland,1968,2.2963,32078.388
POL,Poland,1969,2.2592,32322.775
POL,Poland,1970,2.2538,32542.634
POL,Poland,1971,2.2512,32771.296
POL,Poland,1972,2.2384,33041.996
POL,Poland,1973,2.2519,33333.274
POL,Poland,1974,2.2647,33642.461
POL,Poland,1975,2.282,33964.399
POL,Poland,1976,2.3128,34296.606
POL,Poland,1977,2.2523,34628.512
POL,Poland,1978,2.2317,34934.213
POL,Poland,1979,2.2772,35248.386
POL,Poland,1980,2.2775,35576.519
POL,Poland,1981,2.2459,35900.913
POL,Poland,1982,2.34,36233.46
POL,Poland,1983,2.4164,36573.699
POL,Poland,1984,2.377,36905.8
POL,Poland,1985,2.3229,37200.853
POL,Poland,1986,2.2175,37452.611
POL,Poland,1987,2.157,37665.707
POL,Poland,1988,2.1423,37817.864
POL,Poland,1989,2.0979,37938.088
POL,Poland,1990,2.0649,38055.455
POL,Poland,1991,2.0667,38152.947
POL,Poland,1992,1.9559,38233.64
POL,Poland,1993,1.8701,38294.882
POL,Poland,1994,1.8008,38344.312
POL,Poland,1995,1.6337,38364.667
POL,Poland,1996,1.587,38359.17
POL,Poland,1997,1.5164,38348.31
POL,Poland,1998,1.4389,38326.437
POL,Poland,1999,1.3773,38287.712
POL,Poland,2000,1.3656,38258.071
POL,Poland,2001,1.3154,38247.356
POL,Poland,2002,1.2518,38229.408
POL,Poland,2003,1.225,38203.524
POL,Poland,2004,1.2277,38167.572
POL,Poland,2005,1.2441,38124.379
POL,Poland,2006,1.2693,38071.167
POL,Poland,2007,1.3114,38020.421
POL,Poland,2008,1.3864,37995.902
POL,Poland,2009,1.4016,38002.155
POL,Poland,2010,1.4065,38095.351
POL,Poland,2011,1.3381,38208.643
POL,Poland,2012,1.3288,38247.868
POL,Poland,2013,1.2923,38259.262
POL,Poland,2014,1.3173,38265.113
POL,Poland,2015,1.3234,38266.314
POL,Poland,2016,1.3886,38263.265
POL,Poland,2017,1.4721,38254.958
POL,Poland,2018,1.4433,38241.07
POL,Poland,2019,1.4359,38225.884
POL,Poland,2020,1.384,38171.012
POL,Poland,2021,1.3223,38040.302
POL,Poland,2022,1.261,38385.739
POL,Poland,2023,1.2994,38762.844
PRI,Puerto Rico,1950,5.2064,2229.089
PRI,Puerto Rico,1951,5.0627,2247.532
PRI,Puerto Rico,1952,4.8273,2263.654
PRI,Puerto Rico,1953,4.6808,2277.878
PRI,Puerto Rico,1954,4.6784,2291.109
PRI,Puerto Rico,1955,4.6802,2303.486
PRI,Puerto Rico,1956,4.7038,2314.882
PRI,Puerto Rico,1957,4.5868,2324.735
PRI,Puerto Rico,1958,4.6176,2333.209
PRI,Puerto Rico,1959,4.5544,2342.068
PRI,Puerto Rico,1960,4.5933,2363.917
PRI,Puerto Rico,1961,4.4124,2401.171
PRI,Puerto Rico,1962,4.3398,2441.246
PRI,Puerto Rico,1963,4.2526,2480.576
PRI,Puerto Rico,1964,4.1774,2519.039
PRI,Puerto Rico,1965,4.0957,2556.644
PRI,Puerto Rico,1966,3.7064,2593.843
PRI,Puerto Rico,1967,3.5183,2630.514
PRI,Puerto Rico,1968,3.3196,2665.785
PRI,Puerto Rico,1969,3.2427,2698.423
PRI,Puerto Rico,1970,3.1672,2734.422
PRI,Puerto Rico,1971,3.2086,2777.968
PRI,Puerto Rico,1972,3.0065,2824.365
PRI,Puerto Rico,1973,2.9019,2871.124
PRI,Puerto Rico,1974,2.8712,2918.194
PRI,Puerto Rico,1975,2.8028,2966.106
PRI,Puerto Rico,1976,2.8655,3014.962
PRI,Puerto Rico,1977,2.8969,3064.445
PRI,Puerto Rico,1978,2.8473,3114.153
PRI,Puerto Rico,1979,2.766,3165.038
PRI,Puerto Rico,1980,2.6979,3213.68
PRI,Puerto Rico,1981,2.5909,3256.565
PRI,Puerto Rico,1982,2.482,3295.921
PRI,Puerto Rico,1983,2.3293,3332.645
PRI,Puerto Rico,1984,2.2252,3367.2
PRI,Puerto Rico,1985,2.2215,3399.311
PRI,Puerto Rico,1986,2.2656,3428.77
PRI,Puerto Rico,1987,2.2296,3457.138
PRI,Puerto Rico,1988,2.2243,3485.07
PRI,Puerto Rico,1989,2.3023,3512.009
PRI,Puerto Rico,1990,2.2909,3541.048
PRI,Puerto Rico,1991,2.2127,3573.67
PRI,Puerto Rico,1992,2.1957,3606.392
PRI,Puerto Rico,1993,2.2099,3637.206
PRI,Puerto Rico,1994,2.1751,3666.078
PRI,Puerto Rico,1995,2.1495,3693.598
PRI,Puerto Rico,1996,2.1439,3719.95
PRI,Puerto Rico,1997,2.1691,3745.58
PRI,Puerto Rico,1998,2.0795,3770.557
PRI,Puerto Rico,1999,2.0376,3794.476
PRI,Puerto Rico,2000,2.0411,3809.866
PRI,Puerto Rico,2001,1.9457,3813.013
PRI,Puerto Rico,2002,1.8562,3810.712
PRI,Puerto Rico,2003,1.8074,3806.043
PRI,Puerto Rico,2004,1.8371,3798.656
PRI,Puerto Rico,2005,1.8416,3788.415
PRI,Puerto Rico,2006,1.7978,3776.215
PRI,Puerto Rico,2007,1.7382,3763.088
PRI,Puerto Rico,2008,1.6241,3749.128
PRI,Puerto Rico,2009,1.5951,3735.015
PRI,Puerto Rico,2010,1.6191,3714.836
PRI,Puerto Rico,2011,1.5953,3683.71
PRI,Puerto Rico,2012,1.5409,3646.422
PRI,Puerto Rico,2013,1.4729,3606.769
PRI,Puerto Rico,2014,1.4372,3565.366
PRI,Puerto Rico,2015,1.3504,3521.811
PRI,Puerto Rico,2016,1.2638,3476.008
PRI,Puerto Rico,2017,1.1333,3371.874
PRI,Puerto Rico,2018,1.026,3290.068
PRI,Puerto Rico,2019,0.9791,3288.028
PRI,Puerto Rico,2020,0.9344,3275.805
PRI,Puerto Rico,2021,0.9441,3253.21
PRI,Puerto Rico,2022,0.9402,3240.968
PRI,Puerto Rico,2023,0.9413,3242.022
PRK,Dem. People's Republic of Korea,1950,4.9937,11116.736
PRK,Dem. People's Republic of Korea,1951,2.597,10583.568
PRK,Dem. People's Republic of Korea,1952,2.6115,10253.642
PRK,Dem. People's Republic of Korea,1953,3.0824,10177.412
PRK,Dem. People's Republic of Korea,1954,3.4963,10242.802
PRK,Dem. People's Republic of Korea,1955,3.6735,10403.324
PRK,Dem. People's Republic of Korea,1956,3.5085,10600.379
PRK,Dem. People's Republic of Korea,1957,4.2813,10854.685
PRK,Dem. People's Republic of Korea,1958,4.2706,11163.748
PRK,Dem. People's Republic of Korea,1959,3.5594,11452.99
PRK,Dem. People's Republic of Korea,1960,3.5683,11722.953
PRK,Dem. People's Republic of Korea,1961,3.2608,11990.713
PRK,Dem. People's Republic of Korea,1962,3.4117,12262.882
PRK,Dem. People's Republic of Korea,1963,3.6257,12567.056
PRK,Dem. People's Republic of Korea,1964,3.5472,12889.77
PRK,Dem. People's Republic of Korea,1965,3.5562,13219.368
PRK,Dem. People's Republic of Korea,1966,3.7093,13569.094
PRK,Dem. People's Republic of Korea,1967,4.0501,13958.35
PRK,Dem. People's Republic of Korea,1968,3.8718,14365.596
PRK,Dem. People's Republic of Korea,1969,3.8596,14767.616
PRK,Dem. People's Republic of Korea,1970,3.8476,15172.775
PRK,Dem. People's Republic of Korea,1971,3.7393,15572.456
PRK,Dem. People's Republic of Korea,1972,3.8885,15975.069
PRK,Dem. People's Republic of Korea,1973,3.3527,16350.366
PRK,Dem. People's Republic of Korea,1974,3.1421,16673.121
PRK,Dem. People's Republic of Korea,1975,3.047,16971.055
PRK,Dem. People's Republic of Korea,1976,2.8365,17243.45
PRK,Dem. People's Republic of Korea,1977,2.7707,17492.798
PRK,Dem. People's Republic of Korea,1978,2.7934,17735.995
PRK,Dem. People's Republic of Korea,1979,2.8488,17983.47
PRK,Dem. People's Republic of Korea,1980,2.8414,18236.786
PRK,Dem. People's Republic of Korea,1981,2.9211,18501.295
PRK,Dem. People's Republic of Korea,1982,2.8543,18776.357
PRK,Dem. People's Republic of Korea,1983,2.7771,19054.034
PRK,Dem. People's Republic of Korea,1984,2.7075,19335.043
PRK,Dem. People's Republic of Korea,1985,2.6459,19620.388
PRK,Dem. People's Republic of Korea,1986,2.5942,19910.855
PRK,Dem. People's Republic of Korea,1987,2.5293,20205.483
PRK,Dem. People's Republic of Korea,1988,2.4682,20503.161
PRK,Dem. People's Republic of Korea,1989,2.412,20804.367
PRK,Dem. People's Republic of Korea,1990,2.3879,21112.137
PRK,Dem. People's Republic of Korea,1991,2.3512,21428.638
PRK,Dem. People's Republic of Korea,1992,2.2873,21750.911
PRK,Dem. People's Republic of Korea,1993,2.2179,22073.352
PRK,Dem. People's Republic of Korea,1994,2.1829,22393.975
PRK,Dem. People's Republic of Korea,1995,2.146,22669.304
PRK,Dem. People's Republic of Korea,1996,2.0932,22895.746
PRK,Dem. People's Republic of Korea,1997,2.0267,23110.83
PRK,Dem. People's Republic of Korea,1998,1.9909,23311.564
PRK,Dem. People's Republic of Korea,1999,1.9657,23497.598
PRK,Dem. People's Republic of Korea,2000,1.9412,23665.91
PRK,Dem. People's Republic of Korea,2001,1.9401,23815.358
PRK,Dem. People's Republic of Korea,2002,1.9185,23943.973
PRK,Dem. People's Republic of Korea,2003,1.9092,24090.38
PRK,Dem. People's Republic of Korea,2004,1.8989,24254.943
PRK,Dem. People's Republic of Korea,2005,1.8716,24396.433
PRK,Dem. People's Republic of Korea,2006,1.9361,24524.507
PRK,Dem. People's Republic of Korea,2007,1.9435,24646.384
PRK,Dem. People's Republic of Korea,2008,1.9696,24764.618
PRK,Dem. People's Republic of Korea,2009,1.9048,24878.332
PRK,Dem. People's Republic of Korea,2010,1.8904,24987.258
PRK,Dem. People's Republic of Korea,2011,1.8832,25097.874
PRK,Dem. People's Republic of Korea,2012,1.8817,25211.728
PRK,Dem. People's Republic of Korea,2013,1.8774,25329.451
PRK,Dem. People's Republic of Korea,2014,1.8737,25451.262
PRK,Dem. People's Republic of Korea,2015,1.8632,25575.35
PRK,Dem. People's Republic of Korea,2016,1.8564,25698.326
PRK,Dem. People's Republic of Korea,2017,1.8483,25817.709
PRK,Dem. People's Republic of Korea,2018,1.8337,25931.147
PRK,Dem. People's Republic of Korea,2019,1.8251,26037.632
PRK,Dem. People's Republic of Korea,2020,1.8209,26136.312
PRK,Dem. People's Republic of Korea,2021,1.806,26232.534
PRK,Dem. People's Republic of Korea,2022,1.7966,26328.845
PRK,Dem. People's Republic of Korea,2023,1.7803,26418.204
PRT,Portugal,1950,3.1581,8418.876
PRT,Portugal,1951,3.1784,8474.196
PRT,Portugal,1952,3.2002,8523.424
PRT,Portugal,1953,3.0434,8572.747
PRT,Portugal,1954,2.9644,8616.96
PRT,Portugal,1955,3.133,8662.888
PRT,Portugal,1956,3.0319,8704.062
PRT,Portugal,1957,3.138,8743.29
PRT,Portugal,1958,3.1505,8792.778
PRT,Portugal,1959,3.1441,8840.371
PRT,Portugal,1960,3.1601,8873.218
PRT,Portugal,1961,3.2046,8888.374
PRT,Portugal,1962,3.2328,8895.776
PRT,Portugal,1963,3.1346,8898.302
PRT,Portugal,1964,3.2146,8895.763
PRT,Portugal,1965,3.1593,8889.625
PRT,Portugal,1966,3.1644,8872.48
PRT,Portugal,1967,3.1574,8845.842
PRT,Portugal,1968,3.1234,8809.704
PRT,Portugal,1969,3.1135,8754.238
PRT,Portugal,1970,3.0075,8669.524
PRT,Portugal,1971,2.9951,8685.582
PRT,Portugal,1972,2.857,8815.597
PRT,Portugal,1973,2.765,8939.237
PRT,Portugal,1974,2.6955,9059.176
PRT,Portugal,1975,2.7501,9182.302
PRT,Portugal,1976,2.8071,9310.256
PRT,Portugal,1977,2.6816,9438.167
PRT,Portugal,1978,2.4505,9556.395
PRT,Portugal,1979,2.3146,9663.302
PRT,Portugal,1980,2.2451,9763.624
PRT,Portugal,1981,2.1311,9837.586
PRT,Portugal,1982,2.0697,9885.838
PRT,Portugal,1983,1.955,9925.258
PRT,Portugal,1984,1.8951,9956.896
PRT,Portugal,1985,1.7294,9979.469
PRT,Portugal,1986,1.663,9993.094
PRT,Portugal,1987,1.6202,10001.993
PRT,Portugal,1988,1.6078,10004.59
PRT,Portugal,1989,1.5721,10001.376
PRT,Portugal,1990,1.5554,9989.524
PRT,Portugal,1991,1.5568,9969.176
PRT,Portugal,1992,1.5364,9960.34
PRT,Portugal,1993,1.5125,9972.342
PRT,Portugal,1994,1.4448,9998.487
PRT,Portugal,1995,1.4115,10031.75
PRT,Portugal,1996,1.441,10067.649
PRT,Portugal,1997,1.4688,10110.552
PRT,Portugal,1998,1.4735,10159.526
PRT,Portugal,1999,1.5021,10214.872
PRT,Portugal,2000,1.5378,10283.204
PRT,Portugal,2001,1.4552,10354.324
PRT,Portugal,2002,1.4596,10413.044
PRT,Portugal,2003,1.4365,10454.245
PRT,Portugal,2004,1.4051,10481.382
PRT,Portugal,2005,1.408,10502.994
PRT,Portugal,2006,1.3719,10524.12
PRT,Portugal,2007,1.3518,10546.824
PRT,Portugal,2008,1.383,10564.08
PRT,Portugal,2009,1.3488,10576.267
PRT,Portugal,2010,1.3815,10578.66
PRT,Portugal,2011,1.3433,10557.052
PRT,Portugal,2012,1.2771,10513.15
PRT,Portugal,2013,1.2129,10458.298
PRT,Portugal,2014,1.2303,10406.198
PRT,Portugal,2015,1.3016,10370.267
PRT,Portugal,2016,1.3562,10346.372
PRT,Portugal,2017,1.3775,10330.844
PRT,Portugal,2018,1.4114,10325.353
PRT,Portugal,2019,1.4215,10343.213
PRT,Portugal,2020,1.4055,10370.519
PRT,Portugal,2021,1.3283,10390.956
PRT,Portugal,2022,1.4533,10417.072
PRT,Portugal,2023,1.5078,10430.738
PRY,Paraguay,1950,6.4905,1504.344
PRY,Paraguay,1951,6.4933,1537.943
PRY,Paraguay,1952,6.4985,1572.605
PRY,Paraguay,1953,6.5028,1608.297
PRY,Paraguay,1954,6.5062,1644.924
PRY,Paraguay,1955,6.5087,1682.286
PRY,Paraguay,1956,6.5103,1720.406
PRY,Paraguay,1957,6.5106,1759.483
PRY,Paraguay,1958,6.5094,1799.649
PRY,Paraguay,1959,6.506,1840.964
PRY,Paraguay,1960,6.4997,1883.514
PRY,Paraguay,1961,6.489,1927.394
PRY,Paraguay,1962,6.4723,1973.13
PRY,Paraguay,1963,6.4469,2021.909
PRY,Paraguay,1964,6.4209,2073.119
PRY,Paraguay,1965,6.3454,2125.176
PRY,Paraguay,1966,6.2306,2177.584
PRY,Paraguay,1967,6.0968,2229.994
PRY,Paraguay,1968,5.9719,2282.391
PRY,Paraguay,1969,5.8365,2334.992
PRY,Paraguay,1970,5.7177,2388.028
PRY,Paraguay,1971,5.5906,2442.537
PRY,Paraguay,1972,5.4585,2499.881
PRY,Paraguay,1973,5.3512,2561.102
PRY,Paraguay,1974,5.2724,2625.621
PRY,Paraguay,1975,5.1771,2691.648
PRY,Paraguay,1976,5.1171,2758.836
PRY,Paraguay,1977,5.0784,2827.874
PRY,Paraguay,1978,5.0365,2899.27
PRY,Paraguay,1979,5.062,2973.968
PRY,Paraguay,1980,5.1016,3053.235
PRY,Paraguay,1981,5.1532,3137.604
PRY,Paraguay,1982,5.1263,3226.189
PRY,Paraguay,1983,5.0872,3318.068
PRY,Paraguay,1984,5.0365,3412.936
PRY,Paraguay,1985,4.9739,3510.671
PRY,Paraguay,1986,4.9289,3611.474
PRY,Paraguay,1987,4.8466,3714.889
PRY,Paraguay,1988,4.774,3820.546
PRY,Paraguay,1989,4.6811,3927.802
PRY,Paraguay,1990,4.5655,4035.748
PRY,Paraguay,1991,4.481,4144.364
PRY,Paraguay,1992,4.4016,4253.6
PRY,Paraguay,1993,4.2815,4362.696
PRY,Paraguay,1994,4.1958,4471.417
PRY,Paraguay,1995,4.108,4579.806
PRY,Paraguay,1996,4.0138,4687.543
PRY,Paraguay,1997,3.9108,4794.412
PRY,Paraguay,1998,3.7982,4900.026
PRY,Paraguay,1999,3.6699,5003.134
PRY,Paraguay,2000,3.5079,5100.868
PRY,Paraguay,2001,3.3613,5187.689
PRY,Paraguay,2002,3.2329,5261.328
PRY,Paraguay,2003,3.1231,5326.436
PRY,Paraguay,2004,3.0528,5388.174
PRY,Paraguay,2005,2.9731,5448.097
PRY,Paraguay,2006,2.889,5505.148
PRY,Paraguay,2007,2.8234,5559.386
PRY,Paraguay,2008,2.7918,5613.574
PRY,Paraguay,2009,2.7571,5671.236
PRY,Paraguay,2010,2.6946,5737.972
PRY,Paraguay,2011,2.6672,5814.626
PRY,Paraguay,2012,2.6584,5897.008
PRY,Paraguay,2013,2.6356,5982.445
PRY,Paraguay,2014,2.6461,6069.811
PRY,Paraguay,2015,2.6454,6159.103
PRY,Paraguay,2016,2.6243,6249.126
PRY,Paraguay,2017,2.5911,6338.66
PRY,Paraguay,2018,2.561,6427.382
PRY,Paraguay,2019,2.5248,6515.058
PRY,Paraguay,2020,2.4965,6603.74
PRY,Paraguay,2021,2.4689,6684.182
PRY,Paraguay,2022,2.444,6760.464
PRY,Paraguay,2023,2.4224,6844.146
PSE,State of Palestine,1950,7.8376,944.624
PSE,State of Palestine,1951,7.8411,952.946
PSE,State of Palestine,1952,7.8362,962.306
PSE,State of Palestine,1953,7.8276,972.657
PSE,State of Palestine,1954,7.829,984.016
PSE,State of Palestine,1955,7.8192,996.382
PSE,State of Palestine,1956,7.8146,1009.747
PSE,State of Palestine,1957,7.8089,1024.127
PSE,State of Palestine,1958,7.8062,1039.524
PSE,State of Palestine,1959,7.8045,1055.891
PSE,State of Palestine,1960,7.793,1073.081
PSE,State of Palestine,1961,7.7863,1090.928
PSE,State of Palestine,1962,7.7918,1109.34
PSE,State of Palestine,1963,7.7806,1127.468
PSE,State of Palestine,1964,7.7754,1140.669
PSE,State of Palestine,1965,7.7745,1147.31
PSE,State of Palestine,1966,7.7533,1146.394
PSE,State of Palestine,1967,7.7384,1135.82
PSE,State of Palestine,1968,7.7065,1121.742
PSE,State of Palestine,1969,7.6809,1113.086
PSE,State of Palestine,1970,7.6513,1116.28
PSE,State of Palestine,1971,7.614,1134.113
PSE,State of Palestine,1972,7.5856,1164.75
PSE,State of Palestine,1973,7.5538,1202.258
PSE,State of Palestine,1974,7.5195,1241.133
PSE,State of Palestine,1975,7.4799,1279.321
PSE,State of Palestine,1976,7.4383,1316.395
PSE,State of Palestine,1977,7.384,1352.713
PSE,State of Palestine,1978,7.3298,1389.496
PSE,State of Palestine,1979,7.2825,1428.116
PSE,State of Palestine,1980,7.1787,1469.059
PSE,State of Palestine,1981,7.133,1512.704
PSE,State of Palestine,1982,7.0889,1560.99
PSE,State of Palestine,1983,7.0416,1618.777
PSE,State of Palestine,1984,6.9957,1688.604
PSE,State of Palestine,1985,6.943,1745.256
PSE,State of Palestine,1986,6.9111,1789.31
PSE,State of Palestine,1987,6.8883,1876.759
PSE,State of Palestine,1988,6.8659,1977.304
PSE,State of Palestine,1989,6.8364,2055.608
PSE,State of Palestine,1990,6.8095,2139.067
PSE,State of Palestine,1991,6.7509,2228.954
PSE,State of Palestine,1992,6.6499,2324.692
PSE,State of Palestine,1993,6.5005,2425.066
PSE,State of Palestine,1994,6.3338,2529.159
PSE,State of Palestine,1995,6.1608,2636.551
PSE,State of Palestine,1996,5.9882,2746.822
PSE,State of Palestine,1997,5.8171,2859.576
PSE,State of Palestine,1998,5.6925,2962.888
PSE,State of Palestine,1999,5.5831,3056.252
PSE,State of Palestine,2000,5.4566,3151.792
PSE,State of Palestine,2001,5.3423,3242.285
PSE,State of Palestine,2002,5.2158,3322.364
PSE,State of Palestine,2003,5.0625,3398.07
PSE,State of Palestine,2004,4.9715,3475.177
PSE,State of Palestine,2005,4.8671,3557.401
PSE,State of Palestine,2006,4.7392,3645.096
PSE,State of Palestine,2007,4.6265,3736.691
PSE,State of Palestine,2008,4.5089,3829.04
PSE,State of Palestine,2009,4.4404,3921.246
PSE,State of Palestine,2010,4.4335,4016.916
PSE,State of Palestine,2011,4.3049,4115.908
PSE,State of Palestine,2012,4.1537,4215.313
PSE,State of Palestine,2013,4.0491,4315.26
PSE,State of Palestine,2014,3.9949,4415.882
PSE,State of Palestine,2015,3.9769,4521.565
PSE,State of Palestine,2016,3.8866,4632.739
PSE,State of Palestine,2017,3.7706,4742.742
PSE,State of Palestine,2018,3.6742,4850.592
PSE,State of Palestine,2019,3.5912,4957.768
PSE,State of Palestine,2020,3.5111,5069.692
PSE,State of Palestine,2021,3.4416,5185.336
PSE,State of Palestine,2022,3.375,5305.27
PSE,State of Palestine,2023,3.3114,5409.202
PYF,French Polynesia,1950,5.4745,64.342
PYF,French Polynesia,1951,5.5953,65.906
PYF,French Polynesia,1952,5.7127,67.612
PYF,French Polynesia,1953,5.8267,69.487
PYF,French Polynesia,1954,5.9432,71.557
PYF,French Polynesia,1955,6.0031,73.848
PYF,French Polynesia,1956,5.9893,76.326
PYF,French Polynesia,1957,5.9875,78.442
PYF,French Polynesia,1958,5.9774,80.15
PYF,French Polynesia,1959,5.9662,81.899
PYF,French Polynesia,1960,5.9312,83.671
PYF,French Polynesia,1961,5.9465,85.434
PYF,French Polynesia,1962,5.9682,87.262
PYF,French Polynesia,1963,5.9749,89.737
PYF,French Polynesia,1964,5.9801,92.824
PYF,French Polynesia,1965,5.9999,96.018
PYF,French Polynesia,1966,5.9814,99.32
PYF,French Polynesia,1967,5.9512,102.754
PYF,French Polynesia,1968,5.9003,106.354
PYF,French Polynesia,1969,5.8179,110.111
PYF,French Polynesia,1970,5.6277,114.01
PYF,French Polynesia,1971,5.4461,117.946
PYF,French Polynesia,1972,5.2724,121.886
PYF,French Polynesia,1973,5.0914,125.897
PYF,French Polynesia,1974,4.9063,129.96
PYF,French Polynesia,1975,4.7134,134.045
PYF,French Polynesia,1976,4.5118,138.114
PYF,French Polynesia,1977,4.3657,142.313
PYF,French Polynesia,1978,4.0449,146.821
PYF,French Polynesia,1979,3.941,151.569
PYF,French Polynesia,1980,3.9347,156.471
PYF,French Polynesia,1981,3.9339,161.506
PYF,French Polynesia,1982,3.7974,166.646
PYF,French Polynesia,1983,3.7434,171.75
PYF,French Polynesia,1984,3.8336,176.469
PYF,French Polynesia,1985,3.8623,180.988
PYF,French Polynesia,1986,3.7145,185.67
PYF,French Polynesia,1987,3.6217,190.449
PYF,French Polynesia,1988,3.7483,195.193
PYF,French Polynesia,1989,3.4902,199.643
PYF,French Polynesia,1990,3.4341,203.776
PYF,French Polynesia,1991,3.2588,207.744
PYF,French Polynesia,1992,3.15,211.559
PYF,French Polynesia,1993,3.0835,215.219
PYF,French Polynesia,1994,2.9425,218.738
PYF,French Polynesia,1995,2.7811,222.118
PYF,French Polynesia,1996,2.7164,225.489
PYF,French Polynesia,1997,2.5902,229.121
PYF,French Polynesia,1998,2.4899,232.891
PYF,French Polynesia,1999,2.5815,236.595
PYF,French Polynesia,2000,2.5958,240.337
PYF,French Polynesia,2001,2.5227,244.097
PYF,French Polynesia,2002,2.425,247.775
PYF,French Polynesia,2003,2.2599,251.637
PYF,French Polynesia,2004,2.1984,255.654
PYF,French Polynesia,2005,2.1809,259.507
PYF,French Polynesia,2006,2.2165,263.223
PYF,French Polynesia,2007,2.1222,266.438
PYF,French Polynesia,2008,2.1946,268.379
PYF,French Polynesia,2009,2.1478,269.481
PYF,French Polynesia,2010,2.1653,270.58
PYF,French Polynesia,2011,2.0611,271.727
PYF,French Polynesia,2012,2.0261,273.084
PYF,French Polynesia,2013,1.9371,274.728
PYF,French Polynesia,2014,1.9567,276.388
PYF,French Polynesia,2015,1.8722,277.866
PYF,French Polynesia,2016,1.7628,279.178
PYF,French Polynesia,2017,1.6691,280.086
PYF,French Polynesia,2018,1.6451,279.816
PYF,French Polynesia,2019,1.5668,279.034
PYF,French Polynesia,2020,1.5698,279.209
PYF,French Polynesia,2021,1.5324,279.792
PYF,French Polynesia,2022,1.5148,280.378
PYF,French Polynesia,2023,1.5012,281.118
QAT,Qatar,1950,6.5442,24.283
QAT,Qatar,1951,6.5431,25.067
QAT,Qatar,1952,6.5495,25.887
QAT,Qatar,1953,6.5395,26.738
QAT,Qatar,1954,6.5464,27.616
QAT,Qatar,1955,6.5384,28.536
QAT,Qatar,1956,6.5383,29.524
QAT,Qatar,1957,6.5308,30.637
QAT,Qatar,1958,6.5298,31.968
QAT,Qatar,1959,6.5315,33.656
QAT,Qatar,1960,6.5309,36.01
QAT,Qatar,1961,6.5261,39.68
QAT,Qatar,1962,6.5299,44.63
QAT,Qatar,1963,6.5269,50.38
QAT,Qatar,1964,6.5246,56.868
QAT,Qatar,1965,6.527,64.065
QAT,Qatar,1966,6.5209,72.192
QAT,Qatar,1967,6.4616,81.44
QAT,Qatar,1968,6.3924,91.749
QAT,Qatar,1969,6.3107,103.025
QAT,Qatar,1970,6.2285,116.35
QAT,Qatar,1971,6.1448,131.346
QAT,Qatar,1972,6.0734,146.506
QAT,Qatar,1973,6.0078,161.841
QAT,Qatar,1974,5.9347,177.362
QAT,Qatar,1975,5.8607,193.087
QAT,Qatar,1976,5.7825,209.052
QAT,Qatar,1977,5.691,225.285
QAT,Qatar,1978,5.5767,241.808
QAT,Qatar,1979,5.4614,258.67
QAT,Qatar,1980,5.329,275.914
QAT,Qatar,1981,5.1956,293.552
QAT,Qatar,1982,5.0444,311.537
QAT,Qatar,1983,4.8984,329.709
QAT,Qatar,1984,4.7563,347.878
QAT,Qatar,1985,4.6419,365.94
QAT,Qatar,1986,4.5653,382.422
QAT,Qatar,1987,4.5387,397.006
QAT,Qatar,1988,4.5149,411.264
QAT,Qatar,1989,4.412,425.646
QAT,Qatar,1990,4.2298,440.176
QAT,Qatar,1991,3.9879,454.853
QAT,Qatar,1992,3.8524,469.657
QAT,Qatar,1993,3.765,484.545
QAT,Qatar,1994,3.6646,499.46
QAT,Qatar,1995,3.5567,514.325
QAT,Qatar,1996,3.4436,529.018
QAT,Qatar,1997,3.3273,550.5
QAT,Qatar,1998,3.2114,580.54
QAT,Qatar,1999,3.1165,612.5
QAT,Qatar,2000,3.0729,644.989
QAT,Qatar,2001,3.0802,677.925
QAT,Qatar,2002,3.0107,711.205
QAT,Qatar,2003,2.9245,744.682
QAT,Qatar,2004,2.794,773.332
QAT,Qatar,2005,2.6347,825.408
QAT,Qatar,2006,2.5089,972.831
QAT,Qatar,2007,2.4376,1208.595
QAT,Qatar,2008,2.3689,1426.938
QAT,Qatar,2009,2.2535,1586.05
QAT,Qatar,2010,2.1373,1709.229
QAT,Qatar,2011,2.0703,1810.95
QAT,Qatar,2012,2.0398,1907.117
QAT,Qatar,2013,2.0317,2032.641
QAT,Qatar,2014,2.0299,2218.372
QAT,Qatar,2015,1.9763,2427.33
QAT,Qatar,2016,1.8556,2599.372
QAT,Qatar,2017,1.8338,2706.71
QAT,Qatar,2018,1.756,2761.142
QAT,Qatar,2019,1.7306,2797.921
QAT,Qatar,2020,1.6753,2803.375
QAT,Qatar,2021,1.6054,2814.982
QAT,Qatar,2022,1.7394,2892.455
QAT,Qatar,2023,1.7292,2979.082
REU,Réunion,1950,6.9633,249.214
REU,Réunion,1951,6.9671,258.512
REU,Réunion,1952,6.9171,268.198
REU,Réunion,1953,6.8843,278.304
REU,Réunion,1954,6.7378,289.135
REU,Réunion,1955,6.7655,300.426
REU,Réunion,1956,6.5964,311.584
REU,Réunion,1957,6.5306,323.221
REU,Réunion,1958,6.177,335.063
REU,Réunion,1959,6.1061,347.048
REU,Réunion,1960,6.1055,359.556
REU,Réunion,1961,6.0558,372.075
REU,Réunion,1962,6.168,383.844
REU,Réunion,1963,6.2717,395.326
REU,Réunion,1964,6.1716,407.167
REU,Réunion,1965,6.1519,418.711
REU,Réunion,1966,5.979,429.729
REU,Réunion,1967,5.6721,440.311
REU,Réunion,1968,5.4579,450.38
REU,Réunion,1969,5.0445,460.06
REU,Réunion,1970,4.299,469.088
REU,Réunion,1971,4.0378,477.601
REU,Réunion,1972,3.9217,486.031
REU,Réunion,1973,3.8129,494.46
REU,Réunion,1974,3.7267,502.828
REU,Réunion,1975,3.6471,511.301
REU,Réunion,1976,3.5294,519.934
REU,Réunion,1977,3.4136,528.559
REU,Réunion,1978,3.2823,537.082
REU,Réunion,1979,3.1162,545.367
REU,Réunion,1980,2.8737,553.134
REU,Réunion,1981,2.9084,560.977
REU,Réunion,1982,2.5963,569.638
REU,Réunion,1983,2.5632,579.232
REU,Réunion,1984,2.5815,589.683
REU,Réunion,1985,2.5098,600.411
REU,Réunion,1986,2.3902,610.883
REU,Réunion,1987,2.3729,621.104
REU,Réunion,1988,2.3644,631.26
REU,Réunion,1989,2.3997,641.485
REU,Réunion,1990,2.5707,652.572
REU,Réunion,1991,2.5657,664.455
REU,Réunion,1992,2.5454,676.42
REU,Réunion,1993,2.3859,688.1
REU,Réunion,1994,2.3292,699.365
REU,Réunion,1995,2.2715,710.455
REU,Réunion,1996,2.2556,721.452
REU,Réunion,1997,2.3428,732.712
REU,Réunion,1998,2.3116,744.065
REU,Réunion,1999,2.3374,754.114
REU,Réunion,2000,2.4991,763.14
REU,Réunion,2001,2.451,772.236
REU,Réunion,2002,2.4114,781.303
REU,Réunion,2003,2.429,790.561
REU,Réunion,2004,2.451,797
REU,Réunion,2005,2.4856,800.224
REU,Réunion,2006,2.4432,806.68
REU,Réunion,2007,2.4683,818.729
REU,Réunion,2008,2.4664,830.488
REU,Réunion,2009,2.3657,838.468
REU,Réunion,2010,2.1892,844.472
REU,Réunion,2011,2.1892,846.782
REU,Réunion,2012,2.2291,845.058
REU,Réunion,2013,2.2155,847.596
REU,Réunion,2014,2.237,858.67
REU,Réunion,2015,2.2352,865.012
REU,Réunion,2016,2.2193,862.86
REU,Réunion,2017,2.226,858.754
REU,Réunion,2018,2.1646,856.942
REU,Réunion,2019,2.133,857.328
REU,Réunion,2020,2.1458,861.446
REU,Réunion,2021,2.19,868.079
REU,Réunion,2022,2.1868,871.54
REU,Réunion,2023,2.1742,874.883
ROU,Romania,1950,3.0756,16397.279
ROU,Romania,1951,3.0521,16625.6
ROU,Romania,1952,3.0161,16846.047
ROU,Romania,1953,2.992,17057.698
ROU,Romania,1954,2.9929,17266.663
ROU,Romania,1955,3.0115,17475.268
ROU,Romania,1956,2.8833,17691.496
ROU,Romania,1957,2.7108,17887.289
ROU,Romania,1958,2.5709,18046.129
ROU,Romania,1959,2.4225,18187.698
ROU,Romania,1960,2.3183,18313.495
ROU,Romania,1961,2.1557,18422.514
ROU,Romania,1962,2.0226,18511.67
ROU,Romania,1963,1.9871,18587.43
ROU,Romania,1964,1.95,18655.402
ROU,Romania,1965,1.9031,18713.054
ROU,Romania,1966,1.8737,18776.259
ROU,Romania,1967,3.5879,18998.555
ROU,Romania,1968,3.5351,19361.055
ROU,Romania,1969,3.1121,19701.808
ROU,Romania,1970,2.8116,20011.625
ROU,Romania,1971,2.5981,20293.482
ROU,Romania,1972,2.4788,20555.576
ROU,Romania,1973,2.3939,20798.323
ROU,Romania,1974,2.6602,21033.552
ROU,Romania,1975,2.5948,21268.07
ROU,Romania,1976,2.5493,21497.683
ROU,Romania,1977,2.5658,21700.178
ROU,Romania,1978,2.5225,21868.067
ROU,Romania,1979,2.4898,22019.624
ROU,Romania,1980,2.4347,22154.771
ROU,Romania,1981,2.3535,22272.789
ROU,Romania,1982,2.1739,22374.443
ROU,Romania,1983,2.0766,22459.207
ROU,Romania,1984,2.251,22533.999
ROU,Romania,1985,2.3086,22605.82
ROU,Romania,1986,2.3849,22674.743
ROU,Romania,1987,2.3796,22745.591
ROU,Romania,1988,2.3071,22815.429
ROU,Romania,1989,2.2044,22887.641
ROU,Romania,1990,1.8372,22939.53
ROU,Romania,1991,1.5998,22947.413
ROU,Romania,1992,1.5102,22912.393
ROU,Romania,1993,1.4369,22842.25
ROU,Romania,1994,1.4004,22756.243
ROU,Romania,1995,1.337,22657.723
ROU,Romania,1996,1.3011,22541.91
ROU,Romania,1997,1.3168,22411.513
ROU,Romania,1998,1.3158,22284.9
ROU,Romania,1999,1.3042,22166.159
ROU,Romania,2000,1.3032,22046.262
ROU,Romania,2001,1.2718,21919.917
ROU,Romania,2002,1.2702,21770.017
ROU,Romania,2003,1.2985,21593.45
ROU,Romania,2004,1.3354,21403.217
ROU,Romania,2005,1.3938,21213.388
ROU,Romania,2006,1.4212,21035.732
ROU,Romania,2007,1.4486,20870.716
ROU,Romania,2008,1.581,20718.742
ROU,Romania,2009,1.6359,20576.927
ROU,Romania,2010,1.5742,20432.574
ROU,Romania,2011,1.4752,20282.011
ROU,Romania,2012,1.5102,20158.452
ROU,Romania,2013,1.4663,20062.921
ROU,Romania,2014,1.5597,19968.174
ROU,Romania,2015,1.621,19871.019
ROU,Romania,2016,1.6916,19777.051
ROU,Romania,2017,1.7698,19689.402
ROU,Romania,2018,1.7534,19597.872
ROU,Romania,2019,1.7107,19501.542
ROU,Romania,2020,1.7256,19392.469
ROU,Romania,2021,1.7179,19248.161
ROU,Romania,2022,1.7168,19166.772
ROU,Romania,2023,1.7133,19118.479
RUS,Russian Federation,1950,2.9262,103392.36
RUS,Russian Federation,1951,2.9016,104844.658
RUS,Russian Federation,1952,2.8627,106326.382
RUS,Russian Federation,1953,2.8288,107851.679
RUS,Russian Federation,1954,2.8517,109463.239
RUS,Russian Federation,1955,2.8124,111160.992
RUS,Russian Federation,1956,2.7581,112909.103
RUS,Russian Federation,1957,2.7285,114730.335
RUS,Russian Federation,1958,2.692,116588.766
RUS,Russian Federation,1959,2.6629,118293.89
RUS,Russian Federation,1960,2.633,119934.141
RUS,Russian Federation,1961,2.5197,121604.304
RUS,Russian Federation,1962,2.362,123111.713
RUS,Russian Federation,1963,2.2848,124449.753
RUS,Russian Federation,1964,2.1764,125630.154
RUS,Russian Federation,1965,2.1126,126634.214
RUS,Russian Federation,1966,2.1055,127533.631
RUS,Russian Federation,1967,2.0229,128342.644
RUS,Russian Federation,1968,1.9804,129065.041
RUS,Russian Federation,1969,1.9882,129762.187
RUS,Russian Federation,1970,2.0067,130367.189
RUS,Russian Federation,1971,2.0477,130987.113
RUS,Russian Federation,1972,2.0682,131726.419
RUS,Russian Federation,1973,2.0101,132475.15
RUS,Russian Federation,1974,2.0274,133259.158
RUS,Russian Federation,1975,2.0019,134136.098
RUS,Russian Federation,1976,1.9925,135080.69
RUS,Russian Federation,1977,1.9781,136040.976
RUS,Russian Federation,1978,1.9532,136979.088
RUS,Russian Federation,1979,1.9198,137816.54
RUS,Russian Federation,1980,1.9162,138572.623
RUS,Russian Federation,1981,1.9412,139351.498
RUS,Russian Federation,1982,2.022,140247.748
RUS,Russian Federation,1983,2.1349,141331.278
RUS,Russian Federation,1984,2.0985,142464.239
RUS,Russian Federation,1985,2.0944,143569.389
RUS,Russian Federation,1986,2.2049,144807.813
RUS,Russian Federation,1987,2.2494,146147.382
RUS,Russian Federation,1988,2.159,147364.49
RUS,Russian Federation,1989,2.034,148281.866
RUS,Russian Federation,1990,1.91,148979.54
RUS,Russian Federation,1991,1.751,149448.433
RUS,Russian Federation,1992,1.5655,148915.991
RUS,Russian Federation,1993,1.3932,148135.424
RUS,Russian Federation,1994,1.3981,148200.736
RUS,Russian Federation,1995,1.352,148291.403
RUS,Russian Federation,1996,1.289,148084.582
RUS,Russian Federation,1997,1.2425,147853.771
RUS,Russian Federation,1998,1.2415,147635.531
RUS,Russian Federation,1999,1.1831,147241.975
RUS,Russian Federation,2000,1.1898,146717.782
RUS,Russian Federation,2001,1.2207,146117.284
RUS,Russian Federation,2002,1.2872,145939.5
RUS,Russian Federation,2003,1.3337,145794.229
RUS,Russian Federation,2004,1.345,145180.097
RUS,Russian Federation,2005,1.2989,144597.884
RUS,Russian Federation,2006,1.3146,144102.948
RUS,Russian Federation,2007,1.4277,143859.764
RUS,Russian Federation,2008,1.5172,143811.84
RUS,Russian Federation,2009,1.5588,143869.132
RUS,Russian Federation,2010,1.5853,143934.466
RUS,Russian Federation,2011,1.6009,144043.748
RUS,Russian Federation,2012,1.7082,144291.029
RUS,Russian Federation,2013,1.7246,144604.098
RUS,Russian Federation,2014,1.7665,144925.638
RUS,Russian Federation,2015,1.7901,145307.616
RUS,Russian Federation,2016,1.7734,145778.677
RUS,Russian Federation,2017,1.6265,146186.799
RUS,Russian Federation,2018,1.5813,146430.146
RUS,Russian Federation,2019,1.504,146533.067
RUS,Russian Federation,2020,1.505,146371.298
RUS,Russian Federation,2021,1.505,145836.175
RUS,Russian Federation,2022,1.452,145579.899
RUS,Russian Federation,2023,1.449,145440.5
RWA,Rwanda,1950,8.1524,2157.096
RWA,Rwanda,1951,8.1563,2236.031
RWA,Rwanda,1952,8.178,2316.51
RWA,Rwanda,1953,8.1982,2398.36
RWA,Rwanda,1954,8.217,2482.122
RWA,Rwanda,1955,8.2143,2568.298
RWA,Rwanda,1956,8.2313,2656.809
RWA,Rwanda,1957,8.2563,2747.874
RWA,Rwanda,1958,8.2702,2840.129
RWA,Rwanda,1959,8.2881,2932.394
RWA,Rwanda,1960,8.2829,3022.294
RWA,Rwanda,1961,8.279,3106.779
RWA,Rwanda,1962,8.271,3186.025
RWA,Rwanda,1963,8.2688,3258.89
RWA,Rwanda,1964,8.2662,3334.834
RWA,Rwanda,1965,8.2488,3423.21
RWA,Rwanda,1966,8.2302,3521.626
RWA,Rwanda,1967,8.2105,3629.577
RWA,Rwanda,1968,8.1869,3744.01
RWA,Rwanda,1969,8.176,3861.271
RWA,Rwanda,1970,8.1455,3980.669
RWA,Rwanda,1971,8.0919,4100.044
RWA,Rwanda,1972,8.0893,4220.335
RWA,Rwanda,1973,8.0916,4345.047
RWA,Rwanda,1974,8.1022,4474.228
RWA,Rwanda,1975,8.0961,4607.728
RWA,Rwanda,1976,8.1215,4745.954
RWA,Rwanda,1977,8.1384,4888.24
RWA,Rwanda,1978,8.1575,5035.17
RWA,Rwanda,1979,8.1302,5189.54
RWA,Rwanda,1980,8.1153,5353.259
RWA,Rwanda,1981,8.1021,5527.23
RWA,Rwanda,1982,8.0644,5711.549
RWA,Rwanda,1983,8.0013,5905.312
RWA,Rwanda,1984,7.9133,6107.627
RWA,Rwanda,1985,7.7858,6317.228
RWA,Rwanda,1986,7.6122,6531.881
RWA,Rwanda,1987,7.4258,6749.492
RWA,Rwanda,1988,7.234,6968.071
RWA,Rwanda,1989,7.0291,7184.706
RWA,Rwanda,1990,6.8031,7375.307
RWA,Rwanda,1991,6.6216,7526.966
RWA,Rwanda,1992,6.5391,7683.266
RWA,Rwanda,1993,6.4789,7981.132
RWA,Rwanda,1994,6.4151,6792.352
RWA,Rwanda,1995,6.3448,5674.118
RWA,Rwanda,1996,6.2886,6708.764
RWA,Rwanda,1997,6.2346,7755.238
RWA,Rwanda,1998,6.1714,8081.681
RWA,Rwanda,1999,6.0591,8147.912
RWA,Rwanda,2000,5.9667,8213.93
RWA,Rwanda,2001,5.8927,8287.094
RWA,Rwanda,2002,5.8161,8400.18
RWA,Rwanda,2003,5.737,8586.875
RWA,Rwanda,2004,5.6396,8816.844
RWA,Rwanda,2005,5.5003,9054.528
RWA,Rwanda,2006,5.335,9299.246
RWA,Rwanda,2007,5.1409,9549.933
RWA,Rwanda,2008,4.922,9804.268
RWA,Rwanda,2009,4.707,10060.432
RWA,Rwanda,2010,4.522,10317.554
RWA,Rwanda,2011,4.3318,10573.733
RWA,Rwanda,2012,4.2011,10829.901
RWA,Rwanda,2013,4.136,11093.34
RWA,Rwanda,2014,4.1173,11364.757
RWA,Rwanda,2015,4.1078,11640.022
RWA,Rwanda,2016,4.1062,11919.183
RWA,Rwanda,2017,4.0843,12202.06
RWA,Rwanda,2018,4.0466,12487.996
RWA,Rwanda,2019,3.9854,12776.103
RWA,Rwanda,2020,3.9134,13065.837
RWA,Rwanda,2021,3.8409,13355.26
RWA,Rwanda,2022,3.7782,13651.03
RWA,Rwanda,2023,3.6982,13954.472
SAU,Saudi Arabia,1950,7.5771,1703.271
SAU,Saudi Arabia,1951,7.5755,1763.607
SAU,Saudi Arabia,1952,7.5758,1826.509
SAU,Saudi Arabia,1953,7.5882,1892.162
SAU,Saudi Arabia,1954,7.5866,1960.623
SAU,Saudi Arabia,1955,7.5925,2031.955
SAU,Saudi Arabia,1956,7.5866,2106.227
SAU,Saudi Arabia,1957,7.5949,2183.542
SAU,Saudi Arabia,1958,7.6026,2264.096
SAU,Saudi Arabia,1959,7.616,2348.011
SAU,Saudi Arabia,1960,7.6261,2435.404
SAU,Saudi Arabia,1961,7.6343,2526.346
SAU,Saudi Arabia,1962,7.6362,2620.91
SAU,Saudi Arabia,1963,7.6536,2719.342
SAU,Saudi Arabia,1964,7.6716,2821.968
SAU,Saudi Arabia,1965,7.6578,2928.771
SAU,Saudi Arabia,1966,7.655,3039.887
SAU,Saudi Arabia,1967,7.6575,3157.242
SAU,Saudi Arabia,1968,7.6271,3282.711
SAU,Saudi Arabia,1969,7.5972,3417.114
SAU,Saudi Arabia,1970,7.5831,3562.47
SAU,Saudi Arabia,1971,7.5563,3724.031
SAU,Saudi Arabia,1972,7.5393,3905.722
SAU,Saudi Arabia,1973,7.4836,4106.344
SAU,Saudi Arabia,1974,7.4263,4323.632
SAU,Saudi Arabia,1975,7.3703,4556.287
SAU,Saudi Arabia,1976,7.3295,4807.933
SAU,Saudi Arabia,1977,7.2952,5083.048
SAU,Saudi Arabia,1978,7.2632,5381.902
SAU,Saudi Arabia,1979,7.227,5703.698
SAU,Saudi Arabia,1980,7.145,6047.997
SAU,Saudi Arabia,1981,7.067,6420.551
SAU,Saudi Arabia,1982,6.9785,6824.486
SAU,Saudi Arabia,1983,6.8752,7252.941
SAU,Saudi Arabia,1984,6.7757,7697.307
SAU,Saudi Arabia,1985,6.6488,8151.779
SAU,Saudi Arabia,1986,6.5166,8628.639
SAU,Saudi Arabia,1987,6.343,9130.194
SAU,Saudi Arabia,1988,6.1498,9629.164
SAU,Saudi Arabia,1989,5.9745,10128.394
SAU,Saudi Arabia,1990,5.8036,10640.69
SAU,Saudi Arabia,1991,5.644,11160.744
SAU,Saudi Arabia,1992,5.4893,11686.676
SAU,Saudi Arabia,1993,5.3263,12215.862
SAU,Saudi Arabia,1994,5.1606,12750.04
SAU,Saudi Arabia,1995,4.9859,13289.245
SAU,Saudi Arabia,1996,4.8123,13831.009
SAU,Saudi Arabia,1997,4.6556,14374.944
SAU,Saudi Arabia,1998,4.5236,14922.186
SAU,Saudi Arabia,1999,4.3539,15472.074
SAU,Saudi Arabia,2000,4.2055,16177.722
SAU,Saudi Arabia,2001,3.9636,17041.397
SAU,Saudi Arabia,2002,3.7088,17910.91
SAU,Saudi Arabia,2003,3.4651,18786.767
SAU,Saudi Arabia,2004,3.2636,19669.48
SAU,Saudi Arabia,2005,3.161,20559.89
SAU,Saudi Arabia,2006,3.1761,21459.144
SAU,Saudi Arabia,2007,3.1849,22368.312
SAU,Saudi Arabia,2008,3.0736,23287.877
SAU,Saudi Arabia,2009,2.9505,24217.654
SAU,Saudi Arabia,2010,2.81,25157.128
SAU,Saudi Arabia,2011,2.8,26105.645
SAU,Saudi Arabia,2012,2.78,27062.443
SAU,Saudi Arabia,2013,2.67,28026.825
SAU,Saudi Arabia,2014,2.68,28998.128
SAU,Saudi Arabia,2015,2.63,29974.938
SAU,Saudi Arabia,2016,2.65,30717.808
SAU,Saudi Arabia,2017,2.67,30782.402
SAU,Saudi Arabia,2018,2.67,30365.121
SAU,Saudi Arabia,2019,2.49,30472.811
SAU,Saudi Arabia,2020,2.27,30991.207
SAU,Saudi Arabia,2021,2.17,31328.375
SAU,Saudi Arabia,2022,2.14,32175.352
SAU,Saudi Arabia,2023,2.2803,33264.292
SDN,Sudan,1950,6.6625,6189.91
SDN,Sudan,1951,6.6661,6376.06
SDN,Sudan,1952,6.6743,6568.609
SDN,Sudan,1953,6.6718,6765.905
SDN,Sudan,1954,6.6791,6969.636
SDN,Sudan,1955,6.679,7181.692
SDN,Sudan,1956,6.6798,7401.592
SDN,Sudan,1957,6.6737,7629.449
SDN,Sudan,1958,6.6746,7863.034
SDN,Sudan,1959,6.6634,8106.484
SDN,Sudan,1960,6.6629,8364.489
SDN,Sudan,1961,6.6561,8634.941
SDN,Sudan,1962,6.704,8919.028
SDN,Sudan,1963,6.7584,9218.078
SDN,Sudan,1964,6.8037,9531.108
SDN,Sudan,1965,6.8399,9858.03
SDN,Sudan,1966,6.879,10197.578
SDN,Sudan,1967,6.9095,10550.598
SDN,Sudan,1968,6.9456,10918
SDN,Sudan,1969,6.9665,11298.936
SDN,Sudan,1970,6.9865,11695.771
SDN,Sudan,1971,7.0186,12105.539
SDN,Sudan,1972,6.9833,12527.856
SDN,Sudan,1973,6.939,13049.314
SDN,Sudan,1974,6.9085,13580.723
SDN,Sudan,1975,6.8658,14064.798
SDN,Sudan,1976,6.8226,14569.716
SDN,Sudan,1977,6.7748,15086.614
SDN,Sudan,1978,6.7201,15695.002
SDN,Sudan,1979,6.6511,16355.352
SDN,Sudan,1980,6.5918,17058.905
SDN,Sudan,1981,6.5284,17780.572
SDN,Sudan,1982,6.4732,18486.645
SDN,Sudan,1983,6.4129,19109.77
SDN,Sudan,1984,6.343,19546.528
SDN,Sudan,1985,6.2791,19905.872
SDN,Sudan,1986,6.2246,20288.238
SDN,Sudan,1987,6.1752,20704.904
SDN,Sudan,1988,6.1324,21138.431
SDN,Sudan,1989,6.1057,21578.022
SDN,Sudan,1990,6.0742,22021.481
SDN,Sudan,1991,6.0496,22470.676
SDN,Sudan,1992,6.0192,22927.355
SDN,Sudan,1993,5.9698,23445.592
SDN,Sudan,1994,5.9123,24043.948
SDN,Sudan,1995,5.8556,24672.143
SDN,Sudan,1996,5.7916,25231.528
SDN,Sudan,1997,5.717,25799.821
SDN,Sudan,1998,5.6459,26458.999
SDN,Sudan,1999,5.6219,27130.613
SDN,Sudan,2000,5.5956,27816.745
SDN,Sudan,2001,5.5623,28516.77
SDN,Sudan,2002,5.531,29228.727
SDN,Sudan,2003,5.4886,29896.035
SDN,Sudan,2004,5.4549,30556.637
SDN,Sudan,2005,5.3972,31262.444
SDN,Sudan,2006,5.3322,31992.435
SDN,Sudan,2007,5.2697,32764.135
SDN,Sudan,2008,5.2116,33623.98
SDN,Sudan,2009,5.1729,34569.113
SDN,Sudan,2010,5.1412,35414.4
SDN,Sudan,2011,5.0873,36140.806
SDN,Sudan,2012,5.0306,36923.178
SDN,Sudan,2013,4.9651,37785.848
SDN,Sudan,2014,4.9116,38823.318
SDN,Sudan,2015,4.8981,40024.432
SDN,Sudan,2016,4.8295,41259.892
SDN,Sudan,2017,4.7614,42714.306
SDN,Sudan,2018,4.6813,44230.596
SDN,Sudan,2019,4.6169,45548.175
SDN,Sudan,2020,4.5419,46789.231
SDN,Sudan,2021,4.4574,48066.924
SDN,Sudan,2022,4.384,49383.346
SDN,Sudan,2023,4.3227,50042.791
SEN,Senegal,1950,6.7868,2555.369
SEN,Senegal,1951,6.7876,2619.642
SEN,Senegal,1952,6.7917,2686.999
SEN,Senegal,1953,6.8008,2757.566
SEN,Senegal,1954,6.8149,2831.39
SEN,Senegal,1955,6.8341,2908.504
SEN,Senegal,1956,6.8582,2988.932
SEN,Senegal,1957,6.8869,3072.364
SEN,Senegal,1958,6.92,3158.756
SEN,Senegal,1959,6.9567,3248.318
SEN,Senegal,1960,6.9963,3340.907
SEN,Senegal,1961,7.0376,3436.375
SEN,Senegal,1962,7.0792,3534.686
SEN,Senegal,1963,7.1196,3635.876
SEN,Senegal,1964,7.1571,3740.536
SEN,Senegal,1965,7.19,3849.788
SEN,Senegal,1966,7.2167,3964.299
SEN,Senegal,1967,7.2368,4083.87
SEN,Senegal,1968,7.2508,4207.587
SEN,Senegal,1969,7.2588,4334.974
SEN,Senegal,1970,7.2617,4466.328
SEN,Senegal,1971,7.2608,4601.864
SEN,Senegal,1972,7.258,4741.63
SEN,Senegal,1973,7.2548,4885.181
SEN,Senegal,1974,7.2521,5029.437
SEN,Senegal,1975,7.2523,5170.81
SEN,Senegal,1976,7.2577,5308.564
SEN,Senegal,1977,7.2676,5439.549
SEN,Senegal,1978,7.2794,5568.096
SEN,Senegal,1979,7.2897,5702.894
SEN,Senegal,1980,7.292,5845.638
SEN,Senegal,1981,7.2789,5997.16
SEN,Senegal,1982,7.2454,6156.961
SEN,Senegal,1983,7.1893,6324.504
SEN,Senegal,1984,7.111,6499.364
SEN,Senegal,1985,7.0134,6683.286
SEN,Senegal,1986,6.902,6878.192
SEN,Senegal,1987,6.7847,7081.53
SEN,Senegal,1988,6.5775,7289.618
SEN,Senegal,1989,6.4789,7502.206
SEN,Senegal,1990,6.3963,7720.523
SEN,Senegal,1991,6.2668,7943.085
SEN,Senegal,1992,6.1494,8168.395
SEN,Senegal,1993,6.0486,8396.288
SEN,Senegal,1994,5.9154,8624.078
SEN,Senegal,1995,5.8189,8848.101
SEN,Senegal,1996,5.7228,9067.014
SEN,Senegal,1997,5.6395,9283.495
SEN,Senegal,1998,5.5807,9502.952
SEN,Senegal,1999,5.5728,9730.887
SEN,Senegal,2000,5.4978,9968.26
SEN,Senegal,2001,5.3973,10212.942
SEN,Senegal,2002,5.301,10466.214
SEN,Senegal,2003,5.2464,10721.176
SEN,Senegal,2004,5.1925,10975.704
SEN,Senegal,2005,5.1333,11235.472
SEN,Senegal,2006,5.0643,11500.094
SEN,Senegal,2007,5.0182,11770.344
SEN,Senegal,2008,5.0241,12048.959
SEN,Senegal,2009,5.0252,12337.389
SEN,Senegal,2010,5.055,12635.412
SEN,Senegal,2011,5.0989,12958.896
SEN,Senegal,2012,5.1291,13310.494
SEN,Senegal,2013,5.0486,13710.849
SEN,Senegal,2014,4.8844,14152.102
SEN,Senegal,2015,4.7514,14593.33
SEN,Senegal,2016,4.6476,15034.52
SEN,Senegal,2017,4.4888,15475.002
SEN,Senegal,2018,4.2944,15914.498
SEN,Senegal,2019,4.1,16352.922
SEN,Senegal,2020,4.0032,16789.219
SEN,Senegal,2021,3.9361,17220.866
SEN,Senegal,2022,3.8641,17651.103
SEN,Senegal,2023,3.8185,18077.573
SGP,Singapore,1950,6.2252,1013.314
SGP,Singapore,1951,6.2526,1068.035
SGP,Singapore,1952,6.2855,1126.09
SGP,Singapore,1953,6.3212,1187.52
SGP,Singapore,1954,6.3459,1252.281
SGP,Singapore,1955,6.3754,1320.23
SGP,Singapore,1956,6.4442,1390.956
SGP,Singapore,1957,6.4042,1458.271
SGP,Singapore,1958,6.316,1515.727
SGP,Singapore,1959,6.1208,1567.754
SGP,Singapore,1960,5.7652,1619.322
SGP,Singapore,1961,5.4177,1670.461
SGP,Singapore,1962,5.2161,1721.176
SGP,Singapore,1963,5.1591,1771.513
SGP,Singapore,1964,4.9713,1821.466
SGP,Singapore,1965,4.6667,1870.822
SGP,Singapore,1966,4.4518,1919.09
SGP,Singapore,1967,3.9136,1965.679
SGP,Singapore,1968,3.5283,2010.092
SGP,Singapore,1969,3.222,2052.157
SGP,Singapore,1970,3.0682,2091.558
SGP,Singapore,1971,3.0202,2128.433
SGP,Singapore,1972,3.0314,2164.334
SGP,Singapore,1973,2.7822,2200.137
SGP,Singapore,1974,2.351,2235.075
SGP,Singapore,1975,2.0802,2268.523
SGP,Singapore,1976,2.0901,2300.743
SGP,Singapore,1977,1.8256,2331.545
SGP,Singapore,1978,1.787,2360.602
SGP,Singapore,1979,1.7892,2388.157
SGP,Singapore,1980,1.7388,2437.493
SGP,Singapore,1981,1.7107,2531.802
SGP,Singapore,1982,1.6717,2627.417
SGP,Singapore,1983,1.5399,2685.981
SGP,Singapore,1984,1.5399,2720.923
SGP,Singapore,1985,1.5328,2735.03
SGP,Singapore,1986,1.3469,2744.654
SGP,Singapore,1987,1.4868,2781.615
SGP,Singapore,1988,1.7501,2849.045
SGP,Singapore,1989,1.527,2938.655
SGP,Singapore,1990,1.5829,3039.591
SGP,Singapore,1991,1.4949,3136.291
SGP,Singapore,1992,1.4846,3226.464
SGP,Singapore,1993,1.4979,3317.892
SGP,Singapore,1994,1.4713,3417.817
SGP,Singapore,1995,1.4426,3533.624
SGP,Singapore,1996,1.4243,3664.56
SGP,Singapore,1997,1.3723,3796.622
SGP,Singapore,1998,1.2612,3901.418
SGP,Singapore,1999,1.2391,3966.557
SGP,Singapore,2000,1.3416,4035.245
SGP,Singapore,2001,1.1863,4116.166
SGP,Singapore,2002,1.1721,4146.892
SGP,Singapore,2003,1.0811,4138.245
SGP,Singapore,2004,1.0706,4172.768
SGP,Singapore,2005,1.0721,4268.364
SGP,Singapore,2006,1.0685,4407.058
SGP,Singapore,2007,1.0691,4596.515
SGP,Singapore,2008,1.044,4806.741
SGP,Singapore,2009,1.0024,4968.568
SGP,Singapore,2010,0.9337,5077.014
SGP,Singapore,2011,0.9638,5182.239
SGP,Singapore,2012,1.0269,5293.34
SGP,Singapore,2013,0.9494,5385.588
SGP,Singapore,2014,1.0032,5457.9
SGP,Singapore,2015,0.9768,5525.34
SGP,Singapore,2016,0.9431,5577.93
SGP,Singapore,2017,0.936,5604.078
SGP,Singapore,2018,0.9476,5634.37
SGP,Singapore,2019,0.9422,5669.562
SGP,Singapore,2020,0.9419,5620.15
SGP,Singapore,2021,0.9439,5546.29
SGP,Singapore,2022,0.9427,5649.884
SGP,Singapore,2023,0.9429,5789.09
SHN,Saint Helena,1950,5.6209,5.224
SHN,Saint Helena,1951,5.5819,5.274
SHN,Saint Helena,1952,5.5372,5.301
SHN,Saint Helena,1953,5.4902,5.314
SHN,Saint Helena,1954,5.4479,5.319
SHN,Saint Helena,1955,5.4669,5.308
SHN,Saint Helena,1956,5.4358,5.296
SHN,Saint Helena,1957,5.4152,5.306
SHN,Saint Helena,1958,5.3841,5.324
SHN,Saint Helena,1959,5.3469,5.34
SHN,Saint Helena,1960,5.285,5.362
SHN,Saint Helena,1961,5.2162,5.389
SHN,Saint Helena,1962,5.1405,5.414
SHN,Saint Helena,1963,5.0592,5.439
SHN,Saint Helena,1964,4.9939,5.46
SHN,Saint Helena,1965,4.9639,5.476
SHN,Saint Helena,1966,4.9431,5.5
SHN,Saint Helena,1967,4.9152,5.552
SHN,Saint Helena,1968,4.8627,5.622
SHN,Saint Helena,1969,4.7449,5.696
SHN,Saint Helena,1970,4.4123,5.776
SHN,Saint Helena,1971,4.0014,5.858
SHN,Saint Helena,1972,3.6962,5.932
SHN,Saint Helena,1973,3.4944,6.002
SHN,Saint Helena,1974,3.3805,6.067
SHN,Saint Helena,1975,3.261,6.128
SHN,Saint Helena,1976,3.0895,6.173
SHN,Saint Helena,1977,2.9542,6.223
SHN,Saint Helena,1978,2.8583,6.286
SHN,Saint Helena,1979,2.8056,6.339
SHN,Saint Helena,1980,2.791,6.391
SHN,Saint Helena,1981,2.8138,6.446
SHN,Saint Helena,1982,2.7749,6.511
SHN,Saint Helena,1983,2.6702,6.574
SHN,Saint Helena,1984,2.5417,6.624
SHN,Saint Helena,1985,2.4205,6.654
SHN,Saint Helena,1986,2.3515,6.682
SHN,Saint Helena,1987,2.2865,6.699
SHN,Saint Helena,1988,2.2504,6.686
SHN,Saint Helena,1989,2.2092,6.655
SHN,Saint Helena,1990,2.1437,6.617
SHN,Saint Helena,1991,2.0823,6.572
SHN,Saint Helena,1992,2.0225,6.524
SHN,Saint Helena,1993,1.9544,6.473
SHN,Saint Helena,1994,1.8813,6.412
SHN,Saint Helena,1995,1.8285,6.348
SHN,Saint Helena,1996,1.7707,6.287
SHN,Saint Helena,1997,1.7477,6.224
SHN,Saint Helena,1998,1.7238,6.158
SHN,Saint Helena,1999,1.7047,6.09
SHN,Saint Helena,2000,1.6804,6.016
SHN,Saint Helena,2001,1.6467,5.938
SHN,Saint Helena,2002,1.6213,5.85
SHN,Saint Helena,2003,1.6033,5.753
SHN,Saint Helena,2004,1.59,5.651
SHN,Saint Helena,2005,1.5932,5.543
SHN,Saint Helena,2006,1.5985,5.432
SHN,Saint Helena,2007,1.6066,5.322
SHN,Saint Helena,2008,1.6158,5.272
SHN,Saint Helena,2009,1.6279,5.296
SHN,Saint Helena,2010,1.6517,5.329
SHN,Saint Helena,2011,1.6707,5.364
SHN,Saint Helena,2012,1.6856,5.403
SHN,Saint Helena,2013,1.6917,5.435
SHN,Saint Helena,2014,1.6995,5.466
SHN,Saint Helena,2015,1.699,5.505
SHN,Saint Helena,2016,1.6973,5.517
SHN,Saint Helena,2017,1.6944,5.501
SHN,Saint Helena,2018,1.6806,5.481
SHN,Saint Helena,2019,1.6677,5.458
SHN,Saint Helena,2020,1.6565,5.43
SHN,Saint Helena,2021,1.6447,5.39
SHN,Saint Helena,2022,1.6371,5.343
SHN,Saint Helena,2023,1.6356,5.288
SLB,Solomon Islands,1950,7.15,108.634
SLB,Solomon Islands,1951,7.1505,110.958
SLB,Solomon Islands,1952,7.159,113.488
SLB,Solomon Islands,1953,7.1391,116.21
SLB,Solomon Islands,1954,7.1323,119.112
SLB,Solomon Islands,1955,7.1153,122.19
SLB,Solomon Islands,1956,7.1003,125.345
SLB,Solomon Islands,1957,7.0821,128.678
SLB,Solomon Islands,1958,7.0796,132.304
SLB,Solomon Islands,1959,7.0684,136.125
SLB,Solomon Islands,1960,7.0645,139.688
SLB,Solomon Islands,1961,7.0521,142.912
SLB,Solomon Islands,1962,7.0419,146.201
SLB,Solomon Islands,1963,7.0344,149.589
SLB,Solomon Islands,1964,7.0471,153.085
SLB,Solomon Islands,1965,7.0172,156.686
SLB,Solomon Islands,1966,6.9973,160.393
SLB,Solomon Islands,1967,6.9743,164.245
SLB,Solomon Islands,1968,6.9482,168.282
SLB,Solomon Islands,1969,6.9744,172.476
SLB,Solomon Islands,1970,6.9831,176.579
SLB,Solomon Islands,1971,6.9852,180.637
SLB,Solomon Islands,1972,6.9915,184.994
SLB,Solomon Islands,1973,7.0011,189.774
SLB,Solomon Islands,1974,7.0097,195.041
SLB,Solomon Islands,1975,6.9877,200.744
SLB,Solomon Islands,1976,6.9542,207.194
SLB,Solomon Islands,1977,6.9154,214.418
SLB,Solomon Islands,1978,6.8713,222.029
SLB,Solomon Islands,1979,6.8224,229.953
SLB,Solomon Islands,1980,6.7685,238.135
SLB,Solomon Islands,1981,6.7088,246.555
SLB,Solomon Islands,1982,6.6404,255.2
SLB,Solomon Islands,1983,6.5687,264.068
SLB,Solomon Islands,1984,6.4888,273.163
SLB,Solomon Islands,1985,6.3749,282.455
SLB,Solomon Islands,1986,6.2588,291.842
SLB,Solomon Islands,1987,6.1151,301.414
SLB,Solomon Islands,1988,5.9904,311.265
SLB,Solomon Islands,1989,5.8673,321.282
SLB,Solomon Islands,1990,5.7403,331.435
SLB,Solomon Islands,1991,5.6197,341.738
SLB,Solomon Islands,1992,5.5086,352.205
SLB,Solomon Islands,1993,5.4532,362.838
SLB,Solomon Islands,1994,5.3976,373.676
SLB,Solomon Islands,1995,5.3349,384.734
SLB,Solomon Islands,1996,5.2207,396.009
SLB,Solomon Islands,1997,5.0934,407.474
SLB,Solomon Islands,1998,4.9775,419.071
SLB,Solomon Islands,1999,4.8605,430.5
SLB,Solomon Islands,2000,4.7569,440.469
SLB,Solomon Islands,2001,4.6735,449.125
SLB,Solomon Islands,2002,4.6016,457.671
SLB,Solomon Islands,2003,4.5389,466.154
SLB,Solomon Islands,2004,4.4657,474.611
SLB,Solomon Islands,2005,4.4112,483.08
SLB,Solomon Islands,2006,4.3898,491.594
SLB,Solomon Islands,2007,4.3723,500.156
SLB,Solomon Islands,2008,4.3584,508.79
SLB,Solomon Islands,2009,4.349,518.141
SLB,Solomon Islands,2010,4.3409,532.968
SLB,Solomon Islands,2011,4.335,552.945
SLB,Solomon Islands,2012,4.3321,573.606
SLB,Solomon Islands,2013,4.3254,594.945
SLB,Solomon Islands,2014,4.3604,616.908
SLB,Solomon Islands,2015,4.2907,639.415
SLB,Solomon Islands,2016,4.1995,662.378
SLB,Solomon Islands,2017,4.0601,685.672
SLB,Solomon Islands,2018,3.9302,709.101
SLB,Solomon Islands,2019,3.8,728.147
SLB,Solomon Islands,2020,3.7494,744.498
SLB,Solomon Islands,2021,3.6938,762.592
SLB,Solomon Islands,2022,3.6197,781.066
SLB,Solomon Islands,2023,3.5573,800.006
SLE,Sierra Leone,1950,6.0903,1999.623
SLE,Sierra Leone,1951,6.0695,2023.276
SLE,Sierra Leone,1952,6.0336,2047.2
SLE,Sierra Leone,1953,6.0026,2070.81
SLE,Sierra Leone,1954,6.0482,2095.066
SLE,Sierra Leone,1955,6.0731,2120.889
SLE,Sierra Leone,1956,6.1004,2147.979
SLE,Sierra Leone,1957,6.1146,2176.25
SLE,Sierra Leone,1958,6.1291,2204.839
SLE,Sierra Leone,1959,6.1457,2235.026
SLE,Sierra Leone,1960,6.1748,2268.356
SLE,Sierra Leone,1961,6.2049,2304.227
SLE,Sierra Leone,1962,6.2223,2342.242
SLE,Sierra Leone,1963,6.2607,2382.258
SLE,Sierra Leone,1964,6.2938,2424.39
SLE,Sierra Leone,1965,6.3112,2468.666
SLE,Sierra Leone,1966,6.345,2514.638
SLE,Sierra Leone,1967,6.3832,2562.384
SLE,Sierra Leone,1968,6.3853,2611.532
SLE,Sierra Leone,1969,6.3934,2661.365
SLE,Sierra Leone,1970,6.4106,2712.286
SLE,Sierra Leone,1971,6.4294,2763.222
SLE,Sierra Leone,1972,6.447,2814.388
SLE,Sierra Leone,1973,6.4726,2866.955
SLE,Sierra Leone,1974,6.5341,2920.459
SLE,Sierra Leone,1975,6.546,2974.656
SLE,Sierra Leone,1976,6.5531,3028.82
SLE,Sierra Leone,1977,6.5682,3085.354
SLE,Sierra Leone,1978,6.5913,3145.517
SLE,Sierra Leone,1979,6.5819,3207.499
SLE,Sierra Leone,1980,6.5618,3272.089
SLE,Sierra Leone,1981,6.5537,3338.94
SLE,Sierra Leone,1982,6.5634,3408.183
SLE,Sierra Leone,1983,6.5725,3481.646
SLE,Sierra Leone,1984,6.5919,3558.758
SLE,Sierra Leone,1985,6.5917,3638.438
SLE,Sierra Leone,1986,6.5975,3728.38
SLE,Sierra Leone,1987,6.6092,3829.718
SLE,Sierra Leone,1988,6.5883,3934.518
SLE,Sierra Leone,1989,6.5711,4034.037
SLE,Sierra Leone,1990,6.5673,4196.828
SLE,Sierra Leone,1991,6.5526,4246.267
SLE,Sierra Leone,1992,6.5554,4166.366
SLE,Sierra Leone,1993,6.5686,4157.13
SLE,Sierra Leone,1994,6.5567,4173.105
SLE,Sierra Leone,1995,6.5553,4179.179
SLE,Sierra Leone,1996,6.5521,4199.21
SLE,Sierra Leone,1997,6.531,4253.716
SLE,Sierra Leone,1998,6.4953,4295.785
SLE,Sierra Leone,1999,6.4226,4318.044
SLE,Sierra Leone,2000,6.3545,4423.612
SLE,Sierra Leone,2001,6.3055,4692.716
SLE,Sierra Leone,2002,6.2296,4971.434
SLE,Sierra Leone,2003,6.0866,5177.687
SLE,Sierra Leone,2004,5.9188,5355.717
SLE,Sierra Leone,2005,5.8072,5501.712
SLE,Sierra Leone,2006,5.7373,5624.466
SLE,Sierra Leone,2007,5.6429,5749.352
SLE,Sierra Leone,2008,5.5629,5894.722
SLE,Sierra Leone,2009,5.448,6055.646
SLE,Sierra Leone,2010,5.3269,6222.714
SLE,Sierra Leone,2011,5.2087,6387.251
SLE,Sierra Leone,2012,5.0642,6551.08
SLE,Sierra Leone,2013,4.8734,6714.051
SLE,Sierra Leone,2014,4.7027,6876.385
SLE,Sierra Leone,2015,4.5481,7037.655
SLE,Sierra Leone,2016,4.4662,7205.328
SLE,Sierra Leone,2017,4.3891,7379.299
SLE,Sierra Leone,2018,4.2943,7554.563
SLE,Sierra Leone,2019,4.1922,7731.991
SLE,Sierra Leone,2020,4.0805,7912.558
SLE,Sierra Leone,2021,3.9779,8094.602
SLE,Sierra Leone,2022,3.8758,8276.806
SLE,Sierra Leone,2023,3.7914,8460.512
SLV,El Salvador,1950,6.2959,2183.506
SLV,El Salvador,1951,6.3192,2235.305
SLV,El Salvador,1952,6.3634,2287.952
SLV,El Salvador,1953,6.3942,2341.983
SLV,El Salvador,1954,6.4299,2397.831
SLV,El Salvador,1955,6.4749,2456.595
SLV,El Salvador,1956,6.4992,2518.165
SLV,El Salvador,1957,6.5356,2582.511
SLV,El Salvador,1958,6.5638,2648.661
SLV,El Salvador,1959,6.5905,2717.537
SLV,El Salvador,1960,6.6177,2791.459
SLV,El Salvador,1961,6.6438,2870.016
SLV,El Salvador,1962,6.675,2949.204
SLV,El Salvador,1963,6.6901,3028.679
SLV,El Salvador,1964,6.684,3111.883
SLV,El Salvador,1965,6.6361,3199.466
SLV,El Salvador,1966,6.5655,3290.961
SLV,El Salvador,1967,6.4868,3385.184
SLV,El Salvador,1968,6.3862,3480.772
SLV,El Salvador,1969,6.2781,3576.485
SLV,El Salvador,1970,6.1778,3668.796
SLV,El Salvador,1971,6.1304,3757.523
SLV,El Salvador,1972,6.0315,3846.83
SLV,El Salvador,1973,5.9292,3938.068
SLV,El Salvador,1974,5.8222,4029.672
SLV,El Salvador,1975,5.7052,4120.449
SLV,El Salvador,1976,5.5898,4210.31
SLV,El Salvador,1977,5.4729,4301.256
SLV,El Salvador,1978,5.3566,4394.114
SLV,El Salvador,1979,5.234,4480.388
SLV,El Salvador,1980,5.1065,4540.382
SLV,El Salvador,1981,4.986,4570.599
SLV,El Salvador,1982,4.8256,4622.477
SLV,El Salvador,1983,4.6499,4707.367
SLV,El Salvador,1984,4.4779,4798.004
SLV,El Salvador,1985,4.3165,4894.706
SLV,El Salvador,1986,4.1938,4992.768
SLV,El Salvador,1987,4.175,5092.442
SLV,El Salvador,1988,4.1034,5195.833
SLV,El Salvador,1989,4.0327,5298.979
SLV,El Salvador,1990,3.964,5399.726
SLV,El Salvador,1991,3.8886,5495.076
SLV,El Salvador,1992,3.8017,5585.609
SLV,El Salvador,1993,3.6906,5659.956
SLV,El Salvador,1994,3.6132,5714.129
SLV,El Salvador,1995,3.5678,5762.13
SLV,El Salvador,1996,3.4817,5805.286
SLV,El Salvador,1997,3.3766,5844.578
SLV,El Salvador,1998,3.3425,5880.781
SLV,El Salvador,1999,3.2166,5913.9
SLV,El Salvador,2000,3.0761,5943.366
SLV,El Salvador,2001,2.9298,5968.06
SLV,El Salvador,2002,2.7748,5986.63
SLV,El Salvador,2003,2.6361,5998.598
SLV,El Salvador,2004,2.5161,6004.671
SLV,El Salvador,2005,2.4404,6005.578
SLV,El Salvador,2006,2.3952,6002.319
SLV,El Salvador,2007,2.3541,6009.824
SLV,El Salvador,2008,2.2913,6029.297
SLV,El Salvador,2009,2.2615,6048.279
SLV,El Salvador,2010,2.2394,6068.25
SLV,El Salvador,2011,2.2241,6090.127
SLV,El Salvador,2012,2.187,6113.975
SLV,El Salvador,2013,2.1545,6138.839
SLV,El Salvador,2014,2.1261,6162.955
SLV,El Salvador,2015,2.0669,6183.676
SLV,El Salvador,2016,1.9652,6200.8
SLV,El Salvador,2017,1.8965,6213.533
SLV,El Salvador,2018,1.849,6219.808
SLV,El Salvador,2019,1.8383,6222.318
SLV,El Salvador,2020,1.819,6234.674
SLV,El Salvador,2021,1.8031,6255.782
SLV,El Salvador,2022,1.7848,6280.319
SLV,El Salvador,2023,1.7751,6309.624
SMR,San Marino,1950,2.8213,12.948
SMR,San Marino,1951,2.7145,13.12
SMR,San Marino,1952,2.6458,13.279
SMR,San Marino,1953,2.5894,13.437
SMR,San Marino,1954,2.5412,13.61
SMR,San Marino,1955,2.5065,13.793
SMR,San Marino,1956,2.4719,14.049
SMR,San Marino,1957,2.4364,14.384
SMR,San Marino,1958,2.402,14.726
SMR,San Marino,1959,2.3855,15.073
SMR,San Marino,1960,2.4279,15.428
SMR,San Marino,1961,2.6838,15.799
SMR,San Marino,1962,2.4337,16.183
SMR,San Marino,1963,2.4013,16.58
SMR,San Marino,1964,2.3683,16.977
SMR,San Marino,1965,2.3344,17.305
SMR,San Marino,1966,2.3259,17.523
SMR,San Marino,1967,2.305,17.688
SMR,San Marino,1968,2.2986,17.861
SMR,San Marino,1969,2.3125,18.026
SMR,San Marino,1970,2.3162,18.168
SMR,San Marino,1971,2.3261,18.419
SMR,San Marino,1972,2.2862,18.786
SMR,San Marino,1973,2.2275,18.992
SMR,San Marino,1974,2.1337,19.03
SMR,San Marino,1975,2.053,19.046
SMR,San Marino,1976,1.9469,19.11
SMR,San Marino,1977,1.8679,20.017
SMR,San Marino,1978,1.7712,21.026
SMR,San Marino,1979,1.6337,21.32
SMR,San Marino,1980,1.5249,21.585
SMR,San Marino,1981,1.4116,21.84
SMR,San Marino,1982,1.3037,22.055
SMR,San Marino,1983,1.2483,22.228
SMR,San Marino,1984,1.1984,22.346
SMR,San Marino,1985,1.1699,22.485
SMR,San Marino,1986,1.1471,22.636
SMR,San Marino,1987,1.1346,22.686
SMR,San Marino,1988,1.1398,22.843
SMR,San Marino,1989,1.1453,23.154
SMR,San Marino,1990,1.1625,23.475
SMR,San Marino,1991,1.167,23.798
SMR,San Marino,1992,1.15,24.125
SMR,San Marino,1993,1.1229,24.472
SMR,San Marino,1994,1.1377,24.823
SMR,San Marino,1995,1.1656,25.158
SMR,San Marino,1996,1.2121,25.482
SMR,San Marino,1997,1.2434,25.8
SMR,San Marino,1998,1.2626,26.125
SMR,San Marino,1999,1.2884,26.459
SMR,San Marino,2000,1.4039,26.799
SMR,San Marino,2001,1.5194,27.143
SMR,San Marino,2002,1.4317,27.491
SMR,San Marino,2003,1.2963,27.843
SMR,San Marino,2004,1.2981,28.202
SMR,San Marino,2005,1.1977,28.572
SMR,San Marino,2006,1.2423,28.942
SMR,San Marino,2007,1.2574,29.316
SMR,San Marino,2008,1.521,29.701
SMR,San Marino,2009,1.3581,30.09
SMR,San Marino,2010,1.4593,30.624
SMR,San Marino,2011,1.4557,32.169
SMR,San Marino,2012,1.2892,33.467
SMR,San Marino,2013,1.4833,33.62
SMR,San Marino,2014,1.2586,33.725
SMR,San Marino,2015,1.1958,33.901
SMR,San Marino,2016,1.1272,34.161
SMR,San Marino,2017,1.054,34.378
SMR,San Marino,2018,1.077,34.528
SMR,San Marino,2019,1.0958,34.653
SMR,San Marino,2020,1.1126,34.769
SMR,San Marino,2021,1.125,34.572
SMR,San Marino,2022,1.1365,34.09
SMR,San Marino,2023,1.1494,33.733
SOM,Somalia,1950,7.2484,2213.131
SOM,Somalia,1951,7.249,2276.68
SOM,Somalia,1952,7.25,2340.249
SOM,Somalia,1953,7.2506,2403.57
SOM,Somalia,1954,7.2509,2467.312
SOM,Somalia,1955,7.2508,2532.253
SOM,Somalia,1956,7.2505,2598.367
SOM,Somalia,1957,7.25,2665.702
SOM,Somalia,1958,7.2496,2733.405
SOM,Somalia,1959,7.2496,2803.09
SOM,Somalia,1960,7.2504,2876.331
SOM,Somalia,1961,7.2521,2952.054
SOM,Somalia,1962,7.2548,3030.092
SOM,Somalia,1963,7.258,3110.361
SOM,Somalia,1964,7.2608,3192.796
SOM,Somalia,1965,7.2614,3277.874
SOM,Somalia,1966,7.2574,3365.106
SOM,Somalia,1967,7.2476,3454.537
SOM,Somalia,1968,7.2315,3546.59
SOM,Somalia,1969,7.2095,3641.016
SOM,Somalia,1970,7.1821,3738.448
SOM,Somalia,1971,7.1508,3837.691
SOM,Somalia,1972,7.1179,3939.436
SOM,Somalia,1973,7.086,4045.592
SOM,Somalia,1974,7.0571,4151.842
SOM,Somalia,1975,7.0332,4257.536
SOM,Somalia,1976,7.0156,4365.812
SOM,Somalia,1977,7.0044,4484.05
SOM,Somalia,1978,7.1298,4814.892
SOM,Somalia,1979,7.1612,5449.116
SOM,Somalia,1980,7.1779,5936.154
SOM,Somalia,1981,7.2275,5982.849
SOM,Somalia,1982,7.2517,6003.84
SOM,Somalia,1983,7.2773,6198.43
SOM,Somalia,1984,7.3002,6428.389
SOM,Somalia,1985,7.3269,6693.29
SOM,Somalia,1986,7.3494,6974.788
SOM,Somalia,1987,7.3732,7228.302
SOM,Somalia,1988,7.3983,7235.36
SOM,Somalia,1989,7.4242,7114.817
SOM,Somalia,1990,7.4403,7082.812
SOM,Somalia,1991,7.4702,6813.76
SOM,Somalia,1992,7.4998,6495.107
SOM,Somalia,1993,7.5258,6681.399
SOM,Somalia,1994,7.544,7026.797
SOM,Somalia,1995,7.5813,7285.007
SOM,Somalia,1996,7.6212,7554.474
SOM,Somalia,1997,7.6623,7824.525
SOM,Somalia,1998,7.6561,8155.417
SOM,Somalia,1999,7.6575,8492.06
SOM,Somalia,2000,7.6447,8838.713
SOM,Somalia,2001,7.6356,9198.493
SOM,Somalia,2002,7.626,9550.063
SOM,Somalia,2003,7.6027,9909.157
SOM,Somalia,2004,7.5683,10280.998
SOM,Somalia,2005,7.5267,10644.228
SOM,Somalia,2006,7.4897,10975.502
SOM,Somalia,2007,7.4568,11322.582
SOM,Somalia,2008,7.4146,11663.084
SOM,Somalia,2009,7.3757,11961.201
SOM,Somalia,2010,7.3222,12261.756
SOM,Somalia,2011,7.2678,12348.83
SOM,Somalia,2012,7.2111,12461.16
SOM,Somalia,2013,7.1398,12869.594
SOM,Somalia,2014,7.0607,13339.491
SOM,Somalia,2015,6.9747,13806.964
SOM,Somalia,2016,6.8783,14348.74
SOM,Somalia,2017,6.7663,14916.629
SOM,Somalia,2018,6.6619,15452.487
SOM,Somalia,2019,6.5597,16030.971
SOM,Somalia,2020,6.4527,16651.191
SOM,Somalia,2021,6.3532,17271.431
SOM,Somalia,2022,6.2552,17801.897
SOM,Somalia,2023,6.1319,18358.615
SPM,Saint Pierre and Miquelon,1950,3.8567,4.488
SPM,Saint Pierre and Miquelon,1951,3.84,4.532
SPM,Saint Pierre and Miquelon,1952,3.7504,4.58
SPM,Saint Pierre and Miquelon,1953,4.1224,4.64
SPM,Saint Pierre and Miquelon,1954,4.4977,4.701
SPM,Saint Pierre and Miquelon,1955,4.894,4.766
SPM,Saint Pierre and Miquelon,1956,5.4185,4.814
SPM,Saint Pierre and Miquelon,1957,5.9882,4.845
SPM,Saint Pierre and Miquelon,1958,5.7785,4.899
SPM,Saint Pierre and Miquelon,1959,3.8235,4.965
SPM,Saint Pierre and Miquelon,1960,4.6024,4.992
SPM,Saint Pierre and Miquelon,1961,4.5386,4.981
SPM,Saint Pierre and Miquelon,1962,4.2544,4.996
SPM,Saint Pierre and Miquelon,1963,3.5364,5.067
SPM,Saint Pierre and Miquelon,1964,3.6091,5.157
SPM,Saint Pierre and Miquelon,1965,4.7111,5.236
SPM,Saint Pierre and Miquelon,1966,4.5057,5.313
SPM,Saint Pierre and Miquelon,1967,3.4317,5.394
SPM,Saint Pierre and Miquelon,1968,3.2202,5.468
SPM,Saint Pierre and Miquelon,1969,3.2077,5.55
SPM,Saint Pierre and Miquelon,1970,3.2588,5.636
SPM,Saint Pierre and Miquelon,1971,3.2178,5.723
SPM,Saint Pierre and Miquelon,1972,3.1152,5.811
SPM,Saint Pierre and Miquelon,1973,2.9524,5.9
SPM,Saint Pierre and Miquelon,1974,2.7508,5.981
SPM,Saint Pierre and Miquelon,1975,2.4544,6.031
SPM,Saint Pierre and Miquelon,1976,2.173,6.068
SPM,Saint Pierre and Miquelon,1977,2.0737,6.105
SPM,Saint Pierre and Miquelon,1978,2.1239,6.139
SPM,Saint Pierre and Miquelon,1979,2.1808,6.162
SPM,Saint Pierre and Miquelon,1980,2.2425,6.172
SPM,Saint Pierre and Miquelon,1981,2.2941,6.148
SPM,Saint Pierre and Miquelon,1982,2.3345,6.142
SPM,Saint Pierre and Miquelon,1983,2.3661,6.186
SPM,Saint Pierre and Miquelon,1984,2.3806,6.234
SPM,Saint Pierre and Miquelon,1985,2.3825,6.278
SPM,Saint Pierre and Miquelon,1986,2.3578,6.314
SPM,Saint Pierre and Miquelon,1987,2.3134,6.345
SPM,Saint Pierre and Miquelon,1988,2.2895,6.359
SPM,Saint Pierre and Miquelon,1989,2.2557,6.35
SPM,Saint Pierre and Miquelon,1990,2.2262,6.353
SPM,Saint Pierre and Miquelon,1991,2.2041,6.38
SPM,Saint Pierre and Miquelon,1992,2.1799,6.404
SPM,Saint Pierre and Miquelon,1993,2.1521,6.419
SPM,Saint Pierre and Miquelon,1994,2.119,6.43
SPM,Saint Pierre and Miquelon,1995,2.0878,6.436
SPM,Saint Pierre and Miquelon,1996,2.0566,6.427
SPM,Saint Pierre and Miquelon,1997,2.0316,6.413
SPM,Saint Pierre and Miquelon,1998,2.009,6.367
SPM,Saint Pierre and Miquelon,1999,1.9959,6.314
SPM,Saint Pierre and Miquelon,2000,1.9825,6.293
SPM,Saint Pierre and Miquelon,2001,1.9658,6.274
SPM,Saint Pierre and Miquelon,2002,1.9567,6.247
SPM,Saint Pierre and Miquelon,2003,1.9517,6.21
SPM,Saint Pierre and Miquelon,2004,1.9491,6.165
SPM,Saint Pierre and Miquelon,2005,1.9452,6.114
SPM,Saint Pierre and Miquelon,2006,1.951,6.069
SPM,Saint Pierre and Miquelon,2007,1.9617,6.048
SPM,Saint Pierre and Miquelon,2008,1.9715,6.037
SPM,Saint Pierre and Miquelon,2009,1.9776,6.029
SPM,Saint Pierre and Miquelon,2010,1.9558,6.024
SPM,Saint Pierre and Miquelon,2011,1.8336,6.013
SPM,Saint Pierre and Miquelon,2012,1.6748,5.995
SPM,Saint Pierre and Miquelon,2013,1.6223,5.976
SPM,Saint Pierre and Miquelon,2014,1.5433,5.961
SPM,Saint Pierre and Miquelon,2015,1.5189,5.947
SPM,Saint Pierre and Miquelon,2016,1.5053,5.93
SPM,Saint Pierre and Miquelon,2017,1.4898,5.919
SPM,Saint Pierre and Miquelon,2018,1.4561,5.91
SPM,Saint Pierre and Miquelon,2019,1.3584,5.876
SPM,Saint Pierre and Miquelon,2020,1.3186,5.827
SPM,Saint Pierre and Miquelon,2021,1.295,5.779
SPM,Saint Pierre and Miquelon,2022,1.2754,5.732
SPM,Saint Pierre and Miquelon,2023,1.267,5.681
SRB,Serbia,1950,2.9277,6009.201
SRB,Serbia,1951,2.822,6067.042
SRB,Serbia,1952,2.7364,6127.27
SRB,Serbia,1953,2.6431,6192.41
SRB,Serbia,1954,2.548,6266.886
SRB,Serbia,1955,2.4513,6346.327
SRB,Serbia,1956,2.3614,6422.768
SRB,Serbia,1957,2.2806,6496.45
SRB,Serbia,1958,2.2246,6567.232
SRB,Serbia,1959,2.1835,6635.218
SRB,Serbia,1960,2.1554,6702.962
SRB,Serbia,1961,2.1334,6771.394
SRB,Serbia,1962,2.1091,6838.635
SRB,Serbia,1963,2.0836,6904.162
SRB,Serbia,1964,2.067,6968.213
SRB,Serbia,1965,2.0569,7031.134
SRB,Serbia,1966,2.0409,7093.228
SRB,Serbia,1967,2.02,7154.389
SRB,Serbia,1968,2.005,7214.02
SRB,Serbia,1969,1.9864,7271.051
SRB,Serbia,1970,1.9728,7324.424
SRB,Serbia,1971,1.9599,7375.14
SRB,Serbia,1972,1.9517,7424.739
SRB,Serbia,1973,1.9405,7473.514
SRB,Serbia,1974,1.9296,7522.486
SRB,Serbia,1975,1.9233,7572.438
SRB,Serbia,1976,1.9129,7622.703
SRB,Serbia,1977,1.9009,7671.484
SRB,Serbia,1978,1.8892,7716.932
SRB,Serbia,1979,1.8745,7758.212
SRB,Serbia,1980,1.8626,7796.28
SRB,Serbia,1981,1.8525,7827.856
SRB,Serbia,1982,1.8417,7849.649
SRB,Serbia,1983,1.8317,7864.594
SRB,Serbia,1984,1.8144,7875.051
SRB,Serbia,1985,1.8,7881.548
SRB,Serbia,1986,1.7776,7884.579
SRB,Serbia,1987,1.7494,7885.358
SRB,Serbia,1988,1.7197,7884.456
SRB,Serbia,1989,1.6852,7881.274
SRB,Serbia,1990,1.649,7874.594
SRB,Serbia,1991,1.6124,7867.067
SRB,Serbia,1992,1.5732,7859.808
SRB,Serbia,1993,1.5436,7849.725
SRB,Serbia,1994,1.5048,7837.158
SRB,Serbia,1995,1.4683,7823.284
SRB,Serbia,1996,1.4355,7807.722
SRB,Serbia,1997,1.398,7789.182
SRB,Serbia,1998,1.3705,7765.922
SRB,Serbia,1999,1.3543,7734.365
SRB,Serbia,2000,1.3525,7694.606
SRB,Serbia,2001,1.3549,7651.927
SRB,Serbia,2002,1.3627,7616.743
SRB,Serbia,2003,1.3697,7590.935
SRB,Serbia,2004,1.3607,7565.841
SRB,Serbia,2005,1.3358,7539.133
SRB,Serbia,2006,1.3192,7511.394
SRB,Serbia,2007,1.316,7482.989
SRB,Serbia,2008,1.3307,7454.279
SRB,Serbia,2009,1.3619,7425.348
SRB,Serbia,2010,1.3993,7395.864
SRB,Serbia,2011,1.4044,7364.858
SRB,Serbia,2012,1.444,7324.623
SRB,Serbia,2013,1.4306,7276.18
SRB,Serbia,2014,1.4604,7227.202
SRB,Serbia,2015,1.4601,7177.253
SRB,Serbia,2016,1.4617,7126.083
SRB,Serbia,2017,1.483,7073.507
SRB,Serbia,2018,1.4874,7020.019
SRB,Serbia,2019,1.513,6966.152
SRB,Serbia,2020,1.4847,6907.812
SRB,Serbia,2021,1.5172,6835.43
SRB,Serbia,2022,1.5193,6791.214
SRB,Serbia,2023,1.5,6773.201
SSD,South Sudan,1950,7.1239,2493.283
SSD,South Sudan,1951,7.1341,2529.62
SSD,South Sudan,1952,7.1314,2569.209
SSD,South Sudan,1953,7.1341,2611.733
SSD,South Sudan,1954,7.1357,2657.094
SSD,South Sudan,1955,7.1325,2705.082
SSD,South Sudan,1956,7.1343,2754.592
SSD,South Sudan,1957,7.1396,2804.096
SSD,South Sudan,1958,7.1372,2848.354
SSD,South Sudan,1959,7.1502,2888.785
SSD,South Sudan,1960,7.161,2931.559
SSD,South Sudan,1961,7.178,2976.724
SSD,South Sudan,1962,7.1947,3024.308
SSD,South Sudan,1963,7.1964,3072.669
SSD,South Sudan,1964,7.2202,3129.918
SSD,South Sudan,1965,7.2222,3189.835
SSD,South Sudan,1966,7.2535,3236.423
SSD,South Sudan,1967,7.2566,3277.648
SSD,South Sudan,1968,7.2635,3321.528
SSD,South Sudan,1969,7.2813,3365.533
SSD,South Sudan,1970,7.286,3409.614
SSD,South Sudan,1971,7.2964,3468.646
SSD,South Sudan,1972,7.311,3542.498
SSD,South Sudan,1973,7.3111,3627.384
SSD,South Sudan,1974,7.3142,3723.259
SSD,South Sudan,1975,7.3262,3821.494
SSD,South Sudan,1976,7.3314,3921.91
SSD,South Sudan,1977,7.3254,4024.032
SSD,South Sudan,1978,7.3291,4127.656
SSD,South Sudan,1979,7.3195,4232.605
SSD,South Sudan,1980,7.3279,4339.03
SSD,South Sudan,1981,7.3319,4447.272
SSD,South Sudan,1982,7.3434,4557.686
SSD,South Sudan,1983,7.3422,4661.574
SSD,South Sudan,1984,7.346,4750.626
SSD,South Sudan,1985,7.3574,4834.296
SSD,South Sudan,1986,7.3783,4921.24
SSD,South Sudan,1987,7.3858,4962.395
SSD,South Sudan,1988,7.3765,4848.028
SSD,South Sudan,1989,7.3745,4713.228
SSD,South Sudan,1990,7.3772,4737.633
SSD,South Sudan,1991,7.3767,4836.677
SSD,South Sudan,1992,7.3696,4909.75
SSD,South Sudan,1993,7.3599,4956.002
SSD,South Sudan,1994,7.3455,5071.184
SSD,South Sudan,1995,7.3368,5225.836
SSD,South Sudan,1996,7.3208,5356.925
SSD,South Sudan,1997,7.1988,5509.136
SSD,South Sudan,1998,7.0776,5620.068
SSD,South Sudan,1999,6.9373,5771.628
SSD,South Sudan,2000,6.8028,6032.268
SSD,South Sudan,2001,6.6541,6308.392
SSD,South Sudan,2002,6.5154,6596.806
SSD,South Sudan,2003,6.3532,6903.126
SSD,South Sudan,2004,6.1895,7233.041
SSD,South Sudan,2005,6.0217,7590.143
SSD,South Sudan,2006,5.8532,7976.526
SSD,South Sudan,2007,5.7035,8388.788
SSD,South Sudan,2008,5.5691,8817.647
SSD,South Sudan,2009,5.4458,9243.556
SSD,South Sudan,2010,5.3179,9745.954
SSD,South Sudan,2011,5.1926,10288.109
SSD,South Sudan,2012,5.0612,10756.24
SSD,South Sudan,2013,4.9391,11166.276
SSD,South Sudan,2014,4.8183,11235.072
SSD,South Sudan,2015,4.6951,11107.562
SSD,South Sudan,2016,4.5787,10830.102
SSD,South Sudan,2017,4.4826,10259.154
SSD,South Sudan,2018,4.3705,10122.977
SSD,South Sudan,2019,4.2601,10423.384
SSD,South Sudan,2020,4.1603,10698.467
SSD,South Sudan,2021,4.0474,10865.78
SSD,South Sudan,2022,3.9639,11021.178
SSD,South Sudan,2023,3.8638,11483.374
STP,Sao Tome and Principe,1950,6.2268,60.874
STP,Sao Tome and Principe,1951,6.2176,61.761
STP,Sao Tome and Principe,1952,6.2018,62.593
STP,Sao Tome and Principe,1953,6.1909,63.327
STP,Sao Tome and Principe,1954,6.1848,63.987
STP,Sao Tome and Principe,1955,6.1836,64.606
STP,Sao Tome and Principe,1956,6.1872,65.226
STP,Sao Tome and Principe,1957,6.1953,65.871
STP,Sao Tome and Principe,1958,6.2075,66.558
STP,Sao Tome and Principe,1959,6.2234,67.291
STP,Sao Tome and Principe,1960,6.242,68.012
STP,Sao Tome and Principe,1961,6.2626,68.707
STP,Sao Tome and Principe,1962,6.2842,69.402
STP,Sao Tome and Principe,1963,6.306,70.112
STP,Sao Tome and Principe,1964,6.3275,70.866
STP,Sao Tome and Principe,1965,6.3489,71.68
STP,Sao Tome and Principe,1966,6.3711,72.576
STP,Sao Tome and Principe,1967,6.3944,73.596
STP,Sao Tome and Principe,1968,6.4189,74.765
STP,Sao Tome and Principe,1969,6.4436,76.083
STP,Sao Tome and Principe,1970,6.4678,77.626
STP,Sao Tome and Principe,1971,6.4904,79.33
STP,Sao Tome and Principe,1972,6.51,81.041
STP,Sao Tome and Principe,1973,6.5249,82.798
STP,Sao Tome and Principe,1974,6.5336,84.672
STP,Sao Tome and Principe,1975,6.5339,86.708
STP,Sao Tome and Principe,1976,6.524,88.922
STP,Sao Tome and Principe,1977,6.5037,91.301
STP,Sao Tome and Principe,1978,6.4733,93.794
STP,Sao Tome and Principe,1979,6.4338,96.252
STP,Sao Tome and Principe,1980,6.3863,98.544
STP,Sao Tome and Principe,1981,6.3328,100.615
STP,Sao Tome and Principe,1982,6.2755,102.508
STP,Sao Tome and Principe,1983,6.2169,104.38
STP,Sao Tome and Principe,1984,6.1582,106.394
STP,Sao Tome and Principe,1985,6.1009,108.658
STP,Sao Tome and Principe,1986,6.0456,111.15
STP,Sao Tome and Principe,1987,5.9916,113.92
STP,Sao Tome and Principe,1988,5.938,116.939
STP,Sao Tome and Principe,1989,5.8841,119.979
STP,Sao Tome and Principe,1990,5.8284,122.98
STP,Sao Tome and Principe,1991,5.7688,125.696
STP,Sao Tome and Principe,1992,5.7044,128.11
STP,Sao Tome and Principe,1993,5.6351,130.467
STP,Sao Tome and Principe,1994,5.5619,132.732
STP,Sao Tome and Principe,1995,5.5543,134.895
STP,Sao Tome and Principe,1996,5.4737,136.962
STP,Sao Tome and Principe,1997,5.3957,138.922
STP,Sao Tome and Principe,1998,5.3035,140.751
STP,Sao Tome and Principe,1999,5.228,142.442
STP,Sao Tome and Principe,2000,5.1573,144.018
STP,Sao Tome and Principe,2001,5.0968,146.375
STP,Sao Tome and Principe,2002,5.0621,149.922
STP,Sao Tome and Principe,2003,5.013,153.814
STP,Sao Tome and Principe,2004,4.9617,157.705
STP,Sao Tome and Principe,2005,4.9388,161.64
STP,Sao Tome and Principe,2006,4.933,165.638
STP,Sao Tome and Principe,2007,4.9575,169.7
STP,Sao Tome and Principe,2008,4.9055,173.793
STP,Sao Tome and Principe,2009,4.8382,177.853
STP,Sao Tome and Principe,2010,4.7689,181.802
STP,Sao Tome and Principe,2011,4.7181,185.649
STP,Sao Tome and Principe,2012,4.6638,189.439
STP,Sao Tome and Principe,2013,4.5837,193.148
STP,Sao Tome and Principe,2014,4.4849,196.767
STP,Sao Tome and Principe,2015,4.3538,200.291
STP,Sao Tome and Principe,2016,4.2026,203.689
STP,Sao Tome and Principe,2017,4.0691,206.97
STP,Sao Tome and Principe,2018,3.9771,210.187
STP,Sao Tome and Principe,2019,3.9,213.392
STP,Sao Tome and Principe,2020,3.8268,217.435
STP,Sao Tome and Principe,2021,3.7588,221.961
STP,Sao Tome and Principe,2022,3.6948,226.305
STP,Sao Tome and Principe,2023,3.6444,230.871
SUR,Suriname,1950,6.2103,195.565
SUR,Suriname,1951,6.2367,200.503
SUR,Suriname,1952,6.2684,206.352
SUR,Suriname,1953,6.3,212.362
SUR,Suriname,1954,6.3276,218.622
SUR,Suriname,1955,6.37,225.195
SUR,Suriname,1956,6.4231,232.142
SUR,Suriname,1957,6.4597,239.484
SUR,Suriname,1958,6.5053,247.234
SUR,Suriname,1959,6.5536,255.386
SUR,Suriname,1960,6.5895,263.918
SUR,Suriname,1961,6.583,272.79
SUR,Suriname,1962,6.5723,283.912
SUR,Suriname,1963,6.5076,297.034
SUR,Suriname,1964,6.4258,309.04
SUR,Suriname,1965,6.3209,320
SUR,Suriname,1966,6.198,331.135
SUR,Suriname,1967,6.0382,342.679
SUR,Suriname,1968,5.8633,354.616
SUR,Suriname,1969,5.6962,366.906
SUR,Suriname,1970,5.5288,379.442
SUR,Suriname,1971,5.3556,391.932
SUR,Suriname,1972,5.1764,397.413
SUR,Suriname,1973,5.0066,395.772
SUR,Suriname,1974,4.8114,393.676
SUR,Suriname,1975,4.6295,391.17
SUR,Suriname,1976,4.4452,388.289
SUR,Suriname,1977,4.256,385.067
SUR,Suriname,1978,4.0805,381.502
SUR,Suriname,1979,3.9252,377.602
SUR,Suriname,1980,3.7906,375.377
SUR,Suriname,1981,3.7517,375.458
SUR,Suriname,1982,3.8214,376.555
SUR,Suriname,1983,3.8652,378.746
SUR,Suriname,1984,3.7957,382.193
SUR,Suriname,1985,3.711,386.972
SUR,Suriname,1986,3.61,392.33
SUR,Suriname,1987,3.5299,396.91
SUR,Suriname,1988,3.4608,402.227
SUR,Suriname,1989,3.3872,408.408
SUR,Suriname,1990,3.2248,412.492
SUR,Suriname,1991,3.0944,415.013
SUR,Suriname,1992,3.0129,417.59
SUR,Suriname,1993,2.9425,419.352
SUR,Suriname,1994,2.8985,422.375
SUR,Suriname,1995,2.8966,429.606
SUR,Suriname,1996,2.9199,438.83
SUR,Suriname,1997,2.9525,448.068
SUR,Suriname,1998,2.9863,457.406
SUR,Suriname,1999,3.0163,466.916
SUR,Suriname,2000,3.0464,476.643
SUR,Suriname,2001,3.057,486.56
SUR,Suriname,2002,2.9559,496.551
SUR,Suriname,2003,2.8391,506.414
SUR,Suriname,2004,2.7383,513.923
SUR,Suriname,2005,2.7122,519.312
SUR,Suriname,2006,2.7271,524.997
SUR,Suriname,2007,2.7346,531.016
SUR,Suriname,2008,2.7273,537.246
SUR,Suriname,2009,2.7121,543.568
SUR,Suriname,2010,2.6884,549.923
SUR,Suriname,2011,2.667,556.268
SUR,Suriname,2012,2.6689,562.633
SUR,Suriname,2013,2.6506,569.02
SUR,Suriname,2014,2.6199,575.373
SUR,Suriname,2015,2.5701,581.627
SUR,Suriname,2016,2.5001,587.757
SUR,Suriname,2017,2.4314,593.713
SUR,Suriname,2018,2.3807,599.513
SUR,Suriname,2019,2.3467,605.768
SUR,Suriname,2020,2.3144,612.316
SUR,Suriname,2021,2.2951,617.896
SUR,Suriname,2022,2.2739,623.164
SUR,Suriname,2023,2.2493,628.886
SVK,Slovakia,1950,3.6075,3465.747
SVK,Slovakia,1951,3.5962,3525.376
SVK,Slovakia,1952,3.565,3591.86
SVK,Slovakia,1953,3.468,3660.079
SVK,Slovakia,1954,3.4136,3728.032
SVK,Slovakia,1955,3.4438,3797.353
SVK,Slovakia,1956,3.4322,3868.27
SVK,Slovakia,1957,3.3457,3936.832
SVK,Slovakia,1958,3.1877,4002.695
SVK,Slovakia,1959,3.0046,4064.674
SVK,Slovakia,1960,3.0245,4124.442
SVK,Slovakia,1961,2.9581,4185.342
SVK,Slovakia,1962,2.8327,4235.79
SVK,Slovakia,1963,2.9151,4278.462
SVK,Slovakia,1964,2.8882,4323.292
SVK,Slovakia,1965,2.7818,4365.048
SVK,Slovakia,1966,2.6606,4402.202
SVK,Slovakia,1967,2.4873,4436.104
SVK,Slovakia,1968,2.3942,4466.44
SVK,Slovakia,1969,2.4348,4495.038
SVK,Slovakia,1970,2.4147,4525.871
SVK,Slovakia,1971,2.4245,4560.418
SVK,Slovakia,1972,2.4834,4599.8
SVK,Slovakia,1973,2.5572,4643.676
SVK,Slovakia,1974,2.6057,4690.645
SVK,Slovakia,1975,2.5442,4739.166
SVK,Slovakia,1976,2.5382,4788.51
SVK,Slovakia,1977,2.4865,4837.712
SVK,Slovakia,1978,2.4711,4885.728
SVK,Slovakia,1979,2.4469,4933.446
SVK,Slovakia,1980,2.3226,4976.656
SVK,Slovakia,1981,2.283,5014.958
SVK,Slovakia,1982,2.2771,5051.808
SVK,Slovakia,1983,2.2788,5086.446
SVK,Slovakia,1984,2.2582,5119.386
SVK,Slovakia,1985,2.2507,5151.166
SVK,Slovakia,1986,2.1933,5180.088
SVK,Slovakia,1987,2.1374,5205.88
SVK,Slovakia,1988,2.1305,5229.676
SVK,Slovakia,1989,2.0673,5249.932
SVK,Slovakia,1990,2.076,5266.078
SVK,Slovakia,1991,2.0343,5284.874
SVK,Slovakia,1992,1.9251,5306.436
SVK,Slovakia,1993,1.8591,5326.36
SVK,Slovakia,1994,1.6665,5343.231
SVK,Slovakia,1995,1.5226,5354.282
SVK,Slovakia,1996,1.4694,5362.428
SVK,Slovakia,1997,1.4279,5369.779
SVK,Slovakia,1998,1.3763,5374.796
SVK,Slovakia,1999,1.3314,5378.104
SVK,Slovakia,2000,1.2934,5379.999
SVK,Slovakia,2001,1.2019,5379.437
SVK,Slovakia,2002,1.1851,5377.688
SVK,Slovakia,2003,1.2036,5376.196
SVK,Slovakia,2004,1.2462,5376.038
SVK,Slovakia,2005,1.2623,5376.695
SVK,Slovakia,2006,1.2535,5376.846
SVK,Slovakia,2007,1.2704,5376.999
SVK,Slovakia,2008,1.3421,5379.12
SVK,Slovakia,2009,1.4334,5385.072
SVK,Slovakia,2010,1.4303,5391.851
SVK,Slovakia,2011,1.4448,5398.108
SVK,Slovakia,2012,1.3936,5404.871
SVK,Slovakia,2013,1.3965,5410.422
SVK,Slovakia,2014,1.4217,5415.23
SVK,Slovakia,2015,1.4025,5420.278
SVK,Slovakia,2016,1.4782,5427.259
SVK,Slovakia,2017,1.5214,5435.7
SVK,Slovakia,2018,1.5453,5443.232
SVK,Slovakia,2019,1.5662,5450.626
SVK,Slovakia,2020,1.5914,5455.024
SVK,Slovakia,2021,1.6307,5442.759
SVK,Slovakia,2022,1.56,5473.196
SVK,Slovakia,2023,1.56,5518.054
SVN,Slovenia,1950,2.9921,1446.358
SVN,Slovenia,1951,2.8282,1462.727
SVN,Slovenia,1952,2.7656,1479.662
SVN,Slovenia,1953,2.7636,1497.553
SVN,Slovenia,1954,2.5987,1515.598
SVN,Slovenia,1955,2.5886,1532.63
SVN,Slovenia,1956,2.5158,1548.764
SVN,Slovenia,1957,2.3826,1564.149
SVN,Slovenia,1958,2.227,1578.541
SVN,Slovenia,1959,2.2236,1592.111
SVN,Slovenia,1960,2.1863,1605.074
SVN,Slovenia,1961,2.2683,1618.56
SVN,Slovenia,1962,2.2777,1633.081
SVN,Slovenia,1963,2.3023,1647.437
SVN,Slovenia,1964,2.3231,1661.346
SVN,Slovenia,1965,2.4446,1675.318
SVN,Slovenia,1966,2.4751,1689.636
SVN,Slovenia,1967,2.3788,1703.87
SVN,Slovenia,1968,2.2594,1716.926
SVN,Slovenia,1969,2.1772,1728.683
SVN,Slovenia,1970,2.1135,1739.861
SVN,Slovenia,1971,2.1577,1752.711
SVN,Slovenia,1972,2.1657,1768.217
SVN,Slovenia,1973,2.2007,1784.572
SVN,Slovenia,1974,2.1161,1801.036
SVN,Slovenia,1975,2.172,1817.598
SVN,Slovenia,1976,2.1992,1834.357
SVN,Slovenia,1977,2.1661,1851.321
SVN,Slovenia,1978,2.1953,1868.518
SVN,Slovenia,1979,2.2096,1885.906
SVN,Slovenia,1980,2.1045,1903.069
SVN,Slovenia,1981,1.96,1914.592
SVN,Slovenia,1982,1.9279,1917.975
SVN,Slovenia,1983,1.8124,1923.354
SVN,Slovenia,1984,1.7466,1932.706
SVN,Slovenia,1985,1.7192,1941.472
SVN,Slovenia,1986,1.6716,1964.835
SVN,Slovenia,1987,1.6521,1988.021
SVN,Slovenia,1988,1.6296,1993.516
SVN,Slovenia,1989,1.5249,1995.458
SVN,Slovenia,1990,1.4621,1998.007
SVN,Slovenia,1991,1.4218,1999.193
SVN,Slovenia,1992,1.3339,1995.859
SVN,Slovenia,1993,1.3292,1990.811
SVN,Slovenia,1994,1.3154,1988.262
SVN,Slovenia,1995,1.2877,1988.095
SVN,Slovenia,1996,1.2794,1986.793
SVN,Slovenia,1997,1.247,1984.398
SVN,Slovenia,1998,1.2309,1980.064
SVN,Slovenia,1999,1.2117,1981.194
SVN,Slovenia,2000,1.2533,1986.816
SVN,Slovenia,2001,1.2084,1989.679
SVN,Slovenia,2002,1.2101,1991.572
SVN,Slovenia,2003,1.2028,1992.49
SVN,Slovenia,2004,1.2481,1993.545
SVN,Slovenia,2005,1.2629,1996.914
SVN,Slovenia,2006,1.3165,2003.114
SVN,Slovenia,2007,1.3856,2014.158
SVN,Slovenia,2008,1.5289,2025.085
SVN,Slovenia,2009,1.5384,2035.608
SVN,Slovenia,2010,1.5795,2044.612
SVN,Slovenia,2011,1.57,2048.804
SVN,Slovenia,2012,1.5869,2053.321
SVN,Slovenia,2013,1.5527,2056.442
SVN,Slovenia,2014,1.5813,2058.401
SVN,Slovenia,2015,1.5757,2059.947
SVN,Slovenia,2016,1.5869,2061.373
SVN,Slovenia,2017,1.6217,2062.41
SVN,Slovenia,2018,1.6058,2069.48
SVN,Slovenia,2019,1.6113,2083.44
SVN,Slovenia,2020,1.5941,2102.42
SVN,Slovenia,2021,1.64,2113.494
SVN,Slovenia,2022,1.5683,2115.228
SVN,Slovenia,2023,1.5761,2118.396
SWE,Sweden,1950,2.2865,7016.566
SWE,Sweden,1951,2.2119,7072.88
SWE,Sweden,1952,2.2323,7124.672
SWE,Sweden,1953,2.2529,7171.426
SWE,Sweden,1954,2.1819,7213.458
SWE,Sweden,1955,2.2481,7262.33
SWE,Sweden,1956,2.2858,7315.518
SWE,Sweden,1957,2.2805,7366.881
SWE,Sweden,1958,2.25,7414.349
SWE,Sweden,1959,2.2258,7453.559
SWE,Sweden,1960,2.1697,7484.596
SWE,Sweden,1961,2.2024,7519.998
SWE,Sweden,1962,2.2358,7561.514
SWE,Sweden,1963,2.3148,7604.199
SWE,Sweden,1964,2.4481,7661.191
SWE,Sweden,1965,2.4012,7733.008
SWE,Sweden,1966,2.3555,7805.592
SWE,Sweden,1967,2.2659,7866.404
SWE,Sweden,1968,2.0736,7912.128
SWE,Sweden,1969,1.9312,7968.011
SWE,Sweden,1970,1.9208,8042.78
SWE,Sweden,1971,1.9566,8098.102
SWE,Sweden,1972,1.9098,8122.425
SWE,Sweden,1973,1.8679,8137.17
SWE,Sweden,1974,1.8672,8160.639
SWE,Sweden,1975,1.7667,8192.641
SWE,Sweden,1976,1.6816,8222.394
SWE,Sweden,1977,1.6399,8251.696
SWE,Sweden,1978,1.6006,8275.788
SWE,Sweden,1979,1.6501,8293.748
SWE,Sweden,1980,1.6719,8310.469
SWE,Sweden,1981,1.6325,8320.458
SWE,Sweden,1982,1.6175,8325.183
SWE,Sweden,1983,1.6125,8328.914
SWE,Sweden,1984,1.6548,8336.487
SWE,Sweden,1985,1.7343,8350.244
SWE,Sweden,1986,1.7946,8369.683
SWE,Sweden,1987,1.844,8397.648
SWE,Sweden,1988,1.9558,8436.347
SWE,Sweden,1989,2.0155,8492.816
SWE,Sweden,1990,2.1213,8558.568
SWE,Sweden,1991,2.1093,8616.959
SWE,Sweden,1992,2.0779,8667.574
SWE,Sweden,1993,1.9872,8718.036
SWE,Sweden,1994,1.8776,8780.19
SWE,Sweden,1995,1.7304,8826.302
SWE,Sweden,1996,1.6003,8840.328
SWE,Sweden,1997,1.527,8845.524
SWE,Sweden,1998,1.5058,8850.608
SWE,Sweden,1999,1.5012,8857.686
SWE,Sweden,2000,1.5418,8872.101
SWE,Sweden,2001,1.5693,8896.022
SWE,Sweden,2002,1.6481,8925.046
SWE,Sweden,2003,1.712,8958.431
SWE,Sweden,2004,1.7509,8993.808
SWE,Sweden,2005,1.7721,9029.77
SWE,Sweden,2006,1.8484,9080.623
SWE,Sweden,2007,1.8767,9148.274
SWE,Sweden,2008,1.9045,9219.9
SWE,Sweden,2009,1.9319,9298.74
SWE,Sweden,2010,1.9732,9378.232
SWE,Sweden,2011,1.9017,9449.259
SWE,Sweden,2012,1.8998,9519.487
SWE,Sweden,2013,1.8849,9600.62
SWE,Sweden,2014,1.8755,9696.433
SWE,Sweden,2015,1.8469,9799.482
SWE,Sweden,2016,1.8457,9923.28
SWE,Sweden,2017,1.7849,10057.862
SWE,Sweden,2018,1.7536,10175.404
SWE,Sweden,2019,1.7088,10279.125
SWE,Sweden,2020,1.6705,10353.686
SWE,Sweden,2021,1.6682,10416.132
SWE,Sweden,2022,1.5377,10487.338
SWE,Sweden,2023,1.4301,10551.494
SWZ,Eswatini,1950,6.7318,271.655
SWZ,Eswatini,1951,6.7208,278.604
SWZ,Eswatini,1952,6.7019,285.63
SWZ,Eswatini,1953,6.689,292.738
SWZ,Eswatini,1954,6.6822,299.93
SWZ,Eswatini,1955,6.6815,307.217
SWZ,Eswatini,1956,6.6866,314.614
SWZ,Eswatini,1957,6.6971,322.122
SWZ,Eswatini,1958,6.7124,329.76
SWZ,Eswatini,1959,6.7312,337.509
SWZ,Eswatini,1960,6.7521,345.337
SWZ,Eswatini,1961,6.7735,353.264
SWZ,Eswatini,1962,6.7938,361.366
SWZ,Eswatini,1963,6.8038,369.759
SWZ,Eswatini,1964,6.7895,378.656
SWZ,Eswatini,1965,6.7941,388.336
SWZ,Eswatini,1966,6.8015,398.766
SWZ,Eswatini,1967,6.766,409.031
SWZ,Eswatini,1968,6.7614,419.146
SWZ,Eswatini,1969,6.7613,429.874
SWZ,Eswatini,1970,6.7489,441.216
SWZ,Eswatini,1971,6.7391,453.182
SWZ,Eswatini,1972,6.7223,465.788
SWZ,Eswatini,1973,6.7145,479.038
SWZ,Eswatini,1974,6.7097,492.988
SWZ,Eswatini,1975,6.707,507.672
SWZ,Eswatini,1976,6.7011,523.33
SWZ,Eswatini,1977,6.6764,540.348
SWZ,Eswatini,1978,6.6468,558.446
SWZ,Eswatini,1979,6.6068,577.199
SWZ,Eswatini,1980,6.5745,596.644
SWZ,Eswatini,1981,6.5388,616.808
SWZ,Eswatini,1982,6.491,637.652
SWZ,Eswatini,1983,6.4322,658.957
SWZ,Eswatini,1984,6.3601,680.782
SWZ,Eswatini,1985,6.2819,706.196
SWZ,Eswatini,1986,6.1063,734.732
SWZ,Eswatini,1987,5.9025,763.811
SWZ,Eswatini,1988,5.6929,799.798
SWZ,Eswatini,1989,5.4791,837.8
SWZ,Eswatini,1990,5.2947,872.428
SWZ,Eswatini,1991,5.1318,908.189
SWZ,Eswatini,1992,4.9806,943.416
SWZ,Eswatini,1993,4.8149,971.318
SWZ,Eswatini,1994,4.6623,971.212
SWZ,Eswatini,1995,4.5227,970.434
SWZ,Eswatini,1996,4.3782,989.842
SWZ,Eswatini,1997,4.2349,1006.635
SWZ,Eswatini,1998,4.1253,1019.652
SWZ,Eswatini,1999,4.0895,1030.782
SWZ,Eswatini,2000,4.0298,1041.414
SWZ,Eswatini,2001,3.9436,1051.064
SWZ,Eswatini,2002,3.8536,1059.441
SWZ,Eswatini,2003,3.7964,1066.7
SWZ,Eswatini,2004,3.76,1073.158
SWZ,Eswatini,2005,3.7038,1079.022
SWZ,Eswatini,2006,3.6325,1084.436
SWZ,Eswatini,2007,3.5805,1090.705
SWZ,Eswatini,2008,3.5673,1098.092
SWZ,Eswatini,2009,3.504,1105.153
SWZ,Eswatini,2010,3.3748,1111.65
SWZ,Eswatini,2011,3.3166,1117.833
SWZ,Eswatini,2012,3.2656,1123.863
SWZ,Eswatini,2013,3.2372,1129.99
SWZ,Eswatini,2014,3.1807,1136.299
SWZ,Eswatini,2015,3.1216,1142.812
SWZ,Eswatini,2016,3.0678,1149.507
SWZ,Eswatini,2017,3.0176,1158.195
SWZ,Eswatini,2018,2.9714,1168.929
SWZ,Eswatini,2019,2.9253,1179.874
SWZ,Eswatini,2020,2.8882,1192.729
SWZ,Eswatini,2021,2.8408,1206.593
SWZ,Eswatini,2022,2.8012,1218.917
SWZ,Eswatini,2023,2.7525,1230.506
SXM,Sint Maarten (Dutch part),1950,5.2562,1.45
SXM,Sint Maarten (Dutch part),1951,5.216,1.553
SXM,Sint Maarten (Dutch part),1952,5.1731,1.648
SXM,Sint Maarten (Dutch part),1953,5.1333,1.738
SXM,Sint Maarten (Dutch part),1954,5.0811,1.834
SXM,Sint Maarten (Dutch part),1955,5.0373,1.948
SXM,Sint Maarten (Dutch part),1956,4.995,2.077
SXM,Sint Maarten (Dutch part),1957,4.9629,2.216
SXM,Sint Maarten (Dutch part),1958,4.9092,2.366
SXM,Sint Maarten (Dutch part),1959,4.845,2.521
SXM,Sint Maarten (Dutch part),1960,4.7668,2.715
SXM,Sint Maarten (Dutch part),1961,4.6776,2.97
SXM,Sint Maarten (Dutch part),1962,4.5721,3.264
SXM,Sint Maarten (Dutch part),1963,4.4667,3.584
SXM,Sint Maarten (Dutch part),1964,4.3539,3.922
SXM,Sint Maarten (Dutch part),1965,4.2329,4.282
SXM,Sint Maarten (Dutch part),1966,4.0836,4.664
SXM,Sint Maarten (Dutch part),1967,3.9411,5.07
SXM,Sint Maarten (Dutch part),1968,3.7842,5.5
SXM,Sint Maarten (Dutch part),1969,3.6337,5.948
SXM,Sint Maarten (Dutch part),1970,3.4804,6.414
SXM,Sint Maarten (Dutch part),1971,3.3455,6.888
SXM,Sint Maarten (Dutch part),1972,3.2342,7.38
SXM,Sint Maarten (Dutch part),1973,3.1109,7.916
SXM,Sint Maarten (Dutch part),1974,3.0095,8.492
SXM,Sint Maarten (Dutch part),1975,2.9212,9.094
SXM,Sint Maarten (Dutch part),1976,2.8327,9.716
SXM,Sint Maarten (Dutch part),1977,2.7525,10.364
SXM,Sint Maarten (Dutch part),1978,2.6832,11.039
SXM,Sint Maarten (Dutch part),1979,2.6289,11.723
SXM,Sint Maarten (Dutch part),1980,2.5931,12.41
SXM,Sint Maarten (Dutch part),1981,2.5461,13.302
SXM,Sint Maarten (Dutch part),1982,2.486,14.607
SXM,Sint Maarten (Dutch part),1983,2.3983,16.133
SXM,Sint Maarten (Dutch part),1984,2.2886,17.694
SXM,Sint Maarten (Dutch part),1985,2.1813,19.291
SXM,Sint Maarten (Dutch part),1986,2.102,20.93
SXM,Sint Maarten (Dutch part),1987,2.0307,22.618
SXM,Sint Maarten (Dutch part),1988,1.962,24.356
SXM,Sint Maarten (Dutch part),1989,1.9015,26.169
SXM,Sint Maarten (Dutch part),1990,1.8479,28.061
SXM,Sint Maarten (Dutch part),1991,1.8469,30.046
SXM,Sint Maarten (Dutch part),1992,1.8825,31.567
SXM,Sint Maarten (Dutch part),1993,1.942,32.026
SXM,Sint Maarten (Dutch part),1994,2.0543,31.917
SXM,Sint Maarten (Dutch part),1995,2.1425,31.772
SXM,Sint Maarten (Dutch part),1996,2.1839,31.598
SXM,Sint Maarten (Dutch part),1997,2.1732,31.404
SXM,Sint Maarten (Dutch part),1998,2.1419,31.193
SXM,Sint Maarten (Dutch part),1999,2.0656,30.977
SXM,Sint Maarten (Dutch part),2000,1.9821,30.773
SXM,Sint Maarten (Dutch part),2001,1.8921,30.726
SXM,Sint Maarten (Dutch part),2002,1.8087,30.96
SXM,Sint Maarten (Dutch part),2003,1.7418,31.327
SXM,Sint Maarten (Dutch part),2004,1.7019,31.69
SXM,Sint Maarten (Dutch part),2005,1.7077,32.057
SXM,Sint Maarten (Dutch part),2006,1.7581,32.428
SXM,Sint Maarten (Dutch part),2007,1.5722,32.791
SXM,Sint Maarten (Dutch part),2008,1.7282,33.145
SXM,Sint Maarten (Dutch part),2009,1.713,33.491
SXM,Sint Maarten (Dutch part),2010,1.8483,33.794
SXM,Sint Maarten (Dutch part),2011,1.99,34.267
SXM,Sint Maarten (Dutch part),2012,1.9589,35.022
SXM,Sint Maarten (Dutch part),2013,1.8939,35.854
SXM,Sint Maarten (Dutch part),2014,1.8165,36.672
SXM,Sint Maarten (Dutch part),2015,1.7319,37.472
SXM,Sint Maarten (Dutch part),2016,1.6422,38.249
SXM,Sint Maarten (Dutch part),2017,1.5712,38.996
SXM,Sint Maarten (Dutch part),2018,1.5221,39.712
SXM,Sint Maarten (Dutch part),2019,1.481,40.385
SXM,Sint Maarten (Dutch part),2020,1.467,41.008
SXM,Sint Maarten (Dutch part),2021,1.4561,41.571
SXM,Sint Maarten (Dutch part),2022,1.4529,42.138
SXM,Sint Maarten (Dutch part),2023,1.4468,42.749
SYC,Seychelles,1950,4.8098,38.284
SYC,Seychelles,1951,4.8368,38.683
SYC,Seychelles,1952,4.881,38.989
SYC,Seychelles,1953,4.9291,39.312
SYC,Seychelles,1954,5.0194,39.681
SYC,Seychelles,1955,5.1081,40.102
SYC,Seychelles,1956,5.1624,40.6
SYC,Seychelles,1957,5.203,41.178
SYC,Seychelles,1958,5.2511,41.799
SYC,Seychelles,1959,5.3016,42.464
SYC,Seychelles,1960,5.3132,43.23
SYC,Seychelles,1961,5.4218,44.108
SYC,Seychelles,1962,5.5134,45.063
SYC,Seychelles,1963,5.6065,46.075
SYC,Seychelles,1964,5.6945,47.14
SYC,Seychelles,1965,5.7165,48.27
SYC,Seychelles,1966,6.1263,49.456
SYC,Seychelles,1967,5.8954,50.667
SYC,Seychelles,1968,5.6137,51.885
SYC,Seychelles,1969,5.4786,53.081
SYC,Seychelles,1970,5.3072,54.252
SYC,Seychelles,1971,5.6888,55.51
SYC,Seychelles,1972,5.1552,56.889
SYC,Seychelles,1973,4.7842,58.3
SYC,Seychelles,1974,5.0991,59.74
SYC,Seychelles,1975,4.7518,61.218
SYC,Seychelles,1976,4.0857,62.743
SYC,Seychelles,1977,3.7539,64.104
SYC,Seychelles,1978,3.9191,64.987
SYC,Seychelles,1979,3.6605,65.603
SYC,Seychelles,1980,3.7901,66.26
SYC,Seychelles,1981,3.6651,66.95
SYC,Seychelles,1982,3.131,67.65
SYC,Seychelles,1983,3.2181,68.36
SYC,Seychelles,1984,3.2396,69.083
SYC,Seychelles,1985,3.0914,69.823
SYC,Seychelles,1986,3.0739,70.564
SYC,Seychelles,1987,2.9224,71.338
SYC,Seychelles,1988,2.7895,72.21
SYC,Seychelles,1989,2.671,73.118
SYC,Seychelles,1990,2.6066,73.983
SYC,Seychelles,1991,2.6917,74.817
SYC,Seychelles,1992,2.5261,75.617
SYC,Seychelles,1993,2.5822,76.409
SYC,Seychelles,1994,2.5973,77.262
SYC,Seychelles,1995,2.3608,78.126
SYC,Seychelles,1996,2.3111,78.882
SYC,Seychelles,1997,2.1368,79.65
SYC,Seychelles,1998,2.037,80.722
SYC,Seychelles,1999,2.0448,82.021
SYC,Seychelles,2000,2.0659,83.318
SYC,Seychelles,2001,1.9826,84.606
SYC,Seychelles,2002,2.0273,85.857
SYC,Seychelles,2003,2.0455,87.034
SYC,Seychelles,2004,2.036,88.156
SYC,Seychelles,2005,2.1821,89.266
SYC,Seychelles,2006,2.1027,90.373
SYC,Seychelles,2007,2.2252,91.468
SYC,Seychelles,2008,2.3188,92.548
SYC,Seychelles,2009,2.371,93.628
SYC,Seychelles,2010,2.1997,94.971
SYC,Seychelles,2011,2.3665,97.024
SYC,Seychelles,2012,2.4069,99.543
SYC,Seychelles,2013,2.1824,102.092
SYC,Seychelles,2014,2.161,104.654
SYC,Seychelles,2015,2.2171,107.23
SYC,Seychelles,2016,2.2952,109.821
SYC,Seychelles,2017,2.3133,112.426
SYC,Seychelles,2018,2.2912,115.04
SYC,Seychelles,2019,2.262,117.65
SYC,Seychelles,2020,2.2269,120.291
SYC,Seychelles,2021,2.1995,122.988
SYC,Seychelles,2022,2.1663,125.522
SYC,Seychelles,2023,2.1334,127.951
SYR,Syrian Arab Republic,1950,7.6181,3612.08
SYR,Syrian Arab Republic,1951,7.6292,3684.865
SYR,Syrian Arab Republic,1952,7.6302,3765.243
SYR,Syrian Arab Republic,1953,7.6262,3852.829
SYR,Syrian Arab Republic,1954,7.6301,3947.87
SYR,Syrian Arab Republic,1955,7.6335,4050.589
SYR,Syrian Arab Republic,1956,7.5935,4160.632
SYR,Syrian Arab Republic,1957,7.5571,4277.74
SYR,Syrian Arab Republic,1958,7.5121,4401.992
SYR,Syrian Arab Republic,1959,7.5062,4533.77
SYR,Syrian Arab Republic,1960,7.5053,4673.5
SYR,Syrian Arab Republic,1961,7.502,4815.466
SYR,Syrian Arab Republic,1962,7.5101,4959.34
SYR,Syrian Arab Republic,1963,7.5108,5110.467
SYR,Syrian Arab Republic,1964,7.5245,5269.087
SYR,Syrian Arab Republic,1965,7.5318,5435.267
SYR,Syrian Arab Republic,1966,7.5521,5609.047
SYR,Syrian Arab Republic,1967,7.5558,5790.198
SYR,Syrian Arab Republic,1968,7.569,5978.742
SYR,Syrian Arab Republic,1969,7.5856,6175.166
SYR,Syrian Arab Republic,1970,7.6208,6380.609
SYR,Syrian Arab Republic,1971,7.6004,6598.094
SYR,Syrian Arab Republic,1972,7.5727,6826.024
SYR,Syrian Arab Republic,1973,7.5484,7060.321
SYR,Syrian Arab Republic,1974,7.5197,7302.16
SYR,Syrian Arab Republic,1975,7.4865,7554.364
SYR,Syrian Arab Republic,1976,7.4476,7817.32
SYR,Syrian Arab Republic,1977,7.4176,8090.501
SYR,Syrian Arab Republic,1978,7.3451,8372.759
SYR,Syrian Arab Republic,1979,7.2474,8661.91
SYR,Syrian Arab Republic,1980,7.1186,8957.662
SYR,Syrian Arab Republic,1981,6.9737,9260.189
SYR,Syrian Arab Republic,1982,6.8112,9572.511
SYR,Syrian Arab Republic,1983,6.6919,9904.81
SYR,Syrian Arab Republic,1984,6.5863,10258.398
SYR,Syrian Arab Republic,1985,6.4836,10625.672
SYR,Syrian Arab Republic,1986,6.3651,11002.844
SYR,Syrian Arab Republic,1987,6.2011,11388.923
SYR,Syrian Arab Republic,1988,5.9992,11782.264
SYR,Syrian Arab Republic,1989,5.7767,12179.06
SYR,Syrian Arab Republic,1990,5.561,12579.208
SYR,Syrian Arab Republic,1991,5.3417,12980.821
SYR,Syrian Arab Republic,1992,5.1405,13385.571
SYR,Syrian Arab Republic,1993,4.994,13795.686
SYR,Syrian Arab Republic,1994,4.8557,14208.582
SYR,Syrian Arab Republic,1995,4.697,14616.801
SYR,Syrian Arab Republic,1996,4.5359,15018.104
SYR,Syrian Arab Republic,1997,4.3705,15417.542
SYR,Syrian Arab Republic,1998,4.2495,15820.413
SYR,Syrian Arab Republic,1999,4.1443,16228.062
SYR,Syrian Arab Republic,2000,4.068,16637.888
SYR,Syrian Arab Republic,2001,3.9757,17051.338
SYR,Syrian Arab Republic,2002,3.8651,17468.332
SYR,Syrian Arab Republic,2003,3.763,17889.296
SYR,Syrian Arab Republic,2004,3.6789,18336.875
SYR,Syrian Arab Republic,2005,3.6055,18814.091
SYR,Syrian Arab Republic,2006,3.5622,19637.022
SYR,Syrian Arab Republic,2007,3.5377,20884.125
SYR,Syrian Arab Republic,2008,3.4808,21636.564
SYR,Syrian Arab Republic,2009,3.415,21976.969
SYR,Syrian Arab Republic,2010,3.355,22482.421
SYR,Syrian Arab Republic,2011,3.2848,22878.098
SYR,Syrian Arab Republic,2012,3.2214,22759.763
SYR,Syrian Arab Republic,2013,3.1647,21666.917
SYR,Syrian Arab Republic,2014,3.1168,20273.659
SYR,Syrian Arab Republic,2015,3.0672,19424.618
SYR,Syrian Arab Republic,2016,3.0115,19193.834
SYR,Syrian Arab Republic,2017,2.9719,19224.668
SYR,Syrian Arab Republic,2018,2.9316,19577.845
SYR,Syrian Arab Republic,2019,2.8776,20353.534
SYR,Syrian Arab Republic,2020,2.8373,21049.429
SYR,Syrian Arab Republic,2021,2.798,21628.839
SYR,Syrian Arab Republic,2022,2.746,22462.173
SYR,Syrian Arab Republic,2023,2.7122,23594.623
TCA,Turks and Caicos Islands,1950,5.9385,5.038
TCA,Turks and Caicos Islands,1951,5.9959,5.052
TCA,Turks and Caicos Islands,1952,6.04,5.016
TCA,Turks and Caicos Islands,1953,6.0841,4.986
TCA,Turks and Caicos Islands,1954,6.1319,5.028
TCA,Turks and Caicos Islands,1955,6.1709,5.134
TCA,Turks and Caicos Islands,1956,6.1671,5.25
TCA,Turks and Caicos Islands,1957,6.1442,5.358
TCA,Turks and Caicos Islands,1958,6.1116,5.446
TCA,Turks and Caicos Islands,1959,6.0602,5.534
TCA,Turks and Caicos Islands,1960,5.9907,5.6
TCA,Turks and Caicos Islands,1961,5.9065,5.622
TCA,Turks and Caicos Islands,1962,5.8164,5.636
TCA,Turks and Caicos Islands,1963,5.7187,5.647
TCA,Turks and Caicos Islands,1964,5.6083,5.657
TCA,Turks and Caicos Islands,1965,5.5023,5.658
TCA,Turks and Caicos Islands,1966,5.4352,5.654
TCA,Turks and Caicos Islands,1967,5.3946,5.657
TCA,Turks and Caicos Islands,1968,5.3966,5.656
TCA,Turks and Caicos Islands,1969,5.3115,5.652
TCA,Turks and Caicos Islands,1970,5.2287,5.666
TCA,Turks and Caicos Islands,1971,5.1412,5.754
TCA,Turks and Caicos Islands,1972,5.0269,5.915
TCA,Turks and Caicos Islands,1973,4.9132,6.09
TCA,Turks and Caicos Islands,1974,4.7933,6.273
TCA,Turks and Caicos Islands,1975,4.6866,6.463
TCA,Turks and Caicos Islands,1976,4.6242,6.66
TCA,Turks and Caicos Islands,1977,4.553,6.864
TCA,Turks and Caicos Islands,1978,4.4849,7.084
TCA,Turks and Caicos Islands,1979,4.4302,7.306
TCA,Turks and Caicos Islands,1980,4.3697,7.564
TCA,Turks and Caicos Islands,1981,4.2912,7.908
TCA,Turks and Caicos Islands,1982,4.1917,8.296
TCA,Turks and Caicos Islands,1983,4.0853,8.697
TCA,Turks and Caicos Islands,1984,3.9859,9.108
TCA,Turks and Caicos Islands,1985,3.9081,9.521
TCA,Turks and Caicos Islands,1986,3.7891,9.941
TCA,Turks and Caicos Islands,1987,3.6531,10.361
TCA,Turks and Caicos Islands,1988,3.4995,10.775
TCA,Turks and Caicos Islands,1989,3.3347,11.193
TCA,Turks and Caicos Islands,1990,3.1891,11.688
TCA,Turks and Caicos Islands,1991,3.0531,12.305
TCA,Turks and Caicos Islands,1992,2.9393,12.97
TCA,Turks and Caicos Islands,1993,2.8422,13.648
TCA,Turks and Caicos Islands,1994,2.7561,14.344
TCA,Turks and Caicos Islands,1995,2.6986,15.052
TCA,Turks and Caicos Islands,1996,2.6486,15.765
TCA,Turks and Caicos Islands,1997,2.5806,16.482
TCA,Turks and Caicos Islands,1998,2.52,17.212
TCA,Turks and Caicos Islands,1999,2.4643,17.959
TCA,Turks and Caicos Islands,2000,2.4055,18.73
TCA,Turks and Caicos Islands,2001,2.3416,19.576
TCA,Turks and Caicos Islands,2002,2.2421,20.597
TCA,Turks and Caicos Islands,2003,2.1759,21.727
TCA,Turks and Caicos Islands,2004,2.1361,22.856
TCA,Turks and Caicos Islands,2005,2.106,23.988
TCA,Turks and Caicos Islands,2006,2.0783,25.124
TCA,Turks and Caicos Islands,2007,2.0492,26.27
TCA,Turks and Caicos Islands,2008,2.0054,27.427
TCA,Turks and Caicos Islands,2009,1.9587,28.588
TCA,Turks and Caicos Islands,2010,1.9072,29.739
TCA,Turks and Caicos Islands,2011,1.8594,30.846
TCA,Turks and Caicos Islands,2012,1.8052,32.127
TCA,Turks and Caicos Islands,2013,1.7524,33.653
TCA,Turks and Caicos Islands,2014,1.7291,35.05
TCA,Turks and Caicos Islands,2015,1.7184,36.605
TCA,Turks and Caicos Islands,2016,1.7134,38.315
TCA,Turks and Caicos Islands,2017,1.7039,39.913
TCA,Turks and Caicos Islands,2018,1.6769,41.559
TCA,Turks and Caicos Islands,2019,1.6172,43.166
TCA,Turks and Caicos Islands,2020,1.5519,44.386
TCA,Turks and Caicos Islands,2021,1.5009,45.243
TCA,Turks and Caicos Islands,2022,1.4772,45.847
TCA,Turks and Caicos Islands,2023,1.4632,46.198
TCD,Chad,1950,6.0619,2525.454
TCD,Chad,1951,6.0712,2570.406
TCD,Chad,1952,6.09,2616.312
TCD,Chad,1953,6.1093,2663.77
TCD,Chad,1954,6.129,2713.004
TCD,Chad,1955,6.1491,2764.249
TCD,Chad,1956,6.1694,2817.656
TCD,Chad,1957,6.19,2873.083
TCD,Chad,1958,6.2104,2930.367
TCD,Chad,1959,6.2304,2989.322
TCD,Chad,1960,6.2496,3049.838
TCD,Chad,1961,6.2676,3111.946
TCD,Chad,1962,6.2845,3175.598
TCD,Chad,1963,6.3009,3240.904
TCD,Chad,1964,6.3176,3307.479
TCD,Chad,1965,6.3371,3374.22
TCD,Chad,1966,6.3618,3440.904
TCD,Chad,1967,6.3931,3508.512
TCD,Chad,1968,6.4317,3578.231
TCD,Chad,1969,6.477,3651.114
TCD,Chad,1970,6.5277,3727.828
TCD,Chad,1971,6.5816,3807.316
TCD,Chad,1972,6.8504,3893.252
TCD,Chad,1973,6.8687,3985.908
TCD,Chad,1974,6.8642,4078.356
TCD,Chad,1975,6.8756,4167.234
TCD,Chad,1976,6.8932,4251.297
TCD,Chad,1977,6.8955,4331.667
TCD,Chad,1978,6.891,4411.366
TCD,Chad,1979,6.9054,4505.384
TCD,Chad,1980,6.9078,4515.452
TCD,Chad,1981,6.9415,4520.96
TCD,Chad,1982,6.9612,4738.483
TCD,Chad,1983,6.979,4979.13
TCD,Chad,1984,7.0154,5045.144
TCD,Chad,1985,7.0368,5096.268
TCD,Chad,1986,7.0674,5251.069
TCD,Chad,1987,7.1045,5438.309
TCD,Chad,1988,7.154,5625.602
TCD,Chad,1989,7.1863,5819.586
TCD,Chad,1990,7.2192,5982.833
TCD,Chad,1991,7.2614,6205.676
TCD,Chad,1992,7.2964,6474.656
TCD,Chad,1993,7.3368,6629.146
TCD,Chad,1994,7.3101,6783.45
TCD,Chad,1995,7.2896,7089.064
TCD,Chad,1996,7.2922,7410.108
TCD,Chad,1997,7.2741,7670.366
TCD,Chad,1998,7.2665,7938.84
TCD,Chad,1999,7.262,8222.705
TCD,Chad,2000,7.2487,8512.093
TCD,Chad,2001,7.2315,8804.124
TCD,Chad,2002,7.2014,9116.192
TCD,Chad,2003,7.1788,9487.833
TCD,Chad,2004,7.16,9920.036
TCD,Chad,2005,7.1343,10328.092
TCD,Chad,2006,7.1179,10706.424
TCD,Chad,2007,7.0918,11081.66
TCD,Chad,2008,7.0634,11476.296
TCD,Chad,2009,7.0205,11893.754
TCD,Chad,2010,6.99,12312.575
TCD,Chad,2011,6.9481,12754.997
TCD,Chad,2012,6.9055,13210.998
TCD,Chad,2013,6.8387,13691.08
TCD,Chad,2014,6.7808,14188.678
TCD,Chad,2015,6.7065,14647.621
TCD,Chad,2016,6.6234,15114.655
TCD,Chad,2017,6.5371,15622.759
TCD,Chad,2018,6.4638,16156.53
TCD,Chad,2019,6.4118,16685.223
TCD,Chad,2020,6.3464,17224.679
TCD,Chad,2021,6.2549,17828.273
TCD,Chad,2022,6.2152,18455.316
TCD,Chad,2023,6.1203,19319.064
TGO,Togo,1950,6.598,1399.6
TGO,Togo,1951,6.6196,1424.397
TGO,Togo,1952,6.6418,1449.924
TGO,Togo,1953,6.6525,1476.071
TGO,Togo,1954,6.6606,1502.761
TGO,Togo,1955,6.6649,1529.946
TGO,Togo,1956,6.6914,1557.636
TGO,Togo,1957,6.7107,1585.878
TGO,Togo,1958,6.7325,1614.635
TGO,Togo,1959,6.7648,1643.757
TGO,Togo,1960,6.7967,1673.11
TGO,Togo,1961,6.8206,1702.717
TGO,Togo,1962,6.8569,1732.959
TGO,Togo,1963,6.8931,1765.072
TGO,Togo,1964,6.9159,1803.44
TGO,Togo,1965,6.9373,1853.771
TGO,Togo,1966,6.9561,1918.513
TGO,Togo,1967,6.9588,1995.89
TGO,Togo,1968,6.9705,2080.226
TGO,Togo,1969,7.0149,2164.814
TGO,Togo,1970,7.035,2244.773
TGO,Togo,1971,7.0637,2317.976
TGO,Togo,1972,7.0686,2384.994
TGO,Togo,1973,7.081,2448.749
TGO,Togo,1974,7.0898,2511.76
TGO,Togo,1975,7.0883,2574.622
TGO,Togo,1976,7.0627,2637.796
TGO,Togo,1977,7.0254,2701.894
TGO,Togo,1978,6.9827,2768.148
TGO,Togo,1979,6.935,2839.854
TGO,Togo,1980,6.8756,2920.894
TGO,Togo,1981,6.8086,3013.042
TGO,Togo,1982,6.7248,3115.042
TGO,Togo,1983,6.6333,3222.899
TGO,Togo,1984,6.542,3332.837
TGO,Togo,1985,6.4574,3441.092
TGO,Togo,1986,6.3817,3547.952
TGO,Togo,1987,6.3039,3657.508
TGO,Togo,1988,6.2284,3769.742
TGO,Togo,1989,6.1486,3883.411
TGO,Togo,1990,6.0671,3998.761
TGO,Togo,1991,5.9867,4115.56
TGO,Togo,1992,5.8858,4233.617
TGO,Togo,1993,5.7822,4207.453
TGO,Togo,1994,5.6723,4222.94
TGO,Togo,1995,5.5646,4410.832
TGO,Togo,1996,5.4589,4577.86
TGO,Togo,1997,5.3626,4725.03
TGO,Togo,1998,5.2879,4860.913
TGO,Togo,1999,5.2261,5000.269
TGO,Togo,2000,5.1652,5140.036
TGO,Togo,2001,5.128,5277.382
TGO,Togo,2002,5.0919,5413.274
TGO,Togo,2003,5.048,5552.166
TGO,Togo,2004,4.9947,5696.508
TGO,Togo,2005,5.0378,5844.631
TGO,Togo,2006,5.0762,6010.668
TGO,Togo,2007,5.102,6188.344
TGO,Togo,2008,5.1002,6368.812
TGO,Togo,2009,5.1043,6551.866
TGO,Togo,2010,5.0873,6732.59
TGO,Togo,2011,4.9842,6916.474
TGO,Togo,2012,4.8538,7100.736
TGO,Togo,2013,4.7536,7285.442
TGO,Togo,2014,4.7016,7472.45
TGO,Togo,2015,4.6616,7663.196
TGO,Togo,2016,4.6339,7858.289
TGO,Togo,2017,4.5762,8057.14
TGO,Togo,2018,4.5131,8258.778
TGO,Togo,2019,4.4504,8463.068
TGO,Togo,2020,4.3863,8669.72
TGO,Togo,2021,4.3239,8878.378
TGO,Togo,2022,4.2532,9089.738
TGO,Togo,2023,4.1924,9304.338
THA,Thailand,1950,6.3588,20428.402
THA,Thailand,1951,6.3836,20965.182
THA,Thailand,1952,6.3964,21527.582
THA,Thailand,1953,6.4159,22109.323
THA,Thailand,1954,6.4077,22713.338
THA,Thailand,1955,6.3906,23343.181
THA,Thailand,1956,6.3735,23997.265
THA,Thailand,1957,6.3555,24674.83
THA,Thailand,1958,6.345,25367.005
THA,Thailand,1959,6.3324,26088.013
THA,Thailand,1960,6.325,26851.747
THA,Thailand,1961,6.3244,27650.334
THA,Thailand,1962,6.3312,28481.04
THA,Thailand,1963,6.3423,29342.322
THA,Thailand,1964,6.3093,30232.141
THA,Thailand,1965,6.2581,31149.337
THA,Thailand,1966,6.1818,32086.071
THA,Thailand,1967,6.0768,33037.801
THA,Thailand,1968,5.9283,34002.56
THA,Thailand,1969,5.7036,34973.782
THA,Thailand,1970,5.4524,35954.408
THA,Thailand,1971,5.2526,36937.387
THA,Thailand,1972,5.0769,37933.93
THA,Thailand,1973,4.8455,38947.787
THA,Thailand,1974,4.598,39952.891
THA,Thailand,1975,4.3638,40940.005
THA,Thailand,1976,4.1191,41896.504
THA,Thailand,1977,3.8653,42843.974
THA,Thailand,1978,3.6172,43788.976
THA,Thailand,1979,3.4506,44718.434
THA,Thailand,1980,3.2935,45650.022
THA,Thailand,1981,3.1266,46575.855
THA,Thailand,1982,2.9435,47494.577
THA,Thailand,1983,2.7548,48423.309
THA,Thailand,1984,2.5819,49351.708
THA,Thailand,1985,2.4496,50270.753
THA,Thailand,1986,2.3585,51177.834
THA,Thailand,1987,2.255,52074.105
THA,Thailand,1988,2.1712,52969.595
THA,Thailand,1989,2.1356,53848.956
THA,Thailand,1990,2.065,54738.329
THA,Thailand,1991,2.0356,55637.434
THA,Thailand,1992,2.0084,56528.834
THA,Thailand,1993,1.9671,57408.198
THA,Thailand,1994,1.9278,58260.854
THA,Thailand,1995,1.8879,59098.232
THA,Thailand,1996,1.8651,59920.064
THA,Thailand,1997,1.8454,60724.584
THA,Thailand,1998,1.8146,61522.63
THA,Thailand,1999,1.7679,62299.044
THA,Thailand,2000,1.734,63007.815
THA,Thailand,2001,1.7111,63651.141
THA,Thailand,2002,1.6884,64266.437
THA,Thailand,2003,1.6726,64868.166
THA,Thailand,2004,1.6646,65452.047
THA,Thailand,2005,1.644,66017.42
THA,Thailand,2006,1.6307,66567.687
THA,Thailand,2007,1.6165,67102.394
THA,Thailand,2008,1.5867,67619.83
THA,Thailand,2009,1.5647,68121.08
THA,Thailand,2010,1.5623,68579.447
THA,Thailand,2011,1.5705,69007.208
THA,Thailand,2012,1.5631,69436.098
THA,Thailand,2013,1.526,69845.114
THA,Thailand,2014,1.4842,70216.367
THA,Thailand,2015,1.4509,70540.795
THA,Thailand,2016,1.4,70859.841
THA,Thailand,2017,1.3628,71160.187
THA,Thailand,2018,1.3226,71376.079
THA,Thailand,2019,1.2851,71522.271
THA,Thailand,2020,1.2594,71641.484
THA,Thailand,2021,1.2336,71727.332
THA,Thailand,2022,1.2214,71735.329
THA,Thailand,2023,1.2125,71702.435
TJK,Tajikistan,1950,5.6093,1528.308
TJK,Tajikistan,1951,5.6027,1588.338
TJK,Tajikistan,1952,5.6011,1645.583
TJK,Tajikistan,1953,5.66,1701.043
TJK,Tajikistan,1954,5.7212,1755.688
TJK,Tajikistan,1955,5.7848,1810.238
TJK,Tajikistan,1956,5.8467,1865.439
TJK,Tajikistan,1957,5.9175,1922.123
TJK,Tajikistan,1958,6.0451,1981.662
TJK,Tajikistan,1959,6.1312,2045.284
TJK,Tajikistan,1960,6.2355,2112.132
TJK,Tajikistan,1961,6.3533,2181.805
TJK,Tajikistan,1962,6.4793,2255.026
TJK,Tajikistan,1963,6.6201,2331.736
TJK,Tajikistan,1964,6.6801,2411.26
TJK,Tajikistan,1965,6.7425,2492.998
TJK,Tajikistan,1966,6.8152,2577.184
TJK,Tajikistan,1967,6.8861,2664.13
TJK,Tajikistan,1968,6.9121,2753.848
TJK,Tajikistan,1969,6.9105,2845.272
TJK,Tajikistan,1970,6.9109,2936.779
TJK,Tajikistan,1971,6.9107,3028.837
TJK,Tajikistan,1972,6.8935,3123.692
TJK,Tajikistan,1973,6.8412,3222.29
TJK,Tajikistan,1974,6.7724,3324.499
TJK,Tajikistan,1975,6.6917,3430.425
TJK,Tajikistan,1976,6.6006,3540.076
TJK,Tajikistan,1977,6.4941,3653.265
TJK,Tajikistan,1978,6.4003,3768.508
TJK,Tajikistan,1979,6.3106,3882.691
TJK,Tajikistan,1980,6.2116,3995.256
TJK,Tajikistan,1981,6.1168,4109.022
TJK,Tajikistan,1982,6.0345,4227.17
TJK,Tajikistan,1983,5.9812,4350.874
TJK,Tajikistan,1984,5.956,4480.026
TJK,Tajikistan,1985,5.9442,4619.004
TJK,Tajikistan,1986,5.9056,4772.139
TJK,Tajikistan,1987,5.8393,4939.059
TJK,Tajikistan,1988,5.7538,5114.989
TJK,Tajikistan,1989,5.6087,5267.25
TJK,Tajikistan,1990,5.4557,5398.768
TJK,Tajikistan,1991,5.276,5541.205
TJK,Tajikistan,1992,5.0556,5649.4
TJK,Tajikistan,1993,4.9213,5724.993
TJK,Tajikistan,1994,4.7918,5825.368
TJK,Tajikistan,1995,4.6638,5948.584
TJK,Tajikistan,1996,3.94,6066.522
TJK,Tajikistan,1997,4.06,6139.829
TJK,Tajikistan,1998,4.07,6176.397
TJK,Tajikistan,1999,3.85,6208.37
TJK,Tajikistan,2000,3.49,6284.736
TJK,Tajikistan,2001,3.49,6407.377
TJK,Tajikistan,2002,3.47,6531.669
TJK,Tajikistan,2003,3.42,6658.575
TJK,Tajikistan,2004,3.5074,6790.547
TJK,Tajikistan,2005,3.3979,6924.72
TJK,Tajikistan,2006,3.341,7057.566
TJK,Tajikistan,2007,3.3674,7194.478
TJK,Tajikistan,2008,3.3881,7338.403
TJK,Tajikistan,2009,3.4297,7490.23
TJK,Tajikistan,2010,3.4569,7652.141
TJK,Tajikistan,2011,3.4563,7824.786
TJK,Tajikistan,2012,3.4212,8014.084
TJK,Tajikistan,2013,3.4329,8216.724
TJK,Tajikistan,2014,3.4594,8425.552
TJK,Tajikistan,2015,3.4589,8643.84
TJK,Tajikistan,2016,3.3843,8865.631
TJK,Tajikistan,2017,3.2903,9085.946
TJK,Tajikistan,2018,3.2943,9307.333
TJK,Tajikistan,2019,3.2811,9529.966
TJK,Tajikistan,2020,3.2114,9749.31
TJK,Tajikistan,2021,3.1696,9966.908
TJK,Tajikistan,2022,3.1268,10182.222
TJK,Tajikistan,2023,3.0723,10389.798
TKL,Tokelau,1950,5.1183,1.592
TKL,Tokelau,1951,5.2214,1.562
TKL,Tokelau,1952,5.3085,1.563
TKL,Tokelau,1953,5.3807,1.576
TKL,Tokelau,1954,5.3922,1.586
TKL,Tokelau,1955,5.497,1.593
TKL,Tokelau,1956,5.5998,1.604
TKL,Tokelau,1957,5.625,1.637
TKL,Tokelau,1958,5.6676,1.682
TKL,Tokelau,1959,5.7063,1.73
TKL,Tokelau,1960,5.7277,1.784
TKL,Tokelau,1961,5.7165,1.838
TKL,Tokelau,1962,5.6919,1.869
TKL,Tokelau,1963,5.6567,1.882
TKL,Tokelau,1964,5.621,1.893
TKL,Tokelau,1965,5.5521,1.899
TKL,Tokelau,1966,5.4615,1.898
TKL,Tokelau,1967,5.369,1.873
TKL,Tokelau,1968,5.2701,1.827
TKL,Tokelau,1969,5.1618,1.776
TKL,Tokelau,1970,5.0374,1.72
TKL,Tokelau,1971,4.926,1.666
TKL,Tokelau,1972,4.8037,1.641
TKL,Tokelau,1973,4.6557,1.643
TKL,Tokelau,1974,4.5173,1.642
TKL,Tokelau,1975,4.4096,1.639
TKL,Tokelau,1976,4.317,1.643
TKL,Tokelau,1977,4.2233,1.653
TKL,Tokelau,1978,4.1572,1.663
TKL,Tokelau,1979,4.0966,1.666
TKL,Tokelau,1980,4.0786,1.664
TKL,Tokelau,1981,4.0594,1.664
TKL,Tokelau,1982,4.0549,1.666
TKL,Tokelau,1983,4.0918,1.689
TKL,Tokelau,1984,4.1462,1.727
TKL,Tokelau,1985,4.1937,1.761
TKL,Tokelau,1986,4.2591,1.782
TKL,Tokelau,1987,4.3246,1.778
TKL,Tokelau,1988,4.4169,1.766
TKL,Tokelau,1989,4.5074,1.763
TKL,Tokelau,1990,4.5644,1.766
TKL,Tokelau,1991,4.5984,1.774
TKL,Tokelau,1992,4.6056,1.778
TKL,Tokelau,1993,4.5794,1.775
TKL,Tokelau,1994,4.5208,1.772
TKL,Tokelau,1995,4.4683,1.771
TKL,Tokelau,1996,4.3806,1.771
TKL,Tokelau,1997,4.2675,1.782
TKL,Tokelau,1998,4.1366,1.801
TKL,Tokelau,1999,3.9956,1.821
TKL,Tokelau,2000,3.8229,1.844
TKL,Tokelau,2001,3.6715,1.864
TKL,Tokelau,2002,3.5698,1.839
TKL,Tokelau,2003,3.5142,1.774
TKL,Tokelau,2004,3.4698,1.705
TKL,Tokelau,2005,3.4399,1.631
TKL,Tokelau,2006,3.4197,1.569
TKL,Tokelau,2007,3.4,1.552
TKL,Tokelau,2008,3.3776,1.562
TKL,Tokelau,2009,3.3418,1.574
TKL,Tokelau,2010,3.2493,1.584
TKL,Tokelau,2011,3.164,1.598
TKL,Tokelau,2012,3.0953,1.659
TKL,Tokelau,2013,3.0417,1.726
TKL,Tokelau,2014,2.9865,1.728
TKL,Tokelau,2015,2.9239,1.698
TKL,Tokelau,2016,2.864,1.677
TKL,Tokelau,2017,2.8113,1.742
TKL,Tokelau,2018,2.7768,1.878
TKL,Tokelau,2019,2.7454,2.014
TKL,Tokelau,2020,2.7109,2.128
TKL,Tokelau,2021,2.6831,2.205
TKL,Tokelau,2022,2.6463,2.29
TKL,Tokelau,2023,2.6124,2.398
TKM,Turkmenistan,1950,5.256,1269.18
TKM,Turkmenistan,1951,5.2505,1294.075
TKM,Turkmenistan,1952,5.2542,1320.535
TKM,Turkmenistan,1953,5.5675,1349.677
TKM,Turkmenistan,1954,5.7701,1382.36
TKM,Turkmenistan,1955,5.9664,1418.164
TKM,Turkmenistan,1956,6.1556,1457.206
TKM,Turkmenistan,1957,6.3361,1499.558
TKM,Turkmenistan,1958,6.5049,1545.188
TKM,Turkmenistan,1959,6.5572,1593.42
TKM,Turkmenistan,1960,6.5896,1643.456
TKM,Turkmenistan,1961,6.6887,1695.4
TKM,Turkmenistan,1962,6.7557,1749.214
TKM,Turkmenistan,1963,6.7881,1804.272
TKM,Turkmenistan,1964,6.787,1859.997
TKM,Turkmenistan,1965,6.7563,1915.916
TKM,Turkmenistan,1966,6.7028,1971.737
TKM,Turkmenistan,1967,6.6351,2027.403
TKM,Turkmenistan,1968,6.5603,2083.069
TKM,Turkmenistan,1969,6.4825,2139.024
TKM,Turkmenistan,1970,6.4036,2195.616
TKM,Turkmenistan,1971,6.3231,2253.119
TKM,Turkmenistan,1972,6.2003,2311.43
TKM,Turkmenistan,1973,6.152,2370.92
TKM,Turkmenistan,1974,6.0868,2432.028
TKM,Turkmenistan,1975,6.004,2494.57
TKM,Turkmenistan,1976,5.9015,2558.521
TKM,Turkmenistan,1977,5.7697,2623.948
TKM,Turkmenistan,1978,5.6101,2691.088
TKM,Turkmenistan,1979,5.4567,2760.358
TKM,Turkmenistan,1980,5.3034,2832.203
TKM,Turkmenistan,1981,5.1623,2907.187
TKM,Turkmenistan,1982,5.0417,2985.558
TKM,Turkmenistan,1983,4.9666,3067.534
TKM,Turkmenistan,1984,4.9636,3154.079
TKM,Turkmenistan,1985,4.966,3247.534
TKM,Turkmenistan,1986,4.9364,3347.808
TKM,Turkmenistan,1987,4.8418,3452.73
TKM,Turkmenistan,1988,4.6753,3559.363
TKM,Turkmenistan,1989,4.4633,3662.46
TKM,Turkmenistan,1990,4.2884,3760.562
TKM,Turkmenistan,1991,4.1451,3855.894
TKM,Turkmenistan,1992,3.9573,3944.689
TKM,Turkmenistan,1993,3.7782,4032.407
TKM,Turkmenistan,1994,3.6229,4116.662
TKM,Turkmenistan,1995,3.4914,4191.203
TKM,Turkmenistan,1996,3.2917,4263.819
TKM,Turkmenistan,1997,3.1799,4336.73
TKM,Turkmenistan,1998,3.0752,4410.507
TKM,Turkmenistan,1999,2.9755,4492.17
TKM,Turkmenistan,2000,2.9,4582.677
TKM,Turkmenistan,2001,2.814,4675.41
TKM,Turkmenistan,2002,2.7097,4769.465
TKM,Turkmenistan,2003,2.667,4863.866
TKM,Turkmenistan,2004,2.6745,4958.093
TKM,Turkmenistan,2005,2.706,5052.257
TKM,Turkmenistan,2006,2.7239,5147.106
TKM,Turkmenistan,2007,2.734,5244.046
TKM,Turkmenistan,2008,2.7505,5345.029
TKM,Turkmenistan,2009,2.7937,5451.592
TKM,Turkmenistan,2010,2.8477,5564.356
TKM,Turkmenistan,2011,2.8998,5683.417
TKM,Turkmenistan,2012,2.9552,5808.546
TKM,Turkmenistan,2013,3.0066,5939.341
TKM,Turkmenistan,2014,3.023,6075.283
TKM,Turkmenistan,2015,3.0328,6215.77
TKM,Turkmenistan,2016,2.9896,6360.041
TKM,Turkmenistan,2017,2.9344,6507.061
TKM,Turkmenistan,2018,2.8748,6655.524
TKM,Turkmenistan,2019,2.8336,6803.944
TKM,Turkmenistan,2020,2.7935,6949.912
TKM,Turkmenistan,2021,2.7538,7092.044
TKM,Turkmenistan,2022,2.7276,7230.193
TKM,Turkmenistan,2023,2.6901,7364.438
TLS,Timor-Leste,1950,6.6052,414.762
TLS,Timor-Leste,1951,6.5914,418.26
TLS,Timor-Leste,1952,6.5638,422.422
TLS,Timor-Leste,1953,6.5362,426.988
TLS,Timor-Leste,1954,6.5086,431.907
TLS,Timor-Leste,1955,6.481,437.15
TLS,Timor-Leste,1956,6.4529,442.699
TLS,Timor-Leste,1957,6.4238,448.561
TLS,Timor-Leste,1958,6.393,454.748
TLS,Timor-Leste,1959,6.3587,461.269
TLS,Timor-Leste,1960,6.3193,468.118
TLS,Timor-Leste,1961,6.273,475.292
TLS,Timor-Leste,1962,6.2184,482.774
TLS,Timor-Leste,1963,6.1552,490.564
TLS,Timor-Leste,1964,6.0842,498.658
TLS,Timor-Leste,1965,6.0085,507.034
TLS,Timor-Leste,1966,5.9319,515.696
TLS,Timor-Leste,1967,5.8576,524.648
TLS,Timor-Leste,1968,5.7876,533.875
TLS,Timor-Leste,1969,5.7219,543.356
TLS,Timor-Leste,1970,5.6551,553.069
TLS,Timor-Leste,1971,5.5795,562.966
TLS,Timor-Leste,1972,5.4916,572.962
TLS,Timor-Leste,1973,5.3922,582.854
TLS,Timor-Leste,1974,5.2871,590.826
TLS,Timor-Leste,1975,5.1902,598.158
TLS,Timor-Leste,1976,5.1191,607.62
TLS,Timor-Leste,1977,5.0854,618.315
TLS,Timor-Leste,1978,5.094,628.776
TLS,Timor-Leste,1979,5.1424,638.719
TLS,Timor-Leste,1980,5.219,649.872
TLS,Timor-Leste,1981,5.5252,660.493
TLS,Timor-Leste,1982,5.5546,669.149
TLS,Timor-Leste,1983,5.5856,677.706
TLS,Timor-Leste,1984,5.6137,686.777
TLS,Timor-Leste,1985,5.65,696.665
TLS,Timor-Leste,1986,5.6723,707.185
TLS,Timor-Leste,1987,5.6819,718.476
TLS,Timor-Leste,1988,5.716,730.744
TLS,Timor-Leste,1989,5.7619,744.856
TLS,Timor-Leste,1990,5.8106,760.344
TLS,Timor-Leste,1991,5.8346,778.278
TLS,Timor-Leste,1992,5.8671,799.318
TLS,Timor-Leste,1993,5.8792,821.436
TLS,Timor-Leste,1994,5.912,844.493
TLS,Timor-Leste,1995,5.9356,868.146
TLS,Timor-Leste,1996,5.9414,892.282
TLS,Timor-Leste,1997,5.9555,917.184
TLS,Timor-Leste,1998,5.9633,942.53
TLS,Timor-Leste,1999,5.9702,834.697
TLS,Timor-Leste,2000,5.934,745.088
TLS,Timor-Leste,2001,5.9175,812.249
TLS,Timor-Leste,2002,5.8993,879.158
TLS,Timor-Leste,2003,5.8461,916.878
TLS,Timor-Leste,2004,5.7413,929.074
TLS,Timor-Leste,2005,5.6107,948.311
TLS,Timor-Leste,2006,5.4736,976.597
TLS,Timor-Leste,2007,5.3333,1004.889
TLS,Timor-Leste,2008,5.1709,1032.429
TLS,Timor-Leste,2009,4.9937,1058.782
TLS,Timor-Leste,2010,4.8164,1084.679
TLS,Timor-Leste,2011,4.6141,1110.207
TLS,Timor-Leste,2012,4.4045,1134.885
TLS,Timor-Leste,2013,4.2078,1158.695
TLS,Timor-Leste,2014,3.9986,1181.903
TLS,Timor-Leste,2015,3.7789,1205.131
TLS,Timor-Leste,2016,3.5815,1228.312
TLS,Timor-Leste,2017,3.3993,1251.703
TLS,Timor-Leste,2018,3.2444,1275.959
TLS,Timor-Leste,2019,3.1162,1300.945
TLS,Timor-Leste,2020,3.0107,1326.053
TLS,Timor-Leste,2021,2.8916,1350.139
TLS,Timor-Leste,2022,2.8008,1369.295
TLS,Timor-Leste,2023,2.7074,1384.286
TON,Tonga,1950,6.6987,49.66
TON,Tonga,1951,6.6902,50.951
TON,Tonga,1952,6.6916,52.358
TON,Tonga,1953,6.7021,53.881
TON,Tonga,1954,6.6956,55.516
TON,Tonga,1955,6.6831,57.257
TON,Tonga,1956,6.6631,59.099
TON,Tonga,1957,6.6525,60.88
TON,Tonga,1958,6.6478,62.586
TON,Tonga,1959,6.6438,64.35
TON,Tonga,1960,6.6508,66.17
TON,Tonga,1961,6.6104,68.037
TON,Tonga,1962,6.5711,69.94
TON,Tonga,1963,6.5172,71.885
TON,Tonga,1964,6.4638,73.878
TON,Tonga,1965,6.4078,75.924
TON,Tonga,1966,6.3486,78.002
TON,Tonga,1967,6.2935,79.814
TON,Tonga,1968,6.2256,81.353
TON,Tonga,1969,6.1665,82.884
TON,Tonga,1970,6.0713,84.402
TON,Tonga,1971,5.9579,85.896
TON,Tonga,1972,5.8616,87.356
TON,Tonga,1973,5.8009,88.804
TON,Tonga,1974,5.765,90.683
TON,Tonga,1975,5.7458,93.018
TON,Tonga,1976,5.7261,95.325
TON,Tonga,1977,5.6993,96.725
TON,Tonga,1978,5.6836,97.204
TON,Tonga,1979,5.6474,97.544
TON,Tonga,1980,5.5989,97.769
TON,Tonga,1981,5.5544,97.908
TON,Tonga,1982,5.4966,97.98
TON,Tonga,1983,5.4497,97.998
TON,Tonga,1984,5.4071,97.99
TON,Tonga,1985,5.3444,97.984
TON,Tonga,1986,5.2727,98.01
TON,Tonga,1987,5.1925,98.376
TON,Tonga,1988,5.1029,98.969
TON,Tonga,1989,5.0056,99.403
TON,Tonga,1990,4.9294,99.7
TON,Tonga,1991,4.8521,99.896
TON,Tonga,1992,4.7874,100.022
TON,Tonga,1993,4.7256,100.103
TON,Tonga,1994,4.6578,100.166
TON,Tonga,1995,4.5634,100.225
TON,Tonga,1996,4.4551,100.275
TON,Tonga,1997,4.3776,100.674
TON,Tonga,1998,4.3085,101.388
TON,Tonga,1999,4.2281,102.046
TON,Tonga,2000,4.159,102.677
TON,Tonga,2001,4.1267,103.288
TON,Tonga,2002,4.1375,103.874
TON,Tonga,2003,4.175,104.464
TON,Tonga,2004,4.1861,105.071
TON,Tonga,2005,4.1951,105.671
TON,Tonga,2006,4.1411,106.253
TON,Tonga,2007,4.0858,106.726
TON,Tonga,2008,4.0124,107.02
TON,Tonga,2009,3.9461,107.202
TON,Tonga,2010,3.8794,107.4
TON,Tonga,2011,3.8287,107.57
TON,Tonga,2012,3.7684,107.46
TON,Tonga,2013,3.6962,107.078
TON,Tonga,2014,3.619,106.609
TON,Tonga,2015,3.5404,106.095
TON,Tonga,2016,3.4633,105.524
TON,Tonga,2017,3.3879,105.356
TON,Tonga,2018,3.3257,105.567
TON,Tonga,2019,3.2741,105.67
TON,Tonga,2020,3.2337,105.704
TON,Tonga,2021,3.198,105.49
TON,Tonga,2022,3.1712,105.042
TON,Tonga,2023,3.1295,104.598
TTO,Trinidad and Tobago,1950,5.1815,648.774
TTO,Trinidad and Tobago,1951,5.2136,665.73
TTO,Trinidad and Tobago,1952,5.244,683.432
TTO,Trinidad and Tobago,1953,5.279,701.86
TTO,Trinidad and Tobago,1954,5.3433,721.155
TTO,Trinidad and Tobago,1955,5.3494,741.234
TTO,Trinidad and Tobago,1956,5.2662,761.687
TTO,Trinidad and Tobago,1957,5.2792,782.501
TTO,Trinidad and Tobago,1958,5.298,803.839
TTO,Trinidad and Tobago,1959,5.3478,825.018
TTO,Trinidad and Tobago,1960,5.4049,844.944
TTO,Trinidad and Tobago,1961,5.4048,863.144
TTO,Trinidad and Tobago,1962,5.3582,880.194
TTO,Trinidad and Tobago,1963,5.2417,896.804
TTO,Trinidad and Tobago,1964,5.0815,912.963
TTO,Trinidad and Tobago,1965,4.8801,928.425
TTO,Trinidad and Tobago,1966,4.6197,942.936
TTO,Trinidad and Tobago,1967,4.3504,956.418
TTO,Trinidad and Tobago,1968,4.1055,969.006
TTO,Trinidad and Tobago,1969,3.8563,980.706
TTO,Trinidad and Tobago,1970,3.7093,991.47
TTO,Trinidad and Tobago,1971,3.6124,1002.585
TTO,Trinidad and Tobago,1972,3.5514,1014.921
TTO,Trinidad and Tobago,1973,3.4659,1027.851
TTO,Trinidad and Tobago,1974,3.3185,1040.761
TTO,Trinidad and Tobago,1975,3.214,1053.469
TTO,Trinidad and Tobago,1976,3.138,1066.311
TTO,Trinidad and Tobago,1977,3.1207,1079.554
TTO,Trinidad and Tobago,1978,3.1291,1093.38
TTO,Trinidad and Tobago,1979,3.1259,1107.64
TTO,Trinidad and Tobago,1980,3.1455,1121.744
TTO,Trinidad and Tobago,1981,3.1327,1135.132
TTO,Trinidad and Tobago,1982,3.1078,1147.927
TTO,Trinidad and Tobago,1983,3.0699,1160.534
TTO,Trinidad and Tobago,1984,3.0168,1172.984
TTO,Trinidad and Tobago,1985,2.9878,1187.366
TTO,Trinidad and Tobago,1986,2.9033,1203.124
TTO,Trinidad and Tobago,1987,2.7751,1217.364
TTO,Trinidad and Tobago,1988,2.6465,1230.069
TTO,Trinidad and Tobago,1989,2.5265,1241.6
TTO,Trinidad and Tobago,1990,2.3939,1252.208
TTO,Trinidad and Tobago,1991,2.2898,1262.171
TTO,Trinidad and Tobago,1992,2.2134,1271.674
TTO,Trinidad and Tobago,1993,2.1285,1280.466
TTO,Trinidad and Tobago,1994,2.0645,1288.342
TTO,Trinidad and Tobago,1995,1.9668,1295.169
TTO,Trinidad and Tobago,1996,1.8938,1300.928
TTO,Trinidad and Tobago,1997,1.8308,1305.836
TTO,Trinidad and Tobago,1998,1.7838,1310.225
TTO,Trinidad and Tobago,1999,1.7599,1314.708
TTO,Trinidad and Tobago,2000,1.7323,1319.774
TTO,Trinidad and Tobago,2001,1.7053,1325.567
TTO,Trinidad and Tobago,2002,1.6716,1332.011
TTO,Trinidad and Tobago,2003,1.6477,1338.709
TTO,Trinidad and Tobago,2004,1.6268,1345.38
TTO,Trinidad and Tobago,2005,1.6247,1352.034
TTO,Trinidad and Tobago,2006,1.6238,1358.698
TTO,Trinidad and Tobago,2007,1.6218,1365.377
TTO,Trinidad and Tobago,2008,1.6165,1372.084
TTO,Trinidad and Tobago,2009,1.6177,1379.056
TTO,Trinidad and Tobago,2010,1.6138,1386.654
TTO,Trinidad and Tobago,2011,1.6107,1394.983
TTO,Trinidad and Tobago,2012,1.6088,1403.809
TTO,Trinidad and Tobago,2013,1.6028,1412.653
TTO,Trinidad and Tobago,2014,1.6016,1421.131
TTO,Trinidad and Tobago,2015,1.5982,1429.188
TTO,Trinidad and Tobago,2016,1.6006,1437.026
TTO,Trinidad and Tobago,2017,1.5938,1445.261
TTO,Trinidad and Tobago,2018,1.5885,1470.518
TTO,Trinidad and Tobago,2019,1.5785,1484.894
TTO,Trinidad and Tobago,2020,1.5724,1481.024
TTO,Trinidad and Tobago,2021,1.5586,1487.717
TTO,Trinidad and Tobago,2022,1.5441,1495.921
TTO,Trinidad and Tobago,2023,1.5315,1502.932
TUN,Tunisia,1950,6.6804,3608.985
TUN,Tunisia,1951,6.7389,3682.1
TUN,Tunisia,1952,6.8042,3758.185
TUN,Tunisia,1953,6.8661,3837.399
TUN,Tunisia,1954,6.9301,3919.525
TUN,Tunisia,1955,6.9734,4005.129
TUN,Tunisia,1956,7.0162,4082.601
TUN,Tunisia,1957,7.0632,4136.606
TUN,Tunisia,1958,7.1065,4177.717
TUN,Tunisia,1959,7.15,4220.905
TUN,Tunisia,1960,7.1568,4267.288
TUN,Tunisia,1961,7.1595,4316.278
TUN,Tunisia,1962,7.1679,4369.136
TUN,Tunisia,1963,7.1701,4427.131
TUN,Tunisia,1964,7.1664,4489.87
TUN,Tunisia,1965,7.1127,4561.385
TUN,Tunisia,1966,7.0554,4652.287
TUN,Tunisia,1967,6.9521,4760.97
TUN,Tunisia,1968,6.806,4879.898
TUN,Tunisia,1969,6.6229,5004.697
TUN,Tunisia,1970,6.4259,5131.396
TUN,Tunisia,1971,6.2898,5261.658
TUN,Tunisia,1972,6.1868,5396.557
TUN,Tunisia,1973,6.1195,5537.242
TUN,Tunisia,1974,6.0478,5684.674
TUN,Tunisia,1975,5.9719,5839.262
TUN,Tunisia,1976,5.8726,5996.994
TUN,Tunisia,1977,5.6812,6155.931
TUN,Tunisia,1978,5.4011,6309.39
TUN,Tunisia,1979,5.1838,6456.419
TUN,Tunisia,1980,5.0331,6606.195
TUN,Tunisia,1981,5.0232,6758.284
TUN,Tunisia,1982,4.89,6908.642
TUN,Tunisia,1983,4.7707,7053.8
TUN,Tunisia,1984,4.6637,7220.044
TUN,Tunisia,1985,4.5211,7409.903
TUN,Tunisia,1986,4.3606,7600.301
TUN,Tunisia,1987,4.1039,7789.987
TUN,Tunisia,1988,3.8333,7974.44
TUN,Tunisia,1989,3.5693,8151.66
TUN,Tunisia,1990,3.4407,8324.509
TUN,Tunisia,1991,3.3104,8501.827
TUN,Tunisia,1992,3.1885,8682.512
TUN,Tunisia,1993,3.0584,8857.91
TUN,Tunisia,1994,2.8736,9018.448
TUN,Tunisia,1995,2.67,9161.258
TUN,Tunisia,1996,2.4882,9294.432
TUN,Tunisia,1997,2.3383,9421.27
TUN,Tunisia,1998,2.1968,9541.667
TUN,Tunisia,1999,2.0819,9655.964
TUN,Tunisia,2000,2.0255,9764.936
TUN,Tunisia,2001,1.9745,9869.678
TUN,Tunisia,2002,1.941,9971.516
TUN,Tunisia,2003,1.9558,10071.632
TUN,Tunisia,2004,1.9501,10166.163
TUN,Tunisia,2005,1.9534,10255.472
TUN,Tunisia,2006,1.9521,10346.41
TUN,Tunisia,2007,1.9573,10441.702
TUN,Tunisia,2008,1.9753,10542.635
TUN,Tunisia,2009,2.004,10650.68
TUN,Tunisia,2010,2.0753,10765.98
TUN,Tunisia,2011,2.1888,10886.036
TUN,Tunisia,2012,2.2769,11009.646
TUN,Tunisia,2013,2.3096,11141.36
TUN,Tunisia,2014,2.3164,11274.288
TUN,Tunisia,2015,2.3057,11402.264
TUN,Tunisia,2016,2.2752,11528.674
TUN,Tunisia,2017,2.2054,11650.498
TUN,Tunisia,2018,2.133,11765.514
TUN,Tunisia,2019,2.1,11875.081
TUN,Tunisia,2020,2,11974.057
TUN,Tunisia,2021,1.8,12048.622
TUN,Tunisia,2022,1.8468,12119.334
TUN,Tunisia,2023,1.8323,12200.431
TUR,Türkiye,1950,6.468,21021.14
TUR,Türkiye,1951,6.4677,21643.88
TUR,Türkiye,1952,6.4705,22290.092
TUR,Türkiye,1953,6.4771,22958.548
TUR,Türkiye,1954,6.4679,23636.109
TUR,Türkiye,1955,6.4632,24310.511
TUR,Türkiye,1956,6.4633,25057.602
TUR,Türkiye,1957,6.454,25880.914
TUR,Türkiye,1958,6.4337,26704.962
TUR,Türkiye,1959,6.4159,27526.341
TUR,Türkiye,1960,6.3831,28329.898
TUR,Türkiye,1961,6.4192,29119.238
TUR,Türkiye,1962,6.382,29916.147
TUR,Türkiye,1963,6.3393,30726.841
TUR,Türkiye,1964,6.2909,31543.072
TUR,Türkiye,1965,6.2199,32345.22
TUR,Türkiye,1966,6.1522,33177.672
TUR,Türkiye,1967,6.0567,34050.421
TUR,Türkiye,1968,5.9623,34921.684
TUR,Türkiye,1969,5.8724,35787.774
TUR,Türkiye,1970,5.775,36638.465
TUR,Türkiye,1971,5.6705,37518.611
TUR,Türkiye,1972,5.5484,38430.221
TUR,Türkiye,1973,5.4099,39329.533
TUR,Türkiye,1974,5.2433,40210.234
TUR,Türkiye,1975,5.087,41053.126
TUR,Türkiye,1976,4.9309,41899.984
TUR,Türkiye,1977,4.7839,42773.298
TUR,Türkiye,1978,4.6912,43645.306
TUR,Türkiye,1979,4.5786,44510.43
TUR,Türkiye,1980,4.4532,45408.815
TUR,Türkiye,1981,4.3506,46321.19
TUR,Türkiye,1982,4.2049,47322.096
TUR,Türkiye,1983,4.0561,48447.41
TUR,Türkiye,1984,3.9111,49574.069
TUR,Türkiye,1985,3.7786,50687.115
TUR,Türkiye,1986,3.6583,51777.772
TUR,Türkiye,1987,3.5418,52843.67
TUR,Türkiye,1988,3.4449,53909.626
TUR,Türkiye,1989,3.3362,54976.723
TUR,Türkiye,1990,3.1075,56015.628
TUR,Türkiye,1991,3.0029,57009.887
TUR,Türkiye,1992,2.9387,57990.118
TUR,Türkiye,1993,2.916,58999.167
TUR,Türkiye,1994,2.8739,60033.836
TUR,Türkiye,1995,2.8354,61024.503
TUR,Türkiye,1996,2.7789,61951.134
TUR,Türkiye,1997,2.7443,62852.966
TUR,Türkiye,1998,2.7073,63734.383
TUR,Türkiye,1999,2.6299,64591.922
TUR,Türkiye,2000,2.4867,65425.961
TUR,Türkiye,2001,2.3919,66245.128
TUR,Türkiye,2002,2.2677,67048.795
TUR,Türkiye,2003,2.2021,67831.73
TUR,Türkiye,2004,2.197,68592.617
TUR,Türkiye,2005,2.1972,69329.557
TUR,Türkiye,2006,2.1926,70045.349
TUR,Türkiye,2007,2.1826,70750.586
TUR,Türkiye,2008,2.1666,71562.338
TUR,Türkiye,2009,2.1448,72464.848
TUR,Türkiye,2010,2.0802,73346.769
TUR,Türkiye,2011,2.0472,74215.203
TUR,Türkiye,2012,2.1086,75197.198
TUR,Türkiye,2013,2.1068,76403.031
TUR,Türkiye,2014,2.1862,78036.154
TUR,Türkiye,2015,2.1571,80014.226
TUR,Türkiye,2016,2.1148,81652.088
TUR,Türkiye,2017,2.0818,83083.662
TUR,Türkiye,2018,2.0035,84415.969
TUR,Türkiye,2019,1.8863,85357.672
TUR,Türkiye,2020,1.7681,86091.692
TUR,Türkiye,2021,1.7077,86686.253
TUR,Türkiye,2022,1.6249,87058.473
TUR,Türkiye,2023,1.625,87270.502
TUV,Tuvalu,1950,5.4172,4.764
TUV,Tuvalu,1951,5.4138,4.926
TUV,Tuvalu,1952,5.4027,5.05
TUV,Tuvalu,1953,5.3901,5.175
TUV,Tuvalu,1954,5.3775,5.269
TUV,Tuvalu,1955,5.3556,5.335
TUV,Tuvalu,1956,5.3163,5.389
TUV,Tuvalu,1957,5.2796,5.439
TUV,Tuvalu,1958,5.2365,5.497
TUV,Tuvalu,1959,5.1912,5.553
TUV,Tuvalu,1960,5.1461,5.598
TUV,Tuvalu,1961,5.0893,5.648
TUV,Tuvalu,1962,5.0036,5.699
TUV,Tuvalu,1963,4.9144,5.751
TUV,Tuvalu,1964,4.8264,5.752
TUV,Tuvalu,1965,4.726,5.715
TUV,Tuvalu,1966,4.6375,5.686
TUV,Tuvalu,1967,4.4942,5.652
TUV,Tuvalu,1968,4.3612,5.624
TUV,Tuvalu,1969,4.2268,5.631
TUV,Tuvalu,1970,4.081,5.663
TUV,Tuvalu,1971,3.9442,5.685
TUV,Tuvalu,1972,3.8065,5.692
TUV,Tuvalu,1973,3.7121,5.681
TUV,Tuvalu,1974,3.633,5.822
TUV,Tuvalu,1975,3.5785,6.117
TUV,Tuvalu,1976,3.5536,6.404
TUV,Tuvalu,1977,3.5552,6.686
TUV,Tuvalu,1978,3.59,6.957
TUV,Tuvalu,1979,3.645,7.184
TUV,Tuvalu,1980,3.7302,7.366
TUV,Tuvalu,1981,3.8043,7.526
TUV,Tuvalu,1982,3.877,7.664
TUV,Tuvalu,1983,3.9121,7.789
TUV,Tuvalu,1984,3.9464,7.902
TUV,Tuvalu,1985,3.9731,8.046
TUV,Tuvalu,1986,3.9733,8.217
TUV,Tuvalu,1987,3.941,8.371
TUV,Tuvalu,1988,3.8809,8.518
TUV,Tuvalu,1989,3.7972,8.662
TUV,Tuvalu,1990,3.7501,8.798
TUV,Tuvalu,1991,3.7886,8.928
TUV,Tuvalu,1992,3.8602,9.038
TUV,Tuvalu,1993,3.9224,9.126
TUV,Tuvalu,1994,3.9232,9.207
TUV,Tuvalu,1995,3.9625,9.28
TUV,Tuvalu,1996,3.9512,9.342
TUV,Tuvalu,1997,3.9517,9.4
TUV,Tuvalu,1998,3.9512,9.451
TUV,Tuvalu,1999,3.9185,9.496
TUV,Tuvalu,2000,3.8414,9.544
TUV,Tuvalu,2001,3.7488,9.586
TUV,Tuvalu,2002,3.6374,9.623
TUV,Tuvalu,2003,3.5785,9.695
TUV,Tuvalu,2004,3.5528,9.816
TUV,Tuvalu,2005,3.5456,9.94
TUV,Tuvalu,2006,3.5252,10.056
TUV,Tuvalu,2007,3.4455,10.182
TUV,Tuvalu,2008,3.4153,10.321
TUV,Tuvalu,2009,3.4248,10.461
TUV,Tuvalu,2010,3.4422,10.614
TUV,Tuvalu,2011,3.4626,10.78
TUV,Tuvalu,2012,3.4696,10.934
TUV,Tuvalu,2013,3.3894,11.001
TUV,Tuvalu,2014,3.33,10.984
TUV,Tuvalu,2015,3.3085,10.963
TUV,Tuvalu,2016,3.2975,10.93
TUV,Tuvalu,2017,3.3007,10.869
TUV,Tuvalu,2018,3.3275,10.751
TUV,Tuvalu,2019,3.3305,10.581
TUV,Tuvalu,2020,3.3087,10.4
TUV,Tuvalu,2021,3.2766,10.194
TUV,Tuvalu,2022,3.2436,9.992
TUV,Tuvalu,2023,3.2078,9.816
TWN,"China, Taiwan Province of China",1950,6.4806,7596.53
TWN,"China, Taiwan Province of China",1951,6.6367,7862.796
TWN,"China, Taiwan Province of China",1952,6.6867,8148.99
TWN,"China, Taiwan Province of China",1953,6.6813,8451.371
TWN,"China, Taiwan Province of China",1954,6.6563,8767.774
TWN,"China, Taiwan Province of China",1955,6.5855,9104.134
TWN,"China, Taiwan Province of China",1956,6.4894,9465.71
TWN,"China, Taiwan Province of China",1957,6.3345,9850.526
TWN,"China, Taiwan Province of China",1958,6.1541,10246.156
TWN,"China, Taiwan Province of China",1959,5.942,10644.176
TWN,"China, Taiwan Province of China",1960,5.7868,11046.258
TWN,"China, Taiwan Province of China",1961,5.6656,11453.5
TWN,"China, Taiwan Province of China",1962,5.5349,11866.672
TWN,"China, Taiwan Province of China",1963,5.3866,12285.722
TWN,"China, Taiwan Province of China",1964,5.2024,12706.674
TWN,"China, Taiwan Province of China",1965,4.9936,13124.802
TWN,"China, Taiwan Province of China",1966,4.7781,13537.706
TWN,"China, Taiwan Province of China",1967,4.5343,13901.47
TWN,"China, Taiwan Province of China",1968,4.3695,14215.585
TWN,"China, Taiwan Province of China",1969,4.1838,14523.594
TWN,"China, Taiwan Province of China",1970,3.9755,14815.744
TWN,"China, Taiwan Province of China",1971,3.7233,15121.137
TWN,"China, Taiwan Province of China",1972,3.4361,15450.612
TWN,"China, Taiwan Province of China",1973,3.2493,15772.696
TWN,"China, Taiwan Province of China",1974,3.0886,16082.325
TWN,"China, Taiwan Province of China",1975,2.9726,16365.268
TWN,"China, Taiwan Province of China",1976,3.0041,16671.499
TWN,"China, Taiwan Province of China",1977,2.7383,17020.097
TWN,"China, Taiwan Province of China",1978,2.6799,17373.728
TWN,"China, Taiwan Province of China",1979,2.6447,17735.781
TWN,"China, Taiwan Province of China",1980,2.5297,18086.52
TWN,"China, Taiwan Province of China",1981,2.4527,18412.827
TWN,"China, Taiwan Province of China",1982,2.3265,18723.985
TWN,"China, Taiwan Province of China",1983,2.179,19022.625
TWN,"China, Taiwan Province of China",1984,2.0455,19306.763
TWN,"China, Taiwan Province of China",1985,1.8839,19571.687
TWN,"China, Taiwan Province of China",1986,1.7199,19805.98
TWN,"China, Taiwan Province of China",1987,1.7147,20015.819
TWN,"China, Taiwan Province of China",1988,1.8031,20223.647
TWN,"China, Taiwan Province of China",1989,1.7425,20418.906
TWN,"China, Taiwan Province of China",1990,1.7874,20594.906
TWN,"China, Taiwan Province of China",1991,1.7461,20781.75
TWN,"China, Taiwan Province of China",1992,1.7444,20982.088
TWN,"China, Taiwan Province of China",1993,1.7672,21174.682
TWN,"China, Taiwan Province of China",1994,1.771,21357.14
TWN,"China, Taiwan Province of China",1995,1.7818,21534.495
TWN,"China, Taiwan Province of China",1996,1.7791,21709.276
TWN,"China, Taiwan Province of China",1997,1.736,21885.328
TWN,"China, Taiwan Province of China",1998,1.5407,22049.226
TWN,"China, Taiwan Province of China",1999,1.5328,22203.781
TWN,"China, Taiwan Province of China",2000,1.4718,22332.87
TWN,"China, Taiwan Province of China",2001,1.404,22446.257
TWN,"China, Taiwan Province of China",2002,1.3267,22566.902
TWN,"China, Taiwan Province of China",2003,1.2484,22664.125
TWN,"China, Taiwan Province of China",2004,1.185,22745.431
TWN,"China, Taiwan Province of China",2005,1.1332,22824.931
TWN,"China, Taiwan Province of China",2006,1.1183,22914.634
TWN,"China, Taiwan Province of China",2007,1.1022,23006.924
TWN,"China, Taiwan Province of China",2008,1.0624,23086.239
TWN,"China, Taiwan Province of China",2009,1.0053,23164.361
TWN,"China, Taiwan Province of China",2010,0.9161,23224.049
TWN,"China, Taiwan Province of China",2011,1.0586,23273.076
TWN,"China, Taiwan Province of China",2012,1.1877,23345.961
TWN,"China, Taiwan Province of China",2013,1.1296,23416.875
TWN,"China, Taiwan Province of China",2014,1.1619,23472.816
TWN,"China, Taiwan Province of China",2015,1.1848,23529.254
TWN,"China, Taiwan Province of China",2016,1.1712,23586.143
TWN,"China, Taiwan Province of China",2017,1.1206,23632.948
TWN,"China, Taiwan Province of China",2018,1.0751,23659.305
TWN,"China, Taiwan Province of China",2019,1.0445,23674.138
TWN,"China, Taiwan Province of China",2020,0.99,23663.459
TWN,"China, Taiwan Province of China",2021,0.975,23558.333
TWN,"China, Taiwan Province of China",2022,0.87,23420.111
TWN,"China, Taiwan Province of China",2023,0.87,23317.145
TZA,United Republic of Tanzania,1950,6.1825,7625.155
TZA,United Republic of Tanzania,1951,6.2039,7812.975
TZA,United Republic of Tanzania,1952,6.2294,8009.079
TZA,United Republic of Tanzania,1953,6.2479,8213.114
TZA,United Republic of Tanzania,1954,6.267,8424.786
TZA,United Republic of Tanzania,1955,6.3048,8644.862
TZA,United Republic of Tanzania,1956,6.3639,8874.78
TZA,United Republic of Tanzania,1957,6.4368,9115.79
TZA,United Republic of Tanzania,1958,6.4755,9367.594
TZA,United Republic of Tanzania,1959,6.5005,9629.264
TZA,United Republic of Tanzania,1960,6.5364,9901.419
TZA,United Republic of Tanzania,1961,6.5617,10187.886
TZA,United Republic of Tanzania,1962,6.6046,10487.756
TZA,United Republic of Tanzania,1963,6.6471,10799.528
TZA,United Republic of Tanzania,1964,6.6801,11127.826
TZA,United Republic of Tanzania,1965,6.727,11470.728
TZA,United Republic of Tanzania,1966,6.8039,11827.459
TZA,United Republic of Tanzania,1967,6.8639,12200.109
TZA,United Republic of Tanzania,1968,6.9001,12602.076
TZA,United Republic of Tanzania,1969,6.954,13036.7
TZA,United Republic of Tanzania,1970,7.0005,13492.678
TZA,United Republic of Tanzania,1971,7.0444,13971.451
TZA,United Republic of Tanzania,1972,7.0518,14479.308
TZA,United Republic of Tanzania,1973,7.0625,15010.1
TZA,United Republic of Tanzania,1974,7.1234,15561.63
TZA,United Republic of Tanzania,1975,7.1006,16138.36
TZA,United Republic of Tanzania,1976,7.0858,16736.211
TZA,United Republic of Tanzania,1977,7.0721,17352.929
TZA,United Republic of Tanzania,1978,7.0602,17976.566
TZA,United Republic of Tanzania,1979,7.0428,18592.038
TZA,United Republic of Tanzania,1980,6.9911,19189.769
TZA,United Republic of Tanzania,1981,6.9304,19784.703
TZA,United Republic of Tanzania,1982,6.8679,20398.571
TZA,United Republic of Tanzania,1983,6.805,21079.874
TZA,United Republic of Tanzania,1984,6.7154,21779.066
TZA,United Republic of Tanzania,1985,6.598,22501.693
TZA,United Republic of Tanzania,1986,6.4881,23258.959
TZA,United Republic of Tanzania,1987,6.4061,24030.378
TZA,United Republic of Tanzania,1988,6.3787,24769.686
TZA,United Republic of Tanzania,1989,6.3026,25438.759
TZA,United Republic of Tanzania,1990,6.2012,26110.207
TZA,United Republic of Tanzania,1991,6.1354,26780.436
TZA,United Republic of Tanzania,1992,6.0785,27457.588
TZA,United Republic of Tanzania,1993,5.9967,28332.692
TZA,United Republic of Tanzania,1994,5.8944,29442.356
TZA,United Republic of Tanzania,1995,5.8218,30383.497
TZA,United Republic of Tanzania,1996,5.8255,30945.762
TZA,United Republic of Tanzania,1997,5.8355,31578.089
TZA,United Republic of Tanzania,1998,5.811,32420.458
TZA,United Republic of Tanzania,1999,5.7467,33300.33
TZA,United Republic of Tanzania,2000,5.6697,34260.138
TZA,United Republic of Tanzania,2001,5.6172,35198.299
TZA,United Republic of Tanzania,2002,5.5696,36121.304
TZA,United Republic of Tanzania,2003,5.5782,37089.555
TZA,United Republic of Tanzania,2004,5.5974,38109.668
TZA,United Republic of Tanzania,2005,5.5791,39182.076
TZA,United Republic of Tanzania,2006,5.5109,40294.902
TZA,United Republic of Tanzania,2007,5.4034,41435.512
TZA,United Republic of Tanzania,2008,5.324,42570.728
TZA,United Republic of Tanzania,2009,5.2602,43633.982
TZA,United Republic of Tanzania,2010,5.2255,44758.488
TZA,United Republic of Tanzania,2011,5.1408,46029.367
TZA,United Republic of Tanzania,2012,5.1371,47374.26
TZA,United Republic of Tanzania,2013,5.156,48824.128
TZA,United Republic of Tanzania,2014,5.1215,50351.512
TZA,United Republic of Tanzania,2015,5.025,52020.962
TZA,United Republic of Tanzania,2016,5.0061,53824.013
TZA,United Republic of Tanzania,2017,4.988,55652.89
TZA,United Republic of Tanzania,2018,4.9324,57437.145
TZA,United Republic of Tanzania,2019,4.866,59174.891
TZA,United Republic of Tanzania,2020,4.8008,60972.798
TZA,United Republic of Tanzania,2021,4.734,62830.412
TZA,United Republic of Tanzania,2022,4.6711,64711.821
TZA,United Republic of Tanzania,2023,4.6063,66617.606
UGA,Uganda,1950,6.6574,5750.914
UGA,Uganda,1951,6.6487,5911.164
UGA,Uganda,1952,6.6734,6077.04
UGA,Uganda,1953,6.6972,6249.435
UGA,Uganda,1954,6.7243,6428.378
UGA,Uganda,1955,6.7434,6613.77
UGA,Uganda,1956,6.7624,6805.459
UGA,Uganda,1957,6.7959,7003.884
UGA,Uganda,1958,6.8394,7209.757
UGA,Uganda,1959,6.8827,7423.426
UGA,Uganda,1960,6.9051,7640.973
UGA,Uganda,1961,6.9274,7862.217
UGA,Uganda,1962,6.9585,8092.231
UGA,Uganda,1963,6.9835,8333.662
UGA,Uganda,1964,7.0121,8586.363
UGA,Uganda,1965,7.0418,8849.204
UGA,Uganda,1966,7.0661,9122.864
UGA,Uganda,1967,7.1024,9408.924
UGA,Uganda,1968,7.1299,9708.632
UGA,Uganda,1969,7.1146,10014.858
UGA,Uganda,1970,7.1486,10321.604
UGA,Uganda,1971,7.1814,10618.206
UGA,Uganda,1972,7.1848,10885.796
UGA,Uganda,1973,7.1932,11144.236
UGA,Uganda,1974,7.1915,11424.846
UGA,Uganda,1975,7.2015,11725.24
UGA,Uganda,1976,7.1944,12037.294
UGA,Uganda,1977,7.1833,12359.669
UGA,Uganda,1978,7.1631,12692.113
UGA,Uganda,1979,7.1417,13002.162
UGA,Uganda,1980,7.1133,13275.741
UGA,Uganda,1981,7.1181,13556.452
UGA,Uganda,1982,7.1102,13873.631
UGA,Uganda,1983,7.0678,14221.882
UGA,Uganda,1984,7.0238,14607.678
UGA,Uganda,1985,7.0369,15023.68
UGA,Uganda,1986,7.0833,15467.579
UGA,Uganda,1987,7.1205,15954.17
UGA,Uganda,1988,7.1015,16470.483
UGA,Uganda,1989,7.0446,17010.698
UGA,Uganda,1990,7.0136,17569.897
UGA,Uganda,1991,6.9431,18155.902
UGA,Uganda,1992,6.9129,18785.032
UGA,Uganda,1993,6.8856,19445.161
UGA,Uganda,1994,6.8987,20108.801
UGA,Uganda,1995,6.8711,20665.667
UGA,Uganda,1996,6.8349,21231.55
UGA,Uganda,1997,6.856,21856.046
UGA,Uganda,1998,6.8371,22515.806
UGA,Uganda,1999,6.8251,23257.281
UGA,Uganda,2000,6.7876,24000.15
UGA,Uganda,2001,6.7569,24745.676
UGA,Uganda,2002,6.7354,25532.87
UGA,Uganda,2003,6.6714,26352.124
UGA,Uganda,2004,6.6119,27154.515
UGA,Uganda,2005,6.5252,27963.289
UGA,Uganda,2006,6.4287,28794.003
UGA,Uganda,2007,6.3256,29653.43
UGA,Uganda,2008,6.2023,30539.553
UGA,Uganda,2009,6.1244,31451.151
UGA,Uganda,2010,6.0194,32390.802
UGA,Uganda,2011,5.8848,33354.544
UGA,Uganda,2012,5.7288,34337.438
UGA,Uganda,2013,5.5627,35337.042
UGA,Uganda,2014,5.4076,36395.539
UGA,Uganda,2015,5.2508,37531.446
UGA,Uganda,2016,5.1125,38799.152
UGA,Uganda,2017,4.9875,40177.388
UGA,Uganda,2018,4.867,41565.831
UGA,Uganda,2019,4.7443,42999.637
UGA,Uganda,2020,4.6211,44457.152
UGA,Uganda,2021,4.5103,45910.93
UGA,Uganda,2022,4.3885,47312.72
UGA,Uganda,2023,4.2829,48656.601
UKR,Ukraine,1950,2.4467,37310.887
UKR,Ukraine,1951,2.4292,37807.747
UKR,Ukraine,1952,2.4002,38306.709
UKR,Ukraine,1953,2.3614,38806.087
UKR,Ukraine,1954,2.3059,39320.035
UKR,Ukraine,1955,2.3119,39859.711
UKR,Ukraine,1956,2.303,40419.152
UKR,Ukraine,1957,2.2982,40998.772
UKR,Ukraine,1958,2.2952,41627.068
UKR,Ukraine,1959,2.2955,42244.27
UKR,Ukraine,1960,2.2847,42824.093
UKR,Ukraine,1961,2.1972,43399.766
UKR,Ukraine,1962,2.1541,43943.674
UKR,Ukraine,1963,2.1109,44462.372
UKR,Ukraine,1964,2.0135,44951.156
UKR,Ukraine,1965,1.9435,45386.892
UKR,Ukraine,1966,2.0371,45802.519
UKR,Ukraine,1967,2.0401,46215.988
UKR,Ukraine,1968,2.0314,46614.326
UKR,Ukraine,1969,2.0123,46976.256
UKR,Ukraine,1970,2.0778,47261.306
UKR,Ukraine,1971,2.1126,47573.288
UKR,Ukraine,1972,2.1275,47946.893
UKR,Ukraine,1973,2.0441,48277.121
UKR,Ukraine,1974,2.064,48576.57
UKR,Ukraine,1975,2.0495,48865.229
UKR,Ukraine,1976,2.044,49120.842
UKR,Ukraine,1977,1.9826,49336.481
UKR,Ukraine,1978,1.9694,49521.243
UKR,Ukraine,1979,1.9567,49721.381
UKR,Ukraine,1980,1.9488,49955.152
UKR,Ukraine,1981,1.9147,50189.281
UKR,Ukraine,1982,1.9509,50402.724
UKR,Ukraine,1983,2.0986,50637.029
UKR,Ukraine,1984,2.0807,50887.599
UKR,Ukraine,1985,2.0328,51108.77
UKR,Ukraine,1986,2.1174,51318.745
UKR,Ukraine,1987,2.0701,51515.732
UKR,Ukraine,1988,2.042,51724.853
UKR,Ukraine,1989,1.9271,51917.817
UKR,Ukraine,1990,1.8447,52054.092
UKR,Ukraine,1991,1.7726,52170.96
UKR,Ukraine,1992,1.674,52323.67
UKR,Ukraine,1993,1.5636,52350.126
UKR,Ukraine,1994,1.4711,52075.998
UKR,Ukraine,1995,1.3987,51665.539
UKR,Ukraine,1996,1.3335,51226.109
UKR,Ukraine,1997,1.2707,50786.884
UKR,Ukraine,1998,1.206,50379.731
UKR,Ukraine,1999,1.1268,49976.446
UKR,Ukraine,2000,1.1085,49556.66
UKR,Ukraine,2001,1.0916,49106.855
UKR,Ukraine,2002,1.1267,48677.281
UKR,Ukraine,2003,1.173,48315.136
UKR,Ukraine,2004,1.2147,47979.507
UKR,Ukraine,2005,1.2208,47585.556
UKR,Ukraine,2006,1.2968,47278.694
UKR,Ukraine,2007,1.3427,47062.798
UKR,Ukraine,2008,1.4442,46819.175
UKR,Ukraine,2009,1.4695,46623.731
UKR,Ukraine,2010,1.4361,46456.003
UKR,Ukraine,2011,1.464,46307.853
UKR,Ukraine,2012,1.5283,46210.056
UKR,Ukraine,2013,1.5152,46126.77
UKR,Ukraine,2014,1.4661,45972.38
UKR,Ukraine,2015,1.3868,45784.896
UKR,Ukraine,2016,1.3915,45616.832
UKR,Ukraine,2017,1.2999,45436.042
UKR,Ukraine,2018,1.233,45208.907
UKR,Ukraine,2019,1.2176,44957.458
UKR,Ukraine,2020,1.2081,44680.014
UKR,Ukraine,2021,1.1475,44298.64
UKR,Ukraine,2022,0.897,41048.766
UKR,Ukraine,2023,0.977,37732.836
URY,Uruguay,1950,2.6916,2234.412
URY,Uruguay,1951,2.7006,2256.418
URY,Uruguay,1952,2.7192,2281.108
URY,Uruguay,1953,2.739,2308.05
URY,Uruguay,1954,2.76,2336.869
URY,Uruguay,1955,2.7567,2367.034
URY,Uruguay,1956,2.7913,2398.368
URY,Uruguay,1957,2.8018,2430.77
URY,Uruguay,1958,2.8151,2463.869
URY,Uruguay,1959,2.8162,2497.145
URY,Uruguay,1960,2.8271,2529.958
URY,Uruguay,1961,2.8456,2562.044
URY,Uruguay,1962,2.8655,2593.298
URY,Uruguay,1963,2.8844,2623.766
URY,Uruguay,1964,2.8632,2653.18
URY,Uruguay,1965,2.8402,2681.17
URY,Uruguay,1966,2.8186,2707.646
URY,Uruguay,1967,2.7843,2732.277
URY,Uruguay,1968,2.7709,2754.606
URY,Uruguay,1969,2.7686,2773.974
URY,Uruguay,1970,2.7721,2790.807
URY,Uruguay,1971,2.7675,2806.462
URY,Uruguay,1972,2.7821,2821.644
URY,Uruguay,1973,2.8547,2837.134
URY,Uruguay,1974,2.9568,2853.944
URY,Uruguay,1975,3.0166,2872.32
URY,Uruguay,1976,3.0054,2891.392
URY,Uruguay,1977,2.8993,2909.462
URY,Uruguay,1978,2.8292,2925.715
URY,Uruguay,1979,2.7113,2939.903
URY,Uruguay,1980,2.5896,2951.953
URY,Uruguay,1981,2.534,2963.246
URY,Uruguay,1982,2.5121,2975.492
URY,Uruguay,1983,2.4859,2988.778
URY,Uruguay,1984,2.4714,3002.488
URY,Uruguay,1985,2.4702,3017.037
URY,Uruguay,1986,2.4697,3032.845
URY,Uruguay,1987,2.4859,3049.896
URY,Uruguay,1988,2.503,3067.962
URY,Uruguay,1989,2.4978,3086.254
URY,Uruguay,1990,2.4767,3104.403
URY,Uruguay,1991,2.4539,3122.354
URY,Uruguay,1992,2.4318,3139.702
URY,Uruguay,1993,2.4082,3156.346
URY,Uruguay,1994,2.4245,3172.834
URY,Uruguay,1995,2.4012,3189.44
URY,Uruguay,1996,2.3645,3206.324
URY,Uruguay,1997,2.3284,3223.345
URY,Uruguay,1998,2.2712,3239.28
URY,Uruguay,1999,2.248,3254.016
URY,Uruguay,2000,2.1963,3266.206
URY,Uruguay,2001,2.161,3274.251
URY,Uruguay,2002,2.1604,3278.866
URY,Uruguay,2003,2.1157,3281.186
URY,Uruguay,2004,2.0927,3283.148
URY,Uruguay,2005,2.0971,3285.771
URY,Uruguay,2006,2.0703,3289.506
URY,Uruguay,2007,2.0476,3295.153
URY,Uruguay,2008,2.0302,3302.177
URY,Uruguay,2009,2.0182,3310.091
URY,Uruguay,2010,2.011,3318.58
URY,Uruguay,2011,1.987,3326.825
URY,Uruguay,2012,2.012,3335.401
URY,Uruguay,2013,2.0343,3345.337
URY,Uruguay,2014,2.0258,3356.334
URY,Uruguay,2015,2.0414,3368.017
URY,Uruguay,2016,1.9657,3379.283
URY,Uruguay,2017,1.8244,3388.438
URY,Uruguay,2018,1.6809,3394.534
URY,Uruguay,2019,1.5671,3397.206
URY,Uruguay,2020,1.4973,3398.968
URY,Uruguay,2021,1.4458,3396.694
URY,Uruguay,2022,1.4247,3390.913
URY,Uruguay,2023,1.4089,3388.08
USA,United States of America,1950,3.0857,154202.68
USA,United States of America,1951,3.1971,156481.323
USA,United States of America,1952,3.2903,158794.222
USA,United States of America,1953,3.3579,161168.316
USA,United States of America,1954,3.4752,163636.309
USA,United States of America,1955,3.515,166200.024
USA,United States of America,1956,3.6245,168824.96
USA,United States of America,1957,3.7033,171499.226
USA,United States of America,1958,3.7544,174215.31
USA,United States of America,1959,3.7469,177145.764
USA,United States of America,1960,3.7324,180274.555
USA,United States of America,1961,3.6907,183489.485
USA,United States of America,1962,3.5331,186724.272
USA,United States of America,1963,3.3903,189825.226
USA,United States of America,1964,3.2582,192819.452
USA,United States of America,1965,2.983,195653.774
USA,United States of America,1966,2.7688,198265.406
USA,United States of America,1967,2.6047,200699.911
USA,United States of America,1968,2.5078,203011.02
USA,United States of America,1969,2.504,205300.032
USA,United States of America,1970,2.5148,207796.339
USA,United States of America,1971,2.3176,210426.432
USA,United States of America,1972,2.0565,212842.573
USA,United States of America,1973,1.9208,215006.551
USA,United States of America,1974,1.8723,217076.476
USA,United States of America,1975,1.8146,219129.301
USA,United States of America,1976,1.7852,221168.758
USA,United States of America,1977,1.8265,223259.419
USA,United States of America,1978,1.8043,225396.096
USA,United States of America,1979,1.8429,227575.084
USA,United States of America,1980,1.8611,229858.655
USA,United States of America,1981,1.8471,232201.618
USA,United States of America,1982,1.855,234583.152
USA,United States of America,1983,1.8271,236986.365
USA,United States of America,1984,1.8267,239353.968
USA,United States of America,1985,1.8545,241690.444
USA,United States of America,1986,1.8525,243953.808
USA,United States of America,1987,1.8852,246161.291
USA,United States of America,1988,1.942,248393.235
USA,United States of America,1989,2.0139,250675.053
USA,United States of America,1990,2.0719,253373.387
USA,United States of America,1991,2.0588,256471.422
USA,United States of America,1992,2.0394,259606.02
USA,United States of America,1993,2.0101,262633.231
USA,United States of America,1994,1.988,265474.81
USA,United States of America,1995,1.965,268205.795
USA,United States of America,1996,1.9603,270860.696
USA,United States of America,1997,1.9558,273468.013
USA,United States of America,1998,1.9799,276119.333
USA,United States of America,1999,1.9904,278785.484
USA,United States of America,2000,2.0301,281484.131
USA,United States of America,2001,2.0108,284279.638
USA,United States of America,2002,2.0028,287084.338
USA,United States of America,2003,2.025,289908.1
USA,United States of America,2004,2.0314,292786.253
USA,United States of America,2005,2.0402,295716.664
USA,United States of America,2006,2.087,298730.21
USA,United States of America,2007,2.0962,301844.226
USA,United States of America,2008,2.0528,304970.333
USA,United States of America,2009,1.9867,308023.454
USA,United States of America,2010,1.9156,311062.79
USA,United States of America,2011,1.8794,314105.078
USA,United States of America,2012,1.8618,317115.355
USA,United States of America,2013,1.8396,320110.759
USA,United States of America,2014,1.8483,323115.377
USA,United States of America,2015,1.8322,326126.497
USA,United States of America,2016,1.8041,329179.426
USA,United States of America,2017,1.7532,332204.66
USA,United States of America,2018,1.7146,335056.498
USA,United States of America,2019,1.6839,337790.067
USA,United States of America,2020,1.6156,339436.159
USA,United States of America,2021,1.6339,340161.441
USA,United States of America,2022,1.665,341534.046
USA,United States of America,2023,1.6236,343477.335
UZB,Uzbekistan,1950,5.1729,6239.904
UZB,Uzbekistan,1951,5.1736,6385.007
UZB,Uzbekistan,1952,5.3083,6536.524
UZB,Uzbekistan,1953,5.4203,6698.116
UZB,Uzbekistan,1954,5.5263,6869.808
UZB,Uzbekistan,1955,5.6777,7054.034
UZB,Uzbekistan,1956,5.7999,7252.039
UZB,Uzbekistan,1957,5.9202,7463.061
UZB,Uzbekistan,1958,6.0958,7689.162
UZB,Uzbekistan,1959,6.3496,7935.472
UZB,Uzbekistan,1960,6.6128,8209.109
UZB,Uzbekistan,1961,6.7519,8517.711
UZB,Uzbekistan,1962,6.878,8854.368
UZB,Uzbekistan,1963,6.8077,9202.246
UZB,Uzbekistan,1964,6.8228,9557.611
UZB,Uzbekistan,1965,6.8102,9921.681
UZB,Uzbekistan,1966,6.6599,10289.294
UZB,Uzbekistan,1967,6.567,10659.18
UZB,Uzbekistan,1968,6.3944,11032.155
UZB,Uzbekistan,1969,6.3382,11403.15
UZB,Uzbekistan,1970,6.3132,11762.638
UZB,Uzbekistan,1971,6.2841,12111.51
UZB,Uzbekistan,1972,6.2458,12465.106
UZB,Uzbekistan,1973,6.1619,12831.047
UZB,Uzbekistan,1974,6.0531,13209.01
UZB,Uzbekistan,1975,5.9179,13598.521
UZB,Uzbekistan,1976,5.7492,13998.62
UZB,Uzbekistan,1977,5.5396,14408.822
UZB,Uzbekistan,1978,5.2807,14816.348
UZB,Uzbekistan,1979,5.1592,15215.587
UZB,Uzbekistan,1980,5.0386,15619.936
UZB,Uzbekistan,1981,4.9054,16035.032
UZB,Uzbekistan,1982,4.8168,16462.736
UZB,Uzbekistan,1983,4.714,16908.4
UZB,Uzbekistan,1984,4.7287,17378.846
UZB,Uzbekistan,1985,4.6907,17875.339
UZB,Uzbekistan,1986,4.6746,18395.621
UZB,Uzbekistan,1987,4.5321,18930.07
UZB,Uzbekistan,1988,4.2632,19460.63
UZB,Uzbekistan,1989,4.1018,19977.183
UZB,Uzbekistan,1990,4.1217,20464.956
UZB,Uzbekistan,1991,4.1899,20962.91
UZB,Uzbekistan,1992,4.0558,21485.09
UZB,Uzbekistan,1993,3.8625,21987.955
UZB,Uzbekistan,1994,3.6602,22463.291
UZB,Uzbekistan,1995,3.5656,22917.589
UZB,Uzbekistan,1996,3.3928,23351.981
UZB,Uzbekistan,1997,3.1865,23758.96
UZB,Uzbekistan,1998,2.9853,24134.929
UZB,Uzbekistan,1999,2.8309,24476.008
UZB,Uzbekistan,2000,2.6961,24787.054
UZB,Uzbekistan,2001,2.6097,25090.283
UZB,Uzbekistan,2002,2.5747,25399.98
UZB,Uzbekistan,2003,2.5034,25711.259
UZB,Uzbekistan,2004,2.4962,26029.35
UZB,Uzbekistan,2005,2.4381,26356.975
UZB,Uzbekistan,2006,2.4611,26699.043
UZB,Uzbekistan,2007,2.5734,27076.008
UZB,Uzbekistan,2008,2.6349,27494.774
UZB,Uzbekistan,2009,2.5591,27939.328
UZB,Uzbekistan,2010,2.4421,28385.506
UZB,Uzbekistan,2011,2.3536,28823.196
UZB,Uzbekistan,2012,2.3367,29261.903
UZB,Uzbekistan,2013,2.4455,29724.065
UZB,Uzbekistan,2014,2.5464,30222.994
UZB,Uzbekistan,2015,2.5829,30749.346
UZB,Uzbekistan,2016,2.5645,31284.568
UZB,Uzbekistan,2017,2.5701,31819.178
UZB,Uzbekistan,2018,2.7129,32373.49
UZB,Uzbekistan,2019,2.8692,32964.701
UZB,Uzbekistan,2020,3.0623,33586.372
UZB,Uzbekistan,2021,3.2729,34243.696
UZB,Uzbekistan,2022,3.3961,34938.955
UZB,Uzbekistan,2023,3.5,35652.307
VAT,Holy See,1950,1,0.88
VAT,Holy See,1951,1,0.886
VAT,Holy See,1952,1,0.892
VAT,Holy See,1953,1,0.898
VAT,Holy See,1954,1,0.904
VAT,Holy See,1955,1,0.911
VAT,Holy See,1956,1,0.916
VAT,Holy See,1957,1,0.918
VAT,Holy See,1958,1,0.919
VAT,Holy See,1959,1,0.92
VAT,Holy See,1960,1,0.918
VAT,Holy See,1961,1,0.916
VAT,Holy See,1962,1,0.917
VAT,Holy See,1963,1,0.918
VAT,Holy See,1964,1,0.921
VAT,Holy See,1965,1,0.887
VAT,Holy See,1966,1,0.841
VAT,Holy See,1967,1,0.805
VAT,Holy See,1968,1,0.769
VAT,Holy See,1969,1,0.753
VAT,Holy See,1970,1,0.745
VAT,Holy See,1971,1,0.739
VAT,Holy See,1972,1,0.737
VAT,Holy See,1973,1,0.735
VAT,Holy See,1974,1,0.733
VAT,Holy See,1975,1,0.733
VAT,Holy See,1976,1,0.735
VAT,Holy See,1977,1,0.738
VAT,Holy See,1978,1,0.74
VAT,Holy See,1979,1,0.742
VAT,Holy See,1980,1,0.743
VAT,Holy See,1981,1,0.742
VAT,Holy See,1982,1,0.74
VAT,Holy See,1983,1,0.737
VAT,Holy See,1984,1,0.735
VAT,Holy See,1985,1,0.732
VAT,Holy See,1986,1,0.73
VAT,Holy See,1987,1,0.73
VAT,Holy See,1988,1,0.728
VAT,Holy See,1989,1,0.727
VAT,Holy See,1990,1,0.726
VAT,Holy See,1991,1,0.725
VAT,Holy See,1992,1,0.724
VAT,Holy See,1993,1,0.719
VAT,Holy See,1994,1,0.711
VAT,Holy See,1995,1,0.705
VAT,Holy See,1996,1,0.701
VAT,Holy See,1997,1,0.698
VAT,Holy See,1998,1,0.697
VAT,Holy See,1999,1,0.696
VAT,Holy See,2000,1,0.691
VAT,Holy See,2001,1,0.681
VAT,Holy See,2002,1,0.671
VAT,Holy See,2003,1,0.664
VAT,Holy See,2004,1,0.66
VAT,Holy See,2005,1,0.659
VAT,Holy See,2006,1,0.655
VAT,Holy See,2007,1,0.647
VAT,Holy See,2008,1,0.637
VAT,Holy See,2009,1,0.628
VAT,Holy See,2010,1,0.621
VAT,Holy See,2011,1,0.614
VAT,Holy See,2012,1,0.602
VAT,Holy See,2013,1,0.59
VAT,Holy See,2014,1,0.582
VAT,Holy See,2015,1,0.572
VAT,Holy See,2016,1,0.563
VAT,Holy See,2017,1,0.555
VAT,Holy See,2018,1,0.545
VAT,Holy See,2019,1,0.535
VAT,Holy See,2020,1,0.528
VAT,Holy See,2021,1,0.518
VAT,Holy See,2022,1,0.506
VAT,Holy See,2023,1,0.496
VCT,Saint Vincent and the Grenadines,1950,7.2853,61.664
VCT,Saint Vincent and the Grenadines,1951,7.2952,63.349
VCT,Saint Vincent and the Grenadines,1952,7.3095,65.183
VCT,Saint Vincent and the Grenadines,1953,7.321,67.162
VCT,Saint Vincent and the Grenadines,1954,7.3374,69.302
VCT,Saint Vincent and the Grenadines,1955,7.3591,71.612
VCT,Saint Vincent and the Grenadines,1956,7.3405,74.054
VCT,Saint Vincent and the Grenadines,1957,7.3234,76.617
VCT,Saint Vincent and the Grenadines,1958,7.304,79.313
VCT,Saint Vincent and the Grenadines,1959,7.284,82.15
VCT,Saint Vincent and the Grenadines,1960,7.2472,84.388
VCT,Saint Vincent and the Grenadines,1961,7.1572,85.87
VCT,Saint Vincent and the Grenadines,1962,7.0329,87.236
VCT,Saint Vincent and the Grenadines,1963,6.9207,88.524
VCT,Saint Vincent and the Grenadines,1964,6.8277,89.75
VCT,Saint Vincent and the Grenadines,1965,6.7348,90.926
VCT,Saint Vincent and the Grenadines,1966,6.6388,92.052
VCT,Saint Vincent and the Grenadines,1967,6.5332,93.124
VCT,Saint Vincent and the Grenadines,1968,6.4162,94.122
VCT,Saint Vincent and the Grenadines,1969,6.2754,95.058
VCT,Saint Vincent and the Grenadines,1970,6.1155,95.964
VCT,Saint Vincent and the Grenadines,1971,5.9464,96.872
VCT,Saint Vincent and the Grenadines,1972,5.7737,97.79
VCT,Saint Vincent and the Grenadines,1973,5.5875,98.69
VCT,Saint Vincent and the Grenadines,1974,5.3788,99.556
VCT,Saint Vincent and the Grenadines,1975,5.1648,100.387
VCT,Saint Vincent and the Grenadines,1976,4.9488,101.196
VCT,Saint Vincent and the Grenadines,1977,4.7482,101.999
VCT,Saint Vincent and the Grenadines,1978,4.5542,102.774
VCT,Saint Vincent and the Grenadines,1979,4.2906,103.478
VCT,Saint Vincent and the Grenadines,1980,3.9232,104.214
VCT,Saint Vincent and the Grenadines,1981,3.8446,105.074
VCT,Saint Vincent and the Grenadines,1982,3.7433,105.969
VCT,Saint Vincent and the Grenadines,1983,3.5608,106.838
VCT,Saint Vincent and the Grenadines,1984,3.283,107.687
VCT,Saint Vincent and the Grenadines,1985,3.0812,108.506
VCT,Saint Vincent and the Grenadines,1986,2.924,109.281
VCT,Saint Vincent and the Grenadines,1987,2.8188,110
VCT,Saint Vincent and the Grenadines,1988,2.7533,110.658
VCT,Saint Vincent and the Grenadines,1989,2.7297,111.272
VCT,Saint Vincent and the Grenadines,1990,2.7305,111.812
VCT,Saint Vincent and the Grenadines,1991,2.7471,112.222
VCT,Saint Vincent and the Grenadines,1992,2.7593,112.509
VCT,Saint Vincent and the Grenadines,1993,2.7374,112.735
VCT,Saint Vincent and the Grenadines,1994,2.6781,112.918
VCT,Saint Vincent and the Grenadines,1995,2.6092,113.048
VCT,Saint Vincent and the Grenadines,1996,2.5258,113.119
VCT,Saint Vincent and the Grenadines,1997,2.4332,113.14
VCT,Saint Vincent and the Grenadines,1998,2.3448,113.18
VCT,Saint Vincent and the Grenadines,1999,2.3066,113.366
VCT,Saint Vincent and the Grenadines,2000,2.3055,113.545
VCT,Saint Vincent and the Grenadines,2001,2.3002,113.501
VCT,Saint Vincent and the Grenadines,2002,2.2181,113.347
VCT,Saint Vincent and the Grenadines,2003,2.1425,113.141
VCT,Saint Vincent and the Grenadines,2004,2.0873,112.835
VCT,Saint Vincent and the Grenadines,2005,2.0678,112.45
VCT,Saint Vincent and the Grenadines,2006,2.0327,112.014
VCT,Saint Vincent and the Grenadines,2007,2.0628,111.531
VCT,Saint Vincent and the Grenadines,2008,2.1499,111.028
VCT,Saint Vincent and the Grenadines,2009,2.1739,110.508
VCT,Saint Vincent and the Grenadines,2010,2.1438,109.958
VCT,Saint Vincent and the Grenadines,2011,2.0764,109.348
VCT,Saint Vincent and the Grenadines,2012,2.1126,108.736
VCT,Saint Vincent and the Grenadines,2013,2.1064,108.135
VCT,Saint Vincent and the Grenadines,2014,2.1411,107.535
VCT,Saint Vincent and the Grenadines,2015,2.1326,106.96
VCT,Saint Vincent and the Grenadines,2016,2.0545,106.348
VCT,Saint Vincent and the Grenadines,2017,1.9397,105.663
VCT,Saint Vincent and the Grenadines,2018,1.8996,104.926
VCT,Saint Vincent and the Grenadines,2019,1.8639,104.167
VCT,Saint Vincent and the Grenadines,2020,1.8298,103.526
VCT,Saint Vincent and the Grenadines,2021,1.8083,102.841
VCT,Saint Vincent and the Grenadines,2022,1.7913,102.046
VCT,Saint Vincent and the Grenadines,2023,1.7753,101.323
VEN,Venezuela (Bolivarian Republic of),1950,6.6346,5488.85
VEN,Venezuela (Bolivarian Republic of),1951,6.6189,5732.603
VEN,Venezuela (Bolivarian Republic of),1952,6.6118,5981.38
VEN,Venezuela (Bolivarian Republic of),1953,6.6065,6234.768
VEN,Venezuela (Bolivarian Republic of),1954,6.6024,6492.812
VEN,Venezuela (Bolivarian Republic of),1955,6.5993,6755.813
VEN,Venezuela (Bolivarian Republic of),1956,6.5957,7024.318
VEN,Venezuela (Bolivarian Republic of),1957,6.5884,7299.448
VEN,Venezuela (Bolivarian Republic of),1958,6.5675,7581.98
VEN,Venezuela (Bolivarian Republic of),1959,6.446,7869.223
VEN,Venezuela (Bolivarian Republic of),1960,6.3825,8160.09
VEN,Venezuela (Bolivarian Republic of),1961,6.2984,8455.915
VEN,Venezuela (Bolivarian Republic of),1962,6.2306,8756.87
VEN,Venezuela (Bolivarian Republic of),1963,6.1547,9064.02
VEN,Venezuela (Bolivarian Republic of),1964,6.0709,9377.712
VEN,Venezuela (Bolivarian Republic of),1965,5.9769,9697.79
VEN,Venezuela (Bolivarian Republic of),1966,5.8695,10024.854
VEN,Venezuela (Bolivarian Republic of),1967,5.7481,10358.512
VEN,Venezuela (Bolivarian Republic of),1968,5.6137,10697.53
VEN,Venezuela (Bolivarian Republic of),1969,5.4694,11040.28
VEN,Venezuela (Bolivarian Republic of),1970,5.3207,11387.79
VEN,Venezuela (Bolivarian Republic of),1971,5.174,11741.008
VEN,Venezuela (Bolivarian Republic of),1972,5.0346,12099.18
VEN,Venezuela (Bolivarian Republic of),1973,4.9063,12463.537
VEN,Venezuela (Bolivarian Republic of),1974,4.7906,12835.351
VEN,Venezuela (Bolivarian Republic of),1975,4.686,13215.892
VEN,Venezuela (Bolivarian Republic of),1976,4.5888,13606.284
VEN,Venezuela (Bolivarian Republic of),1977,4.4937,14006.812
VEN,Venezuela (Bolivarian Republic of),1978,4.3971,14416.684
VEN,Venezuela (Bolivarian Republic of),1979,4.2985,14834.552
VEN,Venezuela (Bolivarian Republic of),1980,4.1995,15258.218
VEN,Venezuela (Bolivarian Republic of),1981,4.1036,15687.297
VEN,Venezuela (Bolivarian Republic of),1982,4.0142,16121.874
VEN,Venezuela (Bolivarian Republic of),1983,3.9333,16562.205
VEN,Venezuela (Bolivarian Republic of),1984,3.8606,17008.841
VEN,Venezuela (Bolivarian Republic of),1985,3.7939,17461.434
VEN,Venezuela (Bolivarian Republic of),1986,3.73,17923.536
VEN,Venezuela (Bolivarian Republic of),1987,3.6651,18394.963
VEN,Venezuela (Bolivarian Republic of),1988,3.5968,18871.02
VEN,Venezuela (Bolivarian Republic of),1989,3.5244,19348.921
VEN,Venezuela (Bolivarian Republic of),1990,3.4483,19827.01
VEN,Venezuela (Bolivarian Republic of),1991,3.37,20304.896
VEN,Venezuela (Bolivarian Republic of),1992,3.2923,20780.948
VEN,Venezuela (Bolivarian Republic of),1993,3.2177,21254.52
VEN,Venezuela (Bolivarian Republic of),1994,3.1474,21725.188
VEN,Venezuela (Bolivarian Republic of),1995,3.0821,22193.821
VEN,Venezuela (Bolivarian Republic of),1996,3.0221,22662.113
VEN,Venezuela (Bolivarian Republic of),1997,2.9667,23131.685
VEN,Venezuela (Bolivarian Republic of),1998,2.9121,23601.337
VEN,Venezuela (Bolivarian Republic of),1999,2.8564,24066.593
VEN,Venezuela (Bolivarian Republic of),2000,2.7897,24526.708
VEN,Venezuela (Bolivarian Republic of),2001,2.7793,24979.922
VEN,Venezuela (Bolivarian Republic of),2002,2.7392,25435.671
VEN,Venezuela (Bolivarian Republic of),2003,2.703,25892.703
VEN,Venezuela (Bolivarian Republic of),2004,2.639,26340.838
VEN,Venezuela (Bolivarian Republic of),2005,2.6288,26785.804
VEN,Venezuela (Bolivarian Republic of),2006,2.5946,27224.686
VEN,Venezuela (Bolivarian Republic of),2007,2.5241,27649.363
VEN,Venezuela (Bolivarian Republic of),2008,2.4749,28053.696
VEN,Venezuela (Bolivarian Republic of),2009,2.4217,28438.298
VEN,Venezuela (Bolivarian Republic of),2010,2.3956,28813.101
VEN,Venezuela (Bolivarian Republic of),2011,2.3976,29185.212
VEN,Venezuela (Bolivarian Republic of),2012,2.3786,29553.826
VEN,Venezuela (Bolivarian Republic of),2013,2.3343,29912.198
VEN,Venezuela (Bolivarian Republic of),2014,2.296,30254.079
VEN,Venezuela (Bolivarian Republic of),2015,2.2529,30573.972
VEN,Venezuela (Bolivarian Republic of),2016,2.217,30765.72
VEN,Venezuela (Bolivarian Republic of),2017,2.1832,30565.323
VEN,Venezuela (Bolivarian Republic of),2018,2.1506,29807.592
VEN,Venezuela (Bolivarian Republic of),2019,2.131,28938.098
VEN,Venezuela (Bolivarian Republic of),2020,2.1164,28444.077
VEN,Venezuela (Bolivarian Republic of),2021,2.1048,28237.826
VEN,Venezuela (Bolivarian Republic of),2022,2.0878,28213.017
VEN,Venezuela (Bolivarian Republic of),2023,2.0793,28300.854
VGB,British Virgin Islands,1950,5.0488,7.372
VGB,British Virgin Islands,1951,5.1301,7.393
VGB,British Virgin Islands,1952,5.2023,7.38
VGB,British Virgin Islands,1953,5.2513,7.391
VGB,British Virgin Islands,1954,5.2745,7.445
VGB,British Virgin Islands,1955,5.3025,7.495
VGB,British Virgin Islands,1956,5.2257,7.535
VGB,British Virgin Islands,1957,5.1585,7.591
VGB,British Virgin Islands,1958,5.0631,7.684
VGB,British Virgin Islands,1959,4.9446,7.814
VGB,British Virgin Islands,1960,4.8124,7.95
VGB,British Virgin Islands,1961,4.6665,8.034
VGB,British Virgin Islands,1962,4.5137,8.07
VGB,British Virgin Islands,1963,4.3633,8.114
VGB,British Virgin Islands,1964,4.1936,8.168
VGB,British Virgin Islands,1965,4.0528,8.257
VGB,British Virgin Islands,1966,3.965,8.413
VGB,British Virgin Islands,1967,3.9121,8.646
VGB,British Virgin Islands,1968,3.8751,9
VGB,British Virgin Islands,1969,3.8074,9.533
VGB,British Virgin Islands,1970,3.7387,9.933
VGB,British Virgin Islands,1971,3.6417,10.095
VGB,British Virgin Islands,1972,3.5425,10.235
VGB,British Virgin Islands,1973,3.4285,10.367
VGB,British Virgin Islands,1974,3.3332,10.494
VGB,British Virgin Islands,1975,3.2536,10.606
VGB,British Virgin Islands,1976,3.1995,10.709
VGB,British Virgin Islands,1977,3.1484,10.8
VGB,British Virgin Islands,1978,3.1133,10.886
VGB,British Virgin Islands,1979,3.0665,10.965
VGB,British Virgin Islands,1980,2.9237,11.13
VGB,British Virgin Islands,1981,2.3337,11.479
VGB,British Virgin Islands,1982,2.2693,11.921
VGB,British Virgin Islands,1983,2.1215,12.37
VGB,British Virgin Islands,1984,1.9865,12.82
VGB,British Virgin Islands,1985,1.9193,13.269
VGB,British Virgin Islands,1986,1.78,13.726
VGB,British Virgin Islands,1987,1.7174,14.194
VGB,British Virgin Islands,1988,1.7114,14.68
VGB,British Virgin Islands,1989,1.7689,15.18
VGB,British Virgin Islands,1990,1.7785,15.704
VGB,British Virgin Islands,1991,1.8428,16.187
VGB,British Virgin Islands,1992,1.8783,16.593
VGB,British Virgin Islands,1993,1.8103,16.99
VGB,British Virgin Islands,1994,1.6594,17.406
VGB,British Virgin Islands,1995,1.7768,17.84
VGB,British Virgin Islands,1996,1.8943,18.286
VGB,British Virgin Islands,1997,2.0095,18.756
VGB,British Virgin Islands,1998,1.5227,19.238
VGB,British Virgin Islands,1999,1.7861,19.73
VGB,British Virgin Islands,2000,1.8394,20.241
VGB,British Virgin Islands,2001,1.5171,20.796
VGB,British Virgin Islands,2002,1.2473,21.43
VGB,British Virgin Islands,2003,1.3085,22.134
VGB,British Virgin Islands,2004,1.5,22.881
VGB,British Virgin Islands,2005,1.3404,23.665
VGB,British Virgin Islands,2006,1.2344,24.493
VGB,British Virgin Islands,2007,1.3116,25.366
VGB,British Virgin Islands,2008,1.2721,26.288
VGB,British Virgin Islands,2009,1.2302,27.218
VGB,British Virgin Islands,2010,1.1825,27.676
VGB,British Virgin Islands,2011,1.2684,28.71
VGB,British Virgin Islands,2012,1.103,30.345
VGB,British Virgin Islands,2013,1.0857,31.703
VGB,British Virgin Islands,2014,1.2354,32.962
VGB,British Virgin Islands,2015,1.186,34.498
VGB,British Virgin Islands,2016,0.9874,33.878
VGB,British Virgin Islands,2017,0.8733,32.699
VGB,British Virgin Islands,2018,0.9054,34.657
VGB,British Virgin Islands,2019,0.941,36.394
VGB,British Virgin Islands,2020,0.9746,37.135
VGB,British Virgin Islands,2021,0.9994,37.81
VGB,British Virgin Islands,2022,1.0247,38.319
VGB,British Virgin Islands,2023,1.0449,38.985
VIR,United States Virgin Islands,1950,4.9645,27.081
VIR,United States Virgin Islands,1951,5.1397,27.744
VIR,United States Virgin Islands,1952,4.7543,28.195
VIR,United States Virgin Islands,1953,4.8824,28.65
VIR,United States Virgin Islands,1954,4.8586,29.158
VIR,United States Virgin Islands,1955,4.9053,29.657
VIR,United States Virgin Islands,1956,4.9977,30.132
VIR,United States Virgin Islands,1957,5.0699,30.612
VIR,United States Virgin Islands,1958,5.4061,31.128
VIR,United States Virgin Islands,1959,5.219,31.69
VIR,United States Virgin Islands,1960,5.1488,33.022
VIR,United States Virgin Islands,1961,4.8008,35.433
VIR,United States Virgin Islands,1962,5.0721,38.315
VIR,United States Virgin Islands,1963,4.9576,41.437
VIR,United States Virgin Islands,1964,5.4743,44.839
VIR,United States Virgin Islands,1965,5.6404,48.385
VIR,United States Virgin Islands,1966,4.9928,51.766
VIR,United States Virgin Islands,1967,5.1959,54.91
VIR,United States Virgin Islands,1968,4.9544,57.829
VIR,United States Virgin Islands,1969,4.8124,60.537
VIR,United States Virgin Islands,1970,5.2539,63.856
VIR,United States Virgin Islands,1971,5.0657,67.91
VIR,United States Virgin Islands,1972,4.7798,71.914
VIR,United States Virgin Islands,1973,4.2308,75.719
VIR,United States Virgin Islands,1974,3.8726,79.3
VIR,United States Virgin Islands,1975,3.5951,82.611
VIR,United States Virgin Islands,1976,3.3899,85.702
VIR,United States Virgin Islands,1977,3.2567,88.716
VIR,United States Virgin Islands,1978,3.3029,91.615
VIR,United States Virgin Islands,1979,3.0401,94.432
VIR,United States Virgin Islands,1980,3.1053,96.568
VIR,United States Virgin Islands,1981,2.9991,97.758
VIR,United States Virgin Islands,1982,3.0758,98.641
VIR,United States Virgin Islands,1983,3.0967,99.446
VIR,United States Virgin Islands,1984,2.896,100.165
VIR,United States Virgin Islands,1985,2.8314,100.798
VIR,United States Virgin Islands,1986,2.7399,101.33
VIR,United States Virgin Islands,1987,2.8441,101.727
VIR,United States Virgin Islands,1988,2.8368,101.947
VIR,United States Virgin Islands,1989,3.0237,101.928
VIR,United States Virgin Islands,1990,3.1064,102.308
VIR,United States Virgin Islands,1991,3.3791,103.337
VIR,United States Virgin Islands,1992,3.6305,104.418
VIR,United States Virgin Islands,1993,3.6363,105.378
VIR,United States Virgin Islands,1994,3.682,106.232
VIR,United States Virgin Islands,1995,3.237,106.971
VIR,United States Virgin Islands,1996,2.9406,107.594
VIR,United States Virgin Islands,1997,3.0168,108.087
VIR,United States Virgin Islands,1998,2.676,108.422
VIR,United States Virgin Islands,1999,2.4486,108.578
VIR,United States Virgin Islands,2000,2.3375,108.579
VIR,United States Virgin Islands,2001,2.4729,108.525
VIR,United States Virgin Islands,2002,2.4154,108.418
VIR,United States Virgin Islands,2003,2.3313,108.17
VIR,United States Virgin Islands,2004,2.4269,107.835
VIR,United States Virgin Islands,2005,2.4196,107.606
VIR,United States Virgin Islands,2006,2.5716,107.45
VIR,United States Virgin Islands,2007,2.5981,107.229
VIR,United States Virgin Islands,2008,2.6868,106.96
VIR,United States Virgin Islands,2009,2.5752,106.759
VIR,United States Virgin Islands,2010,2.4802,106.311
VIR,United States Virgin Islands,2011,2.3382,105.39
VIR,United States Virgin Islands,2012,2.2539,104.298
VIR,United States Virgin Islands,2013,2.2293,103.158
VIR,United States Virgin Islands,2014,2.2207,102
VIR,United States Virgin Islands,2015,2.2183,100.248
VIR,United States Virgin Islands,2016,2.2048,97.787
VIR,United States Virgin Islands,2017,2.193,95.118
VIR,United States Virgin Islands,2018,2.1818,92.302
VIR,United States Virgin Islands,2019,2.1619,89.372
VIR,United States Virgin Islands,2020,2.1392,87.707
VIR,United States Virgin Islands,2021,2.1244,87.223
VIR,United States Virgin Islands,2022,2.1009,86.507
VIR,United States Virgin Islands,2023,2.0904,85.701
VNM,Viet Nam,1950,5.1468,25100.738
VNM,Viet Nam,1951,4.6512,25600.268
VNM,Viet Nam,1952,5.467,26143.917
VNM,Viet Nam,1953,5.2736,26757.964
VNM,Viet Nam,1954,5.7974,27427.909
VNM,Viet Nam,1955,5.5355,28166.446
VNM,Viet Nam,1956,5.6211,28922.309
VNM,Viet Nam,1957,6.1454,29754.428
VNM,Viet Nam,1958,6.2092,30658.446
VNM,Viet Nam,1959,6.2496,31585.547
VNM,Viet Nam,1960,6.2731,32531.933
VNM,Viet Nam,1961,5.4761,33409.059
VNM,Viet Nam,1962,6.257,34288.56
VNM,Viet Nam,1963,6.3846,35249.101
VNM,Viet Nam,1964,6.2852,36201.563
VNM,Viet Nam,1965,6.1559,37129.656
VNM,Viet Nam,1966,5.9683,38024.836
VNM,Viet Nam,1967,5.8834,38895.08
VNM,Viet Nam,1968,6.0292,39734.609
VNM,Viet Nam,1969,6.0134,40582.096
VNM,Viet Nam,1970,6.0192,41475.23
VNM,Viet Nam,1971,6.0686,42449.276
VNM,Viet Nam,1972,6.0998,43429.168
VNM,Viet Nam,1973,6.1082,44409.861
VNM,Viet Nam,1974,5.7812,45413.538
VNM,Viet Nam,1975,5.6215,46482.903
VNM,Viet Nam,1976,5.4612,47684.931
VNM,Viet Nam,1977,5.2905,48954.872
VNM,Viet Nam,1978,5.1038,50249.552
VNM,Viet Nam,1979,4.9396,51378.21
VNM,Viet Nam,1980,4.7948,52490.101
VNM,Viet Nam,1981,4.6651,53738.14
VNM,Viet Nam,1982,4.5932,55011.289
VNM,Viet Nam,1983,4.5236,56337.921
VNM,Viet Nam,1984,4.4124,57706.066
VNM,Viet Nam,1985,4.2059,59060.622
VNM,Viet Nam,1986,3.9551,60347.048
VNM,Viet Nam,1987,3.7171,61584.651
VNM,Viet Nam,1988,3.6227,62843.228
VNM,Viet Nam,1989,3.6414,64147.348
VNM,Viet Nam,1990,3.6019,65504.552
VNM,Viet Nam,1991,3.5235,66891.775
VNM,Viet Nam,1992,3.3529,68260.337
VNM,Viet Nam,1993,3.1722,69586.384
VNM,Viet Nam,1994,2.9409,70854.391
VNM,Viet Nam,1995,2.7001,72049.94
VNM,Viet Nam,1996,2.4683,73156.447
VNM,Viet Nam,1997,2.2736,74226.888
VNM,Viet Nam,1998,2.098,75299.66
VNM,Viet Nam,1999,1.9988,76287.452
VNM,Viet Nam,2000,2.0277,77154.011
VNM,Viet Nam,2001,2.0233,77969.361
VNM,Viet Nam,2002,2.006,78772.224
VNM,Viet Nam,2003,1.9993,79563.777
VNM,Viet Nam,2004,1.9679,80338.972
VNM,Viet Nam,2005,1.8871,81088.313
VNM,Viet Nam,2006,1.8729,82167.897
VNM,Viet Nam,2007,1.9107,83633.375
VNM,Viet Nam,2008,1.9332,85175.788
VNM,Viet Nam,2009,1.9205,86460.018
VNM,Viet Nam,2010,1.9056,87455.152
VNM,Viet Nam,2011,1.9268,88468.314
VNM,Viet Nam,2012,1.9668,89510.356
VNM,Viet Nam,2013,1.9805,90573.104
VNM,Viet Nam,2014,2.09,91679.578
VNM,Viet Nam,2015,2.1,92823.254
VNM,Viet Nam,2016,2,94000.117
VNM,Viet Nam,2017,1.985,95176.977
VNM,Viet Nam,2018,1.88,96237.319
VNM,Viet Nam,2019,1.9428,97173.776
VNM,Viet Nam,2020,1.9572,98079.191
VNM,Viet Nam,2021,1.9423,98935.098
VNM,Viet Nam,2022,1.9273,99680.655
VNM,Viet Nam,2023,1.9125,100352.192
VUT,Vanuatu,1950,7.0388,51.542
VUT,Vanuatu,1951,7.029,52.36
VUT,Vanuatu,1952,7.0292,53.261
VUT,Vanuatu,1953,7.0316,54.3
VUT,Vanuatu,1954,7.0422,55.422
VUT,Vanuatu,1955,7.0331,56.632
VUT,Vanuatu,1956,7.002,57.925
VUT,Vanuatu,1957,6.9534,59.376
VUT,Vanuatu,1958,6.9002,60.981
VUT,Vanuatu,1959,6.8432,62.67
VUT,Vanuatu,1960,6.7843,64.431
VUT,Vanuatu,1961,6.7288,66.264
VUT,Vanuatu,1962,6.6723,68.174
VUT,Vanuatu,1963,6.623,70.158
VUT,Vanuatu,1964,6.5677,72.22
VUT,Vanuatu,1965,6.5238,74.358
VUT,Vanuatu,1966,6.5114,76.59
VUT,Vanuatu,1967,6.5093,78.92
VUT,Vanuatu,1968,6.4629,81.314
VUT,Vanuatu,1969,6.4099,83.756
VUT,Vanuatu,1970,6.3462,86.266
VUT,Vanuatu,1971,6.2931,88.862
VUT,Vanuatu,1972,6.2277,91.562
VUT,Vanuatu,1973,6.1507,94.362
VUT,Vanuatu,1974,6.0568,97.26
VUT,Vanuatu,1975,5.9758,100.268
VUT,Vanuatu,1976,5.8851,103.388
VUT,Vanuatu,1977,5.8057,106.618
VUT,Vanuatu,1978,5.7685,109.963
VUT,Vanuatu,1979,5.7329,113.04
VUT,Vanuatu,1980,5.6914,115.66
VUT,Vanuatu,1981,5.6508,118.249
VUT,Vanuatu,1982,5.6027,121.036
VUT,Vanuatu,1983,5.5472,123.998
VUT,Vanuatu,1984,5.4885,127.109
VUT,Vanuatu,1985,5.433,130.356
VUT,Vanuatu,1986,5.3817,133.72
VUT,Vanuatu,1987,5.3282,137.187
VUT,Vanuatu,1988,5.27,140.756
VUT,Vanuatu,1989,5.2111,144.393
VUT,Vanuatu,1990,5.1664,148.062
VUT,Vanuatu,1991,5.1305,151.793
VUT,Vanuatu,1992,5.0942,155.608
VUT,Vanuatu,1993,5.0227,159.463
VUT,Vanuatu,1994,4.9367,163.314
VUT,Vanuatu,1995,4.8471,167.137
VUT,Vanuatu,1996,4.7521,170.911
VUT,Vanuatu,1997,4.6573,174.626
VUT,Vanuatu,1998,4.6025,178.313
VUT,Vanuatu,1999,4.556,182.048
VUT,Vanuatu,2000,4.537,186.281
VUT,Vanuatu,2001,4.4952,191.031
VUT,Vanuatu,2002,4.3816,195.863
VUT,Vanuatu,2003,4.2925,200.746
VUT,Vanuatu,2004,4.2139,205.711
VUT,Vanuatu,2005,4.133,210.76
VUT,Vanuatu,2006,4.0999,215.923
VUT,Vanuatu,2007,4.1168,221.276
VUT,Vanuatu,2008,4.1594,226.896
VUT,Vanuatu,2009,4.1565,232.731
VUT,Vanuatu,2010,4.1264,238.248
VUT,Vanuatu,2011,4.0931,243.474
VUT,Vanuatu,2012,4.0593,248.884
VUT,Vanuatu,2013,4.0385,254.482
VUT,Vanuatu,2014,3.9992,260.24
VUT,Vanuatu,2015,3.9517,266.101
VUT,Vanuatu,2016,3.9154,272.086
VUT,Vanuatu,2017,3.8751,278.507
VUT,Vanuatu,2018,3.8343,285.259
VUT,Vanuatu,2019,3.7898,291.985
VUT,Vanuatu,2020,3.7378,298.858
VUT,Vanuatu,2021,3.6958,305.868
VUT,Vanuatu,2022,3.6466,313.046
VUT,Vanuatu,2023,3.5958,320.408
WLF,Wallis and Futuna Islands,1950,6.9466,8.536
WLF,Wallis and Futuna Islands,1951,6.95,8.816
WLF,Wallis and Futuna Islands,1952,6.9518,9.182
WLF,Wallis and Futuna Islands,1953,6.9552,9.548
WLF,Wallis and Futuna Islands,1954,6.9677,9.72
WLF,Wallis and Futuna Islands,1955,6.9665,9.638
WLF,Wallis and Futuna Islands,1956,6.9652,9.511
WLF,Wallis and Futuna Islands,1957,6.9617,9.342
WLF,Wallis and Futuna Islands,1958,6.969,9.135
WLF,Wallis and Futuna Islands,1959,6.9832,8.9
WLF,Wallis and Futuna Islands,1960,7.0012,8.624
WLF,Wallis and Futuna Islands,1961,7.0208,8.305
WLF,Wallis and Futuna Islands,1962,7.0392,8.152
WLF,Wallis and Futuna Islands,1963,7.0706,8.195
WLF,Wallis and Futuna Islands,1964,7.1007,8.252
WLF,Wallis and Futuna Islands,1965,7.1394,8.279
WLF,Wallis and Futuna Islands,1966,7.1836,8.303
WLF,Wallis and Futuna Islands,1967,7.232,8.386
WLF,Wallis and Futuna Islands,1968,7.288,8.504
WLF,Wallis and Futuna Islands,1969,7.3473,8.654
WLF,Wallis and Futuna Islands,1970,7.3158,8.832
WLF,Wallis and Futuna Islands,1971,7.2831,8.995
WLF,Wallis and Futuna Islands,1972,7.2901,9.135
WLF,Wallis and Futuna Islands,1973,7.3009,9.263
WLF,Wallis and Futuna Islands,1974,6.8964,9.357
WLF,Wallis and Futuna Islands,1975,6.4388,9.334
WLF,Wallis and Futuna Islands,1976,6.1192,9.408
WLF,Wallis and Futuna Islands,1977,6.358,9.747
WLF,Wallis and Futuna Islands,1978,6.6242,10.178
WLF,Wallis and Futuna Islands,1979,6.4755,10.636
WLF,Wallis and Futuna Islands,1980,5.9724,11.116
WLF,Wallis and Futuna Islands,1981,6.3992,11.616
WLF,Wallis and Futuna Islands,1982,5.8846,12.14
WLF,Wallis and Futuna Islands,1983,5.5072,12.505
WLF,Wallis and Futuna Islands,1984,5.6129,12.665
WLF,Wallis and Futuna Islands,1985,5.4434,12.799
WLF,Wallis and Futuna Islands,1986,5.5913,12.932
WLF,Wallis and Futuna Islands,1987,5.633,13.066
WLF,Wallis and Futuna Islands,1988,4.812,13.201
WLF,Wallis and Futuna Islands,1989,4.4885,13.338
WLF,Wallis and Futuna Islands,1990,4.5818,13.48
WLF,Wallis and Futuna Islands,1991,4.418,13.63
WLF,Wallis and Futuna Islands,1992,4.1776,13.778
WLF,Wallis and Futuna Islands,1993,3.9158,13.923
WLF,Wallis and Futuna Islands,1994,3.6405,14.065
WLF,Wallis and Futuna Islands,1995,3.3835,14.199
WLF,Wallis and Futuna Islands,1996,3.0843,14.312
WLF,Wallis and Futuna Islands,1997,2.6278,14.415
WLF,Wallis and Futuna Islands,1998,2.6189,14.528
WLF,Wallis and Futuna Islands,1999,3.1294,14.655
WLF,Wallis and Futuna Islands,2000,2.4507,14.784
WLF,Wallis and Futuna Islands,2001,2.3723,14.908
WLF,Wallis and Futuna Islands,2002,2.3761,15.024
WLF,Wallis and Futuna Islands,2003,2.5829,15.053
WLF,Wallis and Futuna Islands,2004,2.1893,14.891
WLF,Wallis and Futuna Islands,2005,2.0695,14.61
WLF,Wallis and Futuna Islands,2006,2.1101,14.312
WLF,Wallis and Futuna Islands,2007,2.111,13.998
WLF,Wallis and Futuna Islands,2008,1.961,13.684
WLF,Wallis and Futuna Islands,2009,2.43,13.409
WLF,Wallis and Futuna Islands,2010,1.8723,13.164
WLF,Wallis and Futuna Islands,2011,2.2784,12.919
WLF,Wallis and Futuna Islands,2012,2.066,12.687
WLF,Wallis and Futuna Islands,2013,1.8291,12.475
WLF,Wallis and Futuna Islands,2014,1.8197,12.301
WLF,Wallis and Futuna Islands,2015,1.9718,12.16
WLF,Wallis and Futuna Islands,2016,2.0041,12.033
WLF,Wallis and Futuna Islands,2017,2.0273,11.918
WLF,Wallis and Futuna Islands,2018,1.7156,11.8
WLF,Wallis and Futuna Islands,2019,2.0479,11.686
WLF,Wallis and Futuna Islands,2020,1.5744,11.616
WLF,Wallis and Futuna Islands,2021,1.4591,11.568
WLF,Wallis and Futuna Islands,2022,1.4234,11.478
WLF,Wallis and Futuna Islands,2023,1.4097,11.37
WSM,Samoa,1950,7.5529,88.28
WSM,Samoa,1951,7.5992,90.51
WSM,Samoa,1952,7.6317,92.701
WSM,Samoa,1953,7.6581,94.773
WSM,Samoa,1954,7.6874,96.882
WSM,Samoa,1955,7.7111,99.038
WSM,Samoa,1956,7.7341,101.318
WSM,Samoa,1957,7.7559,103.894
WSM,Samoa,1958,7.7715,106.698
WSM,Samoa,1959,7.7872,109.56
WSM,Samoa,1960,7.7794,112.49
WSM,Samoa,1961,7.7707,115.496
WSM,Samoa,1962,7.7585,118.597
WSM,Samoa,1963,7.7291,121.764
WSM,Samoa,1964,7.7028,124.894
WSM,Samoa,1965,7.6532,127.978
WSM,Samoa,1966,7.5962,131.073
WSM,Samoa,1967,7.5508,133.764
WSM,Samoa,1968,7.4992,136.02
WSM,Samoa,1969,7.432,138.233
WSM,Samoa,1970,7.3375,140.4
WSM,Samoa,1971,7.2241,142.503
WSM,Samoa,1972,7.0696,144.538
WSM,Samoa,1973,6.9076,146.516
WSM,Samoa,1974,6.7472,149.432
WSM,Samoa,1975,6.606,153.344
WSM,Samoa,1976,6.4728,157.113
WSM,Samoa,1977,6.3133,159.753
WSM,Samoa,1978,6.1462,161.375
WSM,Samoa,1979,5.9906,162.882
WSM,Samoa,1980,5.8611,164.322
WSM,Samoa,1981,5.7489,165.678
WSM,Samoa,1982,5.6773,166.484
WSM,Samoa,1983,5.6166,166.714
WSM,Samoa,1984,5.5527,166.796
WSM,Samoa,1985,5.4886,166.848
WSM,Samoa,1986,5.421,167.061
WSM,Samoa,1987,5.3157,167.661
WSM,Samoa,1988,5.2072,168.346
WSM,Samoa,1989,5.107,168.768
WSM,Samoa,1990,5.0075,169.042
WSM,Samoa,1991,4.9123,169.368
WSM,Samoa,1992,4.8647,170.33
WSM,Samoa,1993,4.8265,171.774
WSM,Samoa,1994,4.7922,173.159
WSM,Samoa,1995,4.7671,174.571
WSM,Samoa,1996,4.7388,176.071
WSM,Samoa,1997,4.6947,177.547
WSM,Samoa,1998,4.6446,178.905
WSM,Samoa,1999,4.5722,180.275
WSM,Samoa,2000,4.523,181.685
WSM,Samoa,2001,4.4772,183.166
WSM,Samoa,2002,4.4443,184.471
WSM,Samoa,2003,4.3918,185.43
WSM,Samoa,2004,4.3425,186.249
WSM,Samoa,2005,4.3221,186.978
WSM,Samoa,2006,4.3218,187.709
WSM,Samoa,2007,4.3584,188.753
WSM,Samoa,2008,4.4172,190.107
WSM,Samoa,2009,4.4659,191.513
WSM,Samoa,2010,4.5198,193.023
WSM,Samoa,2011,4.5605,194.713
WSM,Samoa,2012,4.545,196.498
WSM,Samoa,2013,4.4911,198.268
WSM,Samoa,2014,4.4226,200.037
WSM,Samoa,2015,4.3437,201.782
WSM,Samoa,2016,4.2616,203.499
WSM,Samoa,2017,4.1956,205.415
WSM,Samoa,2018,4.1362,207.582
WSM,Samoa,2019,4.0607,209.78
WSM,Samoa,2020,4.0017,211.944
WSM,Samoa,2021,3.9401,213.779
WSM,Samoa,2022,3.8835,215.261
WSM,Samoa,2023,3.8292,216.663
XKX,Kosovo (under UNSC res. 1244),1950,6.9531,778.48
XKX,Kosovo (under UNSC res. 1244),1951,6.9461,794.323
XKX,Kosovo (under UNSC res. 1244),1952,6.9412,811.02
XKX,Kosovo (under UNSC res. 1244),1953,6.9099,828.802
XKX,Kosovo (under UNSC res. 1244),1954,6.8328,847.878
XKX,Kosovo (under UNSC res. 1244),1955,6.741,868.048
XKX,Kosovo (under UNSC res. 1244),1956,6.6311,888.713
XKX,Kosovo (under UNSC res. 1244),1957,6.5168,910.458
XKX,Kosovo (under UNSC res. 1244),1958,6.4035,933.641
XKX,Kosovo (under UNSC res. 1244),1959,6.3739,958.431
XKX,Kosovo (under UNSC res. 1244),1960,6.3593,984.846
XKX,Kosovo (under UNSC res. 1244),1961,6.3145,1011.421
XKX,Kosovo (under UNSC res. 1244),1962,6.2444,1036.95
XKX,Kosovo (under UNSC res. 1244),1963,6.1755,1062.737
XKX,Kosovo (under UNSC res. 1244),1964,6.1122,1090.27
XKX,Kosovo (under UNSC res. 1244),1965,6.0347,1120.168
XKX,Kosovo (under UNSC res. 1244),1966,5.947,1152.586
XKX,Kosovo (under UNSC res. 1244),1967,5.8769,1187.667
XKX,Kosovo (under UNSC res. 1244),1968,5.8118,1214.208
XKX,Kosovo (under UNSC res. 1244),1969,5.7306,1231.46
XKX,Kosovo (under UNSC res. 1244),1970,5.6237,1249.555
XKX,Kosovo (under UNSC res. 1244),1971,5.5556,1273.021
XKX,Kosovo (under UNSC res. 1244),1972,5.4879,1301.579
XKX,Kosovo (under UNSC res. 1244),1973,5.4177,1331.176
XKX,Kosovo (under UNSC res. 1244),1974,5.3732,1363.123
XKX,Kosovo (under UNSC res. 1244),1975,5.2834,1397.686
XKX,Kosovo (under UNSC res. 1244),1976,5.1846,1434.88
XKX,Kosovo (under UNSC res. 1244),1977,5.012,1474.457
XKX,Kosovo (under UNSC res. 1244),1978,4.831,1516.249
XKX,Kosovo (under UNSC res. 1244),1979,4.6967,1559.787
XKX,Kosovo (under UNSC res. 1244),1980,4.6575,1604.818
XKX,Kosovo (under UNSC res. 1244),1981,4.5013,1646.565
XKX,Kosovo (under UNSC res. 1244),1982,4.4928,1683.166
XKX,Kosovo (under UNSC res. 1244),1983,4.4621,1719.246
XKX,Kosovo (under UNSC res. 1244),1984,4.4061,1756.818
XKX,Kosovo (under UNSC res. 1244),1985,4.1965,1796.018
XKX,Kosovo (under UNSC res. 1244),1986,4.1149,1836.972
XKX,Kosovo (under UNSC res. 1244),1987,4.0984,1880.59
XKX,Kosovo (under UNSC res. 1244),1988,3.9671,1917.882
XKX,Kosovo (under UNSC res. 1244),1989,3.6716,1946.339
XKX,Kosovo (under UNSC res. 1244),1990,3.6662,1973.79
XKX,Kosovo (under UNSC res. 1244),1991,3.373,2005.362
XKX,Kosovo (under UNSC res. 1244),1992,2.7651,2039.723
XKX,Kosovo (under UNSC res. 1244),1993,2.6497,2072.664
XKX,Kosovo (under UNSC res. 1244),1994,2.5237,2105.256
XKX,Kosovo (under UNSC res. 1244),1995,2.5238,2137.514
XKX,Kosovo (under UNSC res. 1244),1996,2.536,2168.753
XKX,Kosovo (under UNSC res. 1244),1997,2.3117,2197.284
XKX,Kosovo (under UNSC res. 1244),1998,2.35,2078.964
XKX,Kosovo (under UNSC res. 1244),1999,2.6342,1871.524
XKX,Kosovo (under UNSC res. 1244),2000,2.698,1802.493
XKX,Kosovo (under UNSC res. 1244),2001,2.7647,1820.009
XKX,Kosovo (under UNSC res. 1244),2002,2.7908,1829.462
XKX,Kosovo (under UNSC res. 1244),2003,2.6704,1826.434
XKX,Kosovo (under UNSC res. 1244),2004,2.6496,1822.773
XKX,Kosovo (under UNSC res. 1244),2005,2.6227,1818.354
XKX,Kosovo (under UNSC res. 1244),2006,2.494,1813.079
XKX,Kosovo (under UNSC res. 1244),2007,2.393,1807.094
XKX,Kosovo (under UNSC res. 1244),2008,2.3592,1800.858
XKX,Kosovo (under UNSC res. 1244),2009,2.3174,1794.681
XKX,Kosovo (under UNSC res. 1244),2010,2.2234,1788.743
XKX,Kosovo (under UNSC res. 1244),2011,2.0381,1791.949
XKX,Kosovo (under UNSC res. 1244),2012,1.9687,1806.532
XKX,Kosovo (under UNSC res. 1244),2013,1.9526,1817.167
XKX,Kosovo (under UNSC res. 1244),2014,1.8704,1808.98
XKX,Kosovo (under UNSC res. 1244),2015,1.7626,1779.02
XKX,Kosovo (under UNSC res. 1244),2016,1.641,1761.764
XKX,Kosovo (under UNSC res. 1244),2017,1.6177,1768.119
XKX,Kosovo (under UNSC res. 1244),2018,1.5809,1767.741
XKX,Kosovo (under UNSC res. 1244),2019,1.5746,1755.042
XKX,Kosovo (under UNSC res. 1244),2020,1.5675,1751.417
XKX,Kosovo (under UNSC res. 1244),2021,1.5612,1741.446
XKX,Kosovo (under UNSC res. 1244),2022,1.5552,1717.946
XKX,Kosovo (under UNSC res. 1244),2023,1.5454,1700.031
YEM,Yemen,1950,7.9706,4616.78
YEM,Yemen,1951,7.9714,4684.148
YEM,Yemen,1952,7.969,4758.172
YEM,Yemen,1953,7.9641,4837.293
YEM,Yemen,1954,7.9642,4921.134
YEM,Yemen,1955,7.9699,5009.672
YEM,Yemen,1956,7.9652,5103.1
YEM,Yemen,1957,7.9632,5201.606
YEM,Yemen,1958,7.9689,5305.734
YEM,Yemen,1959,7.9837,5415.92
YEM,Yemen,1960,7.9881,5532.3
YEM,Yemen,1961,7.9999,5655.232
YEM,Yemen,1962,8.0105,5782.221
YEM,Yemen,1963,8.0281,5911.134
YEM,Yemen,1964,8.0707,6048.006
YEM,Yemen,1965,8.1005,6195.594
YEM,Yemen,1966,8.142,6351.494
YEM,Yemen,1967,8.1741,6516.444
YEM,Yemen,1968,8.1908,6690.524
YEM,Yemen,1969,8.2159,6875.859
YEM,Yemen,1970,8.2344,7065.279
YEM,Yemen,1971,8.2598,7257.462
YEM,Yemen,1972,8.2729,7460.068
YEM,Yemen,1973,8.2896,7672.796
YEM,Yemen,1974,8.3258,7896.782
YEM,Yemen,1975,8.3734,8133.598
YEM,Yemen,1976,8.4226,8384.113
YEM,Yemen,1977,8.4659,8648.222
YEM,Yemen,1978,8.5007,8926.586
YEM,Yemen,1979,8.6712,9224.194
YEM,Yemen,1980,8.7101,9543.358
YEM,Yemen,1981,8.7519,9882.362
YEM,Yemen,1982,8.7928,10241.006
YEM,Yemen,1983,8.8278,10621.499
YEM,Yemen,1984,8.8527,11025.598
YEM,Yemen,1985,8.8637,11453.824
YEM,Yemen,1986,8.8579,11901.04
YEM,Yemen,1987,8.833,12369.912
YEM,Yemen,1988,8.7859,12859.708
YEM,Yemen,1989,8.7128,13364.174
YEM,Yemen,1990,8.6065,13887.862
YEM,Yemen,1991,8.4594,14430.201
YEM,Yemen,1992,8.2717,14989.494
YEM,Yemen,1993,8.048,15563.914
YEM,Yemen,1994,7.7953,16149.147
YEM,Yemen,1995,7.525,16740.058
YEM,Yemen,1996,7.0037,17313.177
YEM,Yemen,1997,6.8196,17873.936
YEM,Yemen,1998,6.639,18446.013
YEM,Yemen,1999,6.4891,19029.42
YEM,Yemen,2000,6.3174,19624.141
YEM,Yemen,2001,6.1426,20226.147
YEM,Yemen,2002,5.9713,20835.086
YEM,Yemen,2003,5.8386,21456.379
YEM,Yemen,2004,5.7117,22095.167
YEM,Yemen,2005,5.5634,22790.085
YEM,Yemen,2006,5.412,23543.083
YEM,Yemen,2007,5.2609,24318.082
YEM,Yemen,2008,5.1133,25111.941
YEM,Yemen,2009,5.0039,25927.724
YEM,Yemen,2010,4.81,26754.387
YEM,Yemen,2011,4.63,27582.897
YEM,Yemen,2012,4.6333,28433.647
YEM,Yemen,2013,4.6233,29312.952
YEM,Yemen,2014,4.62,30226.309
YEM,Yemen,2015,4.6167,31159.379
YEM,Yemen,2016,4.6133,32109.01
YEM,Yemen,2017,4.61,33090.921
YEM,Yemen,2018,4.6067,34085.182
YEM,Yemen,2019,4.6033,35111.408
YEM,Yemen,2020,4.6,36134.864
YEM,Yemen,2021,4.5967,37140.23
YEM,Yemen,2022,4.5933,38222.876
YEM,Yemen,2023,4.59,39390.799
ZAF,South Africa,1950,6.0318,13038.491
ZAF,South Africa,1951,6.0625,13309.02
ZAF,South Africa,1952,6.0806,13595.543
ZAF,South Africa,1953,6.094,13892.91
ZAF,South Africa,1954,6.1089,14203.779
ZAF,South Africa,1955,6.1268,14533.366
ZAF,South Africa,1956,6.1307,14880.686
ZAF,South Africa,1957,6.1361,15244.839
ZAF,South Africa,1958,6.1433,15620.418
ZAF,South Africa,1959,6.1256,16014.974
ZAF,South Africa,1960,6.105,16440.172
ZAF,South Africa,1961,6.0797,16908.035
ZAF,South Africa,1962,6.0458,17418.522
ZAF,South Africa,1963,6.012,17954.564
ZAF,South Africa,1964,5.9552,18511.361
ZAF,South Africa,1965,5.8917,19089.38
ZAF,South Africa,1966,5.9074,19690.087
ZAF,South Africa,1967,5.8524,20314.066
ZAF,South Africa,1968,5.7823,20957.287
ZAF,South Africa,1969,5.719,21614.676
ZAF,South Africa,1970,5.6344,22279.984
ZAF,South Africa,1971,5.5688,22942.143
ZAF,South Africa,1972,5.4904,23609.456
ZAF,South Africa,1973,5.4134,24294.263
ZAF,South Africa,1974,5.2977,24989.108
ZAF,South Africa,1975,5.1912,25690.94
ZAF,South Africa,1976,5.0708,26395.45
ZAF,South Africa,1977,4.9416,27118.952
ZAF,South Africa,1978,4.8534,27869.507
ZAF,South Africa,1979,4.8178,28634.162
ZAF,South Africa,1980,4.7796,29518.857
ZAF,South Africa,1981,4.7123,30541.044
ZAF,South Africa,1982,4.6962,31615.339
ZAF,South Africa,1983,4.6261,32739.304
ZAF,South Africa,1984,4.5659,33892.788
ZAF,South Africa,1985,4.4951,35042.093
ZAF,South Africa,1986,4.4087,36180.515
ZAF,South Africa,1987,4.3519,37326.19
ZAF,South Africa,1988,4.18,38480.649
ZAF,South Africa,1989,3.9827,39628.576
ZAF,South Africa,1990,3.7243,40746.268
ZAF,South Africa,1991,3.6185,41687.898
ZAF,South Africa,1992,3.4793,42443.509
ZAF,South Africa,1993,3.3719,43297.156
ZAF,South Africa,1994,3.258,44004.139
ZAF,South Africa,1995,3.1715,44541.554
ZAF,South Africa,1996,2.9908,45123.018
ZAF,South Africa,1997,2.7338,45666.838
ZAF,South Africa,1998,2.6302,46223.88
ZAF,South Africa,1999,2.5592,46730.335
ZAF,South Africa,2000,2.4135,47159.719
ZAF,South Africa,2001,2.3726,47566.8
ZAF,South Africa,2002,2.3235,48019.415
ZAF,South Africa,2003,2.3581,48500.348
ZAF,South Africa,2004,2.436,48991.42
ZAF,South Africa,2005,2.5125,49490.032
ZAF,South Africa,2006,2.5477,49998.277
ZAF,South Africa,2007,2.5454,50528.584
ZAF,South Africa,2008,2.6787,51114.598
ZAF,South Africa,2009,2.5012,51728.516
ZAF,South Africa,2010,2.4448,52344.051
ZAF,South Africa,2011,2.4362,52995.205
ZAF,South Africa,2012,2.4474,53782.566
ZAF,South Africa,2013,2.4276,54678.792
ZAF,South Africa,2014,2.4242,55594.838
ZAF,South Africa,2015,2.3594,56723.537
ZAF,South Africa,2016,2.2612,57259.551
ZAF,South Africa,2017,2.2833,57635.162
ZAF,South Africa,2018,2.27,58613.001
ZAF,South Africa,2019,2.2637,59587.885
ZAF,South Africa,2020,2.2565,60562.381
ZAF,South Africa,2021,2.2484,61502.603
ZAF,South Africa,2022,2.2273,62378.41
ZAF,South Africa,2023,2.2157,63212.384
ZMB,Zambia,1950,6.7789,2321.302
ZMB,Zambia,1951,6.7658,2393.302
ZMB,Zambia,1952,6.7743,2467.251
ZMB,Zambia,1953,6.7855,2543.538
ZMB,Zambia,1954,6.7948,2622.277
ZMB,Zambia,1955,6.8033,2703.543
ZMB,Zambia,1956,6.8088,2787.41
ZMB,Zambia,1957,6.8321,2874.068
ZMB,Zambia,1958,6.8638,2963.867
ZMB,Zambia,1959,6.9029,3057.054
ZMB,Zambia,1960,6.9468,3153.729
ZMB,Zambia,1961,6.9823,3254.086
ZMB,Zambia,1962,7.012,3358.099
ZMB,Zambia,1963,7.06,3465.907
ZMB,Zambia,1964,7.0846,3577.017
ZMB,Zambia,1965,7.1163,3692.086
ZMB,Zambia,1966,7.1379,3812.002
ZMB,Zambia,1967,7.1538,3936.343
ZMB,Zambia,1968,7.1799,4065.593
ZMB,Zambia,1969,7.1797,4197.116
ZMB,Zambia,1970,7.224,4321.718
ZMB,Zambia,1971,7.2599,4442.526
ZMB,Zambia,1972,7.3004,4569.308
ZMB,Zambia,1973,7.3386,4702.692
ZMB,Zambia,1974,7.3641,4842.746
ZMB,Zambia,1975,7.4215,4990.086
ZMB,Zambia,1976,7.3882,5143.842
ZMB,Zambia,1977,7.3532,5302.48
ZMB,Zambia,1978,7.2938,5465.374
ZMB,Zambia,1979,7.2219,5631.728
ZMB,Zambia,1980,7.1391,5802.833
ZMB,Zambia,1981,7.0725,5983.289
ZMB,Zambia,1982,7.0388,6178.637
ZMB,Zambia,1983,7.0073,6381.038
ZMB,Zambia,1984,6.9738,6580.49
ZMB,Zambia,1985,6.928,6780.953
ZMB,Zambia,1986,6.8679,6986.472
ZMB,Zambia,1987,6.7978,7191.282
ZMB,Zambia,1988,6.7032,7391.44
ZMB,Zambia,1989,6.6351,7589.216
ZMB,Zambia,1990,6.5667,7786.169
ZMB,Zambia,1991,6.4576,7981.65
ZMB,Zambia,1992,6.349,8176.68
ZMB,Zambia,1993,6.2979,8373.921
ZMB,Zambia,1994,6.2597,8576.269
ZMB,Zambia,1995,6.2316,8785.763
ZMB,Zambia,1996,6.1821,9004.053
ZMB,Zambia,1997,6.1236,9237.062
ZMB,Zambia,1998,6.0673,9482.408
ZMB,Zambia,1999,5.9977,9740.005
ZMB,Zambia,2000,5.9208,10017.632
ZMB,Zambia,2001,5.848,10325.186
ZMB,Zambia,2002,5.7742,10647.949
ZMB,Zambia,2003,5.7095,10983.595
ZMB,Zambia,2004,5.6982,11338.198
ZMB,Zambia,2005,5.6975,11718.819
ZMB,Zambia,2006,5.6786,12129.553
ZMB,Zambia,2007,5.6125,12565.086
ZMB,Zambia,2008,5.5305,13021.324
ZMB,Zambia,2009,5.4532,13490.39
ZMB,Zambia,2010,5.3594,13965.594
ZMB,Zambia,2011,5.2556,14437.796
ZMB,Zambia,2012,5.1359,14913.629
ZMB,Zambia,2013,5.0139,15398.997
ZMB,Zambia,2014,4.8896,15895.315
ZMB,Zambia,2015,4.7753,16399.089
ZMB,Zambia,2016,4.6687,16914.423
ZMB,Zambia,2017,4.5672,17441.32
ZMB,Zambia,2018,4.4917,17973.569
ZMB,Zambia,2019,4.4175,18513.839
ZMB,Zambia,2020,4.3232,19059.395
ZMB,Zambia,2021,4.2456,19603.607
ZMB,Zambia,2022,4.175,20152.938
ZMB,Zambia,2023,4.1014,20723.965
ZWE,Zimbabwe,1950,7.0406,2790.905
ZWE,Zimbabwe,1951,7.0603,2880.892
ZWE,Zimbabwe,1952,7.069,2972.903
ZWE,Zimbabwe,1953,7.081,3067.166
ZWE,Zimbabwe,1954,7.0906,3163.883
ZWE,Zimbabwe,1955,7.0985,3263.215
ZWE,Zimbabwe,1956,7.1213,3365.535
ZWE,Zimbabwe,1957,7.1415,3471.154
ZWE,Zimbabwe,1958,7.1593,3580.181
ZWE,Zimbabwe,1959,7.1727,3692.801
ZWE,Zimbabwe,1960,7.1945,3809.388
ZWE,Zimbabwe,1961,7.2125,3930.402
ZWE,Zimbabwe,1962,7.2313,4055.959
ZWE,Zimbabwe,1963,7.2301,4185.877
ZWE,Zimbabwe,1964,7.2295,4320.006
ZWE,Zimbabwe,1965,7.2313,4458.462
ZWE,Zimbabwe,1966,7.1957,4601.217
ZWE,Zimbabwe,1967,7.1568,4748.307
ZWE,Zimbabwe,1968,7.1139,4900.44
ZWE,Zimbabwe,1969,7.0364,5058.181
ZWE,Zimbabwe,1970,6.9821,5215.918
ZWE,Zimbabwe,1971,6.9385,5374.712
ZWE,Zimbabwe,1972,6.9423,5542.445
ZWE,Zimbabwe,1973,6.9416,5720.404
ZWE,Zimbabwe,1974,6.879,5908.328
ZWE,Zimbabwe,1975,6.8325,6098.658
ZWE,Zimbabwe,1976,6.7707,6287.105
ZWE,Zimbabwe,1977,6.7134,6449.512
ZWE,Zimbabwe,1978,6.6576,6543.575
ZWE,Zimbabwe,1979,6.5904,6647.556
ZWE,Zimbabwe,1980,6.5173,7041.303
ZWE,Zimbabwe,1981,6.4451,7498.634
ZWE,Zimbabwe,1982,6.3327,7796.496
ZWE,Zimbabwe,1983,6.1973,8098.404
ZWE,Zimbabwe,1984,6.0436,8391.488
ZWE,Zimbabwe,1985,5.8708,8686.813
ZWE,Zimbabwe,1986,5.6878,8982.578
ZWE,Zimbabwe,1987,5.5002,9284.644
ZWE,Zimbabwe,1988,5.2785,9583.094
ZWE,Zimbabwe,1989,5.073,9864.798
ZWE,Zimbabwe,1990,4.8762,10137.281
ZWE,Zimbabwe,1991,4.7153,10404.816
ZWE,Zimbabwe,1992,4.5672,10702.7
ZWE,Zimbabwe,1993,4.391,10860.288
ZWE,Zimbabwe,1994,4.2843,10873.148
ZWE,Zimbabwe,1995,4.1529,10974.598
ZWE,Zimbabwe,1996,4.1102,11158.36
ZWE,Zimbabwe,1997,4.0752,11369.828
ZWE,Zimbabwe,1998,4.0667,11594.297
ZWE,Zimbabwe,1999,4.0558,11783.458
ZWE,Zimbabwe,2000,4.0088,11892.055
ZWE,Zimbabwe,2001,3.9832,11971.902
ZWE,Zimbabwe,2002,3.9249,12087.653
ZWE,Zimbabwe,2003,3.8622,12232.322
ZWE,Zimbabwe,2004,3.7756,12365.896
ZWE,Zimbabwe,2005,3.6933,12483.432
ZWE,Zimbabwe,2006,3.6348,12636.445
ZWE,Zimbabwe,2007,3.6766,12804.058
ZWE,Zimbabwe,2008,3.7826,12959.15
ZWE,Zimbabwe,2009,3.9499,13142.79
ZWE,Zimbabwe,2010,4.0401,13356.548
ZWE,Zimbabwe,2011,4.1264,13595.424
ZWE,Zimbabwe,2012,4.1343,13817.887
ZWE,Zimbabwe,2013,4.1109,14013.808
ZWE,Zimbabwe,2014,4.0107,14207.358
ZWE,Zimbabwe,2015,3.9114,14399.013
ZWE,Zimbabwe,2016,3.8282,14600.294
ZWE,Zimbabwe,2017,3.7675,14812.482
ZWE,Zimbabwe,2018,3.7442,15034.452
ZWE,Zimbabwe,2019,3.748,15271.368
ZWE,Zimbabwe,2020,3.7543,15526.888
ZWE,Zimbabwe,2021,3.7653,15797.21
ZWE,Zimbabwe,2022,3.7674,16069.056
ZWE,Zimbabwe,2023,3.7239,16340.822
