country_code,country,year,indicator,indicator_label,unit,value,status_flag,source_updated
DE,Germany,1975,B9,Net lending (+)/net borrowing (-),MIO_EUR,,,2026-07-21T11:00:00+0200
DE,Germany,1975,B9,Net lending (+)/net borrowing (-),PC_GDP,,,2026-07-21T11:00:00+0200
DE,Germany,1975,D1PAY,"Compensation of employees, expenditure",MIO_EUR,,,2026-07-21T11:00:00+0200
DE,Germany,1975,D1PAY,"Compensation of employees, expenditure",PC_GDP,,,2026-07-21T11:00:00+0200
DE,Germany,1975,D2REC,"Taxes on production and imports, revenue",MIO_EUR,,,2026-07-21T11:00:00+0200
DE,Germany,1975,D2REC,"Taxes on production and imports, revenue",PC_GDP,,,2026-07-21T11:00:00+0200
DE,Germany,1975,D3PAY,"Subsidies, expenditure",MIO_EUR,,,2026-07-21T11:00:00+0200
DE,Germany,1975,D3PAY,"Subsidies, expenditure",PC_GDP,,,2026-07-21T11:00:00+0200
DE,Germany,1975,D41PAY,"Interest, expenditure",MIO_EUR,,,2026-07-21T11:00:00+0200
DE,Germany,1975,D41PAY,"Interest, expenditure",PC_GDP,,,2026-07-21T11:00:00+0200
DE,Germany,1975,D5REC,"Current taxes on income, wealth, etc., revenue",MIO_EUR,,,2026-07-21T11:00:00+0200
DE,Germany,1975,D5REC,"Current taxes on income, wealth, etc., revenue",PC_GDP,,,2026-07-21T11:00:00+0200
DE,Germany,1975,D61REC,"Net social contributions, revenue",MIO_EUR,,,2026-07-21T11:00:00+0200
DE,Germany,1975,D61REC,"Net social contributions, revenue",PC_GDP,,,2026-07-21T11:00:00+0200
DE,Germany,1975,D62PAY,"Social benefits other than social transfers in kind, expenditure",MIO_EUR,,,2026-07-21T11:00:00+0200
DE,Germany,1975,D62PAY,"Social benefits other than social transfers in kind, expenditure",PC_GDP,,,2026-07-21T11:00:00+0200
DE,Germany,1975,D632PAY,"Social transfers in kind, purchased market production, expenditure",MIO_EUR,,,2026-07-21T11:00:00+0200
DE,Germany,1975,D632PAY,"Social transfers in kind, purchased market production, expenditure",PC_GDP,,,2026-07-21T11:00:00+0200
DE,Germany,1975,D91REC,"Capital taxes, revenue",MIO_EUR,,,2026-07-21T11:00:00+0200
DE,Germany,1975,D91REC,"Capital taxes, revenue",PC_GDP,,,2026-07-21T11:00:00+0200
DE,Germany,1975,D995REC,Capital transfers from general government to relevant sectors representing taxes and social contributions assessed but unlikely to be collected,MIO_EUR,,,2026-07-21T11:00:00+0200
DE,Germany,1975,D995REC,Capital transfers from general government to relevant sectors representing taxes and social contributions assessed but unlikely to be collected,PC_GDP,,,2026-07-21T11:00:00+0200
DE,Germany,1975,P2,Intermediate consumption,MIO_EUR,,,2026-07-21T11:00:00+0200
DE,Germany,1975,P2,Intermediate consumption,PC_GDP,,,2026-07-21T11:00:00+0200
DE,Germany,1975,P51G,Gross fixed capital formation,MIO_EUR,,,2026-07-21T11:00:00+0200
DE,Germany,1975,P51G,Gross fixed capital formation,PC_GDP,,,2026-07-21T11:00:00+0200
DE,Germany,1975,TE,Total general government expenditure,MIO_EUR,,,2026-07-21T11:00:00+0200
DE,Germany,1975,TE,Total general government expenditure,PC_GDP,,,2026-07-21T11:00:00+0200
DE,Germany,1975,TR,Total general government revenue,MIO_EUR,,,2026-07-21T11:00:00+0200
DE,Germany,1975,TR,Total general government revenue,PC_GDP,,,2026-07-21T11:00:00+0200
DE,Germany,1976,B9,Net lending (+)/net borrowing (-),MIO_EUR,,,2026-07-21T11:00:00+0200
DE,Germany,1976,B9,Net lending (+)/net borrowing (-),PC_GDP,,,2026-07-21T11:00:00+0200
DE,Germany,1976,D1PAY,"Compensation of employees, expenditure",MIO_EUR,,,2026-07-21T11:00:00+0200
DE,Germany,1976,D1PAY,"Compensation of employees, expenditure",PC_GDP,,,2026-07-21T11:00:00+0200
DE,Germany,1976,D2REC,"Taxes on production and imports, revenue",MIO_EUR,,,2026-07-21T11:00:00+0200
DE,Germany,1976,D2REC,"Taxes on production and imports, revenue",PC_GDP,,,2026-07-21T11:00:00+0200
DE,Germany,1976,D3PAY,"Subsidies, expenditure",MIO_EUR,,,2026-07-21T11:00:00+0200
DE,Germany,1976,D3PAY,"Subsidies, expenditure",PC_GDP,,,2026-07-21T11:00:00+0200
DE,Germany,1976,D41PAY,"Interest, expenditure",MIO_EUR,,,2026-07-21T11:00:00+0200
DE,Germany,1976,D41PAY,"Interest, expenditure",PC_GDP,,,2026-07-21T11:00:00+0200
DE,Germany,1976,D5REC,"Current taxes on income, wealth, etc., revenue",MIO_EUR,,,2026-07-21T11:00:00+0200
DE,Germany,1976,D5REC,"Current taxes on income, wealth, etc., revenue",PC_GDP,,,2026-07-21T11:00:00+0200
DE,Germany,1976,D61REC,"Net social contributions, revenue",MIO_EUR,,,2026-07-21T11:00:00+0200
DE,Germany,1976,D61REC,"Net social contributions, revenue",PC_GDP,,,2026-07-21T11:00:00+0200
DE,Germany,1976,D62PAY,"Social benefits other than social transfers in kind, expenditure",MIO_EUR,,,2026-07-21T11:00:00+0200
DE,Germany,1976,D62PAY,"Social benefits other than social transfers in kind, expenditure",PC_GDP,,,2026-07-21T11:00:00+0200
DE,Germany,1976,D632PAY,"Social transfers in kind, purchased market production, expenditure",MIO_EUR,,,2026-07-21T11:00:00+0200
DE,Germany,1976,D632PAY,"Social transfers in kind, purchased market production, expenditure",PC_GDP,,,2026-07-21T11:00:00+0200
DE,Germany,1976,D91REC,"Capital taxes, revenue",MIO_EUR,,,2026-07-21T11:00:00+0200
DE,Germany,1976,D91REC,"Capital taxes, revenue",PC_GDP,,,2026-07-21T11:00:00+0200
DE,Germany,1976,D995REC,Capital transfers from general government to relevant sectors representing taxes and social contributions assessed but unlikely to be collected,MIO_EUR,,,2026-07-21T11:00:00+0200
DE,Germany,1976,D995REC,Capital transfers from general government to relevant sectors representing taxes and social contributions assessed but unlikely to be collected,PC_GDP,,,2026-07-21T11:00:00+0200
DE,Germany,1976,P2,Intermediate consumption,MIO_EUR,,,2026-07-21T11:00:00+0200
DE,Germany,1976,P2,Intermediate consumption,PC_GDP,,,2026-07-21T11:00:00+0200
DE,Germany,1976,P51G,Gross fixed capital formation,MIO_EUR,,,2026-07-21T11:00:00+0200
DE,Germany,1976,P51G,Gross fixed capital formation,PC_GDP,,,2026-07-21T11:00:00+0200
DE,Germany,1976,TE,Total general government expenditure,MIO_EUR,,,2026-07-21T11:00:00+0200
DE,Germany,1976,TE,Total general government expenditure,PC_GDP,,,2026-07-21T11:00:00+0200
DE,Germany,1976,TR,Total general government revenue,MIO_EUR,,,2026-07-21T11:00:00+0200
DE,Germany,1976,TR,Total general government revenue,PC_GDP,,,2026-07-21T11:00:00+0200
DE,Germany,1977,B9,Net lending (+)/net borrowing (-),MIO_EUR,,,2026-07-21T11:00:00+0200
DE,Germany,1977,B9,Net lending (+)/net borrowing (-),PC_GDP,,,2026-07-21T11:00:00+0200
DE,Germany,1977,D1PAY,"Compensation of employees, expenditure",MIO_EUR,,,2026-07-21T11:00:00+0200
DE,Germany,1977,D1PAY,"Compensation of employees, expenditure",PC_GDP,,,2026-07-21T11:00:00+0200
DE,Germany,1977,D2REC,"Taxes on production and imports, revenue",MIO_EUR,,,2026-07-21T11:00:00+0200
DE,Germany,1977,D2REC,"Taxes on production and imports, revenue",PC_GDP,,,2026-07-21T11:00:00+0200
DE,Germany,1977,D3PAY,"Subsidies, expenditure",MIO_EUR,,,2026-07-21T11:00:00+0200
DE,Germany,1977,D3PAY,"Subsidies, expenditure",PC_GDP,,,2026-07-21T11:00:00+0200
DE,Germany,1977,D41PAY,"Interest, expenditure",MIO_EUR,,,2026-07-21T11:00:00+0200
DE,Germany,1977,D41PAY,"Interest, expenditure",PC_GDP,,,2026-07-21T11:00:00+0200
DE,Germany,1977,D5REC,"Current taxes on income, wealth, etc., revenue",MIO_EUR,,,2026-07-21T11:00:00+0200
DE,Germany,1977,D5REC,"Current taxes on income, wealth, etc., revenue",PC_GDP,,,2026-07-21T11:00:00+0200
DE,Germany,1977,D61REC,"Net social contributions, revenue",MIO_EUR,,,2026-07-21T11:00:00+0200
DE,Germany,1977,D61REC,"Net social contributions, revenue",PC_GDP,,,2026-07-21T11:00:00+0200
DE,Germany,1977,D62PAY,"Social benefits other than social transfers in kind, expenditure",MIO_EUR,,,2026-07-21T11:00:00+0200
DE,Germany,1977,D62PAY,"Social benefits other than social transfers in kind, expenditure",PC_GDP,,,2026-07-21T11:00:00+0200
DE,Germany,1977,D632PAY,"Social transfers in kind, purchased market production, expenditure",MIO_EUR,,,2026-07-21T11:00:00+0200
DE,Germany,1977,D632PAY,"Social transfers in kind, purchased market production, expenditure",PC_GDP,,,2026-07-21T11:00:00+0200
DE,Germany,1977,D91REC,"Capital taxes, revenue",MIO_EUR,,,2026-07-21T11:00:00+0200
DE,Germany,1977,D91REC,"Capital taxes, revenue",PC_GDP,,,2026-07-21T11:00:00+0200
DE,Germany,1977,D995REC,Capital transfers from general government to relevant sectors representing taxes and social contributions assessed but unlikely to be collected,MIO_EUR,,,2026-07-21T11:00:00+0200
DE,Germany,1977,D995REC,Capital transfers from general government to relevant sectors representing taxes and social contributions assessed but unlikely to be collected,PC_GDP,,,2026-07-21T11:00:00+0200
DE,Germany,1977,P2,Intermediate consumption,MIO_EUR,,,2026-07-21T11:00:00+0200
DE,Germany,1977,P2,Intermediate consumption,PC_GDP,,,2026-07-21T11:00:00+0200
DE,Germany,1977,P51G,Gross fixed capital formation,MIO_EUR,,,2026-07-21T11:00:00+0200
DE,Germany,1977,P51G,Gross fixed capital formation,PC_GDP,,,2026-07-21T11:00:00+0200
DE,Germany,1977,TE,Total general government expenditure,MIO_EUR,,,2026-07-21T11:00:00+0200
DE,Germany,1977,TE,Total general government expenditure,PC_GDP,,,2026-07-21T11:00:00+0200
DE,Germany,1977,TR,Total general government revenue,MIO_EUR,,,2026-07-21T11:00:00+0200
DE,Germany,1977,TR,Total general government revenue,PC_GDP,,,2026-07-21T11:00:00+0200
DE,Germany,1978,B9,Net lending (+)/net borrowing (-),MIO_EUR,,,2026-07-21T11:00:00+0200
DE,Germany,1978,B9,Net lending (+)/net borrowing (-),PC_GDP,,,2026-07-21T11:00:00+0200
DE,Germany,1978,D1PAY,"Compensation of employees, expenditure",MIO_EUR,,,2026-07-21T11:00:00+0200
DE,Germany,1978,D1PAY,"Compensation of employees, expenditure",PC_GDP,,,2026-07-21T11:00:00+0200
DE,Germany,1978,D2REC,"Taxes on production and imports, revenue",MIO_EUR,,,2026-07-21T11:00:00+0200
DE,Germany,1978,D2REC,"Taxes on production and imports, revenue",PC_GDP,,,2026-07-21T11:00:00+0200
DE,Germany,1978,D3PAY,"Subsidies, expenditure",MIO_EUR,,,2026-07-21T11:00:00+0200
DE,Germany,1978,D3PAY,"Subsidies, expenditure",PC_GDP,,,2026-07-21T11:00:00+0200
DE,Germany,1978,D41PAY,"Interest, expenditure",MIO_EUR,,,2026-07-21T11:00:00+0200
DE,Germany,1978,D41PAY,"Interest, expenditure",PC_GDP,,,2026-07-21T11:00:00+0200
DE,Germany,1978,D5REC,"Current taxes on income, wealth, etc., revenue",MIO_EUR,,,2026-07-21T11:00:00+0200
DE,Germany,1978,D5REC,"Current taxes on income, wealth, etc., revenue",PC_GDP,,,2026-07-21T11:00:00+0200
DE,Germany,1978,D61REC,"Net social contributions, revenue",MIO_EUR,,,2026-07-21T11:00:00+0200
DE,Germany,1978,D61REC,"Net social contributions, revenue",PC_GDP,,,2026-07-21T11:00:00+0200
DE,Germany,1978,D62PAY,"Social benefits other than social transfers in kind, expenditure",MIO_EUR,,,2026-07-21T11:00:00+0200
DE,Germany,1978,D62PAY,"Social benefits other than social transfers in kind, expenditure",PC_GDP,,,2026-07-21T11:00:00+0200
DE,Germany,1978,D632PAY,"Social transfers in kind, purchased market production, expenditure",MIO_EUR,,,2026-07-21T11:00:00+0200
DE,Germany,1978,D632PAY,"Social transfers in kind, purchased market production, expenditure",PC_GDP,,,2026-07-21T11:00:00+0200
DE,Germany,1978,D91REC,"Capital taxes, revenue",MIO_EUR,,,2026-07-21T11:00:00+0200
DE,Germany,1978,D91REC,"Capital taxes, revenue",PC_GDP,,,2026-07-21T11:00:00+0200
DE,Germany,1978,D995REC,Capital transfers from general government to relevant sectors representing taxes and social contributions assessed but unlikely to be collected,MIO_EUR,,,2026-07-21T11:00:00+0200
DE,Germany,1978,D995REC,Capital transfers from general government to relevant sectors representing taxes and social contributions assessed but unlikely to be collected,PC_GDP,,,2026-07-21T11:00:00+0200
DE,Germany,1978,P2,Intermediate consumption,MIO_EUR,,,2026-07-21T11:00:00+0200
DE,Germany,1978,P2,Intermediate consumption,PC_GDP,,,2026-07-21T11:00:00+0200
DE,Germany,1978,P51G,Gross fixed capital formation,MIO_EUR,,,2026-07-21T11:00:00+0200
DE,Germany,1978,P51G,Gross fixed capital formation,PC_GDP,,,2026-07-21T11:00:00+0200
DE,Germany,1978,TE,Total general government expenditure,MIO_EUR,,,2026-07-21T11:00:00+0200
DE,Germany,1978,TE,Total general government expenditure,PC_GDP,,,2026-07-21T11:00:00+0200
DE,Germany,1978,TR,Total general government revenue,MIO_EUR,,,2026-07-21T11:00:00+0200
DE,Germany,1978,TR,Total general government revenue,PC_GDP,,,2026-07-21T11:00:00+0200
DE,Germany,1979,B9,Net lending (+)/net borrowing (-),MIO_EUR,,,2026-07-21T11:00:00+0200
DE,Germany,1979,B9,Net lending (+)/net borrowing (-),PC_GDP,,,2026-07-21T11:00:00+0200
DE,Germany,1979,D1PAY,"Compensation of employees, expenditure",MIO_EUR,,,2026-07-21T11:00:00+0200
DE,Germany,1979,D1PAY,"Compensation of employees, expenditure",PC_GDP,,,2026-07-21T11:00:00+0200
DE,Germany,1979,D2REC,"Taxes on production and imports, revenue",MIO_EUR,,,2026-07-21T11:00:00+0200
DE,Germany,1979,D2REC,"Taxes on production and imports, revenue",PC_GDP,,,2026-07-21T11:00:00+0200
DE,Germany,1979,D3PAY,"Subsidies, expenditure",MIO_EUR,,,2026-07-21T11:00:00+0200
DE,Germany,1979,D3PAY,"Subsidies, expenditure",PC_GDP,,,2026-07-21T11:00:00+0200
DE,Germany,1979,D41PAY,"Interest, expenditure",MIO_EUR,,,2026-07-21T11:00:00+0200
DE,Germany,1979,D41PAY,"Interest, expenditure",PC_GDP,,,2026-07-21T11:00:00+0200
DE,Germany,1979,D5REC,"Current taxes on income, wealth, etc., revenue",MIO_EUR,,,2026-07-21T11:00:00+0200
DE,Germany,1979,D5REC,"Current taxes on income, wealth, etc., revenue",PC_GDP,,,2026-07-21T11:00:00+0200
DE,Germany,1979,D61REC,"Net social contributions, revenue",MIO_EUR,,,2026-07-21T11:00:00+0200
DE,Germany,1979,D61REC,"Net social contributions, revenue",PC_GDP,,,2026-07-21T11:00:00+0200
DE,Germany,1979,D62PAY,"Social benefits other than social transfers in kind, expenditure",MIO_EUR,,,2026-07-21T11:00:00+0200
DE,Germany,1979,D62PAY,"Social benefits other than social transfers in kind, expenditure",PC_GDP,,,2026-07-21T11:00:00+0200
DE,Germany,1979,D632PAY,"Social transfers in kind, purchased market production, expenditure",MIO_EUR,,,2026-07-21T11:00:00+0200
DE,Germany,1979,D632PAY,"Social transfers in kind, purchased market production, expenditure",PC_GDP,,,2026-07-21T11:00:00+0200
DE,Germany,1979,D91REC,"Capital taxes, revenue",MIO_EUR,,,2026-07-21T11:00:00+0200
DE,Germany,1979,D91REC,"Capital taxes, revenue",PC_GDP,,,2026-07-21T11:00:00+0200
DE,Germany,1979,D995REC,Capital transfers from general government to relevant sectors representing taxes and social contributions assessed but unlikely to be collected,MIO_EUR,,,2026-07-21T11:00:00+0200
DE,Germany,1979,D995REC,Capital transfers from general government to relevant sectors representing taxes and social contributions assessed but unlikely to be collected,PC_GDP,,,2026-07-21T11:00:00+0200
DE,Germany,1979,P2,Intermediate consumption,MIO_EUR,,,2026-07-21T11:00:00+0200
DE,Germany,1979,P2,Intermediate consumption,PC_GDP,,,2026-07-21T11:00:00+0200
DE,Germany,1979,P51G,Gross fixed capital formation,MIO_EUR,,,2026-07-21T11:00:00+0200
DE,Germany,1979,P51G,Gross fixed capital formation,PC_GDP,,,2026-07-21T11:00:00+0200
DE,Germany,1979,TE,Total general government expenditure,MIO_EUR,,,2026-07-21T11:00:00+0200
DE,Germany,1979,TE,Total general government expenditure,PC_GDP,,,2026-07-21T11:00:00+0200
DE,Germany,1979,TR,Total general government revenue,MIO_EUR,,,2026-07-21T11:00:00+0200
DE,Germany,1979,TR,Total general government revenue,PC_GDP,,,2026-07-21T11:00:00+0200
DE,Germany,1980,B9,Net lending (+)/net borrowing (-),MIO_EUR,,,2026-07-21T11:00:00+0200
DE,Germany,1980,B9,Net lending (+)/net borrowing (-),PC_GDP,,,2026-07-21T11:00:00+0200
DE,Germany,1980,D1PAY,"Compensation of employees, expenditure",MIO_EUR,,,2026-07-21T11:00:00+0200
DE,Germany,1980,D1PAY,"Compensation of employees, expenditure",PC_GDP,,,2026-07-21T11:00:00+0200
DE,Germany,1980,D2REC,"Taxes on production and imports, revenue",MIO_EUR,,,2026-07-21T11:00:00+0200
DE,Germany,1980,D2REC,"Taxes on production and imports, revenue",PC_GDP,,,2026-07-21T11:00:00+0200
DE,Germany,1980,D3PAY,"Subsidies, expenditure",MIO_EUR,,,2026-07-21T11:00:00+0200
DE,Germany,1980,D3PAY,"Subsidies, expenditure",PC_GDP,,,2026-07-21T11:00:00+0200
DE,Germany,1980,D41PAY,"Interest, expenditure",MIO_EUR,,,2026-07-21T11:00:00+0200
DE,Germany,1980,D41PAY,"Interest, expenditure",PC_GDP,,,2026-07-21T11:00:00+0200
DE,Germany,1980,D5REC,"Current taxes on income, wealth, etc., revenue",MIO_EUR,,,2026-07-21T11:00:00+0200
DE,Germany,1980,D5REC,"Current taxes on income, wealth, etc., revenue",PC_GDP,,,2026-07-21T11:00:00+0200
DE,Germany,1980,D61REC,"Net social contributions, revenue",MIO_EUR,,,2026-07-21T11:00:00+0200
DE,Germany,1980,D61REC,"Net social contributions, revenue",PC_GDP,,,2026-07-21T11:00:00+0200
DE,Germany,1980,D62PAY,"Social benefits other than social transfers in kind, expenditure",MIO_EUR,,,2026-07-21T11:00:00+0200
DE,Germany,1980,D62PAY,"Social benefits other than social transfers in kind, expenditure",PC_GDP,,,2026-07-21T11:00:00+0200
DE,Germany,1980,D632PAY,"Social transfers in kind, purchased market production, expenditure",MIO_EUR,,,2026-07-21T11:00:00+0200
DE,Germany,1980,D632PAY,"Social transfers in kind, purchased market production, expenditure",PC_GDP,,,2026-07-21T11:00:00+0200
DE,Germany,1980,D91REC,"Capital taxes, revenue",MIO_EUR,,,2026-07-21T11:00:00+0200
DE,Germany,1980,D91REC,"Capital taxes, revenue",PC_GDP,,,2026-07-21T11:00:00+0200
DE,Germany,1980,D995REC,Capital transfers from general government to relevant sectors representing taxes and social contributions assessed but unlikely to be collected,MIO_EUR,,,2026-07-21T11:00:00+0200
DE,Germany,1980,D995REC,Capital transfers from general government to relevant sectors representing taxes and social contributions assessed but unlikely to be collected,PC_GDP,,,2026-07-21T11:00:00+0200
DE,Germany,1980,P2,Intermediate consumption,MIO_EUR,,,2026-07-21T11:00:00+0200
DE,Germany,1980,P2,Intermediate consumption,PC_GDP,,,2026-07-21T11:00:00+0200
DE,Germany,1980,P51G,Gross fixed capital formation,MIO_EUR,,,2026-07-21T11:00:00+0200
DE,Germany,1980,P51G,Gross fixed capital formation,PC_GDP,,,2026-07-21T11:00:00+0200
DE,Germany,1980,TE,Total general government expenditure,MIO_EUR,,,2026-07-21T11:00:00+0200
DE,Germany,1980,TE,Total general government expenditure,PC_GDP,,,2026-07-21T11:00:00+0200
DE,Germany,1980,TR,Total general government revenue,MIO_EUR,,,2026-07-21T11:00:00+0200
DE,Germany,1980,TR,Total general government revenue,PC_GDP,,,2026-07-21T11:00:00+0200
DE,Germany,1981,B9,Net lending (+)/net borrowing (-),MIO_EUR,,,2026-07-21T11:00:00+0200
DE,Germany,1981,B9,Net lending (+)/net borrowing (-),PC_GDP,,,2026-07-21T11:00:00+0200
DE,Germany,1981,D1PAY,"Compensation of employees, expenditure",MIO_EUR,,,2026-07-21T11:00:00+0200
DE,Germany,1981,D1PAY,"Compensation of employees, expenditure",PC_GDP,,,2026-07-21T11:00:00+0200
DE,Germany,1981,D2REC,"Taxes on production and imports, revenue",MIO_EUR,,,2026-07-21T11:00:00+0200
DE,Germany,1981,D2REC,"Taxes on production and imports, revenue",PC_GDP,,,2026-07-21T11:00:00+0200
DE,Germany,1981,D3PAY,"Subsidies, expenditure",MIO_EUR,,,2026-07-21T11:00:00+0200
DE,Germany,1981,D3PAY,"Subsidies, expenditure",PC_GDP,,,2026-07-21T11:00:00+0200
DE,Germany,1981,D41PAY,"Interest, expenditure",MIO_EUR,,,2026-07-21T11:00:00+0200
DE,Germany,1981,D41PAY,"Interest, expenditure",PC_GDP,,,2026-07-21T11:00:00+0200
DE,Germany,1981,D5REC,"Current taxes on income, wealth, etc., revenue",MIO_EUR,,,2026-07-21T11:00:00+0200
DE,Germany,1981,D5REC,"Current taxes on income, wealth, etc., revenue",PC_GDP,,,2026-07-21T11:00:00+0200
DE,Germany,1981,D61REC,"Net social contributions, revenue",MIO_EUR,,,2026-07-21T11:00:00+0200
DE,Germany,1981,D61REC,"Net social contributions, revenue",PC_GDP,,,2026-07-21T11:00:00+0200
DE,Germany,1981,D62PAY,"Social benefits other than social transfers in kind, expenditure",MIO_EUR,,,2026-07-21T11:00:00+0200
DE,Germany,1981,D62PAY,"Social benefits other than social transfers in kind, expenditure",PC_GDP,,,2026-07-21T11:00:00+0200
DE,Germany,1981,D632PAY,"Social transfers in kind, purchased market production, expenditure",MIO_EUR,,,2026-07-21T11:00:00+0200
DE,Germany,1981,D632PAY,"Social transfers in kind, purchased market production, expenditure",PC_GDP,,,2026-07-21T11:00:00+0200
DE,Germany,1981,D91REC,"Capital taxes, revenue",MIO_EUR,,,2026-07-21T11:00:00+0200
DE,Germany,1981,D91REC,"Capital taxes, revenue",PC_GDP,,,2026-07-21T11:00:00+0200
DE,Germany,1981,D995REC,Capital transfers from general government to relevant sectors representing taxes and social contributions assessed but unlikely to be collected,MIO_EUR,,,2026-07-21T11:00:00+0200
DE,Germany,1981,D995REC,Capital transfers from general government to relevant sectors representing taxes and social contributions assessed but unlikely to be collected,PC_GDP,,,2026-07-21T11:00:00+0200
DE,Germany,1981,P2,Intermediate consumption,MIO_EUR,,,2026-07-21T11:00:00+0200
DE,Germany,1981,P2,Intermediate consumption,PC_GDP,,,2026-07-21T11:00:00+0200
DE,Germany,1981,P51G,Gross fixed capital formation,MIO_EUR,,,2026-07-21T11:00:00+0200
DE,Germany,1981,P51G,Gross fixed capital formation,PC_GDP,,,2026-07-21T11:00:00+0200
DE,Germany,1981,TE,Total general government expenditure,MIO_EUR,,,2026-07-21T11:00:00+0200
DE,Germany,1981,TE,Total general government expenditure,PC_GDP,,,2026-07-21T11:00:00+0200
DE,Germany,1981,TR,Total general government revenue,MIO_EUR,,,2026-07-21T11:00:00+0200
DE,Germany,1981,TR,Total general government revenue,PC_GDP,,,2026-07-21T11:00:00+0200
DE,Germany,1982,B9,Net lending (+)/net borrowing (-),MIO_EUR,,,2026-07-21T11:00:00+0200
DE,Germany,1982,B9,Net lending (+)/net borrowing (-),PC_GDP,,,2026-07-21T11:00:00+0200
DE,Germany,1982,D1PAY,"Compensation of employees, expenditure",MIO_EUR,,,2026-07-21T11:00:00+0200
DE,Germany,1982,D1PAY,"Compensation of employees, expenditure",PC_GDP,,,2026-07-21T11:00:00+0200
DE,Germany,1982,D2REC,"Taxes on production and imports, revenue",MIO_EUR,,,2026-07-21T11:00:00+0200
DE,Germany,1982,D2REC,"Taxes on production and imports, revenue",PC_GDP,,,2026-07-21T11:00:00+0200
DE,Germany,1982,D3PAY,"Subsidies, expenditure",MIO_EUR,,,2026-07-21T11:00:00+0200
DE,Germany,1982,D3PAY,"Subsidies, expenditure",PC_GDP,,,2026-07-21T11:00:00+0200
DE,Germany,1982,D41PAY,"Interest, expenditure",MIO_EUR,,,2026-07-21T11:00:00+0200
DE,Germany,1982,D41PAY,"Interest, expenditure",PC_GDP,,,2026-07-21T11:00:00+0200
DE,Germany,1982,D5REC,"Current taxes on income, wealth, etc., revenue",MIO_EUR,,,2026-07-21T11:00:00+0200
DE,Germany,1982,D5REC,"Current taxes on income, wealth, etc., revenue",PC_GDP,,,2026-07-21T11:00:00+0200
DE,Germany,1982,D61REC,"Net social contributions, revenue",MIO_EUR,,,2026-07-21T11:00:00+0200
DE,Germany,1982,D61REC,"Net social contributions, revenue",PC_GDP,,,2026-07-21T11:00:00+0200
DE,Germany,1982,D62PAY,"Social benefits other than social transfers in kind, expenditure",MIO_EUR,,,2026-07-21T11:00:00+0200
DE,Germany,1982,D62PAY,"Social benefits other than social transfers in kind, expenditure",PC_GDP,,,2026-07-21T11:00:00+0200
DE,Germany,1982,D632PAY,"Social transfers in kind, purchased market production, expenditure",MIO_EUR,,,2026-07-21T11:00:00+0200
DE,Germany,1982,D632PAY,"Social transfers in kind, purchased market production, expenditure",PC_GDP,,,2026-07-21T11:00:00+0200
DE,Germany,1982,D91REC,"Capital taxes, revenue",MIO_EUR,,,2026-07-21T11:00:00+0200
DE,Germany,1982,D91REC,"Capital taxes, revenue",PC_GDP,,,2026-07-21T11:00:00+0200
DE,Germany,1982,D995REC,Capital transfers from general government to relevant sectors representing taxes and social contributions assessed but unlikely to be collected,MIO_EUR,,,2026-07-21T11:00:00+0200
DE,Germany,1982,D995REC,Capital transfers from general government to relevant sectors representing taxes and social contributions assessed but unlikely to be collected,PC_GDP,,,2026-07-21T11:00:00+0200
DE,Germany,1982,P2,Intermediate consumption,MIO_EUR,,,2026-07-21T11:00:00+0200
DE,Germany,1982,P2,Intermediate consumption,PC_GDP,,,2026-07-21T11:00:00+0200
DE,Germany,1982,P51G,Gross fixed capital formation,MIO_EUR,,,2026-07-21T11:00:00+0200
DE,Germany,1982,P51G,Gross fixed capital formation,PC_GDP,,,2026-07-21T11:00:00+0200
DE,Germany,1982,TE,Total general government expenditure,MIO_EUR,,,2026-07-21T11:00:00+0200
DE,Germany,1982,TE,Total general government expenditure,PC_GDP,,,2026-07-21T11:00:00+0200
DE,Germany,1982,TR,Total general government revenue,MIO_EUR,,,2026-07-21T11:00:00+0200
DE,Germany,1982,TR,Total general government revenue,PC_GDP,,,2026-07-21T11:00:00+0200
DE,Germany,1983,B9,Net lending (+)/net borrowing (-),MIO_EUR,,,2026-07-21T11:00:00+0200
DE,Germany,1983,B9,Net lending (+)/net borrowing (-),PC_GDP,,,2026-07-21T11:00:00+0200
DE,Germany,1983,D1PAY,"Compensation of employees, expenditure",MIO_EUR,,,2026-07-21T11:00:00+0200
DE,Germany,1983,D1PAY,"Compensation of employees, expenditure",PC_GDP,,,2026-07-21T11:00:00+0200
DE,Germany,1983,D2REC,"Taxes on production and imports, revenue",MIO_EUR,,,2026-07-21T11:00:00+0200
DE,Germany,1983,D2REC,"Taxes on production and imports, revenue",PC_GDP,,,2026-07-21T11:00:00+0200
DE,Germany,1983,D3PAY,"Subsidies, expenditure",MIO_EUR,,,2026-07-21T11:00:00+0200
DE,Germany,1983,D3PAY,"Subsidies, expenditure",PC_GDP,,,2026-07-21T11:00:00+0200
DE,Germany,1983,D41PAY,"Interest, expenditure",MIO_EUR,,,2026-07-21T11:00:00+0200
DE,Germany,1983,D41PAY,"Interest, expenditure",PC_GDP,,,2026-07-21T11:00:00+0200
DE,Germany,1983,D5REC,"Current taxes on income, wealth, etc., revenue",MIO_EUR,,,2026-07-21T11:00:00+0200
DE,Germany,1983,D5REC,"Current taxes on income, wealth, etc., revenue",PC_GDP,,,2026-07-21T11:00:00+0200
DE,Germany,1983,D61REC,"Net social contributions, revenue",MIO_EUR,,,2026-07-21T11:00:00+0200
DE,Germany,1983,D61REC,"Net social contributions, revenue",PC_GDP,,,2026-07-21T11:00:00+0200
DE,Germany,1983,D62PAY,"Social benefits other than social transfers in kind, expenditure",MIO_EUR,,,2026-07-21T11:00:00+0200
DE,Germany,1983,D62PAY,"Social benefits other than social transfers in kind, expenditure",PC_GDP,,,2026-07-21T11:00:00+0200
DE,Germany,1983,D632PAY,"Social transfers in kind, purchased market production, expenditure",MIO_EUR,,,2026-07-21T11:00:00+0200
DE,Germany,1983,D632PAY,"Social transfers in kind, purchased market production, expenditure",PC_GDP,,,2026-07-21T11:00:00+0200
DE,Germany,1983,D91REC,"Capital taxes, revenue",MIO_EUR,,,2026-07-21T11:00:00+0200
DE,Germany,1983,D91REC,"Capital taxes, revenue",PC_GDP,,,2026-07-21T11:00:00+0200
DE,Germany,1983,D995REC,Capital transfers from general government to relevant sectors representing taxes and social contributions assessed but unlikely to be collected,MIO_EUR,,,2026-07-21T11:00:00+0200
DE,Germany,1983,D995REC,Capital transfers from general government to relevant sectors representing taxes and social contributions assessed but unlikely to be collected,PC_GDP,,,2026-07-21T11:00:00+0200
DE,Germany,1983,P2,Intermediate consumption,MIO_EUR,,,2026-07-21T11:00:00+0200
DE,Germany,1983,P2,Intermediate consumption,PC_GDP,,,2026-07-21T11:00:00+0200
DE,Germany,1983,P51G,Gross fixed capital formation,MIO_EUR,,,2026-07-21T11:00:00+0200
DE,Germany,1983,P51G,Gross fixed capital formation,PC_GDP,,,2026-07-21T11:00:00+0200
DE,Germany,1983,TE,Total general government expenditure,MIO_EUR,,,2026-07-21T11:00:00+0200
DE,Germany,1983,TE,Total general government expenditure,PC_GDP,,,2026-07-21T11:00:00+0200
DE,Germany,1983,TR,Total general government revenue,MIO_EUR,,,2026-07-21T11:00:00+0200
DE,Germany,1983,TR,Total general government revenue,PC_GDP,,,2026-07-21T11:00:00+0200
DE,Germany,1984,B9,Net lending (+)/net borrowing (-),MIO_EUR,,,2026-07-21T11:00:00+0200
DE,Germany,1984,B9,Net lending (+)/net borrowing (-),PC_GDP,,,2026-07-21T11:00:00+0200
DE,Germany,1984,D1PAY,"Compensation of employees, expenditure",MIO_EUR,,,2026-07-21T11:00:00+0200
DE,Germany,1984,D1PAY,"Compensation of employees, expenditure",PC_GDP,,,2026-07-21T11:00:00+0200
DE,Germany,1984,D2REC,"Taxes on production and imports, revenue",MIO_EUR,,,2026-07-21T11:00:00+0200
DE,Germany,1984,D2REC,"Taxes on production and imports, revenue",PC_GDP,,,2026-07-21T11:00:00+0200
DE,Germany,1984,D3PAY,"Subsidies, expenditure",MIO_EUR,,,2026-07-21T11:00:00+0200
DE,Germany,1984,D3PAY,"Subsidies, expenditure",PC_GDP,,,2026-07-21T11:00:00+0200
DE,Germany,1984,D41PAY,"Interest, expenditure",MIO_EUR,,,2026-07-21T11:00:00+0200
DE,Germany,1984,D41PAY,"Interest, expenditure",PC_GDP,,,2026-07-21T11:00:00+0200
DE,Germany,1984,D5REC,"Current taxes on income, wealth, etc., revenue",MIO_EUR,,,2026-07-21T11:00:00+0200
DE,Germany,1984,D5REC,"Current taxes on income, wealth, etc., revenue",PC_GDP,,,2026-07-21T11:00:00+0200
DE,Germany,1984,D61REC,"Net social contributions, revenue",MIO_EUR,,,2026-07-21T11:00:00+0200
DE,Germany,1984,D61REC,"Net social contributions, revenue",PC_GDP,,,2026-07-21T11:00:00+0200
DE,Germany,1984,D62PAY,"Social benefits other than social transfers in kind, expenditure",MIO_EUR,,,2026-07-21T11:00:00+0200
DE,Germany,1984,D62PAY,"Social benefits other than social transfers in kind, expenditure",PC_GDP,,,2026-07-21T11:00:00+0200
DE,Germany,1984,D632PAY,"Social transfers in kind, purchased market production, expenditure",MIO_EUR,,,2026-07-21T11:00:00+0200
DE,Germany,1984,D632PAY,"Social transfers in kind, purchased market production, expenditure",PC_GDP,,,2026-07-21T11:00:00+0200
DE,Germany,1984,D91REC,"Capital taxes, revenue",MIO_EUR,,,2026-07-21T11:00:00+0200
DE,Germany,1984,D91REC,"Capital taxes, revenue",PC_GDP,,,2026-07-21T11:00:00+0200
DE,Germany,1984,D995REC,Capital transfers from general government to relevant sectors representing taxes and social contributions assessed but unlikely to be collected,MIO_EUR,,,2026-07-21T11:00:00+0200
DE,Germany,1984,D995REC,Capital transfers from general government to relevant sectors representing taxes and social contributions assessed but unlikely to be collected,PC_GDP,,,2026-07-21T11:00:00+0200
DE,Germany,1984,P2,Intermediate consumption,MIO_EUR,,,2026-07-21T11:00:00+0200
DE,Germany,1984,P2,Intermediate consumption,PC_GDP,,,2026-07-21T11:00:00+0200
DE,Germany,1984,P51G,Gross fixed capital formation,MIO_EUR,,,2026-07-21T11:00:00+0200
DE,Germany,1984,P51G,Gross fixed capital formation,PC_GDP,,,2026-07-21T11:00:00+0200
DE,Germany,1984,TE,Total general government expenditure,MIO_EUR,,,2026-07-21T11:00:00+0200
DE,Germany,1984,TE,Total general government expenditure,PC_GDP,,,2026-07-21T11:00:00+0200
DE,Germany,1984,TR,Total general government revenue,MIO_EUR,,,2026-07-21T11:00:00+0200
DE,Germany,1984,TR,Total general government revenue,PC_GDP,,,2026-07-21T11:00:00+0200
DE,Germany,1985,B9,Net lending (+)/net borrowing (-),MIO_EUR,,,2026-07-21T11:00:00+0200
DE,Germany,1985,B9,Net lending (+)/net borrowing (-),PC_GDP,,,2026-07-21T11:00:00+0200
DE,Germany,1985,D1PAY,"Compensation of employees, expenditure",MIO_EUR,,,2026-07-21T11:00:00+0200
DE,Germany,1985,D1PAY,"Compensation of employees, expenditure",PC_GDP,,,2026-07-21T11:00:00+0200
DE,Germany,1985,D2REC,"Taxes on production and imports, revenue",MIO_EUR,,,2026-07-21T11:00:00+0200
DE,Germany,1985,D2REC,"Taxes on production and imports, revenue",PC_GDP,,,2026-07-21T11:00:00+0200
DE,Germany,1985,D3PAY,"Subsidies, expenditure",MIO_EUR,,,2026-07-21T11:00:00+0200
DE,Germany,1985,D3PAY,"Subsidies, expenditure",PC_GDP,,,2026-07-21T11:00:00+0200
DE,Germany,1985,D41PAY,"Interest, expenditure",MIO_EUR,,,2026-07-21T11:00:00+0200
DE,Germany,1985,D41PAY,"Interest, expenditure",PC_GDP,,,2026-07-21T11:00:00+0200
DE,Germany,1985,D5REC,"Current taxes on income, wealth, etc., revenue",MIO_EUR,,,2026-07-21T11:00:00+0200
DE,Germany,1985,D5REC,"Current taxes on income, wealth, etc., revenue",PC_GDP,,,2026-07-21T11:00:00+0200
DE,Germany,1985,D61REC,"Net social contributions, revenue",MIO_EUR,,,2026-07-21T11:00:00+0200
DE,Germany,1985,D61REC,"Net social contributions, revenue",PC_GDP,,,2026-07-21T11:00:00+0200
DE,Germany,1985,D62PAY,"Social benefits other than social transfers in kind, expenditure",MIO_EUR,,,2026-07-21T11:00:00+0200
DE,Germany,1985,D62PAY,"Social benefits other than social transfers in kind, expenditure",PC_GDP,,,2026-07-21T11:00:00+0200
DE,Germany,1985,D632PAY,"Social transfers in kind, purchased market production, expenditure",MIO_EUR,,,2026-07-21T11:00:00+0200
DE,Germany,1985,D632PAY,"Social transfers in kind, purchased market production, expenditure",PC_GDP,,,2026-07-21T11:00:00+0200
DE,Germany,1985,D91REC,"Capital taxes, revenue",MIO_EUR,,,2026-07-21T11:00:00+0200
DE,Germany,1985,D91REC,"Capital taxes, revenue",PC_GDP,,,2026-07-21T11:00:00+0200
DE,Germany,1985,D995REC,Capital transfers from general government to relevant sectors representing taxes and social contributions assessed but unlikely to be collected,MIO_EUR,,,2026-07-21T11:00:00+0200
DE,Germany,1985,D995REC,Capital transfers from general government to relevant sectors representing taxes and social contributions assessed but unlikely to be collected,PC_GDP,,,2026-07-21T11:00:00+0200
DE,Germany,1985,P2,Intermediate consumption,MIO_EUR,,,2026-07-21T11:00:00+0200
DE,Germany,1985,P2,Intermediate consumption,PC_GDP,,,2026-07-21T11:00:00+0200
DE,Germany,1985,P51G,Gross fixed capital formation,MIO_EUR,,,2026-07-21T11:00:00+0200
DE,Germany,1985,P51G,Gross fixed capital formation,PC_GDP,,,2026-07-21T11:00:00+0200
DE,Germany,1985,TE,Total general government expenditure,MIO_EUR,,,2026-07-21T11:00:00+0200
DE,Germany,1985,TE,Total general government expenditure,PC_GDP,,,2026-07-21T11:00:00+0200
DE,Germany,1985,TR,Total general government revenue,MIO_EUR,,,2026-07-21T11:00:00+0200
DE,Germany,1985,TR,Total general government revenue,PC_GDP,,,2026-07-21T11:00:00+0200
DE,Germany,1986,B9,Net lending (+)/net borrowing (-),MIO_EUR,,,2026-07-21T11:00:00+0200
DE,Germany,1986,B9,Net lending (+)/net borrowing (-),PC_GDP,,,2026-07-21T11:00:00+0200
DE,Germany,1986,D1PAY,"Compensation of employees, expenditure",MIO_EUR,,,2026-07-21T11:00:00+0200
DE,Germany,1986,D1PAY,"Compensation of employees, expenditure",PC_GDP,,,2026-07-21T11:00:00+0200
DE,Germany,1986,D2REC,"Taxes on production and imports, revenue",MIO_EUR,,,2026-07-21T11:00:00+0200
DE,Germany,1986,D2REC,"Taxes on production and imports, revenue",PC_GDP,,,2026-07-21T11:00:00+0200
DE,Germany,1986,D3PAY,"Subsidies, expenditure",MIO_EUR,,,2026-07-21T11:00:00+0200
DE,Germany,1986,D3PAY,"Subsidies, expenditure",PC_GDP,,,2026-07-21T11:00:00+0200
DE,Germany,1986,D41PAY,"Interest, expenditure",MIO_EUR,,,2026-07-21T11:00:00+0200
DE,Germany,1986,D41PAY,"Interest, expenditure",PC_GDP,,,2026-07-21T11:00:00+0200
DE,Germany,1986,D5REC,"Current taxes on income, wealth, etc., revenue",MIO_EUR,,,2026-07-21T11:00:00+0200
DE,Germany,1986,D5REC,"Current taxes on income, wealth, etc., revenue",PC_GDP,,,2026-07-21T11:00:00+0200
DE,Germany,1986,D61REC,"Net social contributions, revenue",MIO_EUR,,,2026-07-21T11:00:00+0200
DE,Germany,1986,D61REC,"Net social contributions, revenue",PC_GDP,,,2026-07-21T11:00:00+0200
DE,Germany,1986,D62PAY,"Social benefits other than social transfers in kind, expenditure",MIO_EUR,,,2026-07-21T11:00:00+0200
DE,Germany,1986,D62PAY,"Social benefits other than social transfers in kind, expenditure",PC_GDP,,,2026-07-21T11:00:00+0200
DE,Germany,1986,D632PAY,"Social transfers in kind, purchased market production, expenditure",MIO_EUR,,,2026-07-21T11:00:00+0200
DE,Germany,1986,D632PAY,"Social transfers in kind, purchased market production, expenditure",PC_GDP,,,2026-07-21T11:00:00+0200
DE,Germany,1986,D91REC,"Capital taxes, revenue",MIO_EUR,,,2026-07-21T11:00:00+0200
DE,Germany,1986,D91REC,"Capital taxes, revenue",PC_GDP,,,2026-07-21T11:00:00+0200
DE,Germany,1986,D995REC,Capital transfers from general government to relevant sectors representing taxes and social contributions assessed but unlikely to be collected,MIO_EUR,,,2026-07-21T11:00:00+0200
DE,Germany,1986,D995REC,Capital transfers from general government to relevant sectors representing taxes and social contributions assessed but unlikely to be collected,PC_GDP,,,2026-07-21T11:00:00+0200
DE,Germany,1986,P2,Intermediate consumption,MIO_EUR,,,2026-07-21T11:00:00+0200
DE,Germany,1986,P2,Intermediate consumption,PC_GDP,,,2026-07-21T11:00:00+0200
DE,Germany,1986,P51G,Gross fixed capital formation,MIO_EUR,,,2026-07-21T11:00:00+0200
DE,Germany,1986,P51G,Gross fixed capital formation,PC_GDP,,,2026-07-21T11:00:00+0200
DE,Germany,1986,TE,Total general government expenditure,MIO_EUR,,,2026-07-21T11:00:00+0200
DE,Germany,1986,TE,Total general government expenditure,PC_GDP,,,2026-07-21T11:00:00+0200
DE,Germany,1986,TR,Total general government revenue,MIO_EUR,,,2026-07-21T11:00:00+0200
DE,Germany,1986,TR,Total general government revenue,PC_GDP,,,2026-07-21T11:00:00+0200
DE,Germany,1987,B9,Net lending (+)/net borrowing (-),MIO_EUR,,,2026-07-21T11:00:00+0200
DE,Germany,1987,B9,Net lending (+)/net borrowing (-),PC_GDP,,,2026-07-21T11:00:00+0200
DE,Germany,1987,D1PAY,"Compensation of employees, expenditure",MIO_EUR,,,2026-07-21T11:00:00+0200
DE,Germany,1987,D1PAY,"Compensation of employees, expenditure",PC_GDP,,,2026-07-21T11:00:00+0200
DE,Germany,1987,D2REC,"Taxes on production and imports, revenue",MIO_EUR,,,2026-07-21T11:00:00+0200
DE,Germany,1987,D2REC,"Taxes on production and imports, revenue",PC_GDP,,,2026-07-21T11:00:00+0200
DE,Germany,1987,D3PAY,"Subsidies, expenditure",MIO_EUR,,,2026-07-21T11:00:00+0200
DE,Germany,1987,D3PAY,"Subsidies, expenditure",PC_GDP,,,2026-07-21T11:00:00+0200
DE,Germany,1987,D41PAY,"Interest, expenditure",MIO_EUR,,,2026-07-21T11:00:00+0200
DE,Germany,1987,D41PAY,"Interest, expenditure",PC_GDP,,,2026-07-21T11:00:00+0200
DE,Germany,1987,D5REC,"Current taxes on income, wealth, etc., revenue",MIO_EUR,,,2026-07-21T11:00:00+0200
DE,Germany,1987,D5REC,"Current taxes on income, wealth, etc., revenue",PC_GDP,,,2026-07-21T11:00:00+0200
DE,Germany,1987,D61REC,"Net social contributions, revenue",MIO_EUR,,,2026-07-21T11:00:00+0200
DE,Germany,1987,D61REC,"Net social contributions, revenue",PC_GDP,,,2026-07-21T11:00:00+0200
DE,Germany,1987,D62PAY,"Social benefits other than social transfers in kind, expenditure",MIO_EUR,,,2026-07-21T11:00:00+0200
DE,Germany,1987,D62PAY,"Social benefits other than social transfers in kind, expenditure",PC_GDP,,,2026-07-21T11:00:00+0200
DE,Germany,1987,D632PAY,"Social transfers in kind, purchased market production, expenditure",MIO_EUR,,,2026-07-21T11:00:00+0200
DE,Germany,1987,D632PAY,"Social transfers in kind, purchased market production, expenditure",PC_GDP,,,2026-07-21T11:00:00+0200
DE,Germany,1987,D91REC,"Capital taxes, revenue",MIO_EUR,,,2026-07-21T11:00:00+0200
DE,Germany,1987,D91REC,"Capital taxes, revenue",PC_GDP,,,2026-07-21T11:00:00+0200
DE,Germany,1987,D995REC,Capital transfers from general government to relevant sectors representing taxes and social contributions assessed but unlikely to be collected,MIO_EUR,,,2026-07-21T11:00:00+0200
DE,Germany,1987,D995REC,Capital transfers from general government to relevant sectors representing taxes and social contributions assessed but unlikely to be collected,PC_GDP,,,2026-07-21T11:00:00+0200
DE,Germany,1987,P2,Intermediate consumption,MIO_EUR,,,2026-07-21T11:00:00+0200
DE,Germany,1987,P2,Intermediate consumption,PC_GDP,,,2026-07-21T11:00:00+0200
DE,Germany,1987,P51G,Gross fixed capital formation,MIO_EUR,,,2026-07-21T11:00:00+0200
DE,Germany,1987,P51G,Gross fixed capital formation,PC_GDP,,,2026-07-21T11:00:00+0200
DE,Germany,1987,TE,Total general government expenditure,MIO_EUR,,,2026-07-21T11:00:00+0200
DE,Germany,1987,TE,Total general government expenditure,PC_GDP,,,2026-07-21T11:00:00+0200
DE,Germany,1987,TR,Total general government revenue,MIO_EUR,,,2026-07-21T11:00:00+0200
DE,Germany,1987,TR,Total general government revenue,PC_GDP,,,2026-07-21T11:00:00+0200
DE,Germany,1988,B9,Net lending (+)/net borrowing (-),MIO_EUR,,,2026-07-21T11:00:00+0200
DE,Germany,1988,B9,Net lending (+)/net borrowing (-),PC_GDP,,,2026-07-21T11:00:00+0200
DE,Germany,1988,D1PAY,"Compensation of employees, expenditure",MIO_EUR,,,2026-07-21T11:00:00+0200
DE,Germany,1988,D1PAY,"Compensation of employees, expenditure",PC_GDP,,,2026-07-21T11:00:00+0200
DE,Germany,1988,D2REC,"Taxes on production and imports, revenue",MIO_EUR,,,2026-07-21T11:00:00+0200
DE,Germany,1988,D2REC,"Taxes on production and imports, revenue",PC_GDP,,,2026-07-21T11:00:00+0200
DE,Germany,1988,D3PAY,"Subsidies, expenditure",MIO_EUR,,,2026-07-21T11:00:00+0200
DE,Germany,1988,D3PAY,"Subsidies, expenditure",PC_GDP,,,2026-07-21T11:00:00+0200
DE,Germany,1988,D41PAY,"Interest, expenditure",MIO_EUR,,,2026-07-21T11:00:00+0200
DE,Germany,1988,D41PAY,"Interest, expenditure",PC_GDP,,,2026-07-21T11:00:00+0200
DE,Germany,1988,D5REC,"Current taxes on income, wealth, etc., revenue",MIO_EUR,,,2026-07-21T11:00:00+0200
DE,Germany,1988,D5REC,"Current taxes on income, wealth, etc., revenue",PC_GDP,,,2026-07-21T11:00:00+0200
DE,Germany,1988,D61REC,"Net social contributions, revenue",MIO_EUR,,,2026-07-21T11:00:00+0200
DE,Germany,1988,D61REC,"Net social contributions, revenue",PC_GDP,,,2026-07-21T11:00:00+0200
DE,Germany,1988,D62PAY,"Social benefits other than social transfers in kind, expenditure",MIO_EUR,,,2026-07-21T11:00:00+0200
DE,Germany,1988,D62PAY,"Social benefits other than social transfers in kind, expenditure",PC_GDP,,,2026-07-21T11:00:00+0200
DE,Germany,1988,D632PAY,"Social transfers in kind, purchased market production, expenditure",MIO_EUR,,,2026-07-21T11:00:00+0200
DE,Germany,1988,D632PAY,"Social transfers in kind, purchased market production, expenditure",PC_GDP,,,2026-07-21T11:00:00+0200
DE,Germany,1988,D91REC,"Capital taxes, revenue",MIO_EUR,,,2026-07-21T11:00:00+0200
DE,Germany,1988,D91REC,"Capital taxes, revenue",PC_GDP,,,2026-07-21T11:00:00+0200
DE,Germany,1988,D995REC,Capital transfers from general government to relevant sectors representing taxes and social contributions assessed but unlikely to be collected,MIO_EUR,,,2026-07-21T11:00:00+0200
DE,Germany,1988,D995REC,Capital transfers from general government to relevant sectors representing taxes and social contributions assessed but unlikely to be collected,PC_GDP,,,2026-07-21T11:00:00+0200
DE,Germany,1988,P2,Intermediate consumption,MIO_EUR,,,2026-07-21T11:00:00+0200
DE,Germany,1988,P2,Intermediate consumption,PC_GDP,,,2026-07-21T11:00:00+0200
DE,Germany,1988,P51G,Gross fixed capital formation,MIO_EUR,,,2026-07-21T11:00:00+0200
DE,Germany,1988,P51G,Gross fixed capital formation,PC_GDP,,,2026-07-21T11:00:00+0200
DE,Germany,1988,TE,Total general government expenditure,MIO_EUR,,,2026-07-21T11:00:00+0200
DE,Germany,1988,TE,Total general government expenditure,PC_GDP,,,2026-07-21T11:00:00+0200
DE,Germany,1988,TR,Total general government revenue,MIO_EUR,,,2026-07-21T11:00:00+0200
DE,Germany,1988,TR,Total general government revenue,PC_GDP,,,2026-07-21T11:00:00+0200
DE,Germany,1989,B9,Net lending (+)/net borrowing (-),MIO_EUR,,,2026-07-21T11:00:00+0200
DE,Germany,1989,B9,Net lending (+)/net borrowing (-),PC_GDP,,,2026-07-21T11:00:00+0200
DE,Germany,1989,D1PAY,"Compensation of employees, expenditure",MIO_EUR,,,2026-07-21T11:00:00+0200
DE,Germany,1989,D1PAY,"Compensation of employees, expenditure",PC_GDP,,,2026-07-21T11:00:00+0200
DE,Germany,1989,D2REC,"Taxes on production and imports, revenue",MIO_EUR,,,2026-07-21T11:00:00+0200
DE,Germany,1989,D2REC,"Taxes on production and imports, revenue",PC_GDP,,,2026-07-21T11:00:00+0200
DE,Germany,1989,D3PAY,"Subsidies, expenditure",MIO_EUR,,,2026-07-21T11:00:00+0200
DE,Germany,1989,D3PAY,"Subsidies, expenditure",PC_GDP,,,2026-07-21T11:00:00+0200
DE,Germany,1989,D41PAY,"Interest, expenditure",MIO_EUR,,,2026-07-21T11:00:00+0200
DE,Germany,1989,D41PAY,"Interest, expenditure",PC_GDP,,,2026-07-21T11:00:00+0200
DE,Germany,1989,D5REC,"Current taxes on income, wealth, etc., revenue",MIO_EUR,,,2026-07-21T11:00:00+0200
DE,Germany,1989,D5REC,"Current taxes on income, wealth, etc., revenue",PC_GDP,,,2026-07-21T11:00:00+0200
DE,Germany,1989,D61REC,"Net social contributions, revenue",MIO_EUR,,,2026-07-21T11:00:00+0200
DE,Germany,1989,D61REC,"Net social contributions, revenue",PC_GDP,,,2026-07-21T11:00:00+0200
DE,Germany,1989,D62PAY,"Social benefits other than social transfers in kind, expenditure",MIO_EUR,,,2026-07-21T11:00:00+0200
DE,Germany,1989,D62PAY,"Social benefits other than social transfers in kind, expenditure",PC_GDP,,,2026-07-21T11:00:00+0200
DE,Germany,1989,D632PAY,"Social transfers in kind, purchased market production, expenditure",MIO_EUR,,,2026-07-21T11:00:00+0200
DE,Germany,1989,D632PAY,"Social transfers in kind, purchased market production, expenditure",PC_GDP,,,2026-07-21T11:00:00+0200
DE,Germany,1989,D91REC,"Capital taxes, revenue",MIO_EUR,,,2026-07-21T11:00:00+0200
DE,Germany,1989,D91REC,"Capital taxes, revenue",PC_GDP,,,2026-07-21T11:00:00+0200
DE,Germany,1989,D995REC,Capital transfers from general government to relevant sectors representing taxes and social contributions assessed but unlikely to be collected,MIO_EUR,,,2026-07-21T11:00:00+0200
DE,Germany,1989,D995REC,Capital transfers from general government to relevant sectors representing taxes and social contributions assessed but unlikely to be collected,PC_GDP,,,2026-07-21T11:00:00+0200
DE,Germany,1989,P2,Intermediate consumption,MIO_EUR,,,2026-07-21T11:00:00+0200
DE,Germany,1989,P2,Intermediate consumption,PC_GDP,,,2026-07-21T11:00:00+0200
DE,Germany,1989,P51G,Gross fixed capital formation,MIO_EUR,,,2026-07-21T11:00:00+0200
DE,Germany,1989,P51G,Gross fixed capital formation,PC_GDP,,,2026-07-21T11:00:00+0200
DE,Germany,1989,TE,Total general government expenditure,MIO_EUR,,,2026-07-21T11:00:00+0200
DE,Germany,1989,TE,Total general government expenditure,PC_GDP,,,2026-07-21T11:00:00+0200
DE,Germany,1989,TR,Total general government revenue,MIO_EUR,,,2026-07-21T11:00:00+0200
DE,Germany,1989,TR,Total general government revenue,PC_GDP,,,2026-07-21T11:00:00+0200
DE,Germany,1990,B9,Net lending (+)/net borrowing (-),MIO_EUR,,,2026-07-21T11:00:00+0200
DE,Germany,1990,B9,Net lending (+)/net borrowing (-),PC_GDP,,,2026-07-21T11:00:00+0200
DE,Germany,1990,D1PAY,"Compensation of employees, expenditure",MIO_EUR,,,2026-07-21T11:00:00+0200
DE,Germany,1990,D1PAY,"Compensation of employees, expenditure",PC_GDP,,,2026-07-21T11:00:00+0200
DE,Germany,1990,D2REC,"Taxes on production and imports, revenue",MIO_EUR,,,2026-07-21T11:00:00+0200
DE,Germany,1990,D2REC,"Taxes on production and imports, revenue",PC_GDP,,,2026-07-21T11:00:00+0200
DE,Germany,1990,D3PAY,"Subsidies, expenditure",MIO_EUR,,,2026-07-21T11:00:00+0200
DE,Germany,1990,D3PAY,"Subsidies, expenditure",PC_GDP,,,2026-07-21T11:00:00+0200
DE,Germany,1990,D41PAY,"Interest, expenditure",MIO_EUR,,,2026-07-21T11:00:00+0200
DE,Germany,1990,D41PAY,"Interest, expenditure",PC_GDP,,,2026-07-21T11:00:00+0200
DE,Germany,1990,D5REC,"Current taxes on income, wealth, etc., revenue",MIO_EUR,,,2026-07-21T11:00:00+0200
DE,Germany,1990,D5REC,"Current taxes on income, wealth, etc., revenue",PC_GDP,,,2026-07-21T11:00:00+0200
DE,Germany,1990,D61REC,"Net social contributions, revenue",MIO_EUR,,,2026-07-21T11:00:00+0200
DE,Germany,1990,D61REC,"Net social contributions, revenue",PC_GDP,,,2026-07-21T11:00:00+0200
DE,Germany,1990,D62PAY,"Social benefits other than social transfers in kind, expenditure",MIO_EUR,,,2026-07-21T11:00:00+0200
DE,Germany,1990,D62PAY,"Social benefits other than social transfers in kind, expenditure",PC_GDP,,,2026-07-21T11:00:00+0200
DE,Germany,1990,D632PAY,"Social transfers in kind, purchased market production, expenditure",MIO_EUR,,,2026-07-21T11:00:00+0200
DE,Germany,1990,D632PAY,"Social transfers in kind, purchased market production, expenditure",PC_GDP,,,2026-07-21T11:00:00+0200
DE,Germany,1990,D91REC,"Capital taxes, revenue",MIO_EUR,,,2026-07-21T11:00:00+0200
DE,Germany,1990,D91REC,"Capital taxes, revenue",PC_GDP,,,2026-07-21T11:00:00+0200
DE,Germany,1990,D995REC,Capital transfers from general government to relevant sectors representing taxes and social contributions assessed but unlikely to be collected,MIO_EUR,,,2026-07-21T11:00:00+0200
DE,Germany,1990,D995REC,Capital transfers from general government to relevant sectors representing taxes and social contributions assessed but unlikely to be collected,PC_GDP,,,2026-07-21T11:00:00+0200
DE,Germany,1990,P2,Intermediate consumption,MIO_EUR,,,2026-07-21T11:00:00+0200
DE,Germany,1990,P2,Intermediate consumption,PC_GDP,,,2026-07-21T11:00:00+0200
DE,Germany,1990,P51G,Gross fixed capital formation,MIO_EUR,,,2026-07-21T11:00:00+0200
DE,Germany,1990,P51G,Gross fixed capital formation,PC_GDP,,,2026-07-21T11:00:00+0200
DE,Germany,1990,TE,Total general government expenditure,MIO_EUR,,,2026-07-21T11:00:00+0200
DE,Germany,1990,TE,Total general government expenditure,PC_GDP,,,2026-07-21T11:00:00+0200
DE,Germany,1990,TR,Total general government revenue,MIO_EUR,,,2026-07-21T11:00:00+0200
DE,Germany,1990,TR,Total general government revenue,PC_GDP,,,2026-07-21T11:00:00+0200
DE,Germany,1991,B9,Net lending (+)/net borrowing (-),MIO_EUR,,,2026-07-21T11:00:00+0200
DE,Germany,1991,B9,Net lending (+)/net borrowing (-),PC_GDP,,,2026-07-21T11:00:00+0200
DE,Germany,1991,D1PAY,"Compensation of employees, expenditure",MIO_EUR,,,2026-07-21T11:00:00+0200
DE,Germany,1991,D1PAY,"Compensation of employees, expenditure",PC_GDP,,,2026-07-21T11:00:00+0200
DE,Germany,1991,D2REC,"Taxes on production and imports, revenue",MIO_EUR,,,2026-07-21T11:00:00+0200
DE,Germany,1991,D2REC,"Taxes on production and imports, revenue",PC_GDP,,,2026-07-21T11:00:00+0200
DE,Germany,1991,D3PAY,"Subsidies, expenditure",MIO_EUR,,,2026-07-21T11:00:00+0200
DE,Germany,1991,D3PAY,"Subsidies, expenditure",PC_GDP,,,2026-07-21T11:00:00+0200
DE,Germany,1991,D41PAY,"Interest, expenditure",MIO_EUR,,,2026-07-21T11:00:00+0200
DE,Germany,1991,D41PAY,"Interest, expenditure",PC_GDP,,,2026-07-21T11:00:00+0200
DE,Germany,1991,D5REC,"Current taxes on income, wealth, etc., revenue",MIO_EUR,,,2026-07-21T11:00:00+0200
DE,Germany,1991,D5REC,"Current taxes on income, wealth, etc., revenue",PC_GDP,,,2026-07-21T11:00:00+0200
DE,Germany,1991,D61REC,"Net social contributions, revenue",MIO_EUR,,,2026-07-21T11:00:00+0200
DE,Germany,1991,D61REC,"Net social contributions, revenue",PC_GDP,,,2026-07-21T11:00:00+0200
DE,Germany,1991,D62PAY,"Social benefits other than social transfers in kind, expenditure",MIO_EUR,,,2026-07-21T11:00:00+0200
DE,Germany,1991,D62PAY,"Social benefits other than social transfers in kind, expenditure",PC_GDP,,,2026-07-21T11:00:00+0200
DE,Germany,1991,D632PAY,"Social transfers in kind, purchased market production, expenditure",MIO_EUR,,,2026-07-21T11:00:00+0200
DE,Germany,1991,D632PAY,"Social transfers in kind, purchased market production, expenditure",PC_GDP,,,2026-07-21T11:00:00+0200
DE,Germany,1991,D91REC,"Capital taxes, revenue",MIO_EUR,,,2026-07-21T11:00:00+0200
DE,Germany,1991,D91REC,"Capital taxes, revenue",PC_GDP,,,2026-07-21T11:00:00+0200
DE,Germany,1991,D995REC,Capital transfers from general government to relevant sectors representing taxes and social contributions assessed but unlikely to be collected,MIO_EUR,,,2026-07-21T11:00:00+0200
DE,Germany,1991,D995REC,Capital transfers from general government to relevant sectors representing taxes and social contributions assessed but unlikely to be collected,PC_GDP,,,2026-07-21T11:00:00+0200
DE,Germany,1991,P2,Intermediate consumption,MIO_EUR,,,2026-07-21T11:00:00+0200
DE,Germany,1991,P2,Intermediate consumption,PC_GDP,,,2026-07-21T11:00:00+0200
DE,Germany,1991,P51G,Gross fixed capital formation,MIO_EUR,,,2026-07-21T11:00:00+0200
DE,Germany,1991,P51G,Gross fixed capital formation,PC_GDP,,,2026-07-21T11:00:00+0200
DE,Germany,1991,TE,Total general government expenditure,MIO_EUR,,,2026-07-21T11:00:00+0200
DE,Germany,1991,TE,Total general government expenditure,PC_GDP,,,2026-07-21T11:00:00+0200
DE,Germany,1991,TR,Total general government revenue,MIO_EUR,,,2026-07-21T11:00:00+0200
DE,Germany,1991,TR,Total general government revenue,PC_GDP,,,2026-07-21T11:00:00+0200
DE,Germany,1992,B9,Net lending (+)/net borrowing (-),MIO_EUR,,,2026-07-21T11:00:00+0200
DE,Germany,1992,B9,Net lending (+)/net borrowing (-),PC_GDP,,,2026-07-21T11:00:00+0200
DE,Germany,1992,D1PAY,"Compensation of employees, expenditure",MIO_EUR,,,2026-07-21T11:00:00+0200
DE,Germany,1992,D1PAY,"Compensation of employees, expenditure",PC_GDP,,,2026-07-21T11:00:00+0200
DE,Germany,1992,D2REC,"Taxes on production and imports, revenue",MIO_EUR,,,2026-07-21T11:00:00+0200
DE,Germany,1992,D2REC,"Taxes on production and imports, revenue",PC_GDP,,,2026-07-21T11:00:00+0200
DE,Germany,1992,D3PAY,"Subsidies, expenditure",MIO_EUR,,,2026-07-21T11:00:00+0200
DE,Germany,1992,D3PAY,"Subsidies, expenditure",PC_GDP,,,2026-07-21T11:00:00+0200
DE,Germany,1992,D41PAY,"Interest, expenditure",MIO_EUR,,,2026-07-21T11:00:00+0200
DE,Germany,1992,D41PAY,"Interest, expenditure",PC_GDP,,,2026-07-21T11:00:00+0200
DE,Germany,1992,D5REC,"Current taxes on income, wealth, etc., revenue",MIO_EUR,,,2026-07-21T11:00:00+0200
DE,Germany,1992,D5REC,"Current taxes on income, wealth, etc., revenue",PC_GDP,,,2026-07-21T11:00:00+0200
DE,Germany,1992,D61REC,"Net social contributions, revenue",MIO_EUR,,,2026-07-21T11:00:00+0200
DE,Germany,1992,D61REC,"Net social contributions, revenue",PC_GDP,,,2026-07-21T11:00:00+0200
DE,Germany,1992,D62PAY,"Social benefits other than social transfers in kind, expenditure",MIO_EUR,,,2026-07-21T11:00:00+0200
DE,Germany,1992,D62PAY,"Social benefits other than social transfers in kind, expenditure",PC_GDP,,,2026-07-21T11:00:00+0200
DE,Germany,1992,D632PAY,"Social transfers in kind, purchased market production, expenditure",MIO_EUR,,,2026-07-21T11:00:00+0200
DE,Germany,1992,D632PAY,"Social transfers in kind, purchased market production, expenditure",PC_GDP,,,2026-07-21T11:00:00+0200
DE,Germany,1992,D91REC,"Capital taxes, revenue",MIO_EUR,,,2026-07-21T11:00:00+0200
DE,Germany,1992,D91REC,"Capital taxes, revenue",PC_GDP,,,2026-07-21T11:00:00+0200
DE,Germany,1992,D995REC,Capital transfers from general government to relevant sectors representing taxes and social contributions assessed but unlikely to be collected,MIO_EUR,,,2026-07-21T11:00:00+0200
DE,Germany,1992,D995REC,Capital transfers from general government to relevant sectors representing taxes and social contributions assessed but unlikely to be collected,PC_GDP,,,2026-07-21T11:00:00+0200
DE,Germany,1992,P2,Intermediate consumption,MIO_EUR,,,2026-07-21T11:00:00+0200
DE,Germany,1992,P2,Intermediate consumption,PC_GDP,,,2026-07-21T11:00:00+0200
DE,Germany,1992,P51G,Gross fixed capital formation,MIO_EUR,,,2026-07-21T11:00:00+0200
DE,Germany,1992,P51G,Gross fixed capital formation,PC_GDP,,,2026-07-21T11:00:00+0200
DE,Germany,1992,TE,Total general government expenditure,MIO_EUR,,,2026-07-21T11:00:00+0200
DE,Germany,1992,TE,Total general government expenditure,PC_GDP,,,2026-07-21T11:00:00+0200
DE,Germany,1992,TR,Total general government revenue,MIO_EUR,,,2026-07-21T11:00:00+0200
DE,Germany,1992,TR,Total general government revenue,PC_GDP,,,2026-07-21T11:00:00+0200
DE,Germany,1993,B9,Net lending (+)/net borrowing (-),MIO_EUR,,,2026-07-21T11:00:00+0200
DE,Germany,1993,B9,Net lending (+)/net borrowing (-),PC_GDP,,,2026-07-21T11:00:00+0200
DE,Germany,1993,D1PAY,"Compensation of employees, expenditure",MIO_EUR,,,2026-07-21T11:00:00+0200
DE,Germany,1993,D1PAY,"Compensation of employees, expenditure",PC_GDP,,,2026-07-21T11:00:00+0200
DE,Germany,1993,D2REC,"Taxes on production and imports, revenue",MIO_EUR,,,2026-07-21T11:00:00+0200
DE,Germany,1993,D2REC,"Taxes on production and imports, revenue",PC_GDP,,,2026-07-21T11:00:00+0200
DE,Germany,1993,D3PAY,"Subsidies, expenditure",MIO_EUR,,,2026-07-21T11:00:00+0200
DE,Germany,1993,D3PAY,"Subsidies, expenditure",PC_GDP,,,2026-07-21T11:00:00+0200
DE,Germany,1993,D41PAY,"Interest, expenditure",MIO_EUR,,,2026-07-21T11:00:00+0200
DE,Germany,1993,D41PAY,"Interest, expenditure",PC_GDP,,,2026-07-21T11:00:00+0200
DE,Germany,1993,D5REC,"Current taxes on income, wealth, etc., revenue",MIO_EUR,,,2026-07-21T11:00:00+0200
DE,Germany,1993,D5REC,"Current taxes on income, wealth, etc., revenue",PC_GDP,,,2026-07-21T11:00:00+0200
DE,Germany,1993,D61REC,"Net social contributions, revenue",MIO_EUR,,,2026-07-21T11:00:00+0200
DE,Germany,1993,D61REC,"Net social contributions, revenue",PC_GDP,,,2026-07-21T11:00:00+0200
DE,Germany,1993,D62PAY,"Social benefits other than social transfers in kind, expenditure",MIO_EUR,,,2026-07-21T11:00:00+0200
DE,Germany,1993,D62PAY,"Social benefits other than social transfers in kind, expenditure",PC_GDP,,,2026-07-21T11:00:00+0200
DE,Germany,1993,D632PAY,"Social transfers in kind, purchased market production, expenditure",MIO_EUR,,,2026-07-21T11:00:00+0200
DE,Germany,1993,D632PAY,"Social transfers in kind, purchased market production, expenditure",PC_GDP,,,2026-07-21T11:00:00+0200
DE,Germany,1993,D91REC,"Capital taxes, revenue",MIO_EUR,,,2026-07-21T11:00:00+0200
DE,Germany,1993,D91REC,"Capital taxes, revenue",PC_GDP,,,2026-07-21T11:00:00+0200
DE,Germany,1993,D995REC,Capital transfers from general government to relevant sectors representing taxes and social contributions assessed but unlikely to be collected,MIO_EUR,,,2026-07-21T11:00:00+0200
DE,Germany,1993,D995REC,Capital transfers from general government to relevant sectors representing taxes and social contributions assessed but unlikely to be collected,PC_GDP,,,2026-07-21T11:00:00+0200
DE,Germany,1993,P2,Intermediate consumption,MIO_EUR,,,2026-07-21T11:00:00+0200
DE,Germany,1993,P2,Intermediate consumption,PC_GDP,,,2026-07-21T11:00:00+0200
DE,Germany,1993,P51G,Gross fixed capital formation,MIO_EUR,,,2026-07-21T11:00:00+0200
DE,Germany,1993,P51G,Gross fixed capital formation,PC_GDP,,,2026-07-21T11:00:00+0200
DE,Germany,1993,TE,Total general government expenditure,MIO_EUR,,,2026-07-21T11:00:00+0200
DE,Germany,1993,TE,Total general government expenditure,PC_GDP,,,2026-07-21T11:00:00+0200
DE,Germany,1993,TR,Total general government revenue,MIO_EUR,,,2026-07-21T11:00:00+0200
DE,Germany,1993,TR,Total general government revenue,PC_GDP,,,2026-07-21T11:00:00+0200
DE,Germany,1994,B9,Net lending (+)/net borrowing (-),MIO_EUR,,,2026-07-21T11:00:00+0200
DE,Germany,1994,B9,Net lending (+)/net borrowing (-),PC_GDP,,,2026-07-21T11:00:00+0200
DE,Germany,1994,D1PAY,"Compensation of employees, expenditure",MIO_EUR,,,2026-07-21T11:00:00+0200
DE,Germany,1994,D1PAY,"Compensation of employees, expenditure",PC_GDP,,,2026-07-21T11:00:00+0200
DE,Germany,1994,D2REC,"Taxes on production and imports, revenue",MIO_EUR,,,2026-07-21T11:00:00+0200
DE,Germany,1994,D2REC,"Taxes on production and imports, revenue",PC_GDP,,,2026-07-21T11:00:00+0200
DE,Germany,1994,D3PAY,"Subsidies, expenditure",MIO_EUR,,,2026-07-21T11:00:00+0200
DE,Germany,1994,D3PAY,"Subsidies, expenditure",PC_GDP,,,2026-07-21T11:00:00+0200
DE,Germany,1994,D41PAY,"Interest, expenditure",MIO_EUR,,,2026-07-21T11:00:00+0200
DE,Germany,1994,D41PAY,"Interest, expenditure",PC_GDP,,,2026-07-21T11:00:00+0200
DE,Germany,1994,D5REC,"Current taxes on income, wealth, etc., revenue",MIO_EUR,,,2026-07-21T11:00:00+0200
DE,Germany,1994,D5REC,"Current taxes on income, wealth, etc., revenue",PC_GDP,,,2026-07-21T11:00:00+0200
DE,Germany,1994,D61REC,"Net social contributions, revenue",MIO_EUR,,,2026-07-21T11:00:00+0200
DE,Germany,1994,D61REC,"Net social contributions, revenue",PC_GDP,,,2026-07-21T11:00:00+0200
DE,Germany,1994,D62PAY,"Social benefits other than social transfers in kind, expenditure",MIO_EUR,,,2026-07-21T11:00:00+0200
DE,Germany,1994,D62PAY,"Social benefits other than social transfers in kind, expenditure",PC_GDP,,,2026-07-21T11:00:00+0200
DE,Germany,1994,D632PAY,"Social transfers in kind, purchased market production, expenditure",MIO_EUR,,,2026-07-21T11:00:00+0200
DE,Germany,1994,D632PAY,"Social transfers in kind, purchased market production, expenditure",PC_GDP,,,2026-07-21T11:00:00+0200
DE,Germany,1994,D91REC,"Capital taxes, revenue",MIO_EUR,,,2026-07-21T11:00:00+0200
DE,Germany,1994,D91REC,"Capital taxes, revenue",PC_GDP,,,2026-07-21T11:00:00+0200
DE,Germany,1994,D995REC,Capital transfers from general government to relevant sectors representing taxes and social contributions assessed but unlikely to be collected,MIO_EUR,,,2026-07-21T11:00:00+0200
DE,Germany,1994,D995REC,Capital transfers from general government to relevant sectors representing taxes and social contributions assessed but unlikely to be collected,PC_GDP,,,2026-07-21T11:00:00+0200
DE,Germany,1994,P2,Intermediate consumption,MIO_EUR,,,2026-07-21T11:00:00+0200
DE,Germany,1994,P2,Intermediate consumption,PC_GDP,,,2026-07-21T11:00:00+0200
DE,Germany,1994,P51G,Gross fixed capital formation,MIO_EUR,,,2026-07-21T11:00:00+0200
DE,Germany,1994,P51G,Gross fixed capital formation,PC_GDP,,,2026-07-21T11:00:00+0200
DE,Germany,1994,TE,Total general government expenditure,MIO_EUR,,,2026-07-21T11:00:00+0200
DE,Germany,1994,TE,Total general government expenditure,PC_GDP,,,2026-07-21T11:00:00+0200
DE,Germany,1994,TR,Total general government revenue,MIO_EUR,,,2026-07-21T11:00:00+0200
DE,Germany,1994,TR,Total general government revenue,PC_GDP,,,2026-07-21T11:00:00+0200
DE,Germany,1995,B9,Net lending (+)/net borrowing (-),MIO_EUR,-187143.9,,2026-07-21T11:00:00+0200
DE,Germany,1995,B9,Net lending (+)/net borrowing (-),PC_GDP,-9.4,,2026-07-21T11:00:00+0200
DE,Germany,1995,D1PAY,"Compensation of employees, expenditure",MIO_EUR,178503.2,,2026-07-21T11:00:00+0200
DE,Germany,1995,D1PAY,"Compensation of employees, expenditure",PC_GDP,9,,2026-07-21T11:00:00+0200
DE,Germany,1995,D2REC,"Taxes on production and imports, revenue",MIO_EUR,205470,,2026-07-21T11:00:00+0200
DE,Germany,1995,D2REC,"Taxes on production and imports, revenue",PC_GDP,10.4,,2026-07-21T11:00:00+0200
DE,Germany,1995,D3PAY,"Subsidies, expenditure",MIO_EUR,38459,,2026-07-21T11:00:00+0200
DE,Germany,1995,D3PAY,"Subsidies, expenditure",PC_GDP,1.9,,2026-07-21T11:00:00+0200
DE,Germany,1995,D41PAY,"Interest, expenditure",MIO_EUR,69497.6,,2026-07-21T11:00:00+0200
DE,Germany,1995,D41PAY,"Interest, expenditure",PC_GDP,3.5,,2026-07-21T11:00:00+0200
DE,Germany,1995,D5REC,"Current taxes on income, wealth, etc., revenue",MIO_EUR,236110.9,,2026-07-21T11:00:00+0200
DE,Germany,1995,D5REC,"Current taxes on income, wealth, etc., revenue",PC_GDP,11.9,,2026-07-21T11:00:00+0200
DE,Germany,1995,D61REC,"Net social contributions, revenue",MIO_EUR,359248.6,,2026-07-21T11:00:00+0200
DE,Germany,1995,D61REC,"Net social contributions, revenue",PC_GDP,18.1,,2026-07-21T11:00:00+0200
DE,Germany,1995,D62PAY,"Social benefits other than social transfers in kind, expenditure",MIO_EUR,340620.8,,2026-07-21T11:00:00+0200
DE,Germany,1995,D62PAY,"Social benefits other than social transfers in kind, expenditure",PC_GDP,17.2,,2026-07-21T11:00:00+0200
DE,Germany,1995,D632PAY,"Social transfers in kind, purchased market production, expenditure",MIO_EUR,142646.4,,2026-07-21T11:00:00+0200
DE,Germany,1995,D632PAY,"Social transfers in kind, purchased market production, expenditure",PC_GDP,7.2,,2026-07-21T11:00:00+0200
DE,Germany,1995,D91REC,"Capital taxes, revenue",MIO_EUR,1889.3,,2026-07-21T11:00:00+0200
DE,Germany,1995,D91REC,"Capital taxes, revenue",PC_GDP,0.1,,2026-07-21T11:00:00+0200
DE,Germany,1995,D995REC,Capital transfers from general government to relevant sectors representing taxes and social contributions assessed but unlikely to be collected,MIO_EUR,,m,2026-07-21T11:00:00+0200
DE,Germany,1995,D995REC,Capital transfers from general government to relevant sectors representing taxes and social contributions assessed but unlikely to be collected,PC_GDP,,m,2026-07-21T11:00:00+0200
DE,Germany,1995,P2,Intermediate consumption,MIO_EUR,79977.4,,2026-07-21T11:00:00+0200
DE,Germany,1995,P2,Intermediate consumption,PC_GDP,4,,2026-07-21T11:00:00+0200
DE,Germany,1995,P51G,Gross fixed capital formation,MIO_EUR,53368.7,,2026-07-21T11:00:00+0200
DE,Germany,1995,P51G,Gross fixed capital formation,PC_GDP,2.7,,2026-07-21T11:00:00+0200
DE,Germany,1995,TE,Total general government expenditure,MIO_EUR,1095502.9,,2026-07-21T11:00:00+0200
DE,Germany,1995,TE,Total general government expenditure,PC_GDP,55.2,,2026-07-21T11:00:00+0200
DE,Germany,1995,TR,Total general government revenue,MIO_EUR,908359.1,,2026-07-21T11:00:00+0200
DE,Germany,1995,TR,Total general government revenue,PC_GDP,45.8,,2026-07-21T11:00:00+0200
DE,Germany,1996,B9,Net lending (+)/net borrowing (-),MIO_EUR,-71870,,2026-07-21T11:00:00+0200
DE,Germany,1996,B9,Net lending (+)/net borrowing (-),PC_GDP,-3.6,,2026-07-21T11:00:00+0200
DE,Germany,1996,D1PAY,"Compensation of employees, expenditure",MIO_EUR,178229.2,,2026-07-21T11:00:00+0200
DE,Germany,1996,D1PAY,"Compensation of employees, expenditure",PC_GDP,9,,2026-07-21T11:00:00+0200
DE,Germany,1996,D2REC,"Taxes on production and imports, revenue",MIO_EUR,202402.3,,2026-07-21T11:00:00+0200
DE,Germany,1996,D2REC,"Taxes on production and imports, revenue",PC_GDP,10.2,,2026-07-21T11:00:00+0200
DE,Germany,1996,D3PAY,"Subsidies, expenditure",MIO_EUR,37593.7,,2026-07-21T11:00:00+0200
DE,Germany,1996,D3PAY,"Subsidies, expenditure",PC_GDP,1.9,,2026-07-21T11:00:00+0200
DE,Germany,1996,D41PAY,"Interest, expenditure",MIO_EUR,68387.5,,2026-07-21T11:00:00+0200
DE,Germany,1996,D41PAY,"Interest, expenditure",PC_GDP,3.5,,2026-07-21T11:00:00+0200
DE,Germany,1996,D5REC,"Current taxes on income, wealth, etc., revenue",MIO_EUR,232897,,2026-07-21T11:00:00+0200
DE,Germany,1996,D5REC,"Current taxes on income, wealth, etc., revenue",PC_GDP,11.8,,2026-07-21T11:00:00+0200
DE,Germany,1996,D61REC,"Net social contributions, revenue",MIO_EUR,369187.7,,2026-07-21T11:00:00+0200
DE,Germany,1996,D61REC,"Net social contributions, revenue",PC_GDP,18.7,,2026-07-21T11:00:00+0200
DE,Germany,1996,D62PAY,"Social benefits other than social transfers in kind, expenditure",MIO_EUR,354007.4,,2026-07-21T11:00:00+0200
DE,Germany,1996,D62PAY,"Social benefits other than social transfers in kind, expenditure",PC_GDP,17.9,,2026-07-21T11:00:00+0200
DE,Germany,1996,D632PAY,"Social transfers in kind, purchased market production, expenditure",MIO_EUR,146978.6,,2026-07-21T11:00:00+0200
DE,Germany,1996,D632PAY,"Social transfers in kind, purchased market production, expenditure",PC_GDP,7.4,,2026-07-21T11:00:00+0200
DE,Germany,1996,D91REC,"Capital taxes, revenue",MIO_EUR,2099.7,,2026-07-21T11:00:00+0200
DE,Germany,1996,D91REC,"Capital taxes, revenue",PC_GDP,0.1,,2026-07-21T11:00:00+0200
DE,Germany,1996,D995REC,Capital transfers from general government to relevant sectors representing taxes and social contributions assessed but unlikely to be collected,MIO_EUR,,m,2026-07-21T11:00:00+0200
DE,Germany,1996,D995REC,Capital transfers from general government to relevant sectors representing taxes and social contributions assessed but unlikely to be collected,PC_GDP,,m,2026-07-21T11:00:00+0200
DE,Germany,1996,P2,Intermediate consumption,MIO_EUR,79481.1,,2026-07-21T11:00:00+0200
DE,Germany,1996,P2,Intermediate consumption,PC_GDP,4,,2026-07-21T11:00:00+0200
DE,Germany,1996,P51G,Gross fixed capital formation,MIO_EUR,51353.4,,2026-07-21T11:00:00+0200
DE,Germany,1996,P51G,Gross fixed capital formation,PC_GDP,2.6,,2026-07-21T11:00:00+0200
DE,Germany,1996,TE,Total general government expenditure,MIO_EUR,978899.9,,2026-07-21T11:00:00+0200
DE,Germany,1996,TE,Total general government expenditure,PC_GDP,49.6,,2026-07-21T11:00:00+0200
DE,Germany,1996,TR,Total general government revenue,MIO_EUR,907029.9,,2026-07-21T11:00:00+0200
DE,Germany,1996,TR,Total general government revenue,PC_GDP,45.9,,2026-07-21T11:00:00+0200
DE,Germany,1997,B9,Net lending (+)/net borrowing (-),MIO_EUR,-59291.9,,2026-07-21T11:00:00+0200
DE,Germany,1997,B9,Net lending (+)/net borrowing (-),PC_GDP,-3,,2026-07-21T11:00:00+0200
DE,Germany,1997,D1PAY,"Compensation of employees, expenditure",MIO_EUR,174064.3,,2026-07-21T11:00:00+0200
DE,Germany,1997,D1PAY,"Compensation of employees, expenditure",PC_GDP,8.9,,2026-07-21T11:00:00+0200
DE,Germany,1997,D2REC,"Taxes on production and imports, revenue",MIO_EUR,199755.1,,2026-07-21T11:00:00+0200
DE,Germany,1997,D2REC,"Taxes on production and imports, revenue",PC_GDP,10.2,,2026-07-21T11:00:00+0200
DE,Germany,1997,D3PAY,"Subsidies, expenditure",MIO_EUR,33595.2,,2026-07-21T11:00:00+0200
DE,Germany,1997,D3PAY,"Subsidies, expenditure",PC_GDP,1.7,,2026-07-21T11:00:00+0200
DE,Germany,1997,D41PAY,"Interest, expenditure",MIO_EUR,66510.4,,2026-07-21T11:00:00+0200
DE,Germany,1997,D41PAY,"Interest, expenditure",PC_GDP,3.4,,2026-07-21T11:00:00+0200
DE,Germany,1997,D5REC,"Current taxes on income, wealth, etc., revenue",MIO_EUR,226400.6,,2026-07-21T11:00:00+0200
DE,Germany,1997,D5REC,"Current taxes on income, wealth, etc., revenue",PC_GDP,11.6,,2026-07-21T11:00:00+0200
DE,Germany,1997,D61REC,"Net social contributions, revenue",MIO_EUR,371761.4,,2026-07-21T11:00:00+0200
DE,Germany,1997,D61REC,"Net social contributions, revenue",PC_GDP,19,,2026-07-21T11:00:00+0200
DE,Germany,1997,D62PAY,"Social benefits other than social transfers in kind, expenditure",MIO_EUR,351986.8,,2026-07-21T11:00:00+0200
DE,Germany,1997,D62PAY,"Social benefits other than social transfers in kind, expenditure",PC_GDP,18,,2026-07-21T11:00:00+0200
DE,Germany,1997,D632PAY,"Social transfers in kind, purchased market production, expenditure",MIO_EUR,142364.9,,2026-07-21T11:00:00+0200
DE,Germany,1997,D632PAY,"Social transfers in kind, purchased market production, expenditure",PC_GDP,7.3,,2026-07-21T11:00:00+0200
DE,Germany,1997,D91REC,"Capital taxes, revenue",MIO_EUR,2061,,2026-07-21T11:00:00+0200
DE,Germany,1997,D91REC,"Capital taxes, revenue",PC_GDP,0.1,,2026-07-21T11:00:00+0200
DE,Germany,1997,D995REC,Capital transfers from general government to relevant sectors representing taxes and social contributions assessed but unlikely to be collected,MIO_EUR,,m,2026-07-21T11:00:00+0200
DE,Germany,1997,D995REC,Capital transfers from general government to relevant sectors representing taxes and social contributions assessed but unlikely to be collected,PC_GDP,,m,2026-07-21T11:00:00+0200
DE,Germany,1997,P2,Intermediate consumption,MIO_EUR,77381.8,,2026-07-21T11:00:00+0200
DE,Germany,1997,P2,Intermediate consumption,PC_GDP,4,,2026-07-21T11:00:00+0200
DE,Germany,1997,P51G,Gross fixed capital formation,MIO_EUR,47149,,2026-07-21T11:00:00+0200
DE,Germany,1997,P51G,Gross fixed capital formation,PC_GDP,2.4,,2026-07-21T11:00:00+0200
DE,Germany,1997,TE,Total general government expenditure,MIO_EUR,954887.2,,2026-07-21T11:00:00+0200
DE,Germany,1997,TE,Total general government expenditure,PC_GDP,48.8,,2026-07-21T11:00:00+0200
DE,Germany,1997,TR,Total general government revenue,MIO_EUR,895595.3,,2026-07-21T11:00:00+0200
DE,Germany,1997,TR,Total general government revenue,PC_GDP,45.7,,2026-07-21T11:00:00+0200
DE,Germany,1998,B9,Net lending (+)/net borrowing (-),MIO_EUR,-53220.2,,2026-07-21T11:00:00+0200
DE,Germany,1998,B9,Net lending (+)/net borrowing (-),PC_GDP,-2.6,,2026-07-21T11:00:00+0200
DE,Germany,1998,D1PAY,"Compensation of employees, expenditure",MIO_EUR,174628.7,,2026-07-21T11:00:00+0200
DE,Germany,1998,D1PAY,"Compensation of employees, expenditure",PC_GDP,8.7,,2026-07-21T11:00:00+0200
DE,Germany,1998,D2REC,"Taxes on production and imports, revenue",MIO_EUR,206708.6,,2026-07-21T11:00:00+0200
DE,Germany,1998,D2REC,"Taxes on production and imports, revenue",PC_GDP,10.3,,2026-07-21T11:00:00+0200
DE,Germany,1998,D3PAY,"Subsidies, expenditure",MIO_EUR,34826.2,,2026-07-21T11:00:00+0200
DE,Germany,1998,D3PAY,"Subsidies, expenditure",PC_GDP,1.7,,2026-07-21T11:00:00+0200
DE,Germany,1998,D41PAY,"Interest, expenditure",MIO_EUR,67307.4,,2026-07-21T11:00:00+0200
DE,Germany,1998,D41PAY,"Interest, expenditure",PC_GDP,3.4,,2026-07-21T11:00:00+0200
DE,Germany,1998,D5REC,"Current taxes on income, wealth, etc., revenue",MIO_EUR,238417,,2026-07-21T11:00:00+0200
DE,Germany,1998,D5REC,"Current taxes on income, wealth, etc., revenue",PC_GDP,11.9,,2026-07-21T11:00:00+0200
DE,Germany,1998,D61REC,"Net social contributions, revenue",MIO_EUR,374407.4,,2026-07-21T11:00:00+0200
DE,Germany,1998,D61REC,"Net social contributions, revenue",PC_GDP,18.6,,2026-07-21T11:00:00+0200
DE,Germany,1998,D62PAY,"Social benefits other than social transfers in kind, expenditure",MIO_EUR,355060.9,,2026-07-21T11:00:00+0200
DE,Germany,1998,D62PAY,"Social benefits other than social transfers in kind, expenditure",PC_GDP,17.7,,2026-07-21T11:00:00+0200
DE,Germany,1998,D632PAY,"Social transfers in kind, purchased market production, expenditure",MIO_EUR,144425.1,,2026-07-21T11:00:00+0200
DE,Germany,1998,D632PAY,"Social transfers in kind, purchased market production, expenditure",PC_GDP,7.2,,2026-07-21T11:00:00+0200
DE,Germany,1998,D91REC,"Capital taxes, revenue",MIO_EUR,2443.4,,2026-07-21T11:00:00+0200
DE,Germany,1998,D91REC,"Capital taxes, revenue",PC_GDP,0.1,,2026-07-21T11:00:00+0200
DE,Germany,1998,D995REC,Capital transfers from general government to relevant sectors representing taxes and social contributions assessed but unlikely to be collected,MIO_EUR,,m,2026-07-21T11:00:00+0200
DE,Germany,1998,D995REC,Capital transfers from general government to relevant sectors representing taxes and social contributions assessed but unlikely to be collected,PC_GDP,,m,2026-07-21T11:00:00+0200
DE,Germany,1998,P2,Intermediate consumption,MIO_EUR,78650.3,,2026-07-21T11:00:00+0200
DE,Germany,1998,P2,Intermediate consumption,PC_GDP,3.9,,2026-07-21T11:00:00+0200
DE,Germany,1998,P51G,Gross fixed capital formation,MIO_EUR,47574.5,,2026-07-21T11:00:00+0200
DE,Germany,1998,P51G,Gross fixed capital formation,PC_GDP,2.4,,2026-07-21T11:00:00+0200
DE,Germany,1998,TE,Total general government expenditure,MIO_EUR,969997,,2026-07-21T11:00:00+0200
DE,Germany,1998,TE,Total general government expenditure,PC_GDP,48.3,,2026-07-21T11:00:00+0200
DE,Germany,1998,TR,Total general government revenue,MIO_EUR,916776.9,,2026-07-21T11:00:00+0200
DE,Germany,1998,TR,Total general government revenue,PC_GDP,45.6,,2026-07-21T11:00:00+0200
DE,Germany,1999,B9,Net lending (+)/net borrowing (-),MIO_EUR,-38771,,2026-07-21T11:00:00+0200
DE,Germany,1999,B9,Net lending (+)/net borrowing (-),PC_GDP,-1.9,,2026-07-21T11:00:00+0200
DE,Germany,1999,D1PAY,"Compensation of employees, expenditure",MIO_EUR,184192,,2026-07-21T11:00:00+0200
DE,Germany,1999,D1PAY,"Compensation of employees, expenditure",PC_GDP,8.9,,2026-07-21T11:00:00+0200
DE,Germany,1999,D2REC,"Taxes on production and imports, revenue",MIO_EUR,223572,,2026-07-21T11:00:00+0200
DE,Germany,1999,D2REC,"Taxes on production and imports, revenue",PC_GDP,10.8,,2026-07-21T11:00:00+0200
DE,Germany,1999,D3PAY,"Subsidies, expenditure",MIO_EUR,30458,,2026-07-21T11:00:00+0200
DE,Germany,1999,D3PAY,"Subsidies, expenditure",PC_GDP,1.5,,2026-07-21T11:00:00+0200
DE,Germany,1999,D41PAY,"Interest, expenditure",MIO_EUR,64274,,2026-07-21T11:00:00+0200
DE,Germany,1999,D41PAY,"Interest, expenditure",PC_GDP,3.1,,2026-07-21T11:00:00+0200
DE,Germany,1999,D5REC,"Current taxes on income, wealth, etc., revenue",MIO_EUR,255926,,2026-07-21T11:00:00+0200
DE,Germany,1999,D5REC,"Current taxes on income, wealth, etc., revenue",PC_GDP,12.3,,2026-07-21T11:00:00+0200
DE,Germany,1999,D61REC,"Net social contributions, revenue",MIO_EUR,382338,,2026-07-21T11:00:00+0200
DE,Germany,1999,D61REC,"Net social contributions, revenue",PC_GDP,18.4,,2026-07-21T11:00:00+0200
DE,Germany,1999,D62PAY,"Social benefits other than social transfers in kind, expenditure",MIO_EUR,370411,,2026-07-21T11:00:00+0200
DE,Germany,1999,D62PAY,"Social benefits other than social transfers in kind, expenditure",PC_GDP,17.8,,2026-07-21T11:00:00+0200
DE,Germany,1999,D632PAY,"Social transfers in kind, purchased market production, expenditure",MIO_EUR,148984,,2026-07-21T11:00:00+0200
DE,Germany,1999,D632PAY,"Social transfers in kind, purchased market production, expenditure",PC_GDP,7.2,,2026-07-21T11:00:00+0200
DE,Germany,1999,D91REC,"Capital taxes, revenue",MIO_EUR,3060,,2026-07-21T11:00:00+0200
DE,Germany,1999,D91REC,"Capital taxes, revenue",PC_GDP,0.1,,2026-07-21T11:00:00+0200
DE,Germany,1999,D995REC,Capital transfers from general government to relevant sectors representing taxes and social contributions assessed but unlikely to be collected,MIO_EUR,,m,2026-07-21T11:00:00+0200
DE,Germany,1999,D995REC,Capital transfers from general government to relevant sectors representing taxes and social contributions assessed but unlikely to be collected,PC_GDP,,m,2026-07-21T11:00:00+0200
DE,Germany,1999,P2,Intermediate consumption,MIO_EUR,90910,,2026-07-21T11:00:00+0200
DE,Germany,1999,P2,Intermediate consumption,PC_GDP,4.4,,2026-07-21T11:00:00+0200
DE,Germany,1999,P51G,Gross fixed capital formation,MIO_EUR,56229,,2026-07-21T11:00:00+0200
DE,Germany,1999,P51G,Gross fixed capital formation,PC_GDP,2.7,,2026-07-21T11:00:00+0200
DE,Germany,1999,TE,Total general government expenditure,MIO_EUR,1007187,,2026-07-21T11:00:00+0200
DE,Germany,1999,TE,Total general government expenditure,PC_GDP,48.5,,2026-07-21T11:00:00+0200
DE,Germany,1999,TR,Total general government revenue,MIO_EUR,968416,,2026-07-21T11:00:00+0200
DE,Germany,1999,TR,Total general government revenue,PC_GDP,46.6,,2026-07-21T11:00:00+0200
DE,Germany,2000,B9,Net lending (+)/net borrowing (-),MIO_EUR,-36509,,2026-07-21T11:00:00+0200
DE,Germany,2000,B9,Net lending (+)/net borrowing (-),PC_GDP,-1.7,,2026-07-21T11:00:00+0200
DE,Germany,2000,D1PAY,"Compensation of employees, expenditure",MIO_EUR,185023,,2026-07-21T11:00:00+0200
DE,Germany,2000,D1PAY,"Compensation of employees, expenditure",PC_GDP,8.7,,2026-07-21T11:00:00+0200
DE,Germany,2000,D2REC,"Taxes on production and imports, revenue",MIO_EUR,229381,,2026-07-21T11:00:00+0200
DE,Germany,2000,D2REC,"Taxes on production and imports, revenue",PC_GDP,10.8,,2026-07-21T11:00:00+0200
DE,Germany,2000,D3PAY,"Subsidies, expenditure",MIO_EUR,30535,,2026-07-21T11:00:00+0200
DE,Germany,2000,D3PAY,"Subsidies, expenditure",PC_GDP,1.4,,2026-07-21T11:00:00+0200
DE,Germany,2000,D41PAY,"Interest, expenditure",MIO_EUR,67540,,2026-07-21T11:00:00+0200
DE,Germany,2000,D41PAY,"Interest, expenditure",PC_GDP,3.2,,2026-07-21T11:00:00+0200
DE,Germany,2000,D5REC,"Current taxes on income, wealth, etc., revenue",MIO_EUR,268002,,2026-07-21T11:00:00+0200
DE,Germany,2000,D5REC,"Current taxes on income, wealth, etc., revenue",PC_GDP,12.6,,2026-07-21T11:00:00+0200
DE,Germany,2000,D61REC,"Net social contributions, revenue",MIO_EUR,382754,,2026-07-21T11:00:00+0200
DE,Germany,2000,D61REC,"Net social contributions, revenue",PC_GDP,18,,2026-07-21T11:00:00+0200
DE,Germany,2000,D62PAY,"Social benefits other than social transfers in kind, expenditure",MIO_EUR,369133,,2026-07-21T11:00:00+0200
DE,Germany,2000,D62PAY,"Social benefits other than social transfers in kind, expenditure",PC_GDP,17.3,,2026-07-21T11:00:00+0200
DE,Germany,2000,D632PAY,"Social transfers in kind, purchased market production, expenditure",MIO_EUR,153473,,2026-07-21T11:00:00+0200
DE,Germany,2000,D632PAY,"Social transfers in kind, purchased market production, expenditure",PC_GDP,7.2,,2026-07-21T11:00:00+0200
DE,Germany,2000,D91REC,"Capital taxes, revenue",MIO_EUR,2990,,2026-07-21T11:00:00+0200
DE,Germany,2000,D91REC,"Capital taxes, revenue",PC_GDP,0.1,,2026-07-21T11:00:00+0200
DE,Germany,2000,D995REC,Capital transfers from general government to relevant sectors representing taxes and social contributions assessed but unlikely to be collected,MIO_EUR,,m,2026-07-21T11:00:00+0200
DE,Germany,2000,D995REC,Capital transfers from general government to relevant sectors representing taxes and social contributions assessed but unlikely to be collected,PC_GDP,,m,2026-07-21T11:00:00+0200
DE,Germany,2000,P2,Intermediate consumption,MIO_EUR,90498,,2026-07-21T11:00:00+0200
DE,Germany,2000,P2,Intermediate consumption,PC_GDP,4.2,,2026-07-21T11:00:00+0200
DE,Germany,2000,P51G,Gross fixed capital formation,MIO_EUR,55396,,2026-07-21T11:00:00+0200
DE,Germany,2000,P51G,Gross fixed capital formation,PC_GDP,2.6,,2026-07-21T11:00:00+0200
DE,Germany,2000,TE,Total general government expenditure,MIO_EUR,1023445,,2026-07-21T11:00:00+0200
DE,Germany,2000,TE,Total general government expenditure,PC_GDP,48.1,,2026-07-21T11:00:00+0200
DE,Germany,2000,TR,Total general government revenue,MIO_EUR,986936,,2026-07-21T11:00:00+0200
DE,Germany,2000,TR,Total general government revenue,PC_GDP,46.3,,2026-07-21T11:00:00+0200
DE,Germany,2001,B9,Net lending (+)/net borrowing (-),MIO_EUR,-68602,,2026-07-21T11:00:00+0200
DE,Germany,2001,B9,Net lending (+)/net borrowing (-),PC_GDP,-3.1,,2026-07-21T11:00:00+0200
DE,Germany,2001,D1PAY,"Compensation of employees, expenditure",MIO_EUR,186477,,2026-07-21T11:00:00+0200
DE,Germany,2001,D1PAY,"Compensation of employees, expenditure",PC_GDP,8.5,,2026-07-21T11:00:00+0200
DE,Germany,2001,D2REC,"Taxes on production and imports, revenue",MIO_EUR,233418,,2026-07-21T11:00:00+0200
DE,Germany,2001,D2REC,"Taxes on production and imports, revenue",PC_GDP,10.6,,2026-07-21T11:00:00+0200
DE,Germany,2001,D3PAY,"Subsidies, expenditure",MIO_EUR,29849,,2026-07-21T11:00:00+0200
DE,Germany,2001,D3PAY,"Subsidies, expenditure",PC_GDP,1.4,,2026-07-21T11:00:00+0200
DE,Germany,2001,D41PAY,"Interest, expenditure",MIO_EUR,66201,,2026-07-21T11:00:00+0200
DE,Germany,2001,D41PAY,"Interest, expenditure",PC_GDP,3,,2026-07-21T11:00:00+0200
DE,Germany,2001,D5REC,"Current taxes on income, wealth, etc., revenue",MIO_EUR,242701,,2026-07-21T11:00:00+0200
DE,Germany,2001,D5REC,"Current taxes on income, wealth, etc., revenue",PC_GDP,11.1,,2026-07-21T11:00:00+0200
DE,Germany,2001,D61REC,"Net social contributions, revenue",MIO_EUR,388615,,2026-07-21T11:00:00+0200
DE,Germany,2001,D61REC,"Net social contributions, revenue",PC_GDP,17.7,,2026-07-21T11:00:00+0200
DE,Germany,2001,D62PAY,"Social benefits other than social transfers in kind, expenditure",MIO_EUR,382938,,2026-07-21T11:00:00+0200
DE,Germany,2001,D62PAY,"Social benefits other than social transfers in kind, expenditure",PC_GDP,17.4,,2026-07-21T11:00:00+0200
DE,Germany,2001,D632PAY,"Social transfers in kind, purchased market production, expenditure",MIO_EUR,158404,,2026-07-21T11:00:00+0200
DE,Germany,2001,D632PAY,"Social transfers in kind, purchased market production, expenditure",PC_GDP,7.2,,2026-07-21T11:00:00+0200
DE,Germany,2001,D91REC,"Capital taxes, revenue",MIO_EUR,3070,,2026-07-21T11:00:00+0200
DE,Germany,2001,D91REC,"Capital taxes, revenue",PC_GDP,0.1,,2026-07-21T11:00:00+0200
DE,Germany,2001,D995REC,Capital transfers from general government to relevant sectors representing taxes and social contributions assessed but unlikely to be collected,MIO_EUR,,m,2026-07-21T11:00:00+0200
DE,Germany,2001,D995REC,Capital transfers from general government to relevant sectors representing taxes and social contributions assessed but unlikely to be collected,PC_GDP,,m,2026-07-21T11:00:00+0200
DE,Germany,2001,P2,Intermediate consumption,MIO_EUR,94606,,2026-07-21T11:00:00+0200
DE,Germany,2001,P2,Intermediate consumption,PC_GDP,4.3,,2026-07-21T11:00:00+0200
DE,Germany,2001,P51G,Gross fixed capital formation,MIO_EUR,55599,,2026-07-21T11:00:00+0200
DE,Germany,2001,P51G,Gross fixed capital formation,PC_GDP,2.5,,2026-07-21T11:00:00+0200
DE,Germany,2001,TE,Total general government expenditure,MIO_EUR,1046229,,2026-07-21T11:00:00+0200
DE,Germany,2001,TE,Total general government expenditure,PC_GDP,47.7,,2026-07-21T11:00:00+0200
DE,Germany,2001,TR,Total general government revenue,MIO_EUR,977627,,2026-07-21T11:00:00+0200
DE,Germany,2001,TR,Total general government revenue,PC_GDP,44.5,,2026-07-21T11:00:00+0200
DE,Germany,2002,B9,Net lending (+)/net borrowing (-),MIO_EUR,-90850,,2026-07-21T11:00:00+0200
DE,Germany,2002,B9,Net lending (+)/net borrowing (-),PC_GDP,-4.1,,2026-07-21T11:00:00+0200
DE,Germany,2002,D1PAY,"Compensation of employees, expenditure",MIO_EUR,189950,,2026-07-21T11:00:00+0200
DE,Germany,2002,D1PAY,"Compensation of employees, expenditure",PC_GDP,8.5,,2026-07-21T11:00:00+0200
DE,Germany,2002,D2REC,"Taxes on production and imports, revenue",MIO_EUR,235394,,2026-07-21T11:00:00+0200
DE,Germany,2002,D2REC,"Taxes on production and imports, revenue",PC_GDP,10.6,,2026-07-21T11:00:00+0200
DE,Germany,2002,D3PAY,"Subsidies, expenditure",MIO_EUR,28684,,2026-07-21T11:00:00+0200
DE,Germany,2002,D3PAY,"Subsidies, expenditure",PC_GDP,1.3,,2026-07-21T11:00:00+0200
DE,Germany,2002,D41PAY,"Interest, expenditure",MIO_EUR,66135,,2026-07-21T11:00:00+0200
DE,Germany,2002,D41PAY,"Interest, expenditure",PC_GDP,3,,2026-07-21T11:00:00+0200
DE,Germany,2002,D5REC,"Current taxes on income, wealth, etc., revenue",MIO_EUR,237263,,2026-07-21T11:00:00+0200
DE,Germany,2002,D5REC,"Current taxes on income, wealth, etc., revenue",PC_GDP,10.7,,2026-07-21T11:00:00+0200
DE,Germany,2002,D61REC,"Net social contributions, revenue",MIO_EUR,394307,,2026-07-21T11:00:00+0200
DE,Germany,2002,D61REC,"Net social contributions, revenue",PC_GDP,17.7,,2026-07-21T11:00:00+0200
DE,Germany,2002,D62PAY,"Social benefits other than social transfers in kind, expenditure",MIO_EUR,397992,,2026-07-21T11:00:00+0200
DE,Germany,2002,D62PAY,"Social benefits other than social transfers in kind, expenditure",PC_GDP,17.9,,2026-07-21T11:00:00+0200
DE,Germany,2002,D632PAY,"Social transfers in kind, purchased market production, expenditure",MIO_EUR,163311,,2026-07-21T11:00:00+0200
DE,Germany,2002,D632PAY,"Social transfers in kind, purchased market production, expenditure",PC_GDP,7.3,,2026-07-21T11:00:00+0200
DE,Germany,2002,D91REC,"Capital taxes, revenue",MIO_EUR,3030,,2026-07-21T11:00:00+0200
DE,Germany,2002,D91REC,"Capital taxes, revenue",PC_GDP,0.1,,2026-07-21T11:00:00+0200
DE,Germany,2002,D995REC,Capital transfers from general government to relevant sectors representing taxes and social contributions assessed but unlikely to be collected,MIO_EUR,,m,2026-07-21T11:00:00+0200
DE,Germany,2002,D995REC,Capital transfers from general government to relevant sectors representing taxes and social contributions assessed but unlikely to be collected,PC_GDP,,m,2026-07-21T11:00:00+0200
DE,Germany,2002,P2,Intermediate consumption,MIO_EUR,98452,,2026-07-21T11:00:00+0200
DE,Germany,2002,P2,Intermediate consumption,PC_GDP,4.4,,2026-07-21T11:00:00+0200
DE,Germany,2002,P51G,Gross fixed capital formation,MIO_EUR,58261,,2026-07-21T11:00:00+0200
DE,Germany,2002,P51G,Gross fixed capital formation,PC_GDP,2.6,,2026-07-21T11:00:00+0200
DE,Germany,2002,TE,Total general government expenditure,MIO_EUR,1072638,,2026-07-21T11:00:00+0200
DE,Germany,2002,TE,Total general government expenditure,PC_GDP,48.2,,2026-07-21T11:00:00+0200
DE,Germany,2002,TR,Total general government revenue,MIO_EUR,981788,,2026-07-21T11:00:00+0200
DE,Germany,2002,TR,Total general government revenue,PC_GDP,44.2,,2026-07-21T11:00:00+0200
DE,Germany,2003,B9,Net lending (+)/net borrowing (-),MIO_EUR,-85812,,2026-07-21T11:00:00+0200
DE,Germany,2003,B9,Net lending (+)/net borrowing (-),PC_GDP,-3.8,,2026-07-21T11:00:00+0200
DE,Germany,2003,D1PAY,"Compensation of employees, expenditure",MIO_EUR,191812,,2026-07-21T11:00:00+0200
DE,Germany,2003,D1PAY,"Compensation of employees, expenditure",PC_GDP,8.6,,2026-07-21T11:00:00+0200
DE,Germany,2003,D2REC,"Taxes on production and imports, revenue",MIO_EUR,240978,,2026-07-21T11:00:00+0200
DE,Germany,2003,D2REC,"Taxes on production and imports, revenue",PC_GDP,10.8,,2026-07-21T11:00:00+0200
DE,Germany,2003,D3PAY,"Subsidies, expenditure",MIO_EUR,26720,,2026-07-21T11:00:00+0200
DE,Germany,2003,D3PAY,"Subsidies, expenditure",PC_GDP,1.2,,2026-07-21T11:00:00+0200
DE,Germany,2003,D41PAY,"Interest, expenditure",MIO_EUR,65075,,2026-07-21T11:00:00+0200
DE,Germany,2003,D41PAY,"Interest, expenditure",PC_GDP,2.9,,2026-07-21T11:00:00+0200
DE,Germany,2003,D5REC,"Current taxes on income, wealth, etc., revenue",MIO_EUR,237799,,2026-07-21T11:00:00+0200
DE,Germany,2003,D5REC,"Current taxes on income, wealth, etc., revenue",PC_GDP,10.6,,2026-07-21T11:00:00+0200
DE,Germany,2003,D61REC,"Net social contributions, revenue",MIO_EUR,401896,,2026-07-21T11:00:00+0200
DE,Germany,2003,D61REC,"Net social contributions, revenue",PC_GDP,17.9,,2026-07-21T11:00:00+0200
DE,Germany,2003,D62PAY,"Social benefits other than social transfers in kind, expenditure",MIO_EUR,408988,,2026-07-21T11:00:00+0200
DE,Germany,2003,D62PAY,"Social benefits other than social transfers in kind, expenditure",PC_GDP,18.3,,2026-07-21T11:00:00+0200
DE,Germany,2003,D632PAY,"Social transfers in kind, purchased market production, expenditure",MIO_EUR,167345,,2026-07-21T11:00:00+0200
DE,Germany,2003,D632PAY,"Social transfers in kind, purchased market production, expenditure",PC_GDP,7.5,,2026-07-21T11:00:00+0200
DE,Germany,2003,D91REC,"Capital taxes, revenue",MIO_EUR,3370,,2026-07-21T11:00:00+0200
DE,Germany,2003,D91REC,"Capital taxes, revenue",PC_GDP,0.2,,2026-07-21T11:00:00+0200
DE,Germany,2003,D995REC,Capital transfers from general government to relevant sectors representing taxes and social contributions assessed but unlikely to be collected,MIO_EUR,,m,2026-07-21T11:00:00+0200
DE,Germany,2003,D995REC,Capital transfers from general government to relevant sectors representing taxes and social contributions assessed but unlikely to be collected,PC_GDP,,m,2026-07-21T11:00:00+0200
DE,Germany,2003,P2,Intermediate consumption,MIO_EUR,97291,,2026-07-21T11:00:00+0200
DE,Germany,2003,P2,Intermediate consumption,PC_GDP,4.3,,2026-07-21T11:00:00+0200
DE,Germany,2003,P51G,Gross fixed capital formation,MIO_EUR,56344,,2026-07-21T11:00:00+0200
DE,Germany,2003,P51G,Gross fixed capital formation,PC_GDP,2.5,,2026-07-21T11:00:00+0200
DE,Germany,2003,TE,Total general government expenditure,MIO_EUR,1087101,,2026-07-21T11:00:00+0200
DE,Germany,2003,TE,Total general government expenditure,PC_GDP,48.5,,2026-07-21T11:00:00+0200
DE,Germany,2003,TR,Total general government revenue,MIO_EUR,1001289,,2026-07-21T11:00:00+0200
DE,Germany,2003,TR,Total general government revenue,PC_GDP,44.7,,2026-07-21T11:00:00+0200
DE,Germany,2004,B9,Net lending (+)/net borrowing (-),MIO_EUR,-78445,,2026-07-21T11:00:00+0200
DE,Germany,2004,B9,Net lending (+)/net borrowing (-),PC_GDP,-3.4,,2026-07-21T11:00:00+0200
DE,Germany,2004,D1PAY,"Compensation of employees, expenditure",MIO_EUR,191580,,2026-07-21T11:00:00+0200
DE,Germany,2004,D1PAY,"Compensation of employees, expenditure",PC_GDP,8.4,,2026-07-21T11:00:00+0200
DE,Germany,2004,D2REC,"Taxes on production and imports, revenue",MIO_EUR,239835,,2026-07-21T11:00:00+0200
DE,Germany,2004,D2REC,"Taxes on production and imports, revenue",PC_GDP,10.5,,2026-07-21T11:00:00+0200
DE,Germany,2004,D3PAY,"Subsidies, expenditure",MIO_EUR,26135,,2026-07-21T11:00:00+0200
DE,Germany,2004,D3PAY,"Subsidies, expenditure",PC_GDP,1.1,,2026-07-21T11:00:00+0200
DE,Germany,2004,D41PAY,"Interest, expenditure",MIO_EUR,63816,,2026-07-21T11:00:00+0200
DE,Germany,2004,D41PAY,"Interest, expenditure",PC_GDP,2.8,,2026-07-21T11:00:00+0200
DE,Germany,2004,D5REC,"Current taxes on income, wealth, etc., revenue",MIO_EUR,238163,,2026-07-21T11:00:00+0200
DE,Germany,2004,D5REC,"Current taxes on income, wealth, etc., revenue",PC_GDP,10.4,,2026-07-21T11:00:00+0200
DE,Germany,2004,D61REC,"Net social contributions, revenue",MIO_EUR,401602,,2026-07-21T11:00:00+0200
DE,Germany,2004,D61REC,"Net social contributions, revenue",PC_GDP,17.5,,2026-07-21T11:00:00+0200
DE,Germany,2004,D62PAY,"Social benefits other than social transfers in kind, expenditure",MIO_EUR,411118,,2026-07-21T11:00:00+0200
DE,Germany,2004,D62PAY,"Social benefits other than social transfers in kind, expenditure",PC_GDP,17.9,,2026-07-21T11:00:00+0200
DE,Germany,2004,D632PAY,"Social transfers in kind, purchased market production, expenditure",MIO_EUR,164121,,2026-07-21T11:00:00+0200
DE,Germany,2004,D632PAY,"Social transfers in kind, purchased market production, expenditure",PC_GDP,7.2,,2026-07-21T11:00:00+0200
DE,Germany,2004,D91REC,"Capital taxes, revenue",MIO_EUR,4290,,2026-07-21T11:00:00+0200
DE,Germany,2004,D91REC,"Capital taxes, revenue",PC_GDP,0.2,,2026-07-21T11:00:00+0200
DE,Germany,2004,D995REC,Capital transfers from general government to relevant sectors representing taxes and social contributions assessed but unlikely to be collected,MIO_EUR,,m,2026-07-21T11:00:00+0200
DE,Germany,2004,D995REC,Capital transfers from general government to relevant sectors representing taxes and social contributions assessed but unlikely to be collected,PC_GDP,,m,2026-07-21T11:00:00+0200
DE,Germany,2004,P2,Intermediate consumption,MIO_EUR,98930,,2026-07-21T11:00:00+0200
DE,Germany,2004,P2,Intermediate consumption,PC_GDP,4.3,,2026-07-21T11:00:00+0200
DE,Germany,2004,P51G,Gross fixed capital formation,MIO_EUR,51372,,2026-07-21T11:00:00+0200
DE,Germany,2004,P51G,Gross fixed capital formation,PC_GDP,2.2,,2026-07-21T11:00:00+0200
DE,Germany,2004,TE,Total general government expenditure,MIO_EUR,1077080,,2026-07-21T11:00:00+0200
DE,Germany,2004,TE,Total general government expenditure,PC_GDP,47,,2026-07-21T11:00:00+0200
DE,Germany,2004,TR,Total general government revenue,MIO_EUR,998635,,2026-07-21T11:00:00+0200
DE,Germany,2004,TR,Total general government revenue,PC_GDP,43.6,,2026-07-21T11:00:00+0200
DE,Germany,2005,B9,Net lending (+)/net borrowing (-),MIO_EUR,-78396,,2026-07-21T11:00:00+0200
DE,Germany,2005,B9,Net lending (+)/net borrowing (-),PC_GDP,-3.4,,2026-07-21T11:00:00+0200
DE,Germany,2005,D1PAY,"Compensation of employees, expenditure",MIO_EUR,191432,,2026-07-21T11:00:00+0200
DE,Germany,2005,D1PAY,"Compensation of employees, expenditure",PC_GDP,8.2,,2026-07-21T11:00:00+0200
DE,Germany,2005,D2REC,"Taxes on production and imports, revenue",MIO_EUR,242581,,2026-07-21T11:00:00+0200
DE,Germany,2005,D2REC,"Taxes on production and imports, revenue",PC_GDP,10.4,,2026-07-21T11:00:00+0200
DE,Germany,2005,D3PAY,"Subsidies, expenditure",MIO_EUR,25420,,2026-07-21T11:00:00+0200
DE,Germany,2005,D3PAY,"Subsidies, expenditure",PC_GDP,1.1,,2026-07-21T11:00:00+0200
DE,Germany,2005,D41PAY,"Interest, expenditure",MIO_EUR,63494,,2026-07-21T11:00:00+0200
DE,Germany,2005,D41PAY,"Interest, expenditure",PC_GDP,2.7,,2026-07-21T11:00:00+0200
DE,Germany,2005,D5REC,"Current taxes on income, wealth, etc., revenue",MIO_EUR,248531,,2026-07-21T11:00:00+0200
DE,Germany,2005,D5REC,"Current taxes on income, wealth, etc., revenue",PC_GDP,10.7,,2026-07-21T11:00:00+0200
DE,Germany,2005,D61REC,"Net social contributions, revenue",MIO_EUR,401237,,2026-07-21T11:00:00+0200
DE,Germany,2005,D61REC,"Net social contributions, revenue",PC_GDP,17.3,,2026-07-21T11:00:00+0200
DE,Germany,2005,D62PAY,"Social benefits other than social transfers in kind, expenditure",MIO_EUR,412615,,2026-07-21T11:00:00+0200
DE,Germany,2005,D62PAY,"Social benefits other than social transfers in kind, expenditure",PC_GDP,17.7,,2026-07-21T11:00:00+0200
DE,Germany,2005,D632PAY,"Social transfers in kind, purchased market production, expenditure",MIO_EUR,168003,,2026-07-21T11:00:00+0200
DE,Germany,2005,D632PAY,"Social transfers in kind, purchased market production, expenditure",PC_GDP,7.2,,2026-07-21T11:00:00+0200
DE,Germany,2005,D91REC,"Capital taxes, revenue",MIO_EUR,4100,,2026-07-21T11:00:00+0200
DE,Germany,2005,D91REC,"Capital taxes, revenue",PC_GDP,0.2,,2026-07-21T11:00:00+0200
DE,Germany,2005,D995REC,Capital transfers from general government to relevant sectors representing taxes and social contributions assessed but unlikely to be collected,MIO_EUR,,m,2026-07-21T11:00:00+0200
DE,Germany,2005,D995REC,Capital transfers from general government to relevant sectors representing taxes and social contributions assessed but unlikely to be collected,PC_GDP,,m,2026-07-21T11:00:00+0200
DE,Germany,2005,P2,Intermediate consumption,MIO_EUR,102439,,2026-07-21T11:00:00+0200
DE,Germany,2005,P2,Intermediate consumption,PC_GDP,4.4,,2026-07-21T11:00:00+0200
DE,Germany,2005,P51G,Gross fixed capital formation,MIO_EUR,51344,,2026-07-21T11:00:00+0200
DE,Germany,2005,P51G,Gross fixed capital formation,PC_GDP,2.2,,2026-07-21T11:00:00+0200
DE,Germany,2005,TE,Total general government expenditure,MIO_EUR,1089993,,2026-07-21T11:00:00+0200
DE,Germany,2005,TE,Total general government expenditure,PC_GDP,46.9,,2026-07-21T11:00:00+0200
DE,Germany,2005,TR,Total general government revenue,MIO_EUR,1011597,,2026-07-21T11:00:00+0200
DE,Germany,2005,TR,Total general government revenue,PC_GDP,43.5,,2026-07-21T11:00:00+0200
DE,Germany,2006,B9,Net lending (+)/net borrowing (-),MIO_EUR,-42584,,2026-07-21T11:00:00+0200
DE,Germany,2006,B9,Net lending (+)/net borrowing (-),PC_GDP,-1.8,,2026-07-21T11:00:00+0200
DE,Germany,2006,D1PAY,"Compensation of employees, expenditure",MIO_EUR,192254,,2026-07-21T11:00:00+0200
DE,Germany,2006,D1PAY,"Compensation of employees, expenditure",PC_GDP,7.9,,2026-07-21T11:00:00+0200
DE,Germany,2006,D2REC,"Taxes on production and imports, revenue",MIO_EUR,252846,,2026-07-21T11:00:00+0200
DE,Germany,2006,D2REC,"Taxes on production and imports, revenue",PC_GDP,10.4,,2026-07-21T11:00:00+0200
DE,Germany,2006,D3PAY,"Subsidies, expenditure",MIO_EUR,26652,,2026-07-21T11:00:00+0200
DE,Germany,2006,D3PAY,"Subsidies, expenditure",PC_GDP,1.1,,2026-07-21T11:00:00+0200
DE,Germany,2006,D41PAY,"Interest, expenditure",MIO_EUR,65218,,2026-07-21T11:00:00+0200
DE,Germany,2006,D41PAY,"Interest, expenditure",PC_GDP,2.7,,2026-07-21T11:00:00+0200
DE,Germany,2006,D5REC,"Current taxes on income, wealth, etc., revenue",MIO_EUR,276839,,2026-07-21T11:00:00+0200
DE,Germany,2006,D5REC,"Current taxes on income, wealth, etc., revenue",PC_GDP,11.4,,2026-07-21T11:00:00+0200
DE,Germany,2006,D61REC,"Net social contributions, revenue",MIO_EUR,405332,,2026-07-21T11:00:00+0200
DE,Germany,2006,D61REC,"Net social contributions, revenue",PC_GDP,16.7,,2026-07-21T11:00:00+0200
DE,Germany,2006,D62PAY,"Social benefits other than social transfers in kind, expenditure",MIO_EUR,409260,,2026-07-21T11:00:00+0200
DE,Germany,2006,D62PAY,"Social benefits other than social transfers in kind, expenditure",PC_GDP,16.9,,2026-07-21T11:00:00+0200
DE,Germany,2006,D632PAY,"Social transfers in kind, purchased market production, expenditure",MIO_EUR,172358,,2026-07-21T11:00:00+0200
DE,Germany,2006,D632PAY,"Social transfers in kind, purchased market production, expenditure",PC_GDP,7.1,,2026-07-21T11:00:00+0200
DE,Germany,2006,D91REC,"Capital taxes, revenue",MIO_EUR,3760,,2026-07-21T11:00:00+0200
DE,Germany,2006,D91REC,"Capital taxes, revenue",PC_GDP,0.2,,2026-07-21T11:00:00+0200
DE,Germany,2006,D995REC,Capital transfers from general government to relevant sectors representing taxes and social contributions assessed but unlikely to be collected,MIO_EUR,,m,2026-07-21T11:00:00+0200
DE,Germany,2006,D995REC,Capital transfers from general government to relevant sectors representing taxes and social contributions assessed but unlikely to be collected,PC_GDP,,m,2026-07-21T11:00:00+0200
DE,Germany,2006,P2,Intermediate consumption,MIO_EUR,106887,,2026-07-21T11:00:00+0200
DE,Germany,2006,P2,Intermediate consumption,PC_GDP,4.4,,2026-07-21T11:00:00+0200
DE,Germany,2006,P51G,Gross fixed capital formation,MIO_EUR,56058,,2026-07-21T11:00:00+0200
DE,Germany,2006,P51G,Gross fixed capital formation,PC_GDP,2.3,,2026-07-21T11:00:00+0200
DE,Germany,2006,TE,Total general government expenditure,MIO_EUR,1099274,,2026-07-21T11:00:00+0200
DE,Germany,2006,TE,Total general government expenditure,PC_GDP,45.3,,2026-07-21T11:00:00+0200
DE,Germany,2006,TR,Total general government revenue,MIO_EUR,1056690,,2026-07-21T11:00:00+0200
DE,Germany,2006,TR,Total general government revenue,PC_GDP,43.6,,2026-07-21T11:00:00+0200
DE,Germany,2007,B9,Net lending (+)/net borrowing (-),MIO_EUR,3937,,2026-07-21T11:00:00+0200
DE,Germany,2007,B9,Net lending (+)/net borrowing (-),PC_GDP,0.2,,2026-07-21T11:00:00+0200
DE,Germany,2007,D1PAY,"Compensation of employees, expenditure",MIO_EUR,193084,,2026-07-21T11:00:00+0200
DE,Germany,2007,D1PAY,"Compensation of employees, expenditure",PC_GDP,7.6,,2026-07-21T11:00:00+0200
DE,Germany,2007,D2REC,"Taxes on production and imports, revenue",MIO_EUR,278208,,2026-07-21T11:00:00+0200
DE,Germany,2007,D2REC,"Taxes on production and imports, revenue",PC_GDP,10.9,,2026-07-21T11:00:00+0200
DE,Germany,2007,D3PAY,"Subsidies, expenditure",MIO_EUR,27658,,2026-07-21T11:00:00+0200
DE,Germany,2007,D3PAY,"Subsidies, expenditure",PC_GDP,1.1,,2026-07-21T11:00:00+0200
DE,Germany,2007,D41PAY,"Interest, expenditure",MIO_EUR,67686,,2026-07-21T11:00:00+0200
DE,Germany,2007,D41PAY,"Interest, expenditure",PC_GDP,2.7,,2026-07-21T11:00:00+0200
DE,Germany,2007,D5REC,"Current taxes on income, wealth, etc., revenue",MIO_EUR,300062,,2026-07-21T11:00:00+0200
DE,Germany,2007,D5REC,"Current taxes on income, wealth, etc., revenue",PC_GDP,11.8,,2026-07-21T11:00:00+0200
DE,Germany,2007,D61REC,"Net social contributions, revenue",MIO_EUR,404635,,2026-07-21T11:00:00+0200
DE,Germany,2007,D61REC,"Net social contributions, revenue",PC_GDP,15.9,,2026-07-21T11:00:00+0200
DE,Germany,2007,D62PAY,"Social benefits other than social transfers in kind, expenditure",MIO_EUR,401833,,2026-07-21T11:00:00+0200
DE,Germany,2007,D62PAY,"Social benefits other than social transfers in kind, expenditure",PC_GDP,15.8,,2026-07-21T11:00:00+0200
DE,Germany,2007,D632PAY,"Social transfers in kind, purchased market production, expenditure",MIO_EUR,178825,,2026-07-21T11:00:00+0200
DE,Germany,2007,D632PAY,"Social transfers in kind, purchased market production, expenditure",PC_GDP,7,,2026-07-21T11:00:00+0200
DE,Germany,2007,D91REC,"Capital taxes, revenue",MIO_EUR,4200,,2026-07-21T11:00:00+0200
DE,Germany,2007,D91REC,"Capital taxes, revenue",PC_GDP,0.2,,2026-07-21T11:00:00+0200
DE,Germany,2007,D995REC,Capital transfers from general government to relevant sectors representing taxes and social contributions assessed but unlikely to be collected,MIO_EUR,,m,2026-07-21T11:00:00+0200
DE,Germany,2007,D995REC,Capital transfers from general government to relevant sectors representing taxes and social contributions assessed but unlikely to be collected,PC_GDP,,m,2026-07-21T11:00:00+0200
DE,Germany,2007,P2,Intermediate consumption,MIO_EUR,111629,,2026-07-21T11:00:00+0200
DE,Germany,2007,P2,Intermediate consumption,PC_GDP,4.4,,2026-07-21T11:00:00+0200
DE,Germany,2007,P51G,Gross fixed capital formation,MIO_EUR,56801,,2026-07-21T11:00:00+0200
DE,Germany,2007,P51G,Gross fixed capital formation,PC_GDP,2.2,,2026-07-21T11:00:00+0200
DE,Germany,2007,TE,Total general government expenditure,MIO_EUR,1106879,,2026-07-21T11:00:00+0200
DE,Germany,2007,TE,Total general government expenditure,PC_GDP,43.5,,2026-07-21T11:00:00+0200
DE,Germany,2007,TR,Total general government revenue,MIO_EUR,1110816,,2026-07-21T11:00:00+0200
DE,Germany,2007,TR,Total general government revenue,PC_GDP,43.7,,2026-07-21T11:00:00+0200
DE,Germany,2008,B9,Net lending (+)/net borrowing (-),MIO_EUR,-6809,,2026-07-21T11:00:00+0200
DE,Germany,2008,B9,Net lending (+)/net borrowing (-),PC_GDP,-0.3,,2026-07-21T11:00:00+0200
DE,Germany,2008,D1PAY,"Compensation of employees, expenditure",MIO_EUR,198102,,2026-07-21T11:00:00+0200
DE,Germany,2008,D1PAY,"Compensation of employees, expenditure",PC_GDP,7.7,,2026-07-21T11:00:00+0200
DE,Germany,2008,D2REC,"Taxes on production and imports, revenue",MIO_EUR,283315,,2026-07-21T11:00:00+0200
DE,Germany,2008,D2REC,"Taxes on production and imports, revenue",PC_GDP,10.9,,2026-07-21T11:00:00+0200
DE,Germany,2008,D3PAY,"Subsidies, expenditure",MIO_EUR,28416,,2026-07-21T11:00:00+0200
DE,Germany,2008,D3PAY,"Subsidies, expenditure",PC_GDP,1.1,,2026-07-21T11:00:00+0200
DE,Germany,2008,D41PAY,"Interest, expenditure",MIO_EUR,69096,,2026-07-21T11:00:00+0200
DE,Germany,2008,D41PAY,"Interest, expenditure",PC_GDP,2.7,,2026-07-21T11:00:00+0200
DE,Germany,2008,D5REC,"Current taxes on income, wealth, etc., revenue",MIO_EUR,314031,,2026-07-21T11:00:00+0200
DE,Germany,2008,D5REC,"Current taxes on income, wealth, etc., revenue",PC_GDP,12.1,,2026-07-21T11:00:00+0200
DE,Germany,2008,D61REC,"Net social contributions, revenue",MIO_EUR,412551,,2026-07-21T11:00:00+0200
DE,Germany,2008,D61REC,"Net social contributions, revenue",PC_GDP,15.9,,2026-07-21T11:00:00+0200
DE,Germany,2008,D62PAY,"Social benefits other than social transfers in kind, expenditure",MIO_EUR,405166,,2026-07-21T11:00:00+0200
DE,Germany,2008,D62PAY,"Social benefits other than social transfers in kind, expenditure",PC_GDP,15.6,,2026-07-21T11:00:00+0200
DE,Germany,2008,D632PAY,"Social transfers in kind, purchased market production, expenditure",MIO_EUR,186137,,2026-07-21T11:00:00+0200
DE,Germany,2008,D632PAY,"Social transfers in kind, purchased market production, expenditure",PC_GDP,7.2,,2026-07-21T11:00:00+0200
DE,Germany,2008,D91REC,"Capital taxes, revenue",MIO_EUR,4770,,2026-07-21T11:00:00+0200
DE,Germany,2008,D91REC,"Capital taxes, revenue",PC_GDP,0.2,,2026-07-21T11:00:00+0200
DE,Germany,2008,D995REC,Capital transfers from general government to relevant sectors representing taxes and social contributions assessed but unlikely to be collected,MIO_EUR,,m,2026-07-21T11:00:00+0200
DE,Germany,2008,D995REC,Capital transfers from general government to relevant sectors representing taxes and social contributions assessed but unlikely to be collected,PC_GDP,,m,2026-07-21T11:00:00+0200
DE,Germany,2008,P2,Intermediate consumption,MIO_EUR,119010,,2026-07-21T11:00:00+0200
DE,Germany,2008,P2,Intermediate consumption,PC_GDP,4.6,,2026-07-21T11:00:00+0200
DE,Germany,2008,P51G,Gross fixed capital formation,MIO_EUR,61384,,2026-07-21T11:00:00+0200
DE,Germany,2008,P51G,Gross fixed capital formation,PC_GDP,2.4,,2026-07-21T11:00:00+0200
DE,Germany,2008,TE,Total general government expenditure,MIO_EUR,1150280,,2026-07-21T11:00:00+0200
DE,Germany,2008,TE,Total general government expenditure,PC_GDP,44.4,,2026-07-21T11:00:00+0200
DE,Germany,2008,TR,Total general government revenue,MIO_EUR,1143471,,2026-07-21T11:00:00+0200
DE,Germany,2008,TR,Total general government revenue,PC_GDP,44.2,,2026-07-21T11:00:00+0200
DE,Germany,2009,B9,Net lending (+)/net borrowing (-),MIO_EUR,-79207,,2026-07-21T11:00:00+0200
DE,Germany,2009,B9,Net lending (+)/net borrowing (-),PC_GDP,-3.2,,2026-07-21T11:00:00+0200
DE,Germany,2009,D1PAY,"Compensation of employees, expenditure",MIO_EUR,207232,,2026-07-21T11:00:00+0200
DE,Germany,2009,D1PAY,"Compensation of employees, expenditure",PC_GDP,8.3,,2026-07-21T11:00:00+0200
DE,Germany,2009,D2REC,"Taxes on production and imports, revenue",MIO_EUR,286922,,2026-07-21T11:00:00+0200
DE,Germany,2009,D2REC,"Taxes on production and imports, revenue",PC_GDP,11.5,,2026-07-21T11:00:00+0200
DE,Germany,2009,D3PAY,"Subsidies, expenditure",MIO_EUR,37479,,2026-07-21T11:00:00+0200
DE,Germany,2009,D3PAY,"Subsidies, expenditure",PC_GDP,1.5,,2026-07-21T11:00:00+0200
DE,Germany,2009,D41PAY,"Interest, expenditure",MIO_EUR,65189,,2026-07-21T11:00:00+0200
DE,Germany,2009,D41PAY,"Interest, expenditure",PC_GDP,2.6,,2026-07-21T11:00:00+0200
DE,Germany,2009,D5REC,"Current taxes on income, wealth, etc., revenue",MIO_EUR,281351,,2026-07-21T11:00:00+0200
DE,Germany,2009,D5REC,"Current taxes on income, wealth, etc., revenue",PC_GDP,11.3,,2026-07-21T11:00:00+0200
DE,Germany,2009,D61REC,"Net social contributions, revenue",MIO_EUR,415558,,2026-07-21T11:00:00+0200
DE,Germany,2009,D61REC,"Net social contributions, revenue",PC_GDP,16.7,,2026-07-21T11:00:00+0200
DE,Germany,2009,D62PAY,"Social benefits other than social transfers in kind, expenditure",MIO_EUR,427204,,2026-07-21T11:00:00+0200
DE,Germany,2009,D62PAY,"Social benefits other than social transfers in kind, expenditure",PC_GDP,17.1,,2026-07-21T11:00:00+0200
DE,Germany,2009,D632PAY,"Social transfers in kind, purchased market production, expenditure",MIO_EUR,196798,,2026-07-21T11:00:00+0200
DE,Germany,2009,D632PAY,"Social transfers in kind, purchased market production, expenditure",PC_GDP,7.9,,2026-07-21T11:00:00+0200
DE,Germany,2009,D91REC,"Capital taxes, revenue",MIO_EUR,4540,,2026-07-21T11:00:00+0200
DE,Germany,2009,D91REC,"Capital taxes, revenue",PC_GDP,0.2,,2026-07-21T11:00:00+0200
DE,Germany,2009,D995REC,Capital transfers from general government to relevant sectors representing taxes and social contributions assessed but unlikely to be collected,MIO_EUR,,m,2026-07-21T11:00:00+0200
DE,Germany,2009,D995REC,Capital transfers from general government to relevant sectors representing taxes and social contributions assessed but unlikely to be collected,PC_GDP,,m,2026-07-21T11:00:00+0200
DE,Germany,2009,P2,Intermediate consumption,MIO_EUR,127026,,2026-07-21T11:00:00+0200
DE,Germany,2009,P2,Intermediate consumption,PC_GDP,5.1,,2026-07-21T11:00:00+0200
DE,Germany,2009,P51G,Gross fixed capital formation,MIO_EUR,65696,,2026-07-21T11:00:00+0200
DE,Germany,2009,P51G,Gross fixed capital formation,PC_GDP,2.6,,2026-07-21T11:00:00+0200
DE,Germany,2009,TE,Total general government expenditure,MIO_EUR,1204819,,2026-07-21T11:00:00+0200
DE,Germany,2009,TE,Total general government expenditure,PC_GDP,48.3,,2026-07-21T11:00:00+0200
DE,Germany,2009,TR,Total general government revenue,MIO_EUR,1125612,,2026-07-21T11:00:00+0200
DE,Germany,2009,TR,Total general government revenue,PC_GDP,45.1,,2026-07-21T11:00:00+0200
DE,Germany,2010,B9,Net lending (+)/net borrowing (-),MIO_EUR,-115620,,2026-07-21T11:00:00+0200
DE,Germany,2010,B9,Net lending (+)/net borrowing (-),PC_GDP,-4.4,,2026-07-21T11:00:00+0200
DE,Germany,2010,D1PAY,"Compensation of employees, expenditure",MIO_EUR,212909,,2026-07-21T11:00:00+0200
DE,Germany,2010,D1PAY,"Compensation of employees, expenditure",PC_GDP,8.1,,2026-07-21T11:00:00+0200
DE,Germany,2010,D2REC,"Taxes on production and imports, revenue",MIO_EUR,287084,,2026-07-21T11:00:00+0200
DE,Germany,2010,D2REC,"Taxes on production and imports, revenue",PC_GDP,11,,2026-07-21T11:00:00+0200
DE,Germany,2010,D3PAY,"Subsidies, expenditure",MIO_EUR,33582,,2026-07-21T11:00:00+0200
DE,Germany,2010,D3PAY,"Subsidies, expenditure",PC_GDP,1.3,,2026-07-21T11:00:00+0200
DE,Germany,2010,D41PAY,"Interest, expenditure",MIO_EUR,63851,,2026-07-21T11:00:00+0200
DE,Germany,2010,D41PAY,"Interest, expenditure",PC_GDP,2.4,,2026-07-21T11:00:00+0200
DE,Germany,2010,D5REC,"Current taxes on income, wealth, etc., revenue",MIO_EUR,280778,,2026-07-21T11:00:00+0200
DE,Germany,2010,D5REC,"Current taxes on income, wealth, etc., revenue",PC_GDP,10.7,,2026-07-21T11:00:00+0200
DE,Germany,2010,D61REC,"Net social contributions, revenue",MIO_EUR,426490,,2026-07-21T11:00:00+0200
DE,Germany,2010,D61REC,"Net social contributions, revenue",PC_GDP,16.3,,2026-07-21T11:00:00+0200
DE,Germany,2010,D62PAY,"Social benefits other than social transfers in kind, expenditure",MIO_EUR,431214,,2026-07-21T11:00:00+0200
DE,Germany,2010,D62PAY,"Social benefits other than social transfers in kind, expenditure",PC_GDP,16.5,,2026-07-21T11:00:00+0200
DE,Germany,2010,D632PAY,"Social transfers in kind, purchased market production, expenditure",MIO_EUR,202273,,2026-07-21T11:00:00+0200
DE,Germany,2010,D632PAY,"Social transfers in kind, purchased market production, expenditure",PC_GDP,7.7,,2026-07-21T11:00:00+0200
DE,Germany,2010,D91REC,"Capital taxes, revenue",MIO_EUR,4405,,2026-07-21T11:00:00+0200
DE,Germany,2010,D91REC,"Capital taxes, revenue",PC_GDP,0.2,,2026-07-21T11:00:00+0200
DE,Germany,2010,D995REC,Capital transfers from general government to relevant sectors representing taxes and social contributions assessed but unlikely to be collected,MIO_EUR,,m,2026-07-21T11:00:00+0200
DE,Germany,2010,D995REC,Capital transfers from general government to relevant sectors representing taxes and social contributions assessed but unlikely to be collected,PC_GDP,,m,2026-07-21T11:00:00+0200
DE,Germany,2010,P2,Intermediate consumption,MIO_EUR,134841,,2026-07-21T11:00:00+0200
DE,Germany,2010,P2,Intermediate consumption,PC_GDP,5.2,,2026-07-21T11:00:00+0200
DE,Germany,2010,P51G,Gross fixed capital formation,MIO_EUR,68494,,2026-07-21T11:00:00+0200
DE,Germany,2010,P51G,Gross fixed capital formation,PC_GDP,2.6,,2026-07-21T11:00:00+0200
DE,Germany,2010,TE,Total general government expenditure,MIO_EUR,1258707,,2026-07-21T11:00:00+0200
DE,Germany,2010,TE,Total general government expenditure,PC_GDP,48.1,,2026-07-21T11:00:00+0200
DE,Germany,2010,TR,Total general government revenue,MIO_EUR,1143087,,2026-07-21T11:00:00+0200
DE,Germany,2010,TR,Total general government revenue,PC_GDP,43.7,,2026-07-21T11:00:00+0200
DE,Germany,2011,B9,Net lending (+)/net borrowing (-),MIO_EUR,-23074,,2026-07-21T11:00:00+0200
DE,Germany,2011,B9,Net lending (+)/net borrowing (-),PC_GDP,-0.8,,2026-07-21T11:00:00+0200
DE,Germany,2011,D1PAY,"Compensation of employees, expenditure",MIO_EUR,218340,,2026-07-21T11:00:00+0200
DE,Germany,2011,D1PAY,"Compensation of employees, expenditure",PC_GDP,7.9,,2026-07-21T11:00:00+0200
DE,Germany,2011,D2REC,"Taxes on production and imports, revenue",MIO_EUR,309270,,2026-07-21T11:00:00+0200
DE,Germany,2011,D2REC,"Taxes on production and imports, revenue",PC_GDP,11.3,,2026-07-21T11:00:00+0200
DE,Germany,2011,D3PAY,"Subsidies, expenditure",MIO_EUR,33972,,2026-07-21T11:00:00+0200
DE,Germany,2011,D3PAY,"Subsidies, expenditure",PC_GDP,1.2,,2026-07-21T11:00:00+0200
DE,Germany,2011,D41PAY,"Interest, expenditure",MIO_EUR,67980,,2026-07-21T11:00:00+0200
DE,Germany,2011,D41PAY,"Interest, expenditure",PC_GDP,2.5,,2026-07-21T11:00:00+0200
DE,Germany,2011,D5REC,"Current taxes on income, wealth, etc., revenue",MIO_EUR,306013,,2026-07-21T11:00:00+0200
DE,Germany,2011,D5REC,"Current taxes on income, wealth, etc., revenue",PC_GDP,11.1,,2026-07-21T11:00:00+0200
DE,Germany,2011,D61REC,"Net social contributions, revenue",MIO_EUR,442622,,2026-07-21T11:00:00+0200
DE,Germany,2011,D61REC,"Net social contributions, revenue",PC_GDP,16.1,,2026-07-21T11:00:00+0200
DE,Germany,2011,D62PAY,"Social benefits other than social transfers in kind, expenditure",MIO_EUR,425271,,2026-07-21T11:00:00+0200
DE,Germany,2011,D62PAY,"Social benefits other than social transfers in kind, expenditure",PC_GDP,15.5,,2026-07-21T11:00:00+0200
DE,Germany,2011,D632PAY,"Social transfers in kind, purchased market production, expenditure",MIO_EUR,207593,,2026-07-21T11:00:00+0200
DE,Germany,2011,D632PAY,"Social transfers in kind, purchased market production, expenditure",PC_GDP,7.6,,2026-07-21T11:00:00+0200
DE,Germany,2011,D91REC,"Capital taxes, revenue",MIO_EUR,4245,,2026-07-21T11:00:00+0200
DE,Germany,2011,D91REC,"Capital taxes, revenue",PC_GDP,0.2,,2026-07-21T11:00:00+0200
DE,Germany,2011,D995REC,Capital transfers from general government to relevant sectors representing taxes and social contributions assessed but unlikely to be collected,MIO_EUR,,m,2026-07-21T11:00:00+0200
DE,Germany,2011,D995REC,Capital transfers from general government to relevant sectors representing taxes and social contributions assessed but unlikely to be collected,PC_GDP,,m,2026-07-21T11:00:00+0200
DE,Germany,2011,P2,Intermediate consumption,MIO_EUR,141421,,2026-07-21T11:00:00+0200
DE,Germany,2011,P2,Intermediate consumption,PC_GDP,5.1,,2026-07-21T11:00:00+0200
DE,Germany,2011,P51G,Gross fixed capital formation,MIO_EUR,70525,,2026-07-21T11:00:00+0200
DE,Germany,2011,P51G,Gross fixed capital formation,PC_GDP,2.6,,2026-07-21T11:00:00+0200
DE,Germany,2011,TE,Total general government expenditure,MIO_EUR,1244063,,2026-07-21T11:00:00+0200
DE,Germany,2011,TE,Total general government expenditure,PC_GDP,45.3,,2026-07-21T11:00:00+0200
DE,Germany,2011,TR,Total general government revenue,MIO_EUR,1220989,,2026-07-21T11:00:00+0200
DE,Germany,2011,TR,Total general government revenue,PC_GDP,44.4,,2026-07-21T11:00:00+0200
DE,Germany,2012,B9,Net lending (+)/net borrowing (-),MIO_EUR,-1521,,2026-07-21T11:00:00+0200
DE,Germany,2012,B9,Net lending (+)/net borrowing (-),PC_GDP,-0.1,,2026-07-21T11:00:00+0200
DE,Germany,2012,D1PAY,"Compensation of employees, expenditure",MIO_EUR,222410,,2026-07-21T11:00:00+0200
DE,Germany,2012,D1PAY,"Compensation of employees, expenditure",PC_GDP,7.9,,2026-07-21T11:00:00+0200
DE,Germany,2012,D2REC,"Taxes on production and imports, revenue",MIO_EUR,315623,,2026-07-21T11:00:00+0200
DE,Germany,2012,D2REC,"Taxes on production and imports, revenue",PC_GDP,11.3,,2026-07-21T11:00:00+0200
DE,Germany,2012,D3PAY,"Subsidies, expenditure",MIO_EUR,35180,,2026-07-21T11:00:00+0200
DE,Germany,2012,D3PAY,"Subsidies, expenditure",PC_GDP,1.3,,2026-07-21T11:00:00+0200
DE,Germany,2012,D41PAY,"Interest, expenditure",MIO_EUR,64185,,2026-07-21T11:00:00+0200
DE,Germany,2012,D41PAY,"Interest, expenditure",PC_GDP,2.3,,2026-07-21T11:00:00+0200
DE,Germany,2012,D5REC,"Current taxes on income, wealth, etc., revenue",MIO_EUR,326393,,2026-07-21T11:00:00+0200
DE,Germany,2012,D5REC,"Current taxes on income, wealth, etc., revenue",PC_GDP,11.7,,2026-07-21T11:00:00+0200
DE,Germany,2012,D61REC,"Net social contributions, revenue",MIO_EUR,454584,,2026-07-21T11:00:00+0200
DE,Germany,2012,D61REC,"Net social contributions, revenue",PC_GDP,16.2,,2026-07-21T11:00:00+0200
DE,Germany,2012,D62PAY,"Social benefits other than social transfers in kind, expenditure",MIO_EUR,431667,,2026-07-21T11:00:00+0200
DE,Germany,2012,D62PAY,"Social benefits other than social transfers in kind, expenditure",PC_GDP,15.4,,2026-07-21T11:00:00+0200
DE,Germany,2012,D632PAY,"Social transfers in kind, purchased market production, expenditure",MIO_EUR,212714,,2026-07-21T11:00:00+0200
DE,Germany,2012,D632PAY,"Social transfers in kind, purchased market production, expenditure",PC_GDP,7.6,,2026-07-21T11:00:00+0200
DE,Germany,2012,D91REC,"Capital taxes, revenue",MIO_EUR,4305,,2026-07-21T11:00:00+0200
DE,Germany,2012,D91REC,"Capital taxes, revenue",PC_GDP,0.2,,2026-07-21T11:00:00+0200
DE,Germany,2012,D995REC,Capital transfers from general government to relevant sectors representing taxes and social contributions assessed but unlikely to be collected,MIO_EUR,,m,2026-07-21T11:00:00+0200
DE,Germany,2012,D995REC,Capital transfers from general government to relevant sectors representing taxes and social contributions assessed but unlikely to be collected,PC_GDP,,m,2026-07-21T11:00:00+0200
DE,Germany,2012,P2,Intermediate consumption,MIO_EUR,145499,,2026-07-21T11:00:00+0200
DE,Germany,2012,P2,Intermediate consumption,PC_GDP,5.2,,2026-07-21T11:00:00+0200
DE,Germany,2012,P51G,Gross fixed capital formation,MIO_EUR,69037,,2026-07-21T11:00:00+0200
DE,Germany,2012,P51G,Gross fixed capital formation,PC_GDP,2.5,,2026-07-21T11:00:00+0200
DE,Germany,2012,TE,Total general government expenditure,MIO_EUR,1262507,,2026-07-21T11:00:00+0200
DE,Germany,2012,TE,Total general government expenditure,PC_GDP,45.1,,2026-07-21T11:00:00+0200
DE,Germany,2012,TR,Total general government revenue,MIO_EUR,1260986,,2026-07-21T11:00:00+0200
DE,Germany,2012,TR,Total general government revenue,PC_GDP,45,,2026-07-21T11:00:00+0200
DE,Germany,2013,B9,Net lending (+)/net borrowing (-),MIO_EUR,3512,,2026-07-21T11:00:00+0200
DE,Germany,2013,B9,Net lending (+)/net borrowing (-),PC_GDP,0.1,,2026-07-21T11:00:00+0200
DE,Germany,2013,D1PAY,"Compensation of employees, expenditure",MIO_EUR,228492,,2026-07-21T11:00:00+0200
DE,Germany,2013,D1PAY,"Compensation of employees, expenditure",PC_GDP,8,,2026-07-21T11:00:00+0200
DE,Germany,2013,D2REC,"Taxes on production and imports, revenue",MIO_EUR,325968,,2026-07-21T11:00:00+0200
DE,Germany,2013,D2REC,"Taxes on production and imports, revenue",PC_GDP,11.4,,2026-07-21T11:00:00+0200
DE,Germany,2013,D3PAY,"Subsidies, expenditure",MIO_EUR,37607,,2026-07-21T11:00:00+0200
DE,Germany,2013,D3PAY,"Subsidies, expenditure",PC_GDP,1.3,,2026-07-21T11:00:00+0200
DE,Germany,2013,D41PAY,"Interest, expenditure",MIO_EUR,51902,,2026-07-21T11:00:00+0200
DE,Germany,2013,D41PAY,"Interest, expenditure",PC_GDP,1.8,,2026-07-21T11:00:00+0200
DE,Germany,2013,D5REC,"Current taxes on income, wealth, etc., revenue",MIO_EUR,340391,,2026-07-21T11:00:00+0200
DE,Germany,2013,D5REC,"Current taxes on income, wealth, etc., revenue",PC_GDP,11.9,,2026-07-21T11:00:00+0200
DE,Germany,2013,D61REC,"Net social contributions, revenue",MIO_EUR,465363,,2026-07-21T11:00:00+0200
DE,Germany,2013,D61REC,"Net social contributions, revenue",PC_GDP,16.2,,2026-07-21T11:00:00+0200
DE,Germany,2013,D62PAY,"Social benefits other than social transfers in kind, expenditure",MIO_EUR,440113,,2026-07-21T11:00:00+0200
DE,Germany,2013,D62PAY,"Social benefits other than social transfers in kind, expenditure",PC_GDP,15.4,,2026-07-21T11:00:00+0200
DE,Germany,2013,D632PAY,"Social transfers in kind, purchased market production, expenditure",MIO_EUR,225107,,2026-07-21T11:00:00+0200
DE,Germany,2013,D632PAY,"Social transfers in kind, purchased market production, expenditure",PC_GDP,7.9,,2026-07-21T11:00:00+0200
DE,Germany,2013,D91REC,"Capital taxes, revenue",MIO_EUR,4632,,2026-07-21T11:00:00+0200
DE,Germany,2013,D91REC,"Capital taxes, revenue",PC_GDP,0.2,,2026-07-21T11:00:00+0200
DE,Germany,2013,D995REC,Capital transfers from general government to relevant sectors representing taxes and social contributions assessed but unlikely to be collected,MIO_EUR,,m,2026-07-21T11:00:00+0200
DE,Germany,2013,D995REC,Capital transfers from general government to relevant sectors representing taxes and social contributions assessed but unlikely to be collected,PC_GDP,,m,2026-07-21T11:00:00+0200
DE,Germany,2013,P2,Intermediate consumption,MIO_EUR,151856,,2026-07-21T11:00:00+0200
DE,Germany,2013,P2,Intermediate consumption,PC_GDP,5.3,,2026-07-21T11:00:00+0200
DE,Germany,2013,P51G,Gross fixed capital formation,MIO_EUR,69825,,2026-07-21T11:00:00+0200
DE,Germany,2013,P51G,Gross fixed capital formation,PC_GDP,2.4,,2026-07-21T11:00:00+0200
DE,Germany,2013,TE,Total general government expenditure,MIO_EUR,1294600,,2026-07-21T11:00:00+0200
DE,Germany,2013,TE,Total general government expenditure,PC_GDP,45.2,,2026-07-21T11:00:00+0200
DE,Germany,2013,TR,Total general government revenue,MIO_EUR,1298112,,2026-07-21T11:00:00+0200
DE,Germany,2013,TR,Total general government revenue,PC_GDP,45.3,,2026-07-21T11:00:00+0200
DE,Germany,2014,B9,Net lending (+)/net borrowing (-),MIO_EUR,21832,,2026-07-21T11:00:00+0200
DE,Germany,2014,B9,Net lending (+)/net borrowing (-),PC_GDP,0.7,,2026-07-21T11:00:00+0200
DE,Germany,2014,D1PAY,"Compensation of employees, expenditure",MIO_EUR,235816,,2026-07-21T11:00:00+0200
DE,Germany,2014,D1PAY,"Compensation of employees, expenditure",PC_GDP,7.9,,2026-07-21T11:00:00+0200
DE,Germany,2014,D2REC,"Taxes on production and imports, revenue",MIO_EUR,337783,,2026-07-21T11:00:00+0200
DE,Germany,2014,D2REC,"Taxes on production and imports, revenue",PC_GDP,11.3,,2026-07-21T11:00:00+0200
DE,Germany,2014,D3PAY,"Subsidies, expenditure",MIO_EUR,40584,,2026-07-21T11:00:00+0200
DE,Germany,2014,D3PAY,"Subsidies, expenditure",PC_GDP,1.4,,2026-07-21T11:00:00+0200
DE,Germany,2014,D41PAY,"Interest, expenditure",MIO_EUR,47547,,2026-07-21T11:00:00+0200
DE,Germany,2014,D41PAY,"Interest, expenditure",PC_GDP,1.6,,2026-07-21T11:00:00+0200
DE,Germany,2014,D5REC,"Current taxes on income, wealth, etc., revenue",MIO_EUR,353543,,2026-07-21T11:00:00+0200
DE,Germany,2014,D5REC,"Current taxes on income, wealth, etc., revenue",PC_GDP,11.8,,2026-07-21T11:00:00+0200
DE,Germany,2014,D61REC,"Net social contributions, revenue",MIO_EUR,482336,,2026-07-21T11:00:00+0200
DE,Germany,2014,D61REC,"Net social contributions, revenue",PC_GDP,16.2,,2026-07-21T11:00:00+0200
DE,Germany,2014,D62PAY,"Social benefits other than social transfers in kind, expenditure",MIO_EUR,452763,,2026-07-21T11:00:00+0200
DE,Germany,2014,D62PAY,"Social benefits other than social transfers in kind, expenditure",PC_GDP,15.2,,2026-07-21T11:00:00+0200
DE,Germany,2014,D632PAY,"Social transfers in kind, purchased market production, expenditure",MIO_EUR,237111,,2026-07-21T11:00:00+0200
DE,Germany,2014,D632PAY,"Social transfers in kind, purchased market production, expenditure",PC_GDP,7.9,,2026-07-21T11:00:00+0200
DE,Germany,2014,D91REC,"Capital taxes, revenue",MIO_EUR,5452,,2026-07-21T11:00:00+0200
DE,Germany,2014,D91REC,"Capital taxes, revenue",PC_GDP,0.2,,2026-07-21T11:00:00+0200
DE,Germany,2014,D995REC,Capital transfers from general government to relevant sectors representing taxes and social contributions assessed but unlikely to be collected,MIO_EUR,,m,2026-07-21T11:00:00+0200
DE,Germany,2014,D995REC,Capital transfers from general government to relevant sectors representing taxes and social contributions assessed but unlikely to be collected,PC_GDP,,m,2026-07-21T11:00:00+0200
DE,Germany,2014,P2,Intermediate consumption,MIO_EUR,157080,,2026-07-21T11:00:00+0200
DE,Germany,2014,P2,Intermediate consumption,PC_GDP,5.3,,2026-07-21T11:00:00+0200
DE,Germany,2014,P51G,Gross fixed capital formation,MIO_EUR,70127,,2026-07-21T11:00:00+0200
DE,Germany,2014,P51G,Gross fixed capital formation,PC_GDP,2.3,,2026-07-21T11:00:00+0200
DE,Germany,2014,TE,Total general government expenditure,MIO_EUR,1328332,,2026-07-21T11:00:00+0200
DE,Germany,2014,TE,Total general government expenditure,PC_GDP,44.5,,2026-07-21T11:00:00+0200
DE,Germany,2014,TR,Total general government revenue,MIO_EUR,1350164,,2026-07-21T11:00:00+0200
DE,Germany,2014,TR,Total general government revenue,PC_GDP,45.2,,2026-07-21T11:00:00+0200
DE,Germany,2015,B9,Net lending (+)/net borrowing (-),MIO_EUR,28239,,2026-07-21T11:00:00+0200
DE,Germany,2015,B9,Net lending (+)/net borrowing (-),PC_GDP,0.9,,2026-07-21T11:00:00+0200
DE,Germany,2015,D1PAY,"Compensation of employees, expenditure",MIO_EUR,241792,,2026-07-21T11:00:00+0200
DE,Germany,2015,D1PAY,"Compensation of employees, expenditure",PC_GDP,7.8,,2026-07-21T11:00:00+0200
DE,Germany,2015,D2REC,"Taxes on production and imports, revenue",MIO_EUR,349818,,2026-07-21T11:00:00+0200
DE,Germany,2015,D2REC,"Taxes on production and imports, revenue",PC_GDP,11.3,,2026-07-21T11:00:00+0200
DE,Germany,2015,D3PAY,"Subsidies, expenditure",MIO_EUR,43508,,2026-07-21T11:00:00+0200
DE,Germany,2015,D3PAY,"Subsidies, expenditure",PC_GDP,1.4,,2026-07-21T11:00:00+0200
DE,Germany,2015,D41PAY,"Interest, expenditure",MIO_EUR,42913,,2026-07-21T11:00:00+0200
DE,Germany,2015,D41PAY,"Interest, expenditure",PC_GDP,1.4,,2026-07-21T11:00:00+0200
DE,Germany,2015,D5REC,"Current taxes on income, wealth, etc., revenue",MIO_EUR,371654,,2026-07-21T11:00:00+0200
DE,Germany,2015,D5REC,"Current taxes on income, wealth, etc., revenue",PC_GDP,12,,2026-07-21T11:00:00+0200
DE,Germany,2015,D61REC,"Net social contributions, revenue",MIO_EUR,501157,,2026-07-21T11:00:00+0200
DE,Germany,2015,D61REC,"Net social contributions, revenue",PC_GDP,16.2,,2026-07-21T11:00:00+0200
DE,Germany,2015,D62PAY,"Social benefits other than social transfers in kind, expenditure",MIO_EUR,471572,,2026-07-21T11:00:00+0200
DE,Germany,2015,D62PAY,"Social benefits other than social transfers in kind, expenditure",PC_GDP,15.3,,2026-07-21T11:00:00+0200
DE,Germany,2015,D632PAY,"Social transfers in kind, purchased market production, expenditure",MIO_EUR,249048,,2026-07-21T11:00:00+0200
DE,Germany,2015,D632PAY,"Social transfers in kind, purchased market production, expenditure",PC_GDP,8.1,,2026-07-21T11:00:00+0200
DE,Germany,2015,D91REC,"Capital taxes, revenue",MIO_EUR,6290,,2026-07-21T11:00:00+0200
DE,Germany,2015,D91REC,"Capital taxes, revenue",PC_GDP,0.2,,2026-07-21T11:00:00+0200
DE,Germany,2015,D995REC,Capital transfers from general government to relevant sectors representing taxes and social contributions assessed but unlikely to be collected,MIO_EUR,,m,2026-07-21T11:00:00+0200
DE,Germany,2015,D995REC,Capital transfers from general government to relevant sectors representing taxes and social contributions assessed but unlikely to be collected,PC_GDP,,m,2026-07-21T11:00:00+0200
DE,Germany,2015,P2,Intermediate consumption,MIO_EUR,163692,,2026-07-21T11:00:00+0200
DE,Germany,2015,P2,Intermediate consumption,PC_GDP,5.3,,2026-07-21T11:00:00+0200
DE,Germany,2015,P51G,Gross fixed capital formation,MIO_EUR,73640,,2026-07-21T11:00:00+0200
DE,Germany,2015,P51G,Gross fixed capital formation,PC_GDP,2.4,,2026-07-21T11:00:00+0200
DE,Germany,2015,TE,Total general government expenditure,MIO_EUR,1373293,,2026-07-21T11:00:00+0200
DE,Germany,2015,TE,Total general government expenditure,PC_GDP,44.5,,2026-07-21T11:00:00+0200
DE,Germany,2015,TR,Total general government revenue,MIO_EUR,1401532,,2026-07-21T11:00:00+0200
DE,Germany,2015,TR,Total general government revenue,PC_GDP,45.4,,2026-07-21T11:00:00+0200
DE,Germany,2016,B9,Net lending (+)/net borrowing (-),MIO_EUR,36237,,2026-07-21T11:00:00+0200
DE,Germany,2016,B9,Net lending (+)/net borrowing (-),PC_GDP,1.1,,2026-07-21T11:00:00+0200
DE,Germany,2016,D1PAY,"Compensation of employees, expenditure",MIO_EUR,249872,,2026-07-21T11:00:00+0200
DE,Germany,2016,D1PAY,"Compensation of employees, expenditure",PC_GDP,7.8,,2026-07-21T11:00:00+0200
DE,Germany,2016,D2REC,"Taxes on production and imports, revenue",MIO_EUR,359160,,2026-07-21T11:00:00+0200
DE,Germany,2016,D2REC,"Taxes on production and imports, revenue",PC_GDP,11.2,,2026-07-21T11:00:00+0200
DE,Germany,2016,D3PAY,"Subsidies, expenditure",MIO_EUR,43476,,2026-07-21T11:00:00+0200
DE,Germany,2016,D3PAY,"Subsidies, expenditure",PC_GDP,1.4,,2026-07-21T11:00:00+0200
DE,Germany,2016,D41PAY,"Interest, expenditure",MIO_EUR,37888,,2026-07-21T11:00:00+0200
DE,Germany,2016,D41PAY,"Interest, expenditure",PC_GDP,1.2,,2026-07-21T11:00:00+0200
DE,Germany,2016,D5REC,"Current taxes on income, wealth, etc., revenue",MIO_EUR,397057,,2026-07-21T11:00:00+0200
DE,Germany,2016,D5REC,"Current taxes on income, wealth, etc., revenue",PC_GDP,12.4,,2026-07-21T11:00:00+0200
DE,Germany,2016,D61REC,"Net social contributions, revenue",MIO_EUR,524258,,2026-07-21T11:00:00+0200
DE,Germany,2016,D61REC,"Net social contributions, revenue",PC_GDP,16.4,,2026-07-21T11:00:00+0200
DE,Germany,2016,D62PAY,"Social benefits other than social transfers in kind, expenditure",MIO_EUR,489370,,2026-07-21T11:00:00+0200
DE,Germany,2016,D62PAY,"Social benefits other than social transfers in kind, expenditure",PC_GDP,15.3,,2026-07-21T11:00:00+0200
DE,Germany,2016,D632PAY,"Social transfers in kind, purchased market production, expenditure",MIO_EUR,263816,,2026-07-21T11:00:00+0200
DE,Germany,2016,D632PAY,"Social transfers in kind, purchased market production, expenditure",PC_GDP,8.3,,2026-07-21T11:00:00+0200
DE,Germany,2016,D91REC,"Capital taxes, revenue",MIO_EUR,7006,,2026-07-21T11:00:00+0200
DE,Germany,2016,D91REC,"Capital taxes, revenue",PC_GDP,0.2,,2026-07-21T11:00:00+0200
DE,Germany,2016,D995REC,Capital transfers from general government to relevant sectors representing taxes and social contributions assessed but unlikely to be collected,MIO_EUR,,m,2026-07-21T11:00:00+0200
DE,Germany,2016,D995REC,Capital transfers from general government to relevant sectors representing taxes and social contributions assessed but unlikely to be collected,PC_GDP,,m,2026-07-21T11:00:00+0200
DE,Germany,2016,P2,Intermediate consumption,MIO_EUR,173672,,2026-07-21T11:00:00+0200
DE,Germany,2016,P2,Intermediate consumption,PC_GDP,5.4,,2026-07-21T11:00:00+0200
DE,Germany,2016,P51G,Gross fixed capital formation,MIO_EUR,78084,,2026-07-21T11:00:00+0200
DE,Germany,2016,P51G,Gross fixed capital formation,PC_GDP,2.4,,2026-07-21T11:00:00+0200
DE,Germany,2016,TE,Total general government expenditure,MIO_EUR,1429256,,2026-07-21T11:00:00+0200
DE,Germany,2016,TE,Total general government expenditure,PC_GDP,44.7,,2026-07-21T11:00:00+0200
DE,Germany,2016,TR,Total general government revenue,MIO_EUR,1465493,,2026-07-21T11:00:00+0200
DE,Germany,2016,TR,Total general government revenue,PC_GDP,45.9,,2026-07-21T11:00:00+0200
DE,Germany,2017,B9,Net lending (+)/net borrowing (-),MIO_EUR,44571,,2026-07-21T11:00:00+0200
DE,Germany,2017,B9,Net lending (+)/net borrowing (-),PC_GDP,1.3,,2026-07-21T11:00:00+0200
DE,Germany,2017,D1PAY,"Compensation of employees, expenditure",MIO_EUR,260376,,2026-07-21T11:00:00+0200
DE,Germany,2017,D1PAY,"Compensation of employees, expenditure",PC_GDP,7.8,,2026-07-21T11:00:00+0200
DE,Germany,2017,D2REC,"Taxes on production and imports, revenue",MIO_EUR,371778,,2026-07-21T11:00:00+0200
DE,Germany,2017,D2REC,"Taxes on production and imports, revenue",PC_GDP,11.2,,2026-07-21T11:00:00+0200
DE,Germany,2017,D3PAY,"Subsidies, expenditure",MIO_EUR,44038,,2026-07-21T11:00:00+0200
DE,Germany,2017,D3PAY,"Subsidies, expenditure",PC_GDP,1.3,,2026-07-21T11:00:00+0200
DE,Germany,2017,D41PAY,"Interest, expenditure",MIO_EUR,34489,,2026-07-21T11:00:00+0200
DE,Germany,2017,D41PAY,"Interest, expenditure",PC_GDP,1,,2026-07-21T11:00:00+0200
DE,Germany,2017,D5REC,"Current taxes on income, wealth, etc., revenue",MIO_EUR,421401,,2026-07-21T11:00:00+0200
DE,Germany,2017,D5REC,"Current taxes on income, wealth, etc., revenue",PC_GDP,12.6,,2026-07-21T11:00:00+0200
DE,Germany,2017,D61REC,"Net social contributions, revenue",MIO_EUR,549481,,2026-07-21T11:00:00+0200
DE,Germany,2017,D61REC,"Net social contributions, revenue",PC_GDP,16.5,,2026-07-21T11:00:00+0200
DE,Germany,2017,D62PAY,"Social benefits other than social transfers in kind, expenditure",MIO_EUR,509573,,2026-07-21T11:00:00+0200
DE,Germany,2017,D62PAY,"Social benefits other than social transfers in kind, expenditure",PC_GDP,15.3,,2026-07-21T11:00:00+0200
DE,Germany,2017,D632PAY,"Social transfers in kind, purchased market production, expenditure",MIO_EUR,273689,,2026-07-21T11:00:00+0200
DE,Germany,2017,D632PAY,"Social transfers in kind, purchased market production, expenditure",PC_GDP,8.2,,2026-07-21T11:00:00+0200
DE,Germany,2017,D91REC,"Capital taxes, revenue",MIO_EUR,6114,,2026-07-21T11:00:00+0200
DE,Germany,2017,D91REC,"Capital taxes, revenue",PC_GDP,0.2,,2026-07-21T11:00:00+0200
DE,Germany,2017,D995REC,Capital transfers from general government to relevant sectors representing taxes and social contributions assessed but unlikely to be collected,MIO_EUR,,m,2026-07-21T11:00:00+0200
DE,Germany,2017,D995REC,Capital transfers from general government to relevant sectors representing taxes and social contributions assessed but unlikely to be collected,PC_GDP,,m,2026-07-21T11:00:00+0200
DE,Germany,2017,P2,Intermediate consumption,MIO_EUR,181054,,2026-07-21T11:00:00+0200
DE,Germany,2017,P2,Intermediate consumption,PC_GDP,5.4,,2026-07-21T11:00:00+0200
DE,Germany,2017,P51G,Gross fixed capital formation,MIO_EUR,82833,,2026-07-21T11:00:00+0200
DE,Germany,2017,P51G,Gross fixed capital formation,PC_GDP,2.5,,2026-07-21T11:00:00+0200
DE,Germany,2017,TE,Total general government expenditure,MIO_EUR,1484552,,2026-07-21T11:00:00+0200
DE,Germany,2017,TE,Total general government expenditure,PC_GDP,44.5,,2026-07-21T11:00:00+0200
DE,Germany,2017,TR,Total general government revenue,MIO_EUR,1529123,,2026-07-21T11:00:00+0200
DE,Germany,2017,TR,Total general government revenue,PC_GDP,45.9,,2026-07-21T11:00:00+0200
DE,Germany,2018,B9,Net lending (+)/net borrowing (-),MIO_EUR,64667,,2026-07-21T11:00:00+0200
DE,Germany,2018,B9,Net lending (+)/net borrowing (-),PC_GDP,1.9,,2026-07-21T11:00:00+0200
DE,Germany,2018,D1PAY,"Compensation of employees, expenditure",MIO_EUR,270716,,2026-07-21T11:00:00+0200
DE,Germany,2018,D1PAY,"Compensation of employees, expenditure",PC_GDP,7.9,,2026-07-21T11:00:00+0200
DE,Germany,2018,D2REC,"Taxes on production and imports, revenue",MIO_EUR,381400,,2026-07-21T11:00:00+0200
DE,Germany,2018,D2REC,"Taxes on production and imports, revenue",PC_GDP,11.1,,2026-07-21T11:00:00+0200
DE,Germany,2018,D3PAY,"Subsidies, expenditure",MIO_EUR,43634,,2026-07-21T11:00:00+0200
DE,Germany,2018,D3PAY,"Subsidies, expenditure",PC_GDP,1.3,,2026-07-21T11:00:00+0200
DE,Germany,2018,D41PAY,"Interest, expenditure",MIO_EUR,31787,,2026-07-21T11:00:00+0200
DE,Germany,2018,D41PAY,"Interest, expenditure",PC_GDP,0.9,,2026-07-21T11:00:00+0200
DE,Germany,2018,D5REC,"Current taxes on income, wealth, etc., revenue",MIO_EUR,444666,,2026-07-21T11:00:00+0200
DE,Germany,2018,D5REC,"Current taxes on income, wealth, etc., revenue",PC_GDP,12.9,,2026-07-21T11:00:00+0200
DE,Germany,2018,D61REC,"Net social contributions, revenue",MIO_EUR,572583,,2026-07-21T11:00:00+0200
DE,Germany,2018,D61REC,"Net social contributions, revenue",PC_GDP,16.7,,2026-07-21T11:00:00+0200
DE,Germany,2018,D62PAY,"Social benefits other than social transfers in kind, expenditure",MIO_EUR,523248,,2026-07-21T11:00:00+0200
DE,Germany,2018,D62PAY,"Social benefits other than social transfers in kind, expenditure",PC_GDP,15.2,,2026-07-21T11:00:00+0200
DE,Germany,2018,D632PAY,"Social transfers in kind, purchased market production, expenditure",MIO_EUR,280648,,2026-07-21T11:00:00+0200
DE,Germany,2018,D632PAY,"Social transfers in kind, purchased market production, expenditure",PC_GDP,8.2,,2026-07-21T11:00:00+0200
DE,Germany,2018,D91REC,"Capital taxes, revenue",MIO_EUR,6812,,2026-07-21T11:00:00+0200
DE,Germany,2018,D91REC,"Capital taxes, revenue",PC_GDP,0.2,,2026-07-21T11:00:00+0200
DE,Germany,2018,D995REC,Capital transfers from general government to relevant sectors representing taxes and social contributions assessed but unlikely to be collected,MIO_EUR,,m,2026-07-21T11:00:00+0200
DE,Germany,2018,D995REC,Capital transfers from general government to relevant sectors representing taxes and social contributions assessed but unlikely to be collected,PC_GDP,,m,2026-07-21T11:00:00+0200
DE,Germany,2018,P2,Intermediate consumption,MIO_EUR,188173,,2026-07-21T11:00:00+0200
DE,Germany,2018,P2,Intermediate consumption,PC_GDP,5.5,,2026-07-21T11:00:00+0200
DE,Germany,2018,P51G,Gross fixed capital formation,MIO_EUR,90882,,2026-07-21T11:00:00+0200
DE,Germany,2018,P51G,Gross fixed capital formation,PC_GDP,2.6,,2026-07-21T11:00:00+0200
DE,Germany,2018,TE,Total general government expenditure,MIO_EUR,1533328,,2026-07-21T11:00:00+0200
DE,Germany,2018,TE,Total general government expenditure,PC_GDP,44.7,,2026-07-21T11:00:00+0200
DE,Germany,2018,TR,Total general government revenue,MIO_EUR,1597995,,2026-07-21T11:00:00+0200
DE,Germany,2018,TR,Total general government revenue,PC_GDP,46.5,,2026-07-21T11:00:00+0200
DE,Germany,2019,B9,Net lending (+)/net borrowing (-),MIO_EUR,46949,,2026-07-21T11:00:00+0200
DE,Germany,2019,B9,Net lending (+)/net borrowing (-),PC_GDP,1.3,,2026-07-21T11:00:00+0200
DE,Germany,2019,D1PAY,"Compensation of employees, expenditure",MIO_EUR,285100,,2026-07-21T11:00:00+0200
DE,Germany,2019,D1PAY,"Compensation of employees, expenditure",PC_GDP,8.1,,2026-07-21T11:00:00+0200
DE,Germany,2019,D2REC,"Taxes on production and imports, revenue",MIO_EUR,394384,,2026-07-21T11:00:00+0200
DE,Germany,2019,D2REC,"Taxes on production and imports, revenue",PC_GDP,11.1,,2026-07-21T11:00:00+0200
DE,Germany,2019,D3PAY,"Subsidies, expenditure",MIO_EUR,48518,,2026-07-21T11:00:00+0200
DE,Germany,2019,D3PAY,"Subsidies, expenditure",PC_GDP,1.4,,2026-07-21T11:00:00+0200
DE,Germany,2019,D41PAY,"Interest, expenditure",MIO_EUR,28052,,2026-07-21T11:00:00+0200
DE,Germany,2019,D41PAY,"Interest, expenditure",PC_GDP,0.8,,2026-07-21T11:00:00+0200
DE,Germany,2019,D5REC,"Current taxes on income, wealth, etc., revenue",MIO_EUR,457902,,2026-07-21T11:00:00+0200
DE,Germany,2019,D5REC,"Current taxes on income, wealth, etc., revenue",PC_GDP,12.9,,2026-07-21T11:00:00+0200
DE,Germany,2019,D61REC,"Net social contributions, revenue",MIO_EUR,598227,,2026-07-21T11:00:00+0200
DE,Germany,2019,D61REC,"Net social contributions, revenue",PC_GDP,16.9,,2026-07-21T11:00:00+0200
DE,Germany,2019,D62PAY,"Social benefits other than social transfers in kind, expenditure",MIO_EUR,549967,,2026-07-21T11:00:00+0200
DE,Germany,2019,D62PAY,"Social benefits other than social transfers in kind, expenditure",PC_GDP,15.5,,2026-07-21T11:00:00+0200
DE,Germany,2019,D632PAY,"Social transfers in kind, purchased market production, expenditure",MIO_EUR,294590,,2026-07-21T11:00:00+0200
DE,Germany,2019,D632PAY,"Social transfers in kind, purchased market production, expenditure",PC_GDP,8.3,,2026-07-21T11:00:00+0200
DE,Germany,2019,D91REC,"Capital taxes, revenue",MIO_EUR,6987,,2026-07-21T11:00:00+0200
DE,Germany,2019,D91REC,"Capital taxes, revenue",PC_GDP,0.2,,2026-07-21T11:00:00+0200
DE,Germany,2019,D995REC,Capital transfers from general government to relevant sectors representing taxes and social contributions assessed but unlikely to be collected,MIO_EUR,,m,2026-07-21T11:00:00+0200
DE,Germany,2019,D995REC,Capital transfers from general government to relevant sectors representing taxes and social contributions assessed but unlikely to be collected,PC_GDP,,m,2026-07-21T11:00:00+0200
DE,Germany,2019,P2,Intermediate consumption,MIO_EUR,199498,,2026-07-21T11:00:00+0200
DE,Germany,2019,P2,Intermediate consumption,PC_GDP,5.6,,2026-07-21T11:00:00+0200
DE,Germany,2019,P51G,Gross fixed capital formation,MIO_EUR,95637,,2026-07-21T11:00:00+0200
DE,Germany,2019,P51G,Gross fixed capital formation,PC_GDP,2.7,,2026-07-21T11:00:00+0200
DE,Germany,2019,TE,Total general government expenditure,MIO_EUR,1610615,,2026-07-21T11:00:00+0200
DE,Germany,2019,TE,Total general government expenditure,PC_GDP,45.5,,2026-07-21T11:00:00+0200
DE,Germany,2019,TR,Total general government revenue,MIO_EUR,1657564,,2026-07-21T11:00:00+0200
DE,Germany,2019,TR,Total general government revenue,PC_GDP,46.9,,2026-07-21T11:00:00+0200
DE,Germany,2020,B9,Net lending (+)/net borrowing (-),MIO_EUR,-151131,,2026-07-21T11:00:00+0200
DE,Germany,2020,B9,Net lending (+)/net borrowing (-),PC_GDP,-4.4,,2026-07-21T11:00:00+0200
DE,Germany,2020,D1PAY,"Compensation of employees, expenditure",MIO_EUR,296745,,2026-07-21T11:00:00+0200
DE,Germany,2020,D1PAY,"Compensation of employees, expenditure",PC_GDP,8.6,,2026-07-21T11:00:00+0200
DE,Germany,2020,D2REC,"Taxes on production and imports, revenue",MIO_EUR,371274,,2026-07-21T11:00:00+0200
DE,Germany,2020,D2REC,"Taxes on production and imports, revenue",PC_GDP,10.8,,2026-07-21T11:00:00+0200
DE,Germany,2020,D3PAY,"Subsidies, expenditure",MIO_EUR,93752,,2026-07-21T11:00:00+0200
DE,Germany,2020,D3PAY,"Subsidies, expenditure",PC_GDP,2.7,,2026-07-21T11:00:00+0200
DE,Germany,2020,D41PAY,"Interest, expenditure",MIO_EUR,22390,,2026-07-21T11:00:00+0200
DE,Germany,2020,D41PAY,"Interest, expenditure",PC_GDP,0.6,,2026-07-21T11:00:00+0200
DE,Germany,2020,D5REC,"Current taxes on income, wealth, etc., revenue",MIO_EUR,428973,,2026-07-21T11:00:00+0200
DE,Germany,2020,D5REC,"Current taxes on income, wealth, etc., revenue",PC_GDP,12.4,,2026-07-21T11:00:00+0200
DE,Germany,2020,D61REC,"Net social contributions, revenue",MIO_EUR,608093,,2026-07-21T11:00:00+0200
DE,Germany,2020,D61REC,"Net social contributions, revenue",PC_GDP,17.6,,2026-07-21T11:00:00+0200
DE,Germany,2020,D62PAY,"Social benefits other than social transfers in kind, expenditure",MIO_EUR,595429,,2026-07-21T11:00:00+0200
DE,Germany,2020,D62PAY,"Social benefits other than social transfers in kind, expenditure",PC_GDP,17.3,,2026-07-21T11:00:00+0200
DE,Germany,2020,D632PAY,"Social transfers in kind, purchased market production, expenditure",MIO_EUR,304911,,2026-07-21T11:00:00+0200
DE,Germany,2020,D632PAY,"Social transfers in kind, purchased market production, expenditure",PC_GDP,8.8,,2026-07-21T11:00:00+0200
DE,Germany,2020,D91REC,"Capital taxes, revenue",MIO_EUR,8657,,2026-07-21T11:00:00+0200
DE,Germany,2020,D91REC,"Capital taxes, revenue",PC_GDP,0.3,,2026-07-21T11:00:00+0200
DE,Germany,2020,D995REC,Capital transfers from general government to relevant sectors representing taxes and social contributions assessed but unlikely to be collected,MIO_EUR,,m,2026-07-21T11:00:00+0200
DE,Germany,2020,D995REC,Capital transfers from general government to relevant sectors representing taxes and social contributions assessed but unlikely to be collected,PC_GDP,,m,2026-07-21T11:00:00+0200
DE,Germany,2020,P2,Intermediate consumption,MIO_EUR,226880,,2026-07-21T11:00:00+0200
DE,Germany,2020,P2,Intermediate consumption,PC_GDP,6.6,,2026-07-21T11:00:00+0200
DE,Germany,2020,P51G,Gross fixed capital formation,MIO_EUR,104573,,2026-07-21T11:00:00+0200
DE,Germany,2020,P51G,Gross fixed capital formation,PC_GDP,3,,2026-07-21T11:00:00+0200
DE,Germany,2020,TE,Total general government expenditure,MIO_EUR,1763784,,2026-07-21T11:00:00+0200
DE,Germany,2020,TE,Total general government expenditure,PC_GDP,51.1,,2026-07-21T11:00:00+0200
DE,Germany,2020,TR,Total general government revenue,MIO_EUR,1612653,,2026-07-21T11:00:00+0200
DE,Germany,2020,TR,Total general government revenue,PC_GDP,46.7,,2026-07-21T11:00:00+0200
DE,Germany,2021,B9,Net lending (+)/net borrowing (-),MIO_EUR,-116630,,2026-07-21T11:00:00+0200
DE,Germany,2021,B9,Net lending (+)/net borrowing (-),PC_GDP,-3.2,,2026-07-21T11:00:00+0200
DE,Germany,2021,D1PAY,"Compensation of employees, expenditure",MIO_EUR,307246,,2026-07-21T11:00:00+0200
DE,Germany,2021,D1PAY,"Compensation of employees, expenditure",PC_GDP,8.3,,2026-07-21T11:00:00+0200
DE,Germany,2021,D2REC,"Taxes on production and imports, revenue",MIO_EUR,410673,,2026-07-21T11:00:00+0200
DE,Germany,2021,D2REC,"Taxes on production and imports, revenue",PC_GDP,11.2,,2026-07-21T11:00:00+0200
DE,Germany,2021,D3PAY,"Subsidies, expenditure",MIO_EUR,107428,,2026-07-21T11:00:00+0200
DE,Germany,2021,D3PAY,"Subsidies, expenditure",PC_GDP,2.9,,2026-07-21T11:00:00+0200
DE,Germany,2021,D41PAY,"Interest, expenditure",MIO_EUR,21756,,2026-07-21T11:00:00+0200
DE,Germany,2021,D41PAY,"Interest, expenditure",PC_GDP,0.6,,2026-07-21T11:00:00+0200
DE,Germany,2021,D5REC,"Current taxes on income, wealth, etc., revenue",MIO_EUR,486071,,2026-07-21T11:00:00+0200
DE,Germany,2021,D5REC,"Current taxes on income, wealth, etc., revenue",PC_GDP,13.2,,2026-07-21T11:00:00+0200
DE,Germany,2021,D61REC,"Net social contributions, revenue",MIO_EUR,632317,,2026-07-21T11:00:00+0200
DE,Germany,2021,D61REC,"Net social contributions, revenue",PC_GDP,17.2,,2026-07-21T11:00:00+0200
DE,Germany,2021,D62PAY,"Social benefits other than social transfers in kind, expenditure",MIO_EUR,610174,,2026-07-21T11:00:00+0200
DE,Germany,2021,D62PAY,"Social benefits other than social transfers in kind, expenditure",PC_GDP,16.6,,2026-07-21T11:00:00+0200
DE,Germany,2021,D632PAY,"Social transfers in kind, purchased market production, expenditure",MIO_EUR,328673,,2026-07-21T11:00:00+0200
DE,Germany,2021,D632PAY,"Social transfers in kind, purchased market production, expenditure",PC_GDP,8.9,,2026-07-21T11:00:00+0200
DE,Germany,2021,D91REC,"Capital taxes, revenue",MIO_EUR,9775,,2026-07-21T11:00:00+0200
DE,Germany,2021,D91REC,"Capital taxes, revenue",PC_GDP,0.3,,2026-07-21T11:00:00+0200
DE,Germany,2021,D995REC,Capital transfers from general government to relevant sectors representing taxes and social contributions assessed but unlikely to be collected,MIO_EUR,,m,2026-07-21T11:00:00+0200
DE,Germany,2021,D995REC,Capital transfers from general government to relevant sectors representing taxes and social contributions assessed but unlikely to be collected,PC_GDP,,m,2026-07-21T11:00:00+0200
DE,Germany,2021,P2,Intermediate consumption,MIO_EUR,243732,,2026-07-21T11:00:00+0200
DE,Germany,2021,P2,Intermediate consumption,PC_GDP,6.6,,2026-07-21T11:00:00+0200
DE,Germany,2021,P51G,Gross fixed capital formation,MIO_EUR,105681,,2026-07-21T11:00:00+0200
DE,Germany,2021,P51G,Gross fixed capital formation,PC_GDP,2.9,,2026-07-21T11:00:00+0200
DE,Germany,2021,TE,Total general government expenditure,MIO_EUR,1865819,,2026-07-21T11:00:00+0200
DE,Germany,2021,TE,Total general government expenditure,PC_GDP,50.7,,2026-07-21T11:00:00+0200
DE,Germany,2021,TR,Total general government revenue,MIO_EUR,1749189,,2026-07-21T11:00:00+0200
DE,Germany,2021,TR,Total general government revenue,PC_GDP,47.5,,2026-07-21T11:00:00+0200
DE,Germany,2022,B9,Net lending (+)/net borrowing (-),MIO_EUR,-76138,,2026-07-21T11:00:00+0200
DE,Germany,2022,B9,Net lending (+)/net borrowing (-),PC_GDP,-1.9,,2026-07-21T11:00:00+0200
DE,Germany,2022,D1PAY,"Compensation of employees, expenditure",MIO_EUR,321255,,2026-07-21T11:00:00+0200
DE,Germany,2022,D1PAY,"Compensation of employees, expenditure",PC_GDP,8.1,,2026-07-21T11:00:00+0200
DE,Germany,2022,D2REC,"Taxes on production and imports, revenue",MIO_EUR,434309,,2026-07-21T11:00:00+0200
DE,Germany,2022,D2REC,"Taxes on production and imports, revenue",PC_GDP,10.9,,2026-07-21T11:00:00+0200
DE,Germany,2022,D3PAY,"Subsidies, expenditure",MIO_EUR,60135,,2026-07-21T11:00:00+0200
DE,Germany,2022,D3PAY,"Subsidies, expenditure",PC_GDP,1.5,,2026-07-21T11:00:00+0200
DE,Germany,2022,D41PAY,"Interest, expenditure",MIO_EUR,28018,,2026-07-21T11:00:00+0200
DE,Germany,2022,D41PAY,"Interest, expenditure",PC_GDP,0.7,,2026-07-21T11:00:00+0200
DE,Germany,2022,D5REC,"Current taxes on income, wealth, etc., revenue",MIO_EUR,531065,,2026-07-21T11:00:00+0200
DE,Germany,2022,D5REC,"Current taxes on income, wealth, etc., revenue",PC_GDP,13.3,,2026-07-21T11:00:00+0200
DE,Germany,2022,D61REC,"Net social contributions, revenue",MIO_EUR,667261,,2026-07-21T11:00:00+0200
DE,Germany,2022,D61REC,"Net social contributions, revenue",PC_GDP,16.7,,2026-07-21T11:00:00+0200
DE,Germany,2022,D62PAY,"Social benefits other than social transfers in kind, expenditure",MIO_EUR,617862,,2026-07-21T11:00:00+0200
DE,Germany,2022,D62PAY,"Social benefits other than social transfers in kind, expenditure",PC_GDP,15.5,,2026-07-21T11:00:00+0200
DE,Germany,2022,D632PAY,"Social transfers in kind, purchased market production, expenditure",MIO_EUR,350359,,2026-07-21T11:00:00+0200
DE,Germany,2022,D632PAY,"Social transfers in kind, purchased market production, expenditure",PC_GDP,8.8,,2026-07-21T11:00:00+0200
DE,Germany,2022,D91REC,"Capital taxes, revenue",MIO_EUR,9226,,2026-07-21T11:00:00+0200
DE,Germany,2022,D91REC,"Capital taxes, revenue",PC_GDP,0.2,,2026-07-21T11:00:00+0200
DE,Germany,2022,D995REC,Capital transfers from general government to relevant sectors representing taxes and social contributions assessed but unlikely to be collected,MIO_EUR,,m,2026-07-21T11:00:00+0200
DE,Germany,2022,D995REC,Capital transfers from general government to relevant sectors representing taxes and social contributions assessed but unlikely to be collected,PC_GDP,,m,2026-07-21T11:00:00+0200
DE,Germany,2022,P2,Intermediate consumption,MIO_EUR,257101,,2026-07-21T11:00:00+0200
DE,Germany,2022,P2,Intermediate consumption,PC_GDP,6.4,,2026-07-21T11:00:00+0200
DE,Germany,2022,P51G,Gross fixed capital formation,MIO_EUR,114699,,2026-07-21T11:00:00+0200
DE,Germany,2022,P51G,Gross fixed capital formation,PC_GDP,2.9,,2026-07-21T11:00:00+0200
DE,Germany,2022,TE,Total general government expenditure,MIO_EUR,1939208,,2026-07-21T11:00:00+0200
DE,Germany,2022,TE,Total general government expenditure,PC_GDP,48.6,,2026-07-21T11:00:00+0200
DE,Germany,2022,TR,Total general government revenue,MIO_EUR,1863070,,2026-07-21T11:00:00+0200
DE,Germany,2022,TR,Total general government revenue,PC_GDP,46.7,,2026-07-21T11:00:00+0200
DE,Germany,2023,B9,Net lending (+)/net borrowing (-),MIO_EUR,-105249,,2026-07-21T11:00:00+0200
DE,Germany,2023,B9,Net lending (+)/net borrowing (-),PC_GDP,-2.5,,2026-07-21T11:00:00+0200
DE,Germany,2023,D1PAY,"Compensation of employees, expenditure",MIO_EUR,340501,,2026-07-21T11:00:00+0200
DE,Germany,2023,D1PAY,"Compensation of employees, expenditure",PC_GDP,8.1,,2026-07-21T11:00:00+0200
DE,Germany,2023,D2REC,"Taxes on production and imports, revenue",MIO_EUR,428710,,2026-07-21T11:00:00+0200
DE,Germany,2023,D2REC,"Taxes on production and imports, revenue",PC_GDP,10.2,,2026-07-21T11:00:00+0200
DE,Germany,2023,D3PAY,"Subsidies, expenditure",MIO_EUR,82843,,2026-07-21T11:00:00+0200
DE,Germany,2023,D3PAY,"Subsidies, expenditure",PC_GDP,2,,2026-07-21T11:00:00+0200
DE,Germany,2023,D41PAY,"Interest, expenditure",MIO_EUR,36848,,2026-07-21T11:00:00+0200
DE,Germany,2023,D41PAY,"Interest, expenditure",PC_GDP,0.9,,2026-07-21T11:00:00+0200
DE,Germany,2023,D5REC,"Current taxes on income, wealth, etc., revenue",MIO_EUR,533331,,2026-07-21T11:00:00+0200
DE,Germany,2023,D5REC,"Current taxes on income, wealth, etc., revenue",PC_GDP,12.6,,2026-07-21T11:00:00+0200
DE,Germany,2023,D61REC,"Net social contributions, revenue",MIO_EUR,710828,,2026-07-21T11:00:00+0200
DE,Germany,2023,D61REC,"Net social contributions, revenue",PC_GDP,16.8,,2026-07-21T11:00:00+0200
DE,Germany,2023,D62PAY,"Social benefits other than social transfers in kind, expenditure",MIO_EUR,660733,,2026-07-21T11:00:00+0200
DE,Germany,2023,D62PAY,"Social benefits other than social transfers in kind, expenditure",PC_GDP,15.7,,2026-07-21T11:00:00+0200
DE,Germany,2023,D632PAY,"Social transfers in kind, purchased market production, expenditure",MIO_EUR,357997,,2026-07-21T11:00:00+0200
DE,Germany,2023,D632PAY,"Social transfers in kind, purchased market production, expenditure",PC_GDP,8.5,,2026-07-21T11:00:00+0200
DE,Germany,2023,D91REC,"Capital taxes, revenue",MIO_EUR,9285,,2026-07-21T11:00:00+0200
DE,Germany,2023,D91REC,"Capital taxes, revenue",PC_GDP,0.2,,2026-07-21T11:00:00+0200
DE,Germany,2023,D995REC,Capital transfers from general government to relevant sectors representing taxes and social contributions assessed but unlikely to be collected,MIO_EUR,,m,2026-07-21T11:00:00+0200
DE,Germany,2023,D995REC,Capital transfers from general government to relevant sectors representing taxes and social contributions assessed but unlikely to be collected,PC_GDP,,m,2026-07-21T11:00:00+0200
DE,Germany,2023,P2,Intermediate consumption,MIO_EUR,265841,,2026-07-21T11:00:00+0200
DE,Germany,2023,P2,Intermediate consumption,PC_GDP,6.3,,2026-07-21T11:00:00+0200
DE,Germany,2023,P51G,Gross fixed capital formation,MIO_EUR,121483,,2026-07-21T11:00:00+0200
DE,Germany,2023,P51G,Gross fixed capital formation,PC_GDP,2.9,,2026-07-21T11:00:00+0200
DE,Germany,2023,TE,Total general government expenditure,MIO_EUR,2031433,,2026-07-21T11:00:00+0200
DE,Germany,2023,TE,Total general government expenditure,PC_GDP,48.1,,2026-07-21T11:00:00+0200
DE,Germany,2023,TR,Total general government revenue,MIO_EUR,1926184,,2026-07-21T11:00:00+0200
DE,Germany,2023,TR,Total general government revenue,PC_GDP,45.7,,2026-07-21T11:00:00+0200
DE,Germany,2024,B9,Net lending (+)/net borrowing (-),MIO_EUR,-115295,,2026-07-21T11:00:00+0200
DE,Germany,2024,B9,Net lending (+)/net borrowing (-),PC_GDP,-2.7,,2026-07-21T11:00:00+0200
DE,Germany,2024,D1PAY,"Compensation of employees, expenditure",MIO_EUR,357317,,2026-07-21T11:00:00+0200
DE,Germany,2024,D1PAY,"Compensation of employees, expenditure",PC_GDP,8.3,,2026-07-21T11:00:00+0200
DE,Germany,2024,D2REC,"Taxes on production and imports, revenue",MIO_EUR,443779,,2026-07-21T11:00:00+0200
DE,Germany,2024,D2REC,"Taxes on production and imports, revenue",PC_GDP,10.3,,2026-07-21T11:00:00+0200
DE,Germany,2024,D3PAY,"Subsidies, expenditure",MIO_EUR,54206,,2026-07-21T11:00:00+0200
DE,Germany,2024,D3PAY,"Subsidies, expenditure",PC_GDP,1.3,,2026-07-21T11:00:00+0200
DE,Germany,2024,D41PAY,"Interest, expenditure",MIO_EUR,45828,,2026-07-21T11:00:00+0200
DE,Germany,2024,D41PAY,"Interest, expenditure",PC_GDP,1.1,,2026-07-21T11:00:00+0200
DE,Germany,2024,D5REC,"Current taxes on income, wealth, etc., revenue",MIO_EUR,552833,,2026-07-21T11:00:00+0200
DE,Germany,2024,D5REC,"Current taxes on income, wealth, etc., revenue",PC_GDP,12.8,,2026-07-21T11:00:00+0200
DE,Germany,2024,D61REC,"Net social contributions, revenue",MIO_EUR,756551,,2026-07-21T11:00:00+0200
DE,Germany,2024,D61REC,"Net social contributions, revenue",PC_GDP,17.5,,2026-07-21T11:00:00+0200
DE,Germany,2024,D62PAY,"Social benefits other than social transfers in kind, expenditure",MIO_EUR,709523,,2026-07-21T11:00:00+0200
DE,Germany,2024,D62PAY,"Social benefits other than social transfers in kind, expenditure",PC_GDP,16.4,,2026-07-21T11:00:00+0200
DE,Germany,2024,D632PAY,"Social transfers in kind, purchased market production, expenditure",MIO_EUR,386591,,2026-07-21T11:00:00+0200
DE,Germany,2024,D632PAY,"Social transfers in kind, purchased market production, expenditure",PC_GDP,8.9,,2026-07-21T11:00:00+0200
DE,Germany,2024,D91REC,"Capital taxes, revenue",MIO_EUR,9991,,2026-07-21T11:00:00+0200
DE,Germany,2024,D91REC,"Capital taxes, revenue",PC_GDP,0.2,,2026-07-21T11:00:00+0200
DE,Germany,2024,D995REC,Capital transfers from general government to relevant sectors representing taxes and social contributions assessed but unlikely to be collected,MIO_EUR,,m,2026-07-21T11:00:00+0200
DE,Germany,2024,D995REC,Capital transfers from general government to relevant sectors representing taxes and social contributions assessed but unlikely to be collected,PC_GDP,,m,2026-07-21T11:00:00+0200
DE,Germany,2024,P2,Intermediate consumption,MIO_EUR,280393,,2026-07-21T11:00:00+0200
DE,Germany,2024,P2,Intermediate consumption,PC_GDP,6.5,,2026-07-21T11:00:00+0200
DE,Germany,2024,P51G,Gross fixed capital formation,MIO_EUR,132292,,2026-07-21T11:00:00+0200
DE,Germany,2024,P51G,Gross fixed capital formation,PC_GDP,3.1,,2026-07-21T11:00:00+0200
DE,Germany,2024,TE,Total general government expenditure,MIO_EUR,2139717,,2026-07-21T11:00:00+0200
DE,Germany,2024,TE,Total general government expenditure,PC_GDP,49.4,,2026-07-21T11:00:00+0200
DE,Germany,2024,TR,Total general government revenue,MIO_EUR,2024422,,2026-07-21T11:00:00+0200
DE,Germany,2024,TR,Total general government revenue,PC_GDP,46.8,,2026-07-21T11:00:00+0200
DE,Germany,2025,B9,Net lending (+)/net borrowing (-),MIO_EUR,-119147,,2026-07-21T11:00:00+0200
DE,Germany,2025,B9,Net lending (+)/net borrowing (-),PC_GDP,-2.7,,2026-07-21T11:00:00+0200
DE,Germany,2025,D1PAY,"Compensation of employees, expenditure",MIO_EUR,384274,,2026-07-21T11:00:00+0200
DE,Germany,2025,D1PAY,"Compensation of employees, expenditure",PC_GDP,8.6,,2026-07-21T11:00:00+0200
DE,Germany,2025,D2REC,"Taxes on production and imports, revenue",MIO_EUR,460131,,2026-07-21T11:00:00+0200
DE,Germany,2025,D2REC,"Taxes on production and imports, revenue",PC_GDP,10.3,,2026-07-21T11:00:00+0200
DE,Germany,2025,D3PAY,"Subsidies, expenditure",MIO_EUR,53867,,2026-07-21T11:00:00+0200
DE,Germany,2025,D3PAY,"Subsidies, expenditure",PC_GDP,1.2,,2026-07-21T11:00:00+0200
DE,Germany,2025,D41PAY,"Interest, expenditure",MIO_EUR,49544,,2026-07-21T11:00:00+0200
DE,Germany,2025,D41PAY,"Interest, expenditure",PC_GDP,1.1,,2026-07-21T11:00:00+0200
DE,Germany,2025,D5REC,"Current taxes on income, wealth, etc., revenue",MIO_EUR,571412,,2026-07-21T11:00:00+0200
DE,Germany,2025,D5REC,"Current taxes on income, wealth, etc., revenue",PC_GDP,12.8,,2026-07-21T11:00:00+0200
DE,Germany,2025,D61REC,"Net social contributions, revenue",MIO_EUR,822890,,2026-07-21T11:00:00+0200
DE,Germany,2025,D61REC,"Net social contributions, revenue",PC_GDP,18.4,,2026-07-21T11:00:00+0200
DE,Germany,2025,D62PAY,"Social benefits other than social transfers in kind, expenditure",MIO_EUR,749489,,2026-07-21T11:00:00+0200
DE,Germany,2025,D62PAY,"Social benefits other than social transfers in kind, expenditure",PC_GDP,16.8,,2026-07-21T11:00:00+0200
DE,Germany,2025,D632PAY,"Social transfers in kind, purchased market production, expenditure",MIO_EUR,414854,,2026-07-21T11:00:00+0200
DE,Germany,2025,D632PAY,"Social transfers in kind, purchased market production, expenditure",PC_GDP,9.3,,2026-07-21T11:00:00+0200
DE,Germany,2025,D91REC,"Capital taxes, revenue",MIO_EUR,15411,,2026-07-21T11:00:00+0200
DE,Germany,2025,D91REC,"Capital taxes, revenue",PC_GDP,0.3,,2026-07-21T11:00:00+0200
DE,Germany,2025,D995REC,Capital transfers from general government to relevant sectors representing taxes and social contributions assessed but unlikely to be collected,MIO_EUR,,m,2026-07-21T11:00:00+0200
DE,Germany,2025,D995REC,Capital transfers from general government to relevant sectors representing taxes and social contributions assessed but unlikely to be collected,PC_GDP,,m,2026-07-21T11:00:00+0200
DE,Germany,2025,P2,Intermediate consumption,MIO_EUR,289128,,2026-07-21T11:00:00+0200
DE,Germany,2025,P2,Intermediate consumption,PC_GDP,6.5,,2026-07-21T11:00:00+0200
DE,Germany,2025,P51G,Gross fixed capital formation,MIO_EUR,145352,,2026-07-21T11:00:00+0200
DE,Germany,2025,P51G,Gross fixed capital formation,PC_GDP,3.3,,2026-07-21T11:00:00+0200
DE,Germany,2025,TE,Total general government expenditure,MIO_EUR,2259341,,2026-07-21T11:00:00+0200
DE,Germany,2025,TE,Total general government expenditure,PC_GDP,50.5,,2026-07-21T11:00:00+0200
DE,Germany,2025,TR,Total general government revenue,MIO_EUR,2140194,,2026-07-21T11:00:00+0200
DE,Germany,2025,TR,Total general government revenue,PC_GDP,47.9,,2026-07-21T11:00:00+0200
ES,Spain,1975,B9,Net lending (+)/net borrowing (-),MIO_EUR,,,2026-07-21T11:00:00+0200
ES,Spain,1975,B9,Net lending (+)/net borrowing (-),PC_GDP,,,2026-07-21T11:00:00+0200
ES,Spain,1975,D1PAY,"Compensation of employees, expenditure",MIO_EUR,,,2026-07-21T11:00:00+0200
ES,Spain,1975,D1PAY,"Compensation of employees, expenditure",PC_GDP,,,2026-07-21T11:00:00+0200
ES,Spain,1975,D2REC,"Taxes on production and imports, revenue",MIO_EUR,,,2026-07-21T11:00:00+0200
ES,Spain,1975,D2REC,"Taxes on production and imports, revenue",PC_GDP,,,2026-07-21T11:00:00+0200
ES,Spain,1975,D3PAY,"Subsidies, expenditure",MIO_EUR,,,2026-07-21T11:00:00+0200
ES,Spain,1975,D3PAY,"Subsidies, expenditure",PC_GDP,,,2026-07-21T11:00:00+0200
ES,Spain,1975,D41PAY,"Interest, expenditure",MIO_EUR,,,2026-07-21T11:00:00+0200
ES,Spain,1975,D41PAY,"Interest, expenditure",PC_GDP,,,2026-07-21T11:00:00+0200
ES,Spain,1975,D5REC,"Current taxes on income, wealth, etc., revenue",MIO_EUR,,,2026-07-21T11:00:00+0200
ES,Spain,1975,D5REC,"Current taxes on income, wealth, etc., revenue",PC_GDP,,,2026-07-21T11:00:00+0200
ES,Spain,1975,D61REC,"Net social contributions, revenue",MIO_EUR,,,2026-07-21T11:00:00+0200
ES,Spain,1975,D61REC,"Net social contributions, revenue",PC_GDP,,,2026-07-21T11:00:00+0200
ES,Spain,1975,D62PAY,"Social benefits other than social transfers in kind, expenditure",MIO_EUR,,,2026-07-21T11:00:00+0200
ES,Spain,1975,D62PAY,"Social benefits other than social transfers in kind, expenditure",PC_GDP,,,2026-07-21T11:00:00+0200
ES,Spain,1975,D632PAY,"Social transfers in kind, purchased market production, expenditure",MIO_EUR,,,2026-07-21T11:00:00+0200
ES,Spain,1975,D632PAY,"Social transfers in kind, purchased market production, expenditure",PC_GDP,,,2026-07-21T11:00:00+0200
ES,Spain,1975,D91REC,"Capital taxes, revenue",MIO_EUR,,,2026-07-21T11:00:00+0200
ES,Spain,1975,D91REC,"Capital taxes, revenue",PC_GDP,,,2026-07-21T11:00:00+0200
ES,Spain,1975,D995REC,Capital transfers from general government to relevant sectors representing taxes and social contributions assessed but unlikely to be collected,MIO_EUR,,,2026-07-21T11:00:00+0200
ES,Spain,1975,D995REC,Capital transfers from general government to relevant sectors representing taxes and social contributions assessed but unlikely to be collected,PC_GDP,,,2026-07-21T11:00:00+0200
ES,Spain,1975,P2,Intermediate consumption,MIO_EUR,,,2026-07-21T11:00:00+0200
ES,Spain,1975,P2,Intermediate consumption,PC_GDP,,,2026-07-21T11:00:00+0200
ES,Spain,1975,P51G,Gross fixed capital formation,MIO_EUR,,,2026-07-21T11:00:00+0200
ES,Spain,1975,P51G,Gross fixed capital formation,PC_GDP,,,2026-07-21T11:00:00+0200
ES,Spain,1975,TE,Total general government expenditure,MIO_EUR,,,2026-07-21T11:00:00+0200
ES,Spain,1975,TE,Total general government expenditure,PC_GDP,,,2026-07-21T11:00:00+0200
ES,Spain,1975,TR,Total general government revenue,MIO_EUR,,,2026-07-21T11:00:00+0200
ES,Spain,1975,TR,Total general government revenue,PC_GDP,,,2026-07-21T11:00:00+0200
ES,Spain,1976,B9,Net lending (+)/net borrowing (-),MIO_EUR,,,2026-07-21T11:00:00+0200
ES,Spain,1976,B9,Net lending (+)/net borrowing (-),PC_GDP,,,2026-07-21T11:00:00+0200
ES,Spain,1976,D1PAY,"Compensation of employees, expenditure",MIO_EUR,,,2026-07-21T11:00:00+0200
ES,Spain,1976,D1PAY,"Compensation of employees, expenditure",PC_GDP,,,2026-07-21T11:00:00+0200
ES,Spain,1976,D2REC,"Taxes on production and imports, revenue",MIO_EUR,,,2026-07-21T11:00:00+0200
ES,Spain,1976,D2REC,"Taxes on production and imports, revenue",PC_GDP,,,2026-07-21T11:00:00+0200
ES,Spain,1976,D3PAY,"Subsidies, expenditure",MIO_EUR,,,2026-07-21T11:00:00+0200
ES,Spain,1976,D3PAY,"Subsidies, expenditure",PC_GDP,,,2026-07-21T11:00:00+0200
ES,Spain,1976,D41PAY,"Interest, expenditure",MIO_EUR,,,2026-07-21T11:00:00+0200
ES,Spain,1976,D41PAY,"Interest, expenditure",PC_GDP,,,2026-07-21T11:00:00+0200
ES,Spain,1976,D5REC,"Current taxes on income, wealth, etc., revenue",MIO_EUR,,,2026-07-21T11:00:00+0200
ES,Spain,1976,D5REC,"Current taxes on income, wealth, etc., revenue",PC_GDP,,,2026-07-21T11:00:00+0200
ES,Spain,1976,D61REC,"Net social contributions, revenue",MIO_EUR,,,2026-07-21T11:00:00+0200
ES,Spain,1976,D61REC,"Net social contributions, revenue",PC_GDP,,,2026-07-21T11:00:00+0200
ES,Spain,1976,D62PAY,"Social benefits other than social transfers in kind, expenditure",MIO_EUR,,,2026-07-21T11:00:00+0200
ES,Spain,1976,D62PAY,"Social benefits other than social transfers in kind, expenditure",PC_GDP,,,2026-07-21T11:00:00+0200
ES,Spain,1976,D632PAY,"Social transfers in kind, purchased market production, expenditure",MIO_EUR,,,2026-07-21T11:00:00+0200
ES,Spain,1976,D632PAY,"Social transfers in kind, purchased market production, expenditure",PC_GDP,,,2026-07-21T11:00:00+0200
ES,Spain,1976,D91REC,"Capital taxes, revenue",MIO_EUR,,,2026-07-21T11:00:00+0200
ES,Spain,1976,D91REC,"Capital taxes, revenue",PC_GDP,,,2026-07-21T11:00:00+0200
ES,Spain,1976,D995REC,Capital transfers from general government to relevant sectors representing taxes and social contributions assessed but unlikely to be collected,MIO_EUR,,,2026-07-21T11:00:00+0200
ES,Spain,1976,D995REC,Capital transfers from general government to relevant sectors representing taxes and social contributions assessed but unlikely to be collected,PC_GDP,,,2026-07-21T11:00:00+0200
ES,Spain,1976,P2,Intermediate consumption,MIO_EUR,,,2026-07-21T11:00:00+0200
ES,Spain,1976,P2,Intermediate consumption,PC_GDP,,,2026-07-21T11:00:00+0200
ES,Spain,1976,P51G,Gross fixed capital formation,MIO_EUR,,,2026-07-21T11:00:00+0200
ES,Spain,1976,P51G,Gross fixed capital formation,PC_GDP,,,2026-07-21T11:00:00+0200
ES,Spain,1976,TE,Total general government expenditure,MIO_EUR,,,2026-07-21T11:00:00+0200
ES,Spain,1976,TE,Total general government expenditure,PC_GDP,,,2026-07-21T11:00:00+0200
ES,Spain,1976,TR,Total general government revenue,MIO_EUR,,,2026-07-21T11:00:00+0200
ES,Spain,1976,TR,Total general government revenue,PC_GDP,,,2026-07-21T11:00:00+0200
ES,Spain,1977,B9,Net lending (+)/net borrowing (-),MIO_EUR,,,2026-07-21T11:00:00+0200
ES,Spain,1977,B9,Net lending (+)/net borrowing (-),PC_GDP,,,2026-07-21T11:00:00+0200
ES,Spain,1977,D1PAY,"Compensation of employees, expenditure",MIO_EUR,,,2026-07-21T11:00:00+0200
ES,Spain,1977,D1PAY,"Compensation of employees, expenditure",PC_GDP,,,2026-07-21T11:00:00+0200
ES,Spain,1977,D2REC,"Taxes on production and imports, revenue",MIO_EUR,,,2026-07-21T11:00:00+0200
ES,Spain,1977,D2REC,"Taxes on production and imports, revenue",PC_GDP,,,2026-07-21T11:00:00+0200
ES,Spain,1977,D3PAY,"Subsidies, expenditure",MIO_EUR,,,2026-07-21T11:00:00+0200
ES,Spain,1977,D3PAY,"Subsidies, expenditure",PC_GDP,,,2026-07-21T11:00:00+0200
ES,Spain,1977,D41PAY,"Interest, expenditure",MIO_EUR,,,2026-07-21T11:00:00+0200
ES,Spain,1977,D41PAY,"Interest, expenditure",PC_GDP,,,2026-07-21T11:00:00+0200
ES,Spain,1977,D5REC,"Current taxes on income, wealth, etc., revenue",MIO_EUR,,,2026-07-21T11:00:00+0200
ES,Spain,1977,D5REC,"Current taxes on income, wealth, etc., revenue",PC_GDP,,,2026-07-21T11:00:00+0200
ES,Spain,1977,D61REC,"Net social contributions, revenue",MIO_EUR,,,2026-07-21T11:00:00+0200
ES,Spain,1977,D61REC,"Net social contributions, revenue",PC_GDP,,,2026-07-21T11:00:00+0200
ES,Spain,1977,D62PAY,"Social benefits other than social transfers in kind, expenditure",MIO_EUR,,,2026-07-21T11:00:00+0200
ES,Spain,1977,D62PAY,"Social benefits other than social transfers in kind, expenditure",PC_GDP,,,2026-07-21T11:00:00+0200
ES,Spain,1977,D632PAY,"Social transfers in kind, purchased market production, expenditure",MIO_EUR,,,2026-07-21T11:00:00+0200
ES,Spain,1977,D632PAY,"Social transfers in kind, purchased market production, expenditure",PC_GDP,,,2026-07-21T11:00:00+0200
ES,Spain,1977,D91REC,"Capital taxes, revenue",MIO_EUR,,,2026-07-21T11:00:00+0200
ES,Spain,1977,D91REC,"Capital taxes, revenue",PC_GDP,,,2026-07-21T11:00:00+0200
ES,Spain,1977,D995REC,Capital transfers from general government to relevant sectors representing taxes and social contributions assessed but unlikely to be collected,MIO_EUR,,,2026-07-21T11:00:00+0200
ES,Spain,1977,D995REC,Capital transfers from general government to relevant sectors representing taxes and social contributions assessed but unlikely to be collected,PC_GDP,,,2026-07-21T11:00:00+0200
ES,Spain,1977,P2,Intermediate consumption,MIO_EUR,,,2026-07-21T11:00:00+0200
ES,Spain,1977,P2,Intermediate consumption,PC_GDP,,,2026-07-21T11:00:00+0200
ES,Spain,1977,P51G,Gross fixed capital formation,MIO_EUR,,,2026-07-21T11:00:00+0200
ES,Spain,1977,P51G,Gross fixed capital formation,PC_GDP,,,2026-07-21T11:00:00+0200
ES,Spain,1977,TE,Total general government expenditure,MIO_EUR,,,2026-07-21T11:00:00+0200
ES,Spain,1977,TE,Total general government expenditure,PC_GDP,,,2026-07-21T11:00:00+0200
ES,Spain,1977,TR,Total general government revenue,MIO_EUR,,,2026-07-21T11:00:00+0200
ES,Spain,1977,TR,Total general government revenue,PC_GDP,,,2026-07-21T11:00:00+0200
ES,Spain,1978,B9,Net lending (+)/net borrowing (-),MIO_EUR,,,2026-07-21T11:00:00+0200
ES,Spain,1978,B9,Net lending (+)/net borrowing (-),PC_GDP,,,2026-07-21T11:00:00+0200
ES,Spain,1978,D1PAY,"Compensation of employees, expenditure",MIO_EUR,,,2026-07-21T11:00:00+0200
ES,Spain,1978,D1PAY,"Compensation of employees, expenditure",PC_GDP,,,2026-07-21T11:00:00+0200
ES,Spain,1978,D2REC,"Taxes on production and imports, revenue",MIO_EUR,,,2026-07-21T11:00:00+0200
ES,Spain,1978,D2REC,"Taxes on production and imports, revenue",PC_GDP,,,2026-07-21T11:00:00+0200
ES,Spain,1978,D3PAY,"Subsidies, expenditure",MIO_EUR,,,2026-07-21T11:00:00+0200
ES,Spain,1978,D3PAY,"Subsidies, expenditure",PC_GDP,,,2026-07-21T11:00:00+0200
ES,Spain,1978,D41PAY,"Interest, expenditure",MIO_EUR,,,2026-07-21T11:00:00+0200
ES,Spain,1978,D41PAY,"Interest, expenditure",PC_GDP,,,2026-07-21T11:00:00+0200
ES,Spain,1978,D5REC,"Current taxes on income, wealth, etc., revenue",MIO_EUR,,,2026-07-21T11:00:00+0200
ES,Spain,1978,D5REC,"Current taxes on income, wealth, etc., revenue",PC_GDP,,,2026-07-21T11:00:00+0200
ES,Spain,1978,D61REC,"Net social contributions, revenue",MIO_EUR,,,2026-07-21T11:00:00+0200
ES,Spain,1978,D61REC,"Net social contributions, revenue",PC_GDP,,,2026-07-21T11:00:00+0200
ES,Spain,1978,D62PAY,"Social benefits other than social transfers in kind, expenditure",MIO_EUR,,,2026-07-21T11:00:00+0200
ES,Spain,1978,D62PAY,"Social benefits other than social transfers in kind, expenditure",PC_GDP,,,2026-07-21T11:00:00+0200
ES,Spain,1978,D632PAY,"Social transfers in kind, purchased market production, expenditure",MIO_EUR,,,2026-07-21T11:00:00+0200
ES,Spain,1978,D632PAY,"Social transfers in kind, purchased market production, expenditure",PC_GDP,,,2026-07-21T11:00:00+0200
ES,Spain,1978,D91REC,"Capital taxes, revenue",MIO_EUR,,,2026-07-21T11:00:00+0200
ES,Spain,1978,D91REC,"Capital taxes, revenue",PC_GDP,,,2026-07-21T11:00:00+0200
ES,Spain,1978,D995REC,Capital transfers from general government to relevant sectors representing taxes and social contributions assessed but unlikely to be collected,MIO_EUR,,,2026-07-21T11:00:00+0200
ES,Spain,1978,D995REC,Capital transfers from general government to relevant sectors representing taxes and social contributions assessed but unlikely to be collected,PC_GDP,,,2026-07-21T11:00:00+0200
ES,Spain,1978,P2,Intermediate consumption,MIO_EUR,,,2026-07-21T11:00:00+0200
ES,Spain,1978,P2,Intermediate consumption,PC_GDP,,,2026-07-21T11:00:00+0200
ES,Spain,1978,P51G,Gross fixed capital formation,MIO_EUR,,,2026-07-21T11:00:00+0200
ES,Spain,1978,P51G,Gross fixed capital formation,PC_GDP,,,2026-07-21T11:00:00+0200
ES,Spain,1978,TE,Total general government expenditure,MIO_EUR,,,2026-07-21T11:00:00+0200
ES,Spain,1978,TE,Total general government expenditure,PC_GDP,,,2026-07-21T11:00:00+0200
ES,Spain,1978,TR,Total general government revenue,MIO_EUR,,,2026-07-21T11:00:00+0200
ES,Spain,1978,TR,Total general government revenue,PC_GDP,,,2026-07-21T11:00:00+0200
ES,Spain,1979,B9,Net lending (+)/net borrowing (-),MIO_EUR,,,2026-07-21T11:00:00+0200
ES,Spain,1979,B9,Net lending (+)/net borrowing (-),PC_GDP,,,2026-07-21T11:00:00+0200
ES,Spain,1979,D1PAY,"Compensation of employees, expenditure",MIO_EUR,,,2026-07-21T11:00:00+0200
ES,Spain,1979,D1PAY,"Compensation of employees, expenditure",PC_GDP,,,2026-07-21T11:00:00+0200
ES,Spain,1979,D2REC,"Taxes on production and imports, revenue",MIO_EUR,,,2026-07-21T11:00:00+0200
ES,Spain,1979,D2REC,"Taxes on production and imports, revenue",PC_GDP,,,2026-07-21T11:00:00+0200
ES,Spain,1979,D3PAY,"Subsidies, expenditure",MIO_EUR,,,2026-07-21T11:00:00+0200
ES,Spain,1979,D3PAY,"Subsidies, expenditure",PC_GDP,,,2026-07-21T11:00:00+0200
ES,Spain,1979,D41PAY,"Interest, expenditure",MIO_EUR,,,2026-07-21T11:00:00+0200
ES,Spain,1979,D41PAY,"Interest, expenditure",PC_GDP,,,2026-07-21T11:00:00+0200
ES,Spain,1979,D5REC,"Current taxes on income, wealth, etc., revenue",MIO_EUR,,,2026-07-21T11:00:00+0200
ES,Spain,1979,D5REC,"Current taxes on income, wealth, etc., revenue",PC_GDP,,,2026-07-21T11:00:00+0200
ES,Spain,1979,D61REC,"Net social contributions, revenue",MIO_EUR,,,2026-07-21T11:00:00+0200
ES,Spain,1979,D61REC,"Net social contributions, revenue",PC_GDP,,,2026-07-21T11:00:00+0200
ES,Spain,1979,D62PAY,"Social benefits other than social transfers in kind, expenditure",MIO_EUR,,,2026-07-21T11:00:00+0200
ES,Spain,1979,D62PAY,"Social benefits other than social transfers in kind, expenditure",PC_GDP,,,2026-07-21T11:00:00+0200
ES,Spain,1979,D632PAY,"Social transfers in kind, purchased market production, expenditure",MIO_EUR,,,2026-07-21T11:00:00+0200
ES,Spain,1979,D632PAY,"Social transfers in kind, purchased market production, expenditure",PC_GDP,,,2026-07-21T11:00:00+0200
ES,Spain,1979,D91REC,"Capital taxes, revenue",MIO_EUR,,,2026-07-21T11:00:00+0200
ES,Spain,1979,D91REC,"Capital taxes, revenue",PC_GDP,,,2026-07-21T11:00:00+0200
ES,Spain,1979,D995REC,Capital transfers from general government to relevant sectors representing taxes and social contributions assessed but unlikely to be collected,MIO_EUR,,,2026-07-21T11:00:00+0200
ES,Spain,1979,D995REC,Capital transfers from general government to relevant sectors representing taxes and social contributions assessed but unlikely to be collected,PC_GDP,,,2026-07-21T11:00:00+0200
ES,Spain,1979,P2,Intermediate consumption,MIO_EUR,,,2026-07-21T11:00:00+0200
ES,Spain,1979,P2,Intermediate consumption,PC_GDP,,,2026-07-21T11:00:00+0200
ES,Spain,1979,P51G,Gross fixed capital formation,MIO_EUR,,,2026-07-21T11:00:00+0200
ES,Spain,1979,P51G,Gross fixed capital formation,PC_GDP,,,2026-07-21T11:00:00+0200
ES,Spain,1979,TE,Total general government expenditure,MIO_EUR,,,2026-07-21T11:00:00+0200
ES,Spain,1979,TE,Total general government expenditure,PC_GDP,,,2026-07-21T11:00:00+0200
ES,Spain,1979,TR,Total general government revenue,MIO_EUR,,,2026-07-21T11:00:00+0200
ES,Spain,1979,TR,Total general government revenue,PC_GDP,,,2026-07-21T11:00:00+0200
ES,Spain,1980,B9,Net lending (+)/net borrowing (-),MIO_EUR,,,2026-07-21T11:00:00+0200
ES,Spain,1980,B9,Net lending (+)/net borrowing (-),PC_GDP,,,2026-07-21T11:00:00+0200
ES,Spain,1980,D1PAY,"Compensation of employees, expenditure",MIO_EUR,,,2026-07-21T11:00:00+0200
ES,Spain,1980,D1PAY,"Compensation of employees, expenditure",PC_GDP,,,2026-07-21T11:00:00+0200
ES,Spain,1980,D2REC,"Taxes on production and imports, revenue",MIO_EUR,,,2026-07-21T11:00:00+0200
ES,Spain,1980,D2REC,"Taxes on production and imports, revenue",PC_GDP,,,2026-07-21T11:00:00+0200
ES,Spain,1980,D3PAY,"Subsidies, expenditure",MIO_EUR,,,2026-07-21T11:00:00+0200
ES,Spain,1980,D3PAY,"Subsidies, expenditure",PC_GDP,,,2026-07-21T11:00:00+0200
ES,Spain,1980,D41PAY,"Interest, expenditure",MIO_EUR,,,2026-07-21T11:00:00+0200
ES,Spain,1980,D41PAY,"Interest, expenditure",PC_GDP,,,2026-07-21T11:00:00+0200
ES,Spain,1980,D5REC,"Current taxes on income, wealth, etc., revenue",MIO_EUR,,,2026-07-21T11:00:00+0200
ES,Spain,1980,D5REC,"Current taxes on income, wealth, etc., revenue",PC_GDP,,,2026-07-21T11:00:00+0200
ES,Spain,1980,D61REC,"Net social contributions, revenue",MIO_EUR,,,2026-07-21T11:00:00+0200
ES,Spain,1980,D61REC,"Net social contributions, revenue",PC_GDP,,,2026-07-21T11:00:00+0200
ES,Spain,1980,D62PAY,"Social benefits other than social transfers in kind, expenditure",MIO_EUR,,,2026-07-21T11:00:00+0200
ES,Spain,1980,D62PAY,"Social benefits other than social transfers in kind, expenditure",PC_GDP,,,2026-07-21T11:00:00+0200
ES,Spain,1980,D632PAY,"Social transfers in kind, purchased market production, expenditure",MIO_EUR,,,2026-07-21T11:00:00+0200
ES,Spain,1980,D632PAY,"Social transfers in kind, purchased market production, expenditure",PC_GDP,,,2026-07-21T11:00:00+0200
ES,Spain,1980,D91REC,"Capital taxes, revenue",MIO_EUR,,,2026-07-21T11:00:00+0200
ES,Spain,1980,D91REC,"Capital taxes, revenue",PC_GDP,,,2026-07-21T11:00:00+0200
ES,Spain,1980,D995REC,Capital transfers from general government to relevant sectors representing taxes and social contributions assessed but unlikely to be collected,MIO_EUR,,,2026-07-21T11:00:00+0200
ES,Spain,1980,D995REC,Capital transfers from general government to relevant sectors representing taxes and social contributions assessed but unlikely to be collected,PC_GDP,,,2026-07-21T11:00:00+0200
ES,Spain,1980,P2,Intermediate consumption,MIO_EUR,,,2026-07-21T11:00:00+0200
ES,Spain,1980,P2,Intermediate consumption,PC_GDP,,,2026-07-21T11:00:00+0200
ES,Spain,1980,P51G,Gross fixed capital formation,MIO_EUR,,,2026-07-21T11:00:00+0200
ES,Spain,1980,P51G,Gross fixed capital formation,PC_GDP,,,2026-07-21T11:00:00+0200
ES,Spain,1980,TE,Total general government expenditure,MIO_EUR,,,2026-07-21T11:00:00+0200
ES,Spain,1980,TE,Total general government expenditure,PC_GDP,,,2026-07-21T11:00:00+0200
ES,Spain,1980,TR,Total general government revenue,MIO_EUR,,,2026-07-21T11:00:00+0200
ES,Spain,1980,TR,Total general government revenue,PC_GDP,,,2026-07-21T11:00:00+0200
ES,Spain,1981,B9,Net lending (+)/net borrowing (-),MIO_EUR,,,2026-07-21T11:00:00+0200
ES,Spain,1981,B9,Net lending (+)/net borrowing (-),PC_GDP,,,2026-07-21T11:00:00+0200
ES,Spain,1981,D1PAY,"Compensation of employees, expenditure",MIO_EUR,,,2026-07-21T11:00:00+0200
ES,Spain,1981,D1PAY,"Compensation of employees, expenditure",PC_GDP,,,2026-07-21T11:00:00+0200
ES,Spain,1981,D2REC,"Taxes on production and imports, revenue",MIO_EUR,,,2026-07-21T11:00:00+0200
ES,Spain,1981,D2REC,"Taxes on production and imports, revenue",PC_GDP,,,2026-07-21T11:00:00+0200
ES,Spain,1981,D3PAY,"Subsidies, expenditure",MIO_EUR,,,2026-07-21T11:00:00+0200
ES,Spain,1981,D3PAY,"Subsidies, expenditure",PC_GDP,,,2026-07-21T11:00:00+0200
ES,Spain,1981,D41PAY,"Interest, expenditure",MIO_EUR,,,2026-07-21T11:00:00+0200
ES,Spain,1981,D41PAY,"Interest, expenditure",PC_GDP,,,2026-07-21T11:00:00+0200
ES,Spain,1981,D5REC,"Current taxes on income, wealth, etc., revenue",MIO_EUR,,,2026-07-21T11:00:00+0200
ES,Spain,1981,D5REC,"Current taxes on income, wealth, etc., revenue",PC_GDP,,,2026-07-21T11:00:00+0200
ES,Spain,1981,D61REC,"Net social contributions, revenue",MIO_EUR,,,2026-07-21T11:00:00+0200
ES,Spain,1981,D61REC,"Net social contributions, revenue",PC_GDP,,,2026-07-21T11:00:00+0200
ES,Spain,1981,D62PAY,"Social benefits other than social transfers in kind, expenditure",MIO_EUR,,,2026-07-21T11:00:00+0200
ES,Spain,1981,D62PAY,"Social benefits other than social transfers in kind, expenditure",PC_GDP,,,2026-07-21T11:00:00+0200
ES,Spain,1981,D632PAY,"Social transfers in kind, purchased market production, expenditure",MIO_EUR,,,2026-07-21T11:00:00+0200
ES,Spain,1981,D632PAY,"Social transfers in kind, purchased market production, expenditure",PC_GDP,,,2026-07-21T11:00:00+0200
ES,Spain,1981,D91REC,"Capital taxes, revenue",MIO_EUR,,,2026-07-21T11:00:00+0200
ES,Spain,1981,D91REC,"Capital taxes, revenue",PC_GDP,,,2026-07-21T11:00:00+0200
ES,Spain,1981,D995REC,Capital transfers from general government to relevant sectors representing taxes and social contributions assessed but unlikely to be collected,MIO_EUR,,,2026-07-21T11:00:00+0200
ES,Spain,1981,D995REC,Capital transfers from general government to relevant sectors representing taxes and social contributions assessed but unlikely to be collected,PC_GDP,,,2026-07-21T11:00:00+0200
ES,Spain,1981,P2,Intermediate consumption,MIO_EUR,,,2026-07-21T11:00:00+0200
ES,Spain,1981,P2,Intermediate consumption,PC_GDP,,,2026-07-21T11:00:00+0200
ES,Spain,1981,P51G,Gross fixed capital formation,MIO_EUR,,,2026-07-21T11:00:00+0200
ES,Spain,1981,P51G,Gross fixed capital formation,PC_GDP,,,2026-07-21T11:00:00+0200
ES,Spain,1981,TE,Total general government expenditure,MIO_EUR,,,2026-07-21T11:00:00+0200
ES,Spain,1981,TE,Total general government expenditure,PC_GDP,,,2026-07-21T11:00:00+0200
ES,Spain,1981,TR,Total general government revenue,MIO_EUR,,,2026-07-21T11:00:00+0200
ES,Spain,1981,TR,Total general government revenue,PC_GDP,,,2026-07-21T11:00:00+0200
ES,Spain,1982,B9,Net lending (+)/net borrowing (-),MIO_EUR,,,2026-07-21T11:00:00+0200
ES,Spain,1982,B9,Net lending (+)/net borrowing (-),PC_GDP,,,2026-07-21T11:00:00+0200
ES,Spain,1982,D1PAY,"Compensation of employees, expenditure",MIO_EUR,,,2026-07-21T11:00:00+0200
ES,Spain,1982,D1PAY,"Compensation of employees, expenditure",PC_GDP,,,2026-07-21T11:00:00+0200
ES,Spain,1982,D2REC,"Taxes on production and imports, revenue",MIO_EUR,,,2026-07-21T11:00:00+0200
ES,Spain,1982,D2REC,"Taxes on production and imports, revenue",PC_GDP,,,2026-07-21T11:00:00+0200
ES,Spain,1982,D3PAY,"Subsidies, expenditure",MIO_EUR,,,2026-07-21T11:00:00+0200
ES,Spain,1982,D3PAY,"Subsidies, expenditure",PC_GDP,,,2026-07-21T11:00:00+0200
ES,Spain,1982,D41PAY,"Interest, expenditure",MIO_EUR,,,2026-07-21T11:00:00+0200
ES,Spain,1982,D41PAY,"Interest, expenditure",PC_GDP,,,2026-07-21T11:00:00+0200
ES,Spain,1982,D5REC,"Current taxes on income, wealth, etc., revenue",MIO_EUR,,,2026-07-21T11:00:00+0200
ES,Spain,1982,D5REC,"Current taxes on income, wealth, etc., revenue",PC_GDP,,,2026-07-21T11:00:00+0200
ES,Spain,1982,D61REC,"Net social contributions, revenue",MIO_EUR,,,2026-07-21T11:00:00+0200
ES,Spain,1982,D61REC,"Net social contributions, revenue",PC_GDP,,,2026-07-21T11:00:00+0200
ES,Spain,1982,D62PAY,"Social benefits other than social transfers in kind, expenditure",MIO_EUR,,,2026-07-21T11:00:00+0200
ES,Spain,1982,D62PAY,"Social benefits other than social transfers in kind, expenditure",PC_GDP,,,2026-07-21T11:00:00+0200
ES,Spain,1982,D632PAY,"Social transfers in kind, purchased market production, expenditure",MIO_EUR,,,2026-07-21T11:00:00+0200
ES,Spain,1982,D632PAY,"Social transfers in kind, purchased market production, expenditure",PC_GDP,,,2026-07-21T11:00:00+0200
ES,Spain,1982,D91REC,"Capital taxes, revenue",MIO_EUR,,,2026-07-21T11:00:00+0200
ES,Spain,1982,D91REC,"Capital taxes, revenue",PC_GDP,,,2026-07-21T11:00:00+0200
ES,Spain,1982,D995REC,Capital transfers from general government to relevant sectors representing taxes and social contributions assessed but unlikely to be collected,MIO_EUR,,,2026-07-21T11:00:00+0200
ES,Spain,1982,D995REC,Capital transfers from general government to relevant sectors representing taxes and social contributions assessed but unlikely to be collected,PC_GDP,,,2026-07-21T11:00:00+0200
ES,Spain,1982,P2,Intermediate consumption,MIO_EUR,,,2026-07-21T11:00:00+0200
ES,Spain,1982,P2,Intermediate consumption,PC_GDP,,,2026-07-21T11:00:00+0200
ES,Spain,1982,P51G,Gross fixed capital formation,MIO_EUR,,,2026-07-21T11:00:00+0200
ES,Spain,1982,P51G,Gross fixed capital formation,PC_GDP,,,2026-07-21T11:00:00+0200
ES,Spain,1982,TE,Total general government expenditure,MIO_EUR,,,2026-07-21T11:00:00+0200
ES,Spain,1982,TE,Total general government expenditure,PC_GDP,,,2026-07-21T11:00:00+0200
ES,Spain,1982,TR,Total general government revenue,MIO_EUR,,,2026-07-21T11:00:00+0200
ES,Spain,1982,TR,Total general government revenue,PC_GDP,,,2026-07-21T11:00:00+0200
ES,Spain,1983,B9,Net lending (+)/net borrowing (-),MIO_EUR,,,2026-07-21T11:00:00+0200
ES,Spain,1983,B9,Net lending (+)/net borrowing (-),PC_GDP,,,2026-07-21T11:00:00+0200
ES,Spain,1983,D1PAY,"Compensation of employees, expenditure",MIO_EUR,,,2026-07-21T11:00:00+0200
ES,Spain,1983,D1PAY,"Compensation of employees, expenditure",PC_GDP,,,2026-07-21T11:00:00+0200
ES,Spain,1983,D2REC,"Taxes on production and imports, revenue",MIO_EUR,,,2026-07-21T11:00:00+0200
ES,Spain,1983,D2REC,"Taxes on production and imports, revenue",PC_GDP,,,2026-07-21T11:00:00+0200
ES,Spain,1983,D3PAY,"Subsidies, expenditure",MIO_EUR,,,2026-07-21T11:00:00+0200
ES,Spain,1983,D3PAY,"Subsidies, expenditure",PC_GDP,,,2026-07-21T11:00:00+0200
ES,Spain,1983,D41PAY,"Interest, expenditure",MIO_EUR,,,2026-07-21T11:00:00+0200
ES,Spain,1983,D41PAY,"Interest, expenditure",PC_GDP,,,2026-07-21T11:00:00+0200
ES,Spain,1983,D5REC,"Current taxes on income, wealth, etc., revenue",MIO_EUR,,,2026-07-21T11:00:00+0200
ES,Spain,1983,D5REC,"Current taxes on income, wealth, etc., revenue",PC_GDP,,,2026-07-21T11:00:00+0200
ES,Spain,1983,D61REC,"Net social contributions, revenue",MIO_EUR,,,2026-07-21T11:00:00+0200
ES,Spain,1983,D61REC,"Net social contributions, revenue",PC_GDP,,,2026-07-21T11:00:00+0200
ES,Spain,1983,D62PAY,"Social benefits other than social transfers in kind, expenditure",MIO_EUR,,,2026-07-21T11:00:00+0200
ES,Spain,1983,D62PAY,"Social benefits other than social transfers in kind, expenditure",PC_GDP,,,2026-07-21T11:00:00+0200
ES,Spain,1983,D632PAY,"Social transfers in kind, purchased market production, expenditure",MIO_EUR,,,2026-07-21T11:00:00+0200
ES,Spain,1983,D632PAY,"Social transfers in kind, purchased market production, expenditure",PC_GDP,,,2026-07-21T11:00:00+0200
ES,Spain,1983,D91REC,"Capital taxes, revenue",MIO_EUR,,,2026-07-21T11:00:00+0200
ES,Spain,1983,D91REC,"Capital taxes, revenue",PC_GDP,,,2026-07-21T11:00:00+0200
ES,Spain,1983,D995REC,Capital transfers from general government to relevant sectors representing taxes and social contributions assessed but unlikely to be collected,MIO_EUR,,,2026-07-21T11:00:00+0200
ES,Spain,1983,D995REC,Capital transfers from general government to relevant sectors representing taxes and social contributions assessed but unlikely to be collected,PC_GDP,,,2026-07-21T11:00:00+0200
ES,Spain,1983,P2,Intermediate consumption,MIO_EUR,,,2026-07-21T11:00:00+0200
ES,Spain,1983,P2,Intermediate consumption,PC_GDP,,,2026-07-21T11:00:00+0200
ES,Spain,1983,P51G,Gross fixed capital formation,MIO_EUR,,,2026-07-21T11:00:00+0200
ES,Spain,1983,P51G,Gross fixed capital formation,PC_GDP,,,2026-07-21T11:00:00+0200
ES,Spain,1983,TE,Total general government expenditure,MIO_EUR,,,2026-07-21T11:00:00+0200
ES,Spain,1983,TE,Total general government expenditure,PC_GDP,,,2026-07-21T11:00:00+0200
ES,Spain,1983,TR,Total general government revenue,MIO_EUR,,,2026-07-21T11:00:00+0200
ES,Spain,1983,TR,Total general government revenue,PC_GDP,,,2026-07-21T11:00:00+0200
ES,Spain,1984,B9,Net lending (+)/net borrowing (-),MIO_EUR,,,2026-07-21T11:00:00+0200
ES,Spain,1984,B9,Net lending (+)/net borrowing (-),PC_GDP,,,2026-07-21T11:00:00+0200
ES,Spain,1984,D1PAY,"Compensation of employees, expenditure",MIO_EUR,,,2026-07-21T11:00:00+0200
ES,Spain,1984,D1PAY,"Compensation of employees, expenditure",PC_GDP,,,2026-07-21T11:00:00+0200
ES,Spain,1984,D2REC,"Taxes on production and imports, revenue",MIO_EUR,,,2026-07-21T11:00:00+0200
ES,Spain,1984,D2REC,"Taxes on production and imports, revenue",PC_GDP,,,2026-07-21T11:00:00+0200
ES,Spain,1984,D3PAY,"Subsidies, expenditure",MIO_EUR,,,2026-07-21T11:00:00+0200
ES,Spain,1984,D3PAY,"Subsidies, expenditure",PC_GDP,,,2026-07-21T11:00:00+0200
ES,Spain,1984,D41PAY,"Interest, expenditure",MIO_EUR,,,2026-07-21T11:00:00+0200
ES,Spain,1984,D41PAY,"Interest, expenditure",PC_GDP,,,2026-07-21T11:00:00+0200
ES,Spain,1984,D5REC,"Current taxes on income, wealth, etc., revenue",MIO_EUR,,,2026-07-21T11:00:00+0200
ES,Spain,1984,D5REC,"Current taxes on income, wealth, etc., revenue",PC_GDP,,,2026-07-21T11:00:00+0200
ES,Spain,1984,D61REC,"Net social contributions, revenue",MIO_EUR,,,2026-07-21T11:00:00+0200
ES,Spain,1984,D61REC,"Net social contributions, revenue",PC_GDP,,,2026-07-21T11:00:00+0200
ES,Spain,1984,D62PAY,"Social benefits other than social transfers in kind, expenditure",MIO_EUR,,,2026-07-21T11:00:00+0200
ES,Spain,1984,D62PAY,"Social benefits other than social transfers in kind, expenditure",PC_GDP,,,2026-07-21T11:00:00+0200
ES,Spain,1984,D632PAY,"Social transfers in kind, purchased market production, expenditure",MIO_EUR,,,2026-07-21T11:00:00+0200
ES,Spain,1984,D632PAY,"Social transfers in kind, purchased market production, expenditure",PC_GDP,,,2026-07-21T11:00:00+0200
ES,Spain,1984,D91REC,"Capital taxes, revenue",MIO_EUR,,,2026-07-21T11:00:00+0200
ES,Spain,1984,D91REC,"Capital taxes, revenue",PC_GDP,,,2026-07-21T11:00:00+0200
ES,Spain,1984,D995REC,Capital transfers from general government to relevant sectors representing taxes and social contributions assessed but unlikely to be collected,MIO_EUR,,,2026-07-21T11:00:00+0200
ES,Spain,1984,D995REC,Capital transfers from general government to relevant sectors representing taxes and social contributions assessed but unlikely to be collected,PC_GDP,,,2026-07-21T11:00:00+0200
ES,Spain,1984,P2,Intermediate consumption,MIO_EUR,,,2026-07-21T11:00:00+0200
ES,Spain,1984,P2,Intermediate consumption,PC_GDP,,,2026-07-21T11:00:00+0200
ES,Spain,1984,P51G,Gross fixed capital formation,MIO_EUR,,,2026-07-21T11:00:00+0200
ES,Spain,1984,P51G,Gross fixed capital formation,PC_GDP,,,2026-07-21T11:00:00+0200
ES,Spain,1984,TE,Total general government expenditure,MIO_EUR,,,2026-07-21T11:00:00+0200
ES,Spain,1984,TE,Total general government expenditure,PC_GDP,,,2026-07-21T11:00:00+0200
ES,Spain,1984,TR,Total general government revenue,MIO_EUR,,,2026-07-21T11:00:00+0200
ES,Spain,1984,TR,Total general government revenue,PC_GDP,,,2026-07-21T11:00:00+0200
ES,Spain,1985,B9,Net lending (+)/net borrowing (-),MIO_EUR,,,2026-07-21T11:00:00+0200
ES,Spain,1985,B9,Net lending (+)/net borrowing (-),PC_GDP,,,2026-07-21T11:00:00+0200
ES,Spain,1985,D1PAY,"Compensation of employees, expenditure",MIO_EUR,,,2026-07-21T11:00:00+0200
ES,Spain,1985,D1PAY,"Compensation of employees, expenditure",PC_GDP,,,2026-07-21T11:00:00+0200
ES,Spain,1985,D2REC,"Taxes on production and imports, revenue",MIO_EUR,,,2026-07-21T11:00:00+0200
ES,Spain,1985,D2REC,"Taxes on production and imports, revenue",PC_GDP,,,2026-07-21T11:00:00+0200
ES,Spain,1985,D3PAY,"Subsidies, expenditure",MIO_EUR,,,2026-07-21T11:00:00+0200
ES,Spain,1985,D3PAY,"Subsidies, expenditure",PC_GDP,,,2026-07-21T11:00:00+0200
ES,Spain,1985,D41PAY,"Interest, expenditure",MIO_EUR,,,2026-07-21T11:00:00+0200
ES,Spain,1985,D41PAY,"Interest, expenditure",PC_GDP,,,2026-07-21T11:00:00+0200
ES,Spain,1985,D5REC,"Current taxes on income, wealth, etc., revenue",MIO_EUR,,,2026-07-21T11:00:00+0200
ES,Spain,1985,D5REC,"Current taxes on income, wealth, etc., revenue",PC_GDP,,,2026-07-21T11:00:00+0200
ES,Spain,1985,D61REC,"Net social contributions, revenue",MIO_EUR,,,2026-07-21T11:00:00+0200
ES,Spain,1985,D61REC,"Net social contributions, revenue",PC_GDP,,,2026-07-21T11:00:00+0200
ES,Spain,1985,D62PAY,"Social benefits other than social transfers in kind, expenditure",MIO_EUR,,,2026-07-21T11:00:00+0200
ES,Spain,1985,D62PAY,"Social benefits other than social transfers in kind, expenditure",PC_GDP,,,2026-07-21T11:00:00+0200
ES,Spain,1985,D632PAY,"Social transfers in kind, purchased market production, expenditure",MIO_EUR,,,2026-07-21T11:00:00+0200
ES,Spain,1985,D632PAY,"Social transfers in kind, purchased market production, expenditure",PC_GDP,,,2026-07-21T11:00:00+0200
ES,Spain,1985,D91REC,"Capital taxes, revenue",MIO_EUR,,,2026-07-21T11:00:00+0200
ES,Spain,1985,D91REC,"Capital taxes, revenue",PC_GDP,,,2026-07-21T11:00:00+0200
ES,Spain,1985,D995REC,Capital transfers from general government to relevant sectors representing taxes and social contributions assessed but unlikely to be collected,MIO_EUR,,,2026-07-21T11:00:00+0200
ES,Spain,1985,D995REC,Capital transfers from general government to relevant sectors representing taxes and social contributions assessed but unlikely to be collected,PC_GDP,,,2026-07-21T11:00:00+0200
ES,Spain,1985,P2,Intermediate consumption,MIO_EUR,,,2026-07-21T11:00:00+0200
ES,Spain,1985,P2,Intermediate consumption,PC_GDP,,,2026-07-21T11:00:00+0200
ES,Spain,1985,P51G,Gross fixed capital formation,MIO_EUR,,,2026-07-21T11:00:00+0200
ES,Spain,1985,P51G,Gross fixed capital formation,PC_GDP,,,2026-07-21T11:00:00+0200
ES,Spain,1985,TE,Total general government expenditure,MIO_EUR,,,2026-07-21T11:00:00+0200
ES,Spain,1985,TE,Total general government expenditure,PC_GDP,,,2026-07-21T11:00:00+0200
ES,Spain,1985,TR,Total general government revenue,MIO_EUR,,,2026-07-21T11:00:00+0200
ES,Spain,1985,TR,Total general government revenue,PC_GDP,,,2026-07-21T11:00:00+0200
ES,Spain,1986,B9,Net lending (+)/net borrowing (-),MIO_EUR,,,2026-07-21T11:00:00+0200
ES,Spain,1986,B9,Net lending (+)/net borrowing (-),PC_GDP,,,2026-07-21T11:00:00+0200
ES,Spain,1986,D1PAY,"Compensation of employees, expenditure",MIO_EUR,,,2026-07-21T11:00:00+0200
ES,Spain,1986,D1PAY,"Compensation of employees, expenditure",PC_GDP,,,2026-07-21T11:00:00+0200
ES,Spain,1986,D2REC,"Taxes on production and imports, revenue",MIO_EUR,,,2026-07-21T11:00:00+0200
ES,Spain,1986,D2REC,"Taxes on production and imports, revenue",PC_GDP,,,2026-07-21T11:00:00+0200
ES,Spain,1986,D3PAY,"Subsidies, expenditure",MIO_EUR,,,2026-07-21T11:00:00+0200
ES,Spain,1986,D3PAY,"Subsidies, expenditure",PC_GDP,,,2026-07-21T11:00:00+0200
ES,Spain,1986,D41PAY,"Interest, expenditure",MIO_EUR,,,2026-07-21T11:00:00+0200
ES,Spain,1986,D41PAY,"Interest, expenditure",PC_GDP,,,2026-07-21T11:00:00+0200
ES,Spain,1986,D5REC,"Current taxes on income, wealth, etc., revenue",MIO_EUR,,,2026-07-21T11:00:00+0200
ES,Spain,1986,D5REC,"Current taxes on income, wealth, etc., revenue",PC_GDP,,,2026-07-21T11:00:00+0200
ES,Spain,1986,D61REC,"Net social contributions, revenue",MIO_EUR,,,2026-07-21T11:00:00+0200
ES,Spain,1986,D61REC,"Net social contributions, revenue",PC_GDP,,,2026-07-21T11:00:00+0200
ES,Spain,1986,D62PAY,"Social benefits other than social transfers in kind, expenditure",MIO_EUR,,,2026-07-21T11:00:00+0200
ES,Spain,1986,D62PAY,"Social benefits other than social transfers in kind, expenditure",PC_GDP,,,2026-07-21T11:00:00+0200
ES,Spain,1986,D632PAY,"Social transfers in kind, purchased market production, expenditure",MIO_EUR,,,2026-07-21T11:00:00+0200
ES,Spain,1986,D632PAY,"Social transfers in kind, purchased market production, expenditure",PC_GDP,,,2026-07-21T11:00:00+0200
ES,Spain,1986,D91REC,"Capital taxes, revenue",MIO_EUR,,,2026-07-21T11:00:00+0200
ES,Spain,1986,D91REC,"Capital taxes, revenue",PC_GDP,,,2026-07-21T11:00:00+0200
ES,Spain,1986,D995REC,Capital transfers from general government to relevant sectors representing taxes and social contributions assessed but unlikely to be collected,MIO_EUR,,,2026-07-21T11:00:00+0200
ES,Spain,1986,D995REC,Capital transfers from general government to relevant sectors representing taxes and social contributions assessed but unlikely to be collected,PC_GDP,,,2026-07-21T11:00:00+0200
ES,Spain,1986,P2,Intermediate consumption,MIO_EUR,,,2026-07-21T11:00:00+0200
ES,Spain,1986,P2,Intermediate consumption,PC_GDP,,,2026-07-21T11:00:00+0200
ES,Spain,1986,P51G,Gross fixed capital formation,MIO_EUR,,,2026-07-21T11:00:00+0200
ES,Spain,1986,P51G,Gross fixed capital formation,PC_GDP,,,2026-07-21T11:00:00+0200
ES,Spain,1986,TE,Total general government expenditure,MIO_EUR,,,2026-07-21T11:00:00+0200
ES,Spain,1986,TE,Total general government expenditure,PC_GDP,,,2026-07-21T11:00:00+0200
ES,Spain,1986,TR,Total general government revenue,MIO_EUR,,,2026-07-21T11:00:00+0200
ES,Spain,1986,TR,Total general government revenue,PC_GDP,,,2026-07-21T11:00:00+0200
ES,Spain,1987,B9,Net lending (+)/net borrowing (-),MIO_EUR,,,2026-07-21T11:00:00+0200
ES,Spain,1987,B9,Net lending (+)/net borrowing (-),PC_GDP,,,2026-07-21T11:00:00+0200
ES,Spain,1987,D1PAY,"Compensation of employees, expenditure",MIO_EUR,,,2026-07-21T11:00:00+0200
ES,Spain,1987,D1PAY,"Compensation of employees, expenditure",PC_GDP,,,2026-07-21T11:00:00+0200
ES,Spain,1987,D2REC,"Taxes on production and imports, revenue",MIO_EUR,,,2026-07-21T11:00:00+0200
ES,Spain,1987,D2REC,"Taxes on production and imports, revenue",PC_GDP,,,2026-07-21T11:00:00+0200
ES,Spain,1987,D3PAY,"Subsidies, expenditure",MIO_EUR,,,2026-07-21T11:00:00+0200
ES,Spain,1987,D3PAY,"Subsidies, expenditure",PC_GDP,,,2026-07-21T11:00:00+0200
ES,Spain,1987,D41PAY,"Interest, expenditure",MIO_EUR,,,2026-07-21T11:00:00+0200
ES,Spain,1987,D41PAY,"Interest, expenditure",PC_GDP,,,2026-07-21T11:00:00+0200
ES,Spain,1987,D5REC,"Current taxes on income, wealth, etc., revenue",MIO_EUR,,,2026-07-21T11:00:00+0200
ES,Spain,1987,D5REC,"Current taxes on income, wealth, etc., revenue",PC_GDP,,,2026-07-21T11:00:00+0200
ES,Spain,1987,D61REC,"Net social contributions, revenue",MIO_EUR,,,2026-07-21T11:00:00+0200
ES,Spain,1987,D61REC,"Net social contributions, revenue",PC_GDP,,,2026-07-21T11:00:00+0200
ES,Spain,1987,D62PAY,"Social benefits other than social transfers in kind, expenditure",MIO_EUR,,,2026-07-21T11:00:00+0200
ES,Spain,1987,D62PAY,"Social benefits other than social transfers in kind, expenditure",PC_GDP,,,2026-07-21T11:00:00+0200
ES,Spain,1987,D632PAY,"Social transfers in kind, purchased market production, expenditure",MIO_EUR,,,2026-07-21T11:00:00+0200
ES,Spain,1987,D632PAY,"Social transfers in kind, purchased market production, expenditure",PC_GDP,,,2026-07-21T11:00:00+0200
ES,Spain,1987,D91REC,"Capital taxes, revenue",MIO_EUR,,,2026-07-21T11:00:00+0200
ES,Spain,1987,D91REC,"Capital taxes, revenue",PC_GDP,,,2026-07-21T11:00:00+0200
ES,Spain,1987,D995REC,Capital transfers from general government to relevant sectors representing taxes and social contributions assessed but unlikely to be collected,MIO_EUR,,,2026-07-21T11:00:00+0200
ES,Spain,1987,D995REC,Capital transfers from general government to relevant sectors representing taxes and social contributions assessed but unlikely to be collected,PC_GDP,,,2026-07-21T11:00:00+0200
ES,Spain,1987,P2,Intermediate consumption,MIO_EUR,,,2026-07-21T11:00:00+0200
ES,Spain,1987,P2,Intermediate consumption,PC_GDP,,,2026-07-21T11:00:00+0200
ES,Spain,1987,P51G,Gross fixed capital formation,MIO_EUR,,,2026-07-21T11:00:00+0200
ES,Spain,1987,P51G,Gross fixed capital formation,PC_GDP,,,2026-07-21T11:00:00+0200
ES,Spain,1987,TE,Total general government expenditure,MIO_EUR,,,2026-07-21T11:00:00+0200
ES,Spain,1987,TE,Total general government expenditure,PC_GDP,,,2026-07-21T11:00:00+0200
ES,Spain,1987,TR,Total general government revenue,MIO_EUR,,,2026-07-21T11:00:00+0200
ES,Spain,1987,TR,Total general government revenue,PC_GDP,,,2026-07-21T11:00:00+0200
ES,Spain,1988,B9,Net lending (+)/net borrowing (-),MIO_EUR,,,2026-07-21T11:00:00+0200
ES,Spain,1988,B9,Net lending (+)/net borrowing (-),PC_GDP,,,2026-07-21T11:00:00+0200
ES,Spain,1988,D1PAY,"Compensation of employees, expenditure",MIO_EUR,,,2026-07-21T11:00:00+0200
ES,Spain,1988,D1PAY,"Compensation of employees, expenditure",PC_GDP,,,2026-07-21T11:00:00+0200
ES,Spain,1988,D2REC,"Taxes on production and imports, revenue",MIO_EUR,,,2026-07-21T11:00:00+0200
ES,Spain,1988,D2REC,"Taxes on production and imports, revenue",PC_GDP,,,2026-07-21T11:00:00+0200
ES,Spain,1988,D3PAY,"Subsidies, expenditure",MIO_EUR,,,2026-07-21T11:00:00+0200
ES,Spain,1988,D3PAY,"Subsidies, expenditure",PC_GDP,,,2026-07-21T11:00:00+0200
ES,Spain,1988,D41PAY,"Interest, expenditure",MIO_EUR,,,2026-07-21T11:00:00+0200
ES,Spain,1988,D41PAY,"Interest, expenditure",PC_GDP,,,2026-07-21T11:00:00+0200
ES,Spain,1988,D5REC,"Current taxes on income, wealth, etc., revenue",MIO_EUR,,,2026-07-21T11:00:00+0200
ES,Spain,1988,D5REC,"Current taxes on income, wealth, etc., revenue",PC_GDP,,,2026-07-21T11:00:00+0200
ES,Spain,1988,D61REC,"Net social contributions, revenue",MIO_EUR,,,2026-07-21T11:00:00+0200
ES,Spain,1988,D61REC,"Net social contributions, revenue",PC_GDP,,,2026-07-21T11:00:00+0200
ES,Spain,1988,D62PAY,"Social benefits other than social transfers in kind, expenditure",MIO_EUR,,,2026-07-21T11:00:00+0200
ES,Spain,1988,D62PAY,"Social benefits other than social transfers in kind, expenditure",PC_GDP,,,2026-07-21T11:00:00+0200
ES,Spain,1988,D632PAY,"Social transfers in kind, purchased market production, expenditure",MIO_EUR,,,2026-07-21T11:00:00+0200
ES,Spain,1988,D632PAY,"Social transfers in kind, purchased market production, expenditure",PC_GDP,,,2026-07-21T11:00:00+0200
ES,Spain,1988,D91REC,"Capital taxes, revenue",MIO_EUR,,,2026-07-21T11:00:00+0200
ES,Spain,1988,D91REC,"Capital taxes, revenue",PC_GDP,,,2026-07-21T11:00:00+0200
ES,Spain,1988,D995REC,Capital transfers from general government to relevant sectors representing taxes and social contributions assessed but unlikely to be collected,MIO_EUR,,,2026-07-21T11:00:00+0200
ES,Spain,1988,D995REC,Capital transfers from general government to relevant sectors representing taxes and social contributions assessed but unlikely to be collected,PC_GDP,,,2026-07-21T11:00:00+0200
ES,Spain,1988,P2,Intermediate consumption,MIO_EUR,,,2026-07-21T11:00:00+0200
ES,Spain,1988,P2,Intermediate consumption,PC_GDP,,,2026-07-21T11:00:00+0200
ES,Spain,1988,P51G,Gross fixed capital formation,MIO_EUR,,,2026-07-21T11:00:00+0200
ES,Spain,1988,P51G,Gross fixed capital formation,PC_GDP,,,2026-07-21T11:00:00+0200
ES,Spain,1988,TE,Total general government expenditure,MIO_EUR,,,2026-07-21T11:00:00+0200
ES,Spain,1988,TE,Total general government expenditure,PC_GDP,,,2026-07-21T11:00:00+0200
ES,Spain,1988,TR,Total general government revenue,MIO_EUR,,,2026-07-21T11:00:00+0200
ES,Spain,1988,TR,Total general government revenue,PC_GDP,,,2026-07-21T11:00:00+0200
ES,Spain,1989,B9,Net lending (+)/net borrowing (-),MIO_EUR,,,2026-07-21T11:00:00+0200
ES,Spain,1989,B9,Net lending (+)/net borrowing (-),PC_GDP,,,2026-07-21T11:00:00+0200
ES,Spain,1989,D1PAY,"Compensation of employees, expenditure",MIO_EUR,,,2026-07-21T11:00:00+0200
ES,Spain,1989,D1PAY,"Compensation of employees, expenditure",PC_GDP,,,2026-07-21T11:00:00+0200
ES,Spain,1989,D2REC,"Taxes on production and imports, revenue",MIO_EUR,,,2026-07-21T11:00:00+0200
ES,Spain,1989,D2REC,"Taxes on production and imports, revenue",PC_GDP,,,2026-07-21T11:00:00+0200
ES,Spain,1989,D3PAY,"Subsidies, expenditure",MIO_EUR,,,2026-07-21T11:00:00+0200
ES,Spain,1989,D3PAY,"Subsidies, expenditure",PC_GDP,,,2026-07-21T11:00:00+0200
ES,Spain,1989,D41PAY,"Interest, expenditure",MIO_EUR,,,2026-07-21T11:00:00+0200
ES,Spain,1989,D41PAY,"Interest, expenditure",PC_GDP,,,2026-07-21T11:00:00+0200
ES,Spain,1989,D5REC,"Current taxes on income, wealth, etc., revenue",MIO_EUR,,,2026-07-21T11:00:00+0200
ES,Spain,1989,D5REC,"Current taxes on income, wealth, etc., revenue",PC_GDP,,,2026-07-21T11:00:00+0200
ES,Spain,1989,D61REC,"Net social contributions, revenue",MIO_EUR,,,2026-07-21T11:00:00+0200
ES,Spain,1989,D61REC,"Net social contributions, revenue",PC_GDP,,,2026-07-21T11:00:00+0200
ES,Spain,1989,D62PAY,"Social benefits other than social transfers in kind, expenditure",MIO_EUR,,,2026-07-21T11:00:00+0200
ES,Spain,1989,D62PAY,"Social benefits other than social transfers in kind, expenditure",PC_GDP,,,2026-07-21T11:00:00+0200
ES,Spain,1989,D632PAY,"Social transfers in kind, purchased market production, expenditure",MIO_EUR,,,2026-07-21T11:00:00+0200
ES,Spain,1989,D632PAY,"Social transfers in kind, purchased market production, expenditure",PC_GDP,,,2026-07-21T11:00:00+0200
ES,Spain,1989,D91REC,"Capital taxes, revenue",MIO_EUR,,,2026-07-21T11:00:00+0200
ES,Spain,1989,D91REC,"Capital taxes, revenue",PC_GDP,,,2026-07-21T11:00:00+0200
ES,Spain,1989,D995REC,Capital transfers from general government to relevant sectors representing taxes and social contributions assessed but unlikely to be collected,MIO_EUR,,,2026-07-21T11:00:00+0200
ES,Spain,1989,D995REC,Capital transfers from general government to relevant sectors representing taxes and social contributions assessed but unlikely to be collected,PC_GDP,,,2026-07-21T11:00:00+0200
ES,Spain,1989,P2,Intermediate consumption,MIO_EUR,,,2026-07-21T11:00:00+0200
ES,Spain,1989,P2,Intermediate consumption,PC_GDP,,,2026-07-21T11:00:00+0200
ES,Spain,1989,P51G,Gross fixed capital formation,MIO_EUR,,,2026-07-21T11:00:00+0200
ES,Spain,1989,P51G,Gross fixed capital formation,PC_GDP,,,2026-07-21T11:00:00+0200
ES,Spain,1989,TE,Total general government expenditure,MIO_EUR,,,2026-07-21T11:00:00+0200
ES,Spain,1989,TE,Total general government expenditure,PC_GDP,,,2026-07-21T11:00:00+0200
ES,Spain,1989,TR,Total general government revenue,MIO_EUR,,,2026-07-21T11:00:00+0200
ES,Spain,1989,TR,Total general government revenue,PC_GDP,,,2026-07-21T11:00:00+0200
ES,Spain,1990,B9,Net lending (+)/net borrowing (-),MIO_EUR,,,2026-07-21T11:00:00+0200
ES,Spain,1990,B9,Net lending (+)/net borrowing (-),PC_GDP,,,2026-07-21T11:00:00+0200
ES,Spain,1990,D1PAY,"Compensation of employees, expenditure",MIO_EUR,,,2026-07-21T11:00:00+0200
ES,Spain,1990,D1PAY,"Compensation of employees, expenditure",PC_GDP,,,2026-07-21T11:00:00+0200
ES,Spain,1990,D2REC,"Taxes on production and imports, revenue",MIO_EUR,,,2026-07-21T11:00:00+0200
ES,Spain,1990,D2REC,"Taxes on production and imports, revenue",PC_GDP,,,2026-07-21T11:00:00+0200
ES,Spain,1990,D3PAY,"Subsidies, expenditure",MIO_EUR,,,2026-07-21T11:00:00+0200
ES,Spain,1990,D3PAY,"Subsidies, expenditure",PC_GDP,,,2026-07-21T11:00:00+0200
ES,Spain,1990,D41PAY,"Interest, expenditure",MIO_EUR,,,2026-07-21T11:00:00+0200
ES,Spain,1990,D41PAY,"Interest, expenditure",PC_GDP,,,2026-07-21T11:00:00+0200
ES,Spain,1990,D5REC,"Current taxes on income, wealth, etc., revenue",MIO_EUR,,,2026-07-21T11:00:00+0200
ES,Spain,1990,D5REC,"Current taxes on income, wealth, etc., revenue",PC_GDP,,,2026-07-21T11:00:00+0200
ES,Spain,1990,D61REC,"Net social contributions, revenue",MIO_EUR,,,2026-07-21T11:00:00+0200
ES,Spain,1990,D61REC,"Net social contributions, revenue",PC_GDP,,,2026-07-21T11:00:00+0200
ES,Spain,1990,D62PAY,"Social benefits other than social transfers in kind, expenditure",MIO_EUR,,,2026-07-21T11:00:00+0200
ES,Spain,1990,D62PAY,"Social benefits other than social transfers in kind, expenditure",PC_GDP,,,2026-07-21T11:00:00+0200
ES,Spain,1990,D632PAY,"Social transfers in kind, purchased market production, expenditure",MIO_EUR,,,2026-07-21T11:00:00+0200
ES,Spain,1990,D632PAY,"Social transfers in kind, purchased market production, expenditure",PC_GDP,,,2026-07-21T11:00:00+0200
ES,Spain,1990,D91REC,"Capital taxes, revenue",MIO_EUR,,,2026-07-21T11:00:00+0200
ES,Spain,1990,D91REC,"Capital taxes, revenue",PC_GDP,,,2026-07-21T11:00:00+0200
ES,Spain,1990,D995REC,Capital transfers from general government to relevant sectors representing taxes and social contributions assessed but unlikely to be collected,MIO_EUR,,,2026-07-21T11:00:00+0200
ES,Spain,1990,D995REC,Capital transfers from general government to relevant sectors representing taxes and social contributions assessed but unlikely to be collected,PC_GDP,,,2026-07-21T11:00:00+0200
ES,Spain,1990,P2,Intermediate consumption,MIO_EUR,,,2026-07-21T11:00:00+0200
ES,Spain,1990,P2,Intermediate consumption,PC_GDP,,,2026-07-21T11:00:00+0200
ES,Spain,1990,P51G,Gross fixed capital formation,MIO_EUR,,,2026-07-21T11:00:00+0200
ES,Spain,1990,P51G,Gross fixed capital formation,PC_GDP,,,2026-07-21T11:00:00+0200
ES,Spain,1990,TE,Total general government expenditure,MIO_EUR,,,2026-07-21T11:00:00+0200
ES,Spain,1990,TE,Total general government expenditure,PC_GDP,,,2026-07-21T11:00:00+0200
ES,Spain,1990,TR,Total general government revenue,MIO_EUR,,,2026-07-21T11:00:00+0200
ES,Spain,1990,TR,Total general government revenue,PC_GDP,,,2026-07-21T11:00:00+0200
ES,Spain,1991,B9,Net lending (+)/net borrowing (-),MIO_EUR,,,2026-07-21T11:00:00+0200
ES,Spain,1991,B9,Net lending (+)/net borrowing (-),PC_GDP,,,2026-07-21T11:00:00+0200
ES,Spain,1991,D1PAY,"Compensation of employees, expenditure",MIO_EUR,,,2026-07-21T11:00:00+0200
ES,Spain,1991,D1PAY,"Compensation of employees, expenditure",PC_GDP,,,2026-07-21T11:00:00+0200
ES,Spain,1991,D2REC,"Taxes on production and imports, revenue",MIO_EUR,,,2026-07-21T11:00:00+0200
ES,Spain,1991,D2REC,"Taxes on production and imports, revenue",PC_GDP,,,2026-07-21T11:00:00+0200
ES,Spain,1991,D3PAY,"Subsidies, expenditure",MIO_EUR,,,2026-07-21T11:00:00+0200
ES,Spain,1991,D3PAY,"Subsidies, expenditure",PC_GDP,,,2026-07-21T11:00:00+0200
ES,Spain,1991,D41PAY,"Interest, expenditure",MIO_EUR,,,2026-07-21T11:00:00+0200
ES,Spain,1991,D41PAY,"Interest, expenditure",PC_GDP,,,2026-07-21T11:00:00+0200
ES,Spain,1991,D5REC,"Current taxes on income, wealth, etc., revenue",MIO_EUR,,,2026-07-21T11:00:00+0200
ES,Spain,1991,D5REC,"Current taxes on income, wealth, etc., revenue",PC_GDP,,,2026-07-21T11:00:00+0200
ES,Spain,1991,D61REC,"Net social contributions, revenue",MIO_EUR,,,2026-07-21T11:00:00+0200
ES,Spain,1991,D61REC,"Net social contributions, revenue",PC_GDP,,,2026-07-21T11:00:00+0200
ES,Spain,1991,D62PAY,"Social benefits other than social transfers in kind, expenditure",MIO_EUR,,,2026-07-21T11:00:00+0200
ES,Spain,1991,D62PAY,"Social benefits other than social transfers in kind, expenditure",PC_GDP,,,2026-07-21T11:00:00+0200
ES,Spain,1991,D632PAY,"Social transfers in kind, purchased market production, expenditure",MIO_EUR,,,2026-07-21T11:00:00+0200
ES,Spain,1991,D632PAY,"Social transfers in kind, purchased market production, expenditure",PC_GDP,,,2026-07-21T11:00:00+0200
ES,Spain,1991,D91REC,"Capital taxes, revenue",MIO_EUR,,,2026-07-21T11:00:00+0200
ES,Spain,1991,D91REC,"Capital taxes, revenue",PC_GDP,,,2026-07-21T11:00:00+0200
ES,Spain,1991,D995REC,Capital transfers from general government to relevant sectors representing taxes and social contributions assessed but unlikely to be collected,MIO_EUR,,,2026-07-21T11:00:00+0200
ES,Spain,1991,D995REC,Capital transfers from general government to relevant sectors representing taxes and social contributions assessed but unlikely to be collected,PC_GDP,,,2026-07-21T11:00:00+0200
ES,Spain,1991,P2,Intermediate consumption,MIO_EUR,,,2026-07-21T11:00:00+0200
ES,Spain,1991,P2,Intermediate consumption,PC_GDP,,,2026-07-21T11:00:00+0200
ES,Spain,1991,P51G,Gross fixed capital formation,MIO_EUR,,,2026-07-21T11:00:00+0200
ES,Spain,1991,P51G,Gross fixed capital formation,PC_GDP,,,2026-07-21T11:00:00+0200
ES,Spain,1991,TE,Total general government expenditure,MIO_EUR,,,2026-07-21T11:00:00+0200
ES,Spain,1991,TE,Total general government expenditure,PC_GDP,,,2026-07-21T11:00:00+0200
ES,Spain,1991,TR,Total general government revenue,MIO_EUR,,,2026-07-21T11:00:00+0200
ES,Spain,1991,TR,Total general government revenue,PC_GDP,,,2026-07-21T11:00:00+0200
ES,Spain,1992,B9,Net lending (+)/net borrowing (-),MIO_EUR,,,2026-07-21T11:00:00+0200
ES,Spain,1992,B9,Net lending (+)/net borrowing (-),PC_GDP,,,2026-07-21T11:00:00+0200
ES,Spain,1992,D1PAY,"Compensation of employees, expenditure",MIO_EUR,,,2026-07-21T11:00:00+0200
ES,Spain,1992,D1PAY,"Compensation of employees, expenditure",PC_GDP,,,2026-07-21T11:00:00+0200
ES,Spain,1992,D2REC,"Taxes on production and imports, revenue",MIO_EUR,,,2026-07-21T11:00:00+0200
ES,Spain,1992,D2REC,"Taxes on production and imports, revenue",PC_GDP,,,2026-07-21T11:00:00+0200
ES,Spain,1992,D3PAY,"Subsidies, expenditure",MIO_EUR,,,2026-07-21T11:00:00+0200
ES,Spain,1992,D3PAY,"Subsidies, expenditure",PC_GDP,,,2026-07-21T11:00:00+0200
ES,Spain,1992,D41PAY,"Interest, expenditure",MIO_EUR,,,2026-07-21T11:00:00+0200
ES,Spain,1992,D41PAY,"Interest, expenditure",PC_GDP,,,2026-07-21T11:00:00+0200
ES,Spain,1992,D5REC,"Current taxes on income, wealth, etc., revenue",MIO_EUR,,,2026-07-21T11:00:00+0200
ES,Spain,1992,D5REC,"Current taxes on income, wealth, etc., revenue",PC_GDP,,,2026-07-21T11:00:00+0200
ES,Spain,1992,D61REC,"Net social contributions, revenue",MIO_EUR,,,2026-07-21T11:00:00+0200
ES,Spain,1992,D61REC,"Net social contributions, revenue",PC_GDP,,,2026-07-21T11:00:00+0200
ES,Spain,1992,D62PAY,"Social benefits other than social transfers in kind, expenditure",MIO_EUR,,,2026-07-21T11:00:00+0200
ES,Spain,1992,D62PAY,"Social benefits other than social transfers in kind, expenditure",PC_GDP,,,2026-07-21T11:00:00+0200
ES,Spain,1992,D632PAY,"Social transfers in kind, purchased market production, expenditure",MIO_EUR,,,2026-07-21T11:00:00+0200
ES,Spain,1992,D632PAY,"Social transfers in kind, purchased market production, expenditure",PC_GDP,,,2026-07-21T11:00:00+0200
ES,Spain,1992,D91REC,"Capital taxes, revenue",MIO_EUR,,,2026-07-21T11:00:00+0200
ES,Spain,1992,D91REC,"Capital taxes, revenue",PC_GDP,,,2026-07-21T11:00:00+0200
ES,Spain,1992,D995REC,Capital transfers from general government to relevant sectors representing taxes and social contributions assessed but unlikely to be collected,MIO_EUR,,,2026-07-21T11:00:00+0200
ES,Spain,1992,D995REC,Capital transfers from general government to relevant sectors representing taxes and social contributions assessed but unlikely to be collected,PC_GDP,,,2026-07-21T11:00:00+0200
ES,Spain,1992,P2,Intermediate consumption,MIO_EUR,,,2026-07-21T11:00:00+0200
ES,Spain,1992,P2,Intermediate consumption,PC_GDP,,,2026-07-21T11:00:00+0200
ES,Spain,1992,P51G,Gross fixed capital formation,MIO_EUR,,,2026-07-21T11:00:00+0200
ES,Spain,1992,P51G,Gross fixed capital formation,PC_GDP,,,2026-07-21T11:00:00+0200
ES,Spain,1992,TE,Total general government expenditure,MIO_EUR,,,2026-07-21T11:00:00+0200
ES,Spain,1992,TE,Total general government expenditure,PC_GDP,,,2026-07-21T11:00:00+0200
ES,Spain,1992,TR,Total general government revenue,MIO_EUR,,,2026-07-21T11:00:00+0200
ES,Spain,1992,TR,Total general government revenue,PC_GDP,,,2026-07-21T11:00:00+0200
ES,Spain,1993,B9,Net lending (+)/net borrowing (-),MIO_EUR,,,2026-07-21T11:00:00+0200
ES,Spain,1993,B9,Net lending (+)/net borrowing (-),PC_GDP,,,2026-07-21T11:00:00+0200
ES,Spain,1993,D1PAY,"Compensation of employees, expenditure",MIO_EUR,,,2026-07-21T11:00:00+0200
ES,Spain,1993,D1PAY,"Compensation of employees, expenditure",PC_GDP,,,2026-07-21T11:00:00+0200
ES,Spain,1993,D2REC,"Taxes on production and imports, revenue",MIO_EUR,,,2026-07-21T11:00:00+0200
ES,Spain,1993,D2REC,"Taxes on production and imports, revenue",PC_GDP,,,2026-07-21T11:00:00+0200
ES,Spain,1993,D3PAY,"Subsidies, expenditure",MIO_EUR,,,2026-07-21T11:00:00+0200
ES,Spain,1993,D3PAY,"Subsidies, expenditure",PC_GDP,,,2026-07-21T11:00:00+0200
ES,Spain,1993,D41PAY,"Interest, expenditure",MIO_EUR,,,2026-07-21T11:00:00+0200
ES,Spain,1993,D41PAY,"Interest, expenditure",PC_GDP,,,2026-07-21T11:00:00+0200
ES,Spain,1993,D5REC,"Current taxes on income, wealth, etc., revenue",MIO_EUR,,,2026-07-21T11:00:00+0200
ES,Spain,1993,D5REC,"Current taxes on income, wealth, etc., revenue",PC_GDP,,,2026-07-21T11:00:00+0200
ES,Spain,1993,D61REC,"Net social contributions, revenue",MIO_EUR,,,2026-07-21T11:00:00+0200
ES,Spain,1993,D61REC,"Net social contributions, revenue",PC_GDP,,,2026-07-21T11:00:00+0200
ES,Spain,1993,D62PAY,"Social benefits other than social transfers in kind, expenditure",MIO_EUR,,,2026-07-21T11:00:00+0200
ES,Spain,1993,D62PAY,"Social benefits other than social transfers in kind, expenditure",PC_GDP,,,2026-07-21T11:00:00+0200
ES,Spain,1993,D632PAY,"Social transfers in kind, purchased market production, expenditure",MIO_EUR,,,2026-07-21T11:00:00+0200
ES,Spain,1993,D632PAY,"Social transfers in kind, purchased market production, expenditure",PC_GDP,,,2026-07-21T11:00:00+0200
ES,Spain,1993,D91REC,"Capital taxes, revenue",MIO_EUR,,,2026-07-21T11:00:00+0200
ES,Spain,1993,D91REC,"Capital taxes, revenue",PC_GDP,,,2026-07-21T11:00:00+0200
ES,Spain,1993,D995REC,Capital transfers from general government to relevant sectors representing taxes and social contributions assessed but unlikely to be collected,MIO_EUR,,,2026-07-21T11:00:00+0200
ES,Spain,1993,D995REC,Capital transfers from general government to relevant sectors representing taxes and social contributions assessed but unlikely to be collected,PC_GDP,,,2026-07-21T11:00:00+0200
ES,Spain,1993,P2,Intermediate consumption,MIO_EUR,,,2026-07-21T11:00:00+0200
ES,Spain,1993,P2,Intermediate consumption,PC_GDP,,,2026-07-21T11:00:00+0200
ES,Spain,1993,P51G,Gross fixed capital formation,MIO_EUR,,,2026-07-21T11:00:00+0200
ES,Spain,1993,P51G,Gross fixed capital formation,PC_GDP,,,2026-07-21T11:00:00+0200
ES,Spain,1993,TE,Total general government expenditure,MIO_EUR,,,2026-07-21T11:00:00+0200
ES,Spain,1993,TE,Total general government expenditure,PC_GDP,,,2026-07-21T11:00:00+0200
ES,Spain,1993,TR,Total general government revenue,MIO_EUR,,,2026-07-21T11:00:00+0200
ES,Spain,1993,TR,Total general government revenue,PC_GDP,,,2026-07-21T11:00:00+0200
ES,Spain,1994,B9,Net lending (+)/net borrowing (-),MIO_EUR,,,2026-07-21T11:00:00+0200
ES,Spain,1994,B9,Net lending (+)/net borrowing (-),PC_GDP,,,2026-07-21T11:00:00+0200
ES,Spain,1994,D1PAY,"Compensation of employees, expenditure",MIO_EUR,,,2026-07-21T11:00:00+0200
ES,Spain,1994,D1PAY,"Compensation of employees, expenditure",PC_GDP,,,2026-07-21T11:00:00+0200
ES,Spain,1994,D2REC,"Taxes on production and imports, revenue",MIO_EUR,,,2026-07-21T11:00:00+0200
ES,Spain,1994,D2REC,"Taxes on production and imports, revenue",PC_GDP,,,2026-07-21T11:00:00+0200
ES,Spain,1994,D3PAY,"Subsidies, expenditure",MIO_EUR,,,2026-07-21T11:00:00+0200
ES,Spain,1994,D3PAY,"Subsidies, expenditure",PC_GDP,,,2026-07-21T11:00:00+0200
ES,Spain,1994,D41PAY,"Interest, expenditure",MIO_EUR,,,2026-07-21T11:00:00+0200
ES,Spain,1994,D41PAY,"Interest, expenditure",PC_GDP,,,2026-07-21T11:00:00+0200
ES,Spain,1994,D5REC,"Current taxes on income, wealth, etc., revenue",MIO_EUR,,,2026-07-21T11:00:00+0200
ES,Spain,1994,D5REC,"Current taxes on income, wealth, etc., revenue",PC_GDP,,,2026-07-21T11:00:00+0200
ES,Spain,1994,D61REC,"Net social contributions, revenue",MIO_EUR,,,2026-07-21T11:00:00+0200
ES,Spain,1994,D61REC,"Net social contributions, revenue",PC_GDP,,,2026-07-21T11:00:00+0200
ES,Spain,1994,D62PAY,"Social benefits other than social transfers in kind, expenditure",MIO_EUR,,,2026-07-21T11:00:00+0200
ES,Spain,1994,D62PAY,"Social benefits other than social transfers in kind, expenditure",PC_GDP,,,2026-07-21T11:00:00+0200
ES,Spain,1994,D632PAY,"Social transfers in kind, purchased market production, expenditure",MIO_EUR,,,2026-07-21T11:00:00+0200
ES,Spain,1994,D632PAY,"Social transfers in kind, purchased market production, expenditure",PC_GDP,,,2026-07-21T11:00:00+0200
ES,Spain,1994,D91REC,"Capital taxes, revenue",MIO_EUR,,,2026-07-21T11:00:00+0200
ES,Spain,1994,D91REC,"Capital taxes, revenue",PC_GDP,,,2026-07-21T11:00:00+0200
ES,Spain,1994,D995REC,Capital transfers from general government to relevant sectors representing taxes and social contributions assessed but unlikely to be collected,MIO_EUR,,,2026-07-21T11:00:00+0200
ES,Spain,1994,D995REC,Capital transfers from general government to relevant sectors representing taxes and social contributions assessed but unlikely to be collected,PC_GDP,,,2026-07-21T11:00:00+0200
ES,Spain,1994,P2,Intermediate consumption,MIO_EUR,,,2026-07-21T11:00:00+0200
ES,Spain,1994,P2,Intermediate consumption,PC_GDP,,,2026-07-21T11:00:00+0200
ES,Spain,1994,P51G,Gross fixed capital formation,MIO_EUR,,,2026-07-21T11:00:00+0200
ES,Spain,1994,P51G,Gross fixed capital formation,PC_GDP,,,2026-07-21T11:00:00+0200
ES,Spain,1994,TE,Total general government expenditure,MIO_EUR,,,2026-07-21T11:00:00+0200
ES,Spain,1994,TE,Total general government expenditure,PC_GDP,,,2026-07-21T11:00:00+0200
ES,Spain,1994,TR,Total general government revenue,MIO_EUR,,,2026-07-21T11:00:00+0200
ES,Spain,1994,TR,Total general government revenue,PC_GDP,,,2026-07-21T11:00:00+0200
ES,Spain,1995,B9,Net lending (+)/net borrowing (-),MIO_EUR,-31916.5,,2026-07-21T11:00:00+0200
ES,Spain,1995,B9,Net lending (+)/net borrowing (-),PC_GDP,-6.8,,2026-07-21T11:00:00+0200
ES,Spain,1995,D1PAY,"Compensation of employees, expenditure",MIO_EUR,51382.6,,2026-07-21T11:00:00+0200
ES,Spain,1995,D1PAY,"Compensation of employees, expenditure",PC_GDP,10.9,,2026-07-21T11:00:00+0200
ES,Spain,1995,D2REC,"Taxes on production and imports, revenue",MIO_EUR,46976,,2026-07-21T11:00:00+0200
ES,Spain,1995,D2REC,"Taxes on production and imports, revenue",PC_GDP,10,,2026-07-21T11:00:00+0200
ES,Spain,1995,D3PAY,"Subsidies, expenditure",MIO_EUR,4651.7,,2026-07-21T11:00:00+0200
ES,Spain,1995,D3PAY,"Subsidies, expenditure",PC_GDP,1,,2026-07-21T11:00:00+0200
ES,Spain,1995,D41PAY,"Interest, expenditure",MIO_EUR,23212.4,,2026-07-21T11:00:00+0200
ES,Spain,1995,D41PAY,"Interest, expenditure",PC_GDP,4.9,,2026-07-21T11:00:00+0200
ES,Spain,1995,D5REC,"Current taxes on income, wealth, etc., revenue",MIO_EUR,44524.1,,2026-07-21T11:00:00+0200
ES,Spain,1995,D5REC,"Current taxes on income, wealth, etc., revenue",PC_GDP,9.5,,2026-07-21T11:00:00+0200
ES,Spain,1995,D61REC,"Net social contributions, revenue",MIO_EUR,57354.2,,2026-07-21T11:00:00+0200
ES,Spain,1995,D61REC,"Net social contributions, revenue",PC_GDP,12.2,,2026-07-21T11:00:00+0200
ES,Spain,1995,D62PAY,"Social benefits other than social transfers in kind, expenditure",MIO_EUR,61677.1,,2026-07-21T11:00:00+0200
ES,Spain,1995,D62PAY,"Social benefits other than social transfers in kind, expenditure",PC_GDP,13.1,,2026-07-21T11:00:00+0200
ES,Spain,1995,D632PAY,"Social transfers in kind, purchased market production, expenditure",MIO_EUR,9708.6,,2026-07-21T11:00:00+0200
ES,Spain,1995,D632PAY,"Social transfers in kind, purchased market production, expenditure",PC_GDP,2.1,,2026-07-21T11:00:00+0200
ES,Spain,1995,D91REC,"Capital taxes, revenue",MIO_EUR,1529.1,,2026-07-21T11:00:00+0200
ES,Spain,1995,D91REC,"Capital taxes, revenue",PC_GDP,0.3,,2026-07-21T11:00:00+0200
ES,Spain,1995,D995REC,Capital transfers from general government to relevant sectors representing taxes and social contributions assessed but unlikely to be collected,MIO_EUR,0,,2026-07-21T11:00:00+0200
ES,Spain,1995,D995REC,Capital transfers from general government to relevant sectors representing taxes and social contributions assessed but unlikely to be collected,PC_GDP,0,,2026-07-21T11:00:00+0200
ES,Spain,1995,P2,Intermediate consumption,MIO_EUR,19883.6,,2026-07-21T11:00:00+0200
ES,Spain,1995,P2,Intermediate consumption,PC_GDP,4.2,,2026-07-21T11:00:00+0200
ES,Spain,1995,P51G,Gross fixed capital formation,MIO_EUR,20663.5,,2026-07-21T11:00:00+0200
ES,Spain,1995,P51G,Gross fixed capital formation,PC_GDP,4.4,,2026-07-21T11:00:00+0200
ES,Spain,1995,TE,Total general government expenditure,MIO_EUR,207280.2,,2026-07-21T11:00:00+0200
ES,Spain,1995,TE,Total general government expenditure,PC_GDP,44.1,,2026-07-21T11:00:00+0200
ES,Spain,1995,TR,Total general government revenue,MIO_EUR,175363.7,,2026-07-21T11:00:00+0200
ES,Spain,1995,TR,Total general government revenue,PC_GDP,37.3,,2026-07-21T11:00:00+0200
ES,Spain,1996,B9,Net lending (+)/net borrowing (-),MIO_EUR,-29687,,2026-07-21T11:00:00+0200
ES,Spain,1996,B9,Net lending (+)/net borrowing (-),PC_GDP,-5.9,,2026-07-21T11:00:00+0200
ES,Spain,1996,D1PAY,"Compensation of employees, expenditure",MIO_EUR,54949.1,,2026-07-21T11:00:00+0200
ES,Spain,1996,D1PAY,"Compensation of employees, expenditure",PC_GDP,10.9,,2026-07-21T11:00:00+0200
ES,Spain,1996,D2REC,"Taxes on production and imports, revenue",MIO_EUR,50956.8,,2026-07-21T11:00:00+0200
ES,Spain,1996,D2REC,"Taxes on production and imports, revenue",PC_GDP,10.1,,2026-07-21T11:00:00+0200
ES,Spain,1996,D3PAY,"Subsidies, expenditure",MIO_EUR,4881.4,,2026-07-21T11:00:00+0200
ES,Spain,1996,D3PAY,"Subsidies, expenditure",PC_GDP,1,,2026-07-21T11:00:00+0200
ES,Spain,1996,D41PAY,"Interest, expenditure",MIO_EUR,25462.9,,2026-07-21T11:00:00+0200
ES,Spain,1996,D41PAY,"Interest, expenditure",PC_GDP,5,,2026-07-21T11:00:00+0200
ES,Spain,1996,D5REC,"Current taxes on income, wealth, etc., revenue",MIO_EUR,47709.8,,2026-07-21T11:00:00+0200
ES,Spain,1996,D5REC,"Current taxes on income, wealth, etc., revenue",PC_GDP,9.4,,2026-07-21T11:00:00+0200
ES,Spain,1996,D61REC,"Net social contributions, revenue",MIO_EUR,60690.7,,2026-07-21T11:00:00+0200
ES,Spain,1996,D61REC,"Net social contributions, revenue",PC_GDP,12,,2026-07-21T11:00:00+0200
ES,Spain,1996,D62PAY,"Social benefits other than social transfers in kind, expenditure",MIO_EUR,65759.5,,2026-07-21T11:00:00+0200
ES,Spain,1996,D62PAY,"Social benefits other than social transfers in kind, expenditure",PC_GDP,13,,2026-07-21T11:00:00+0200
ES,Spain,1996,D632PAY,"Social transfers in kind, purchased market production, expenditure",MIO_EUR,10506,,2026-07-21T11:00:00+0200
ES,Spain,1996,D632PAY,"Social transfers in kind, purchased market production, expenditure",PC_GDP,2.1,,2026-07-21T11:00:00+0200
ES,Spain,1996,D91REC,"Capital taxes, revenue",MIO_EUR,1718.2,,2026-07-21T11:00:00+0200
ES,Spain,1996,D91REC,"Capital taxes, revenue",PC_GDP,0.3,,2026-07-21T11:00:00+0200
ES,Spain,1996,D995REC,Capital transfers from general government to relevant sectors representing taxes and social contributions assessed but unlikely to be collected,MIO_EUR,0,,2026-07-21T11:00:00+0200
ES,Spain,1996,D995REC,Capital transfers from general government to relevant sectors representing taxes and social contributions assessed but unlikely to be collected,PC_GDP,0,,2026-07-21T11:00:00+0200
ES,Spain,1996,P2,Intermediate consumption,MIO_EUR,20610.4,,2026-07-21T11:00:00+0200
ES,Spain,1996,P2,Intermediate consumption,PC_GDP,4.1,,2026-07-21T11:00:00+0200
ES,Spain,1996,P51G,Gross fixed capital formation,MIO_EUR,18867.4,,2026-07-21T11:00:00+0200
ES,Spain,1996,P51G,Gross fixed capital formation,PC_GDP,3.7,,2026-07-21T11:00:00+0200
ES,Spain,1996,TE,Total general government expenditure,MIO_EUR,216929.3,,2026-07-21T11:00:00+0200
ES,Spain,1996,TE,Total general government expenditure,PC_GDP,42.9,,2026-07-21T11:00:00+0200
ES,Spain,1996,TR,Total general government revenue,MIO_EUR,187242.3,,2026-07-21T11:00:00+0200
ES,Spain,1996,TR,Total general government revenue,PC_GDP,37,,2026-07-21T11:00:00+0200
ES,Spain,1997,B9,Net lending (+)/net borrowing (-),MIO_EUR,-20088.3,,2026-07-21T11:00:00+0200
ES,Spain,1997,B9,Net lending (+)/net borrowing (-),PC_GDP,-3.9,,2026-07-21T11:00:00+0200
ES,Spain,1997,D1PAY,"Compensation of employees, expenditure",MIO_EUR,55024.1,,2026-07-21T11:00:00+0200
ES,Spain,1997,D1PAY,"Compensation of employees, expenditure",PC_GDP,10.6,,2026-07-21T11:00:00+0200
ES,Spain,1997,D2REC,"Taxes on production and imports, revenue",MIO_EUR,54066.3,,2026-07-21T11:00:00+0200
ES,Spain,1997,D2REC,"Taxes on production and imports, revenue",PC_GDP,10.4,,2026-07-21T11:00:00+0200
ES,Spain,1997,D3PAY,"Subsidies, expenditure",MIO_EUR,4712.1,,2026-07-21T11:00:00+0200
ES,Spain,1997,D3PAY,"Subsidies, expenditure",PC_GDP,0.9,,2026-07-21T11:00:00+0200
ES,Spain,1997,D41PAY,"Interest, expenditure",MIO_EUR,23613.9,,2026-07-21T11:00:00+0200
ES,Spain,1997,D41PAY,"Interest, expenditure",PC_GDP,4.5,,2026-07-21T11:00:00+0200
ES,Spain,1997,D5REC,"Current taxes on income, wealth, etc., revenue",MIO_EUR,50557.7,,2026-07-21T11:00:00+0200
ES,Spain,1997,D5REC,"Current taxes on income, wealth, etc., revenue",PC_GDP,9.7,,2026-07-21T11:00:00+0200
ES,Spain,1997,D61REC,"Net social contributions, revenue",MIO_EUR,63301,,2026-07-21T11:00:00+0200
ES,Spain,1997,D61REC,"Net social contributions, revenue",PC_GDP,12.2,,2026-07-21T11:00:00+0200
ES,Spain,1997,D62PAY,"Social benefits other than social transfers in kind, expenditure",MIO_EUR,65717.2,,2026-07-21T11:00:00+0200
ES,Spain,1997,D62PAY,"Social benefits other than social transfers in kind, expenditure",PC_GDP,12.6,,2026-07-21T11:00:00+0200
ES,Spain,1997,D632PAY,"Social transfers in kind, purchased market production, expenditure",MIO_EUR,10401.2,,2026-07-21T11:00:00+0200
ES,Spain,1997,D632PAY,"Social transfers in kind, purchased market production, expenditure",PC_GDP,2,,2026-07-21T11:00:00+0200
ES,Spain,1997,D91REC,"Capital taxes, revenue",MIO_EUR,2460.4,,2026-07-21T11:00:00+0200
ES,Spain,1997,D91REC,"Capital taxes, revenue",PC_GDP,0.5,,2026-07-21T11:00:00+0200
ES,Spain,1997,D995REC,Capital transfers from general government to relevant sectors representing taxes and social contributions assessed but unlikely to be collected,MIO_EUR,0,,2026-07-21T11:00:00+0200
ES,Spain,1997,D995REC,Capital transfers from general government to relevant sectors representing taxes and social contributions assessed but unlikely to be collected,PC_GDP,0,,2026-07-21T11:00:00+0200
ES,Spain,1997,P2,Intermediate consumption,MIO_EUR,21218.7,,2026-07-21T11:00:00+0200
ES,Spain,1997,P2,Intermediate consumption,PC_GDP,4.1,,2026-07-21T11:00:00+0200
ES,Spain,1997,P51G,Gross fixed capital formation,MIO_EUR,19387.2,,2026-07-21T11:00:00+0200
ES,Spain,1997,P51G,Gross fixed capital formation,PC_GDP,3.7,,2026-07-21T11:00:00+0200
ES,Spain,1997,TE,Total general government expenditure,MIO_EUR,215947.1,,2026-07-21T11:00:00+0200
ES,Spain,1997,TE,Total general government expenditure,PC_GDP,41.5,,2026-07-21T11:00:00+0200
ES,Spain,1997,TR,Total general government revenue,MIO_EUR,195858.8,,2026-07-21T11:00:00+0200
ES,Spain,1997,TR,Total general government revenue,PC_GDP,37.6,,2026-07-21T11:00:00+0200
ES,Spain,1998,B9,Net lending (+)/net borrowing (-),MIO_EUR,-14524.3,,2026-07-21T11:00:00+0200
ES,Spain,1998,B9,Net lending (+)/net borrowing (-),PC_GDP,-2.6,,2026-07-21T11:00:00+0200
ES,Spain,1998,D1PAY,"Compensation of employees, expenditure",MIO_EUR,57383.7,,2026-07-21T11:00:00+0200
ES,Spain,1998,D1PAY,"Compensation of employees, expenditure",PC_GDP,10.4,,2026-07-21T11:00:00+0200
ES,Spain,1998,D2REC,"Taxes on production and imports, revenue",MIO_EUR,61202.4,,2026-07-21T11:00:00+0200
ES,Spain,1998,D2REC,"Taxes on production and imports, revenue",PC_GDP,11.1,,2026-07-21T11:00:00+0200
ES,Spain,1998,D3PAY,"Subsidies, expenditure",MIO_EUR,6272.9,,2026-07-21T11:00:00+0200
ES,Spain,1998,D3PAY,"Subsidies, expenditure",PC_GDP,1.1,,2026-07-21T11:00:00+0200
ES,Spain,1998,D41PAY,"Interest, expenditure",MIO_EUR,22481.2,,2026-07-21T11:00:00+0200
ES,Spain,1998,D41PAY,"Interest, expenditure",PC_GDP,4.1,,2026-07-21T11:00:00+0200
ES,Spain,1998,D5REC,"Current taxes on income, wealth, etc., revenue",MIO_EUR,54607.1,,2026-07-21T11:00:00+0200
ES,Spain,1998,D5REC,"Current taxes on income, wealth, etc., revenue",PC_GDP,9.9,,2026-07-21T11:00:00+0200
ES,Spain,1998,D61REC,"Net social contributions, revenue",MIO_EUR,67604.7,,2026-07-21T11:00:00+0200
ES,Spain,1998,D61REC,"Net social contributions, revenue",PC_GDP,12.2,,2026-07-21T11:00:00+0200
ES,Spain,1998,D62PAY,"Social benefits other than social transfers in kind, expenditure",MIO_EUR,67049.4,,2026-07-21T11:00:00+0200
ES,Spain,1998,D62PAY,"Social benefits other than social transfers in kind, expenditure",PC_GDP,12.1,,2026-07-21T11:00:00+0200
ES,Spain,1998,D632PAY,"Social transfers in kind, purchased market production, expenditure",MIO_EUR,12069.1,,2026-07-21T11:00:00+0200
ES,Spain,1998,D632PAY,"Social transfers in kind, purchased market production, expenditure",PC_GDP,2.2,,2026-07-21T11:00:00+0200
ES,Spain,1998,D91REC,"Capital taxes, revenue",MIO_EUR,1994.4,,2026-07-21T11:00:00+0200
ES,Spain,1998,D91REC,"Capital taxes, revenue",PC_GDP,0.4,,2026-07-21T11:00:00+0200
ES,Spain,1998,D995REC,Capital transfers from general government to relevant sectors representing taxes and social contributions assessed but unlikely to be collected,MIO_EUR,0,,2026-07-21T11:00:00+0200
ES,Spain,1998,D995REC,Capital transfers from general government to relevant sectors representing taxes and social contributions assessed but unlikely to be collected,PC_GDP,0,,2026-07-21T11:00:00+0200
ES,Spain,1998,P2,Intermediate consumption,MIO_EUR,21916.9,,2026-07-21T11:00:00+0200
ES,Spain,1998,P2,Intermediate consumption,PC_GDP,4,,2026-07-21T11:00:00+0200
ES,Spain,1998,P51G,Gross fixed capital formation,MIO_EUR,21339.6,,2026-07-21T11:00:00+0200
ES,Spain,1998,P51G,Gross fixed capital formation,PC_GDP,3.9,,2026-07-21T11:00:00+0200
ES,Spain,1998,TE,Total general government expenditure,MIO_EUR,226510.4,,2026-07-21T11:00:00+0200
ES,Spain,1998,TE,Total general government expenditure,PC_GDP,41,,2026-07-21T11:00:00+0200
ES,Spain,1998,TR,Total general government revenue,MIO_EUR,211986.1,,2026-07-21T11:00:00+0200
ES,Spain,1998,TR,Total general government revenue,PC_GDP,38.3,,2026-07-21T11:00:00+0200
ES,Spain,1999,B9,Net lending (+)/net borrowing (-),MIO_EUR,-7382,,2026-07-21T11:00:00+0200
ES,Spain,1999,B9,Net lending (+)/net borrowing (-),PC_GDP,-1.2,,2026-07-21T11:00:00+0200
ES,Spain,1999,D1PAY,"Compensation of employees, expenditure",MIO_EUR,61026,,2026-07-21T11:00:00+0200
ES,Spain,1999,D1PAY,"Compensation of employees, expenditure",PC_GDP,10.3,,2026-07-21T11:00:00+0200
ES,Spain,1999,D2REC,"Taxes on production and imports, revenue",MIO_EUR,67814,,2026-07-21T11:00:00+0200
ES,Spain,1999,D2REC,"Taxes on production and imports, revenue",PC_GDP,11.4,,2026-07-21T11:00:00+0200
ES,Spain,1999,D3PAY,"Subsidies, expenditure",MIO_EUR,7167,,2026-07-21T11:00:00+0200
ES,Spain,1999,D3PAY,"Subsidies, expenditure",PC_GDP,1.2,,2026-07-21T11:00:00+0200
ES,Spain,1999,D41PAY,"Interest, expenditure",MIO_EUR,20307,,2026-07-21T11:00:00+0200
ES,Spain,1999,D41PAY,"Interest, expenditure",PC_GDP,3.4,,2026-07-21T11:00:00+0200
ES,Spain,1999,D5REC,"Current taxes on income, wealth, etc., revenue",MIO_EUR,57860,,2026-07-21T11:00:00+0200
ES,Spain,1999,D5REC,"Current taxes on income, wealth, etc., revenue",PC_GDP,9.7,,2026-07-21T11:00:00+0200
ES,Spain,1999,D61REC,"Net social contributions, revenue",MIO_EUR,73986,,2026-07-21T11:00:00+0200
ES,Spain,1999,D61REC,"Net social contributions, revenue",PC_GDP,12.4,,2026-07-21T11:00:00+0200
ES,Spain,1999,D62PAY,"Social benefits other than social transfers in kind, expenditure",MIO_EUR,70485,,2026-07-21T11:00:00+0200
ES,Spain,1999,D62PAY,"Social benefits other than social transfers in kind, expenditure",PC_GDP,11.8,,2026-07-21T11:00:00+0200
ES,Spain,1999,D632PAY,"Social transfers in kind, purchased market production, expenditure",MIO_EUR,13491,,2026-07-21T11:00:00+0200
ES,Spain,1999,D632PAY,"Social transfers in kind, purchased market production, expenditure",PC_GDP,2.3,,2026-07-21T11:00:00+0200
ES,Spain,1999,D91REC,"Capital taxes, revenue",MIO_EUR,2206,,2026-07-21T11:00:00+0200
ES,Spain,1999,D91REC,"Capital taxes, revenue",PC_GDP,0.4,,2026-07-21T11:00:00+0200
ES,Spain,1999,D995REC,Capital transfers from general government to relevant sectors representing taxes and social contributions assessed but unlikely to be collected,MIO_EUR,0,,2026-07-21T11:00:00+0200
ES,Spain,1999,D995REC,Capital transfers from general government to relevant sectors representing taxes and social contributions assessed but unlikely to be collected,PC_GDP,0,,2026-07-21T11:00:00+0200
ES,Spain,1999,P2,Intermediate consumption,MIO_EUR,23528,,2026-07-21T11:00:00+0200
ES,Spain,1999,P2,Intermediate consumption,PC_GDP,4,,2026-07-21T11:00:00+0200
ES,Spain,1999,P51G,Gross fixed capital formation,MIO_EUR,23086,,2026-07-21T11:00:00+0200
ES,Spain,1999,P51G,Gross fixed capital formation,PC_GDP,3.9,,2026-07-21T11:00:00+0200
ES,Spain,1999,TE,Total general government expenditure,MIO_EUR,237779,,2026-07-21T11:00:00+0200
ES,Spain,1999,TE,Total general government expenditure,PC_GDP,39.9,,2026-07-21T11:00:00+0200
ES,Spain,1999,TR,Total general government revenue,MIO_EUR,230397,,2026-07-21T11:00:00+0200
ES,Spain,1999,TR,Total general government revenue,PC_GDP,38.7,,2026-07-21T11:00:00+0200
ES,Spain,2000,B9,Net lending (+)/net borrowing (-),MIO_EUR,-7520,,2026-07-21T11:00:00+0200
ES,Spain,2000,B9,Net lending (+)/net borrowing (-),PC_GDP,-1.2,,2026-07-21T11:00:00+0200
ES,Spain,2000,D1PAY,"Compensation of employees, expenditure",MIO_EUR,64995,,2026-07-21T11:00:00+0200
ES,Spain,2000,D1PAY,"Compensation of employees, expenditure",PC_GDP,10,,2026-07-21T11:00:00+0200
ES,Spain,2000,D2REC,"Taxes on production and imports, revenue",MIO_EUR,72939,,2026-07-21T11:00:00+0200
ES,Spain,2000,D2REC,"Taxes on production and imports, revenue",PC_GDP,11.3,,2026-07-21T11:00:00+0200
ES,Spain,2000,D3PAY,"Subsidies, expenditure",MIO_EUR,7439,,2026-07-21T11:00:00+0200
ES,Spain,2000,D3PAY,"Subsidies, expenditure",PC_GDP,1.1,,2026-07-21T11:00:00+0200
ES,Spain,2000,D41PAY,"Interest, expenditure",MIO_EUR,20485,,2026-07-21T11:00:00+0200
ES,Spain,2000,D41PAY,"Interest, expenditure",PC_GDP,3.2,,2026-07-21T11:00:00+0200
ES,Spain,2000,D5REC,"Current taxes on income, wealth, etc., revenue",MIO_EUR,62882,,2026-07-21T11:00:00+0200
ES,Spain,2000,D5REC,"Current taxes on income, wealth, etc., revenue",PC_GDP,9.7,,2026-07-21T11:00:00+0200
ES,Spain,2000,D61REC,"Net social contributions, revenue",MIO_EUR,80509,,2026-07-21T11:00:00+0200
ES,Spain,2000,D61REC,"Net social contributions, revenue",PC_GDP,12.4,,2026-07-21T11:00:00+0200
ES,Spain,2000,D62PAY,"Social benefits other than social transfers in kind, expenditure",MIO_EUR,75308,,2026-07-21T11:00:00+0200
ES,Spain,2000,D62PAY,"Social benefits other than social transfers in kind, expenditure",PC_GDP,11.6,,2026-07-21T11:00:00+0200
ES,Spain,2000,D632PAY,"Social transfers in kind, purchased market production, expenditure",MIO_EUR,14783,,2026-07-21T11:00:00+0200
ES,Spain,2000,D632PAY,"Social transfers in kind, purchased market production, expenditure",PC_GDP,2.3,,2026-07-21T11:00:00+0200
ES,Spain,2000,D91REC,"Capital taxes, revenue",MIO_EUR,2487,,2026-07-21T11:00:00+0200
ES,Spain,2000,D91REC,"Capital taxes, revenue",PC_GDP,0.4,,2026-07-21T11:00:00+0200
ES,Spain,2000,D995REC,Capital transfers from general government to relevant sectors representing taxes and social contributions assessed but unlikely to be collected,MIO_EUR,0,,2026-07-21T11:00:00+0200
ES,Spain,2000,D995REC,Capital transfers from general government to relevant sectors representing taxes and social contributions assessed but unlikely to be collected,PC_GDP,0,,2026-07-21T11:00:00+0200
ES,Spain,2000,P2,Intermediate consumption,MIO_EUR,26035,,2026-07-21T11:00:00+0200
ES,Spain,2000,P2,Intermediate consumption,PC_GDP,4,,2026-07-21T11:00:00+0200
ES,Spain,2000,P51G,Gross fixed capital formation,MIO_EUR,23928,,2026-07-21T11:00:00+0200
ES,Spain,2000,P51G,Gross fixed capital formation,PC_GDP,3.7,,2026-07-21T11:00:00+0200
ES,Spain,2000,TE,Total general government expenditure,MIO_EUR,253267,,2026-07-21T11:00:00+0200
ES,Spain,2000,TE,Total general government expenditure,PC_GDP,39.1,,2026-07-21T11:00:00+0200
ES,Spain,2000,TR,Total general government revenue,MIO_EUR,245747,,2026-07-21T11:00:00+0200
ES,Spain,2000,TR,Total general government revenue,PC_GDP,37.9,,2026-07-21T11:00:00+0200
ES,Spain,2001,B9,Net lending (+)/net borrowing (-),MIO_EUR,-3189,,2026-07-21T11:00:00+0200
ES,Spain,2001,B9,Net lending (+)/net borrowing (-),PC_GDP,-0.5,,2026-07-21T11:00:00+0200
ES,Spain,2001,D1PAY,"Compensation of employees, expenditure",MIO_EUR,69011,,2026-07-21T11:00:00+0200
ES,Spain,2001,D1PAY,"Compensation of employees, expenditure",PC_GDP,9.8,,2026-07-21T11:00:00+0200
ES,Spain,2001,D2REC,"Taxes on production and imports, revenue",MIO_EUR,76726,,2026-07-21T11:00:00+0200
ES,Spain,2001,D2REC,"Taxes on production and imports, revenue",PC_GDP,10.9,,2026-07-21T11:00:00+0200
ES,Spain,2001,D3PAY,"Subsidies, expenditure",MIO_EUR,7230,,2026-07-21T11:00:00+0200
ES,Spain,2001,D3PAY,"Subsidies, expenditure",PC_GDP,1,,2026-07-21T11:00:00+0200
ES,Spain,2001,D41PAY,"Interest, expenditure",MIO_EUR,20815,,2026-07-21T11:00:00+0200
ES,Spain,2001,D41PAY,"Interest, expenditure",PC_GDP,3,,2026-07-21T11:00:00+0200
ES,Spain,2001,D5REC,"Current taxes on income, wealth, etc., revenue",MIO_EUR,67520,,2026-07-21T11:00:00+0200
ES,Spain,2001,D5REC,"Current taxes on income, wealth, etc., revenue",PC_GDP,9.6,,2026-07-21T11:00:00+0200
ES,Spain,2001,D61REC,"Net social contributions, revenue",MIO_EUR,88138,,2026-07-21T11:00:00+0200
ES,Spain,2001,D61REC,"Net social contributions, revenue",PC_GDP,12.6,,2026-07-21T11:00:00+0200
ES,Spain,2001,D62PAY,"Social benefits other than social transfers in kind, expenditure",MIO_EUR,79919,,2026-07-21T11:00:00+0200
ES,Spain,2001,D62PAY,"Social benefits other than social transfers in kind, expenditure",PC_GDP,11.4,,2026-07-21T11:00:00+0200
ES,Spain,2001,D632PAY,"Social transfers in kind, purchased market production, expenditure",MIO_EUR,16030,,2026-07-21T11:00:00+0200
ES,Spain,2001,D632PAY,"Social transfers in kind, purchased market production, expenditure",PC_GDP,2.3,,2026-07-21T11:00:00+0200
ES,Spain,2001,D91REC,"Capital taxes, revenue",MIO_EUR,2514,,2026-07-21T11:00:00+0200
ES,Spain,2001,D91REC,"Capital taxes, revenue",PC_GDP,0.4,,2026-07-21T11:00:00+0200
ES,Spain,2001,D995REC,Capital transfers from general government to relevant sectors representing taxes and social contributions assessed but unlikely to be collected,MIO_EUR,0,,2026-07-21T11:00:00+0200
ES,Spain,2001,D995REC,Capital transfers from general government to relevant sectors representing taxes and social contributions assessed but unlikely to be collected,PC_GDP,0,,2026-07-21T11:00:00+0200
ES,Spain,2001,P2,Intermediate consumption,MIO_EUR,28279,,2026-07-21T11:00:00+0200
ES,Spain,2001,P2,Intermediate consumption,PC_GDP,4,,2026-07-21T11:00:00+0200
ES,Spain,2001,P51G,Gross fixed capital formation,MIO_EUR,26536,,2026-07-21T11:00:00+0200
ES,Spain,2001,P51G,Gross fixed capital formation,PC_GDP,3.8,,2026-07-21T11:00:00+0200
ES,Spain,2001,TE,Total general government expenditure,MIO_EUR,269195,,2026-07-21T11:00:00+0200
ES,Spain,2001,TE,Total general government expenditure,PC_GDP,38.4,,2026-07-21T11:00:00+0200
ES,Spain,2001,TR,Total general government revenue,MIO_EUR,266006,,2026-07-21T11:00:00+0200
ES,Spain,2001,TR,Total general government revenue,PC_GDP,37.9,,2026-07-21T11:00:00+0200
ES,Spain,2002,B9,Net lending (+)/net borrowing (-),MIO_EUR,-2356,,2026-07-21T11:00:00+0200
ES,Spain,2002,B9,Net lending (+)/net borrowing (-),PC_GDP,-0.3,,2026-07-21T11:00:00+0200
ES,Spain,2002,D1PAY,"Compensation of employees, expenditure",MIO_EUR,73022,,2026-07-21T11:00:00+0200
ES,Spain,2002,D1PAY,"Compensation of employees, expenditure",PC_GDP,9.7,,2026-07-21T11:00:00+0200
ES,Spain,2002,D2REC,"Taxes on production and imports, revenue",MIO_EUR,82033,,2026-07-21T11:00:00+0200
ES,Spain,2002,D2REC,"Taxes on production and imports, revenue",PC_GDP,10.9,,2026-07-21T11:00:00+0200
ES,Spain,2002,D3PAY,"Subsidies, expenditure",MIO_EUR,8078,,2026-07-21T11:00:00+0200
ES,Spain,2002,D3PAY,"Subsidies, expenditure",PC_GDP,1.1,,2026-07-21T11:00:00+0200
ES,Spain,2002,D41PAY,"Interest, expenditure",MIO_EUR,19712,,2026-07-21T11:00:00+0200
ES,Spain,2002,D41PAY,"Interest, expenditure",PC_GDP,2.6,,2026-07-21T11:00:00+0200
ES,Spain,2002,D5REC,"Current taxes on income, wealth, etc., revenue",MIO_EUR,75736,,2026-07-21T11:00:00+0200
ES,Spain,2002,D5REC,"Current taxes on income, wealth, etc., revenue",PC_GDP,10.1,,2026-07-21T11:00:00+0200
ES,Spain,2002,D61REC,"Net social contributions, revenue",MIO_EUR,94039,,2026-07-21T11:00:00+0200
ES,Spain,2002,D61REC,"Net social contributions, revenue",PC_GDP,12.5,,2026-07-21T11:00:00+0200
ES,Spain,2002,D62PAY,"Social benefits other than social transfers in kind, expenditure",MIO_EUR,86165,,2026-07-21T11:00:00+0200
ES,Spain,2002,D62PAY,"Social benefits other than social transfers in kind, expenditure",PC_GDP,11.5,,2026-07-21T11:00:00+0200
ES,Spain,2002,D632PAY,"Social transfers in kind, purchased market production, expenditure",MIO_EUR,17928,,2026-07-21T11:00:00+0200
ES,Spain,2002,D632PAY,"Social transfers in kind, purchased market production, expenditure",PC_GDP,2.4,,2026-07-21T11:00:00+0200
ES,Spain,2002,D91REC,"Capital taxes, revenue",MIO_EUR,2755,,2026-07-21T11:00:00+0200
ES,Spain,2002,D91REC,"Capital taxes, revenue",PC_GDP,0.4,,2026-07-21T11:00:00+0200
ES,Spain,2002,D995REC,Capital transfers from general government to relevant sectors representing taxes and social contributions assessed but unlikely to be collected,MIO_EUR,0,,2026-07-21T11:00:00+0200
ES,Spain,2002,D995REC,Capital transfers from general government to relevant sectors representing taxes and social contributions assessed but unlikely to be collected,PC_GDP,0,,2026-07-21T11:00:00+0200
ES,Spain,2002,P2,Intermediate consumption,MIO_EUR,31225,,2026-07-21T11:00:00+0200
ES,Spain,2002,P2,Intermediate consumption,PC_GDP,4.2,,2026-07-21T11:00:00+0200
ES,Spain,2002,P51G,Gross fixed capital formation,MIO_EUR,30487,,2026-07-21T11:00:00+0200
ES,Spain,2002,P51G,Gross fixed capital formation,PC_GDP,4.1,,2026-07-21T11:00:00+0200
ES,Spain,2002,TE,Total general government expenditure,MIO_EUR,289527,,2026-07-21T11:00:00+0200
ES,Spain,2002,TE,Total general government expenditure,PC_GDP,38.6,,2026-07-21T11:00:00+0200
ES,Spain,2002,TR,Total general government revenue,MIO_EUR,287171,,2026-07-21T11:00:00+0200
ES,Spain,2002,TR,Total general government revenue,PC_GDP,38.3,,2026-07-21T11:00:00+0200
ES,Spain,2003,B9,Net lending (+)/net borrowing (-),MIO_EUR,-3009,,2026-07-21T11:00:00+0200
ES,Spain,2003,B9,Net lending (+)/net borrowing (-),PC_GDP,-0.4,,2026-07-21T11:00:00+0200
ES,Spain,2003,D1PAY,"Compensation of employees, expenditure",MIO_EUR,78768,,2026-07-21T11:00:00+0200
ES,Spain,2003,D1PAY,"Compensation of employees, expenditure",PC_GDP,9.8,,2026-07-21T11:00:00+0200
ES,Spain,2003,D2REC,"Taxes on production and imports, revenue",MIO_EUR,89950,,2026-07-21T11:00:00+0200
ES,Spain,2003,D2REC,"Taxes on production and imports, revenue",PC_GDP,11.2,,2026-07-21T11:00:00+0200
ES,Spain,2003,D3PAY,"Subsidies, expenditure",MIO_EUR,8593,,2026-07-21T11:00:00+0200
ES,Spain,2003,D3PAY,"Subsidies, expenditure",PC_GDP,1.1,,2026-07-21T11:00:00+0200
ES,Spain,2003,D41PAY,"Interest, expenditure",MIO_EUR,18459,,2026-07-21T11:00:00+0200
ES,Spain,2003,D41PAY,"Interest, expenditure",PC_GDP,2.3,,2026-07-21T11:00:00+0200
ES,Spain,2003,D5REC,"Current taxes on income, wealth, etc., revenue",MIO_EUR,77381,,2026-07-21T11:00:00+0200
ES,Spain,2003,D5REC,"Current taxes on income, wealth, etc., revenue",PC_GDP,9.6,,2026-07-21T11:00:00+0200
ES,Spain,2003,D61REC,"Net social contributions, revenue",MIO_EUR,101025,,2026-07-21T11:00:00+0200
ES,Spain,2003,D61REC,"Net social contributions, revenue",PC_GDP,12.6,,2026-07-21T11:00:00+0200
ES,Spain,2003,D62PAY,"Social benefits other than social transfers in kind, expenditure",MIO_EUR,91998,,2026-07-21T11:00:00+0200
ES,Spain,2003,D62PAY,"Social benefits other than social transfers in kind, expenditure",PC_GDP,11.5,,2026-07-21T11:00:00+0200
ES,Spain,2003,D632PAY,"Social transfers in kind, purchased market production, expenditure",MIO_EUR,18657,,2026-07-21T11:00:00+0200
ES,Spain,2003,D632PAY,"Social transfers in kind, purchased market production, expenditure",PC_GDP,2.3,,2026-07-21T11:00:00+0200
ES,Spain,2003,D91REC,"Capital taxes, revenue",MIO_EUR,3121,,2026-07-21T11:00:00+0200
ES,Spain,2003,D91REC,"Capital taxes, revenue",PC_GDP,0.4,,2026-07-21T11:00:00+0200
ES,Spain,2003,D995REC,Capital transfers from general government to relevant sectors representing taxes and social contributions assessed but unlikely to be collected,MIO_EUR,0,,2026-07-21T11:00:00+0200
ES,Spain,2003,D995REC,Capital transfers from general government to relevant sectors representing taxes and social contributions assessed but unlikely to be collected,PC_GDP,0,,2026-07-21T11:00:00+0200
ES,Spain,2003,P2,Intermediate consumption,MIO_EUR,34555,,2026-07-21T11:00:00+0200
ES,Spain,2003,P2,Intermediate consumption,PC_GDP,4.3,,2026-07-21T11:00:00+0200
ES,Spain,2003,P51G,Gross fixed capital formation,MIO_EUR,33265,,2026-07-21T11:00:00+0200
ES,Spain,2003,P51G,Gross fixed capital formation,PC_GDP,4.1,,2026-07-21T11:00:00+0200
ES,Spain,2003,TE,Total general government expenditure,MIO_EUR,307796,,2026-07-21T11:00:00+0200
ES,Spain,2003,TE,Total general government expenditure,PC_GDP,38.3,,2026-07-21T11:00:00+0200
ES,Spain,2003,TR,Total general government revenue,MIO_EUR,304787,,2026-07-21T11:00:00+0200
ES,Spain,2003,TR,Total general government revenue,PC_GDP,38,,2026-07-21T11:00:00+0200
ES,Spain,2004,B9,Net lending (+)/net borrowing (-),MIO_EUR,-941,,2026-07-21T11:00:00+0200
ES,Spain,2004,B9,Net lending (+)/net borrowing (-),PC_GDP,-0.1,,2026-07-21T11:00:00+0200
ES,Spain,2004,D1PAY,"Compensation of employees, expenditure",MIO_EUR,84472,,2026-07-21T11:00:00+0200
ES,Spain,2004,D1PAY,"Compensation of employees, expenditure",PC_GDP,9.8,,2026-07-21T11:00:00+0200
ES,Spain,2004,D2REC,"Taxes on production and imports, revenue",MIO_EUR,100460,,2026-07-21T11:00:00+0200
ES,Spain,2004,D2REC,"Taxes on production and imports, revenue",PC_GDP,11.7,,2026-07-21T11:00:00+0200
ES,Spain,2004,D3PAY,"Subsidies, expenditure",MIO_EUR,8792,,2026-07-21T11:00:00+0200
ES,Spain,2004,D3PAY,"Subsidies, expenditure",PC_GDP,1,,2026-07-21T11:00:00+0200
ES,Spain,2004,D41PAY,"Interest, expenditure",MIO_EUR,17104,,2026-07-21T11:00:00+0200
ES,Spain,2004,D41PAY,"Interest, expenditure",PC_GDP,2,,2026-07-21T11:00:00+0200
ES,Spain,2004,D5REC,"Current taxes on income, wealth, etc., revenue",MIO_EUR,86080,,2026-07-21T11:00:00+0200
ES,Spain,2004,D5REC,"Current taxes on income, wealth, etc., revenue",PC_GDP,10,,2026-07-21T11:00:00+0200
ES,Spain,2004,D61REC,"Net social contributions, revenue",MIO_EUR,108469,,2026-07-21T11:00:00+0200
ES,Spain,2004,D61REC,"Net social contributions, revenue",PC_GDP,12.6,,2026-07-21T11:00:00+0200
ES,Spain,2004,D62PAY,"Social benefits other than social transfers in kind, expenditure",MIO_EUR,98981,,2026-07-21T11:00:00+0200
ES,Spain,2004,D62PAY,"Social benefits other than social transfers in kind, expenditure",PC_GDP,11.5,,2026-07-21T11:00:00+0200
ES,Spain,2004,D632PAY,"Social transfers in kind, purchased market production, expenditure",MIO_EUR,21135,,2026-07-21T11:00:00+0200
ES,Spain,2004,D632PAY,"Social transfers in kind, purchased market production, expenditure",PC_GDP,2.5,,2026-07-21T11:00:00+0200
ES,Spain,2004,D91REC,"Capital taxes, revenue",MIO_EUR,3610,,2026-07-21T11:00:00+0200
ES,Spain,2004,D91REC,"Capital taxes, revenue",PC_GDP,0.4,,2026-07-21T11:00:00+0200
ES,Spain,2004,D995REC,Capital transfers from general government to relevant sectors representing taxes and social contributions assessed but unlikely to be collected,MIO_EUR,0,,2026-07-21T11:00:00+0200
ES,Spain,2004,D995REC,Capital transfers from general government to relevant sectors representing taxes and social contributions assessed but unlikely to be collected,PC_GDP,0,,2026-07-21T11:00:00+0200
ES,Spain,2004,P2,Intermediate consumption,MIO_EUR,38788,,2026-07-21T11:00:00+0200
ES,Spain,2004,P2,Intermediate consumption,PC_GDP,4.5,,2026-07-21T11:00:00+0200
ES,Spain,2004,P51G,Gross fixed capital formation,MIO_EUR,34404,,2026-07-21T11:00:00+0200
ES,Spain,2004,P51G,Gross fixed capital formation,PC_GDP,4,,2026-07-21T11:00:00+0200
ES,Spain,2004,TE,Total general government expenditure,MIO_EUR,333666,,2026-07-21T11:00:00+0200
ES,Spain,2004,TE,Total general government expenditure,PC_GDP,38.8,,2026-07-21T11:00:00+0200
ES,Spain,2004,TR,Total general government revenue,MIO_EUR,332725,,2026-07-21T11:00:00+0200
ES,Spain,2004,TR,Total general government revenue,PC_GDP,38.7,,2026-07-21T11:00:00+0200
ES,Spain,2005,B9,Net lending (+)/net borrowing (-),MIO_EUR,11421,,2026-07-21T11:00:00+0200
ES,Spain,2005,B9,Net lending (+)/net borrowing (-),PC_GDP,1.2,,2026-07-21T11:00:00+0200
ES,Spain,2005,D1PAY,"Compensation of employees, expenditure",MIO_EUR,90698,,2026-07-21T11:00:00+0200
ES,Spain,2005,D1PAY,"Compensation of employees, expenditure",PC_GDP,9.8,,2026-07-21T11:00:00+0200
ES,Spain,2005,D2REC,"Taxes on production and imports, revenue",MIO_EUR,112258,,2026-07-21T11:00:00+0200
ES,Spain,2005,D2REC,"Taxes on production and imports, revenue",PC_GDP,12.1,,2026-07-21T11:00:00+0200
ES,Spain,2005,D3PAY,"Subsidies, expenditure",MIO_EUR,9651,,2026-07-21T11:00:00+0200
ES,Spain,2005,D3PAY,"Subsidies, expenditure",PC_GDP,1,,2026-07-21T11:00:00+0200
ES,Spain,2005,D41PAY,"Interest, expenditure",MIO_EUR,16201,,2026-07-21T11:00:00+0200
ES,Spain,2005,D41PAY,"Interest, expenditure",PC_GDP,1.7,,2026-07-21T11:00:00+0200
ES,Spain,2005,D5REC,"Current taxes on income, wealth, etc., revenue",MIO_EUR,99881,,2026-07-21T11:00:00+0200
ES,Spain,2005,D5REC,"Current taxes on income, wealth, etc., revenue",PC_GDP,10.8,,2026-07-21T11:00:00+0200
ES,Spain,2005,D61REC,"Net social contributions, revenue",MIO_EUR,116666,,2026-07-21T11:00:00+0200
ES,Spain,2005,D61REC,"Net social contributions, revenue",PC_GDP,12.6,,2026-07-21T11:00:00+0200
ES,Spain,2005,D62PAY,"Social benefits other than social transfers in kind, expenditure",MIO_EUR,105850,,2026-07-21T11:00:00+0200
ES,Spain,2005,D62PAY,"Social benefits other than social transfers in kind, expenditure",PC_GDP,11.4,,2026-07-21T11:00:00+0200
ES,Spain,2005,D632PAY,"Social transfers in kind, purchased market production, expenditure",MIO_EUR,23380,,2026-07-21T11:00:00+0200
ES,Spain,2005,D632PAY,"Social transfers in kind, purchased market production, expenditure",PC_GDP,2.5,,2026-07-21T11:00:00+0200
ES,Spain,2005,D91REC,"Capital taxes, revenue",MIO_EUR,4316,,2026-07-21T11:00:00+0200
ES,Spain,2005,D91REC,"Capital taxes, revenue",PC_GDP,0.5,,2026-07-21T11:00:00+0200
ES,Spain,2005,D995REC,Capital transfers from general government to relevant sectors representing taxes and social contributions assessed but unlikely to be collected,MIO_EUR,0,,2026-07-21T11:00:00+0200
ES,Spain,2005,D995REC,Capital transfers from general government to relevant sectors representing taxes and social contributions assessed but unlikely to be collected,PC_GDP,0,,2026-07-21T11:00:00+0200
ES,Spain,2005,P2,Intermediate consumption,MIO_EUR,43379,,2026-07-21T11:00:00+0200
ES,Spain,2005,P2,Intermediate consumption,PC_GDP,4.7,,2026-07-21T11:00:00+0200
ES,Spain,2005,P51G,Gross fixed capital formation,MIO_EUR,39134,,2026-07-21T11:00:00+0200
ES,Spain,2005,P51G,Gross fixed capital formation,PC_GDP,4.2,,2026-07-21T11:00:00+0200
ES,Spain,2005,TE,Total general government expenditure,MIO_EUR,356785,,2026-07-21T11:00:00+0200
ES,Spain,2005,TE,Total general government expenditure,PC_GDP,38.4,,2026-07-21T11:00:00+0200
ES,Spain,2005,TR,Total general government revenue,MIO_EUR,368206,,2026-07-21T11:00:00+0200
ES,Spain,2005,TR,Total general government revenue,PC_GDP,39.7,,2026-07-21T11:00:00+0200
ES,Spain,2006,B9,Net lending (+)/net borrowing (-),MIO_EUR,21322,,2026-07-21T11:00:00+0200
ES,Spain,2006,B9,Net lending (+)/net borrowing (-),PC_GDP,2.1,,2026-07-21T11:00:00+0200
ES,Spain,2006,D1PAY,"Compensation of employees, expenditure",MIO_EUR,98014,,2026-07-21T11:00:00+0200
ES,Spain,2006,D1PAY,"Compensation of employees, expenditure",PC_GDP,9.8,,2026-07-21T11:00:00+0200
ES,Spain,2006,D2REC,"Taxes on production and imports, revenue",MIO_EUR,122204,,2026-07-21T11:00:00+0200
ES,Spain,2006,D2REC,"Taxes on production and imports, revenue",PC_GDP,12.2,,2026-07-21T11:00:00+0200
ES,Spain,2006,D3PAY,"Subsidies, expenditure",MIO_EUR,10351,,2026-07-21T11:00:00+0200
ES,Spain,2006,D3PAY,"Subsidies, expenditure",PC_GDP,1,,2026-07-21T11:00:00+0200
ES,Spain,2006,D41PAY,"Interest, expenditure",MIO_EUR,16168,,2026-07-21T11:00:00+0200
ES,Spain,2006,D41PAY,"Interest, expenditure",PC_GDP,1.6,,2026-07-21T11:00:00+0200
ES,Spain,2006,D5REC,"Current taxes on income, wealth, etc., revenue",MIO_EUR,114702,,2026-07-21T11:00:00+0200
ES,Spain,2006,D5REC,"Current taxes on income, wealth, etc., revenue",PC_GDP,11.4,,2026-07-21T11:00:00+0200
ES,Spain,2006,D61REC,"Net social contributions, revenue",MIO_EUR,126296,,2026-07-21T11:00:00+0200
ES,Spain,2006,D61REC,"Net social contributions, revenue",PC_GDP,12.6,,2026-07-21T11:00:00+0200
ES,Spain,2006,D62PAY,"Social benefits other than social transfers in kind, expenditure",MIO_EUR,113225,,2026-07-21T11:00:00+0200
ES,Spain,2006,D62PAY,"Social benefits other than social transfers in kind, expenditure",PC_GDP,11.3,,2026-07-21T11:00:00+0200
ES,Spain,2006,D632PAY,"Social transfers in kind, purchased market production, expenditure",MIO_EUR,26168,,2026-07-21T11:00:00+0200
ES,Spain,2006,D632PAY,"Social transfers in kind, purchased market production, expenditure",PC_GDP,2.6,,2026-07-21T11:00:00+0200
ES,Spain,2006,D91REC,"Capital taxes, revenue",MIO_EUR,4858,,2026-07-21T11:00:00+0200
ES,Spain,2006,D91REC,"Capital taxes, revenue",PC_GDP,0.5,,2026-07-21T11:00:00+0200
ES,Spain,2006,D995REC,Capital transfers from general government to relevant sectors representing taxes and social contributions assessed but unlikely to be collected,MIO_EUR,0,,2026-07-21T11:00:00+0200
ES,Spain,2006,D995REC,Capital transfers from general government to relevant sectors representing taxes and social contributions assessed but unlikely to be collected,PC_GDP,0,,2026-07-21T11:00:00+0200
ES,Spain,2006,P2,Intermediate consumption,MIO_EUR,47204,,2026-07-21T11:00:00+0200
ES,Spain,2006,P2,Intermediate consumption,PC_GDP,4.7,,2026-07-21T11:00:00+0200
ES,Spain,2006,P51G,Gross fixed capital formation,MIO_EUR,43832,,2026-07-21T11:00:00+0200
ES,Spain,2006,P51G,Gross fixed capital formation,PC_GDP,4.4,,2026-07-21T11:00:00+0200
ES,Spain,2006,TE,Total general government expenditure,MIO_EUR,385757,,2026-07-21T11:00:00+0200
ES,Spain,2006,TE,Total general government expenditure,PC_GDP,38.4,,2026-07-21T11:00:00+0200
ES,Spain,2006,TR,Total general government revenue,MIO_EUR,407079,,2026-07-21T11:00:00+0200
ES,Spain,2006,TR,Total general government revenue,PC_GDP,40.5,,2026-07-21T11:00:00+0200
ES,Spain,2007,B9,Net lending (+)/net borrowing (-),MIO_EUR,20287,,2026-07-21T11:00:00+0200
ES,Spain,2007,B9,Net lending (+)/net borrowing (-),PC_GDP,1.9,,2026-07-21T11:00:00+0200
ES,Spain,2007,D1PAY,"Compensation of employees, expenditure",MIO_EUR,107361,,2026-07-21T11:00:00+0200
ES,Spain,2007,D1PAY,"Compensation of employees, expenditure",PC_GDP,10,,2026-07-21T11:00:00+0200
ES,Spain,2007,D2REC,"Taxes on production and imports, revenue",MIO_EUR,122839,,2026-07-21T11:00:00+0200
ES,Spain,2007,D2REC,"Taxes on production and imports, revenue",PC_GDP,11.4,,2026-07-21T11:00:00+0200
ES,Spain,2007,D3PAY,"Subsidies, expenditure",MIO_EUR,11780,,2026-07-21T11:00:00+0200
ES,Spain,2007,D3PAY,"Subsidies, expenditure",PC_GDP,1.1,,2026-07-21T11:00:00+0200
ES,Spain,2007,D41PAY,"Interest, expenditure",MIO_EUR,17009,,2026-07-21T11:00:00+0200
ES,Spain,2007,D41PAY,"Interest, expenditure",PC_GDP,1.6,,2026-07-21T11:00:00+0200
ES,Spain,2007,D5REC,"Current taxes on income, wealth, etc., revenue",MIO_EUR,135000,,2026-07-21T11:00:00+0200
ES,Spain,2007,D5REC,"Current taxes on income, wealth, etc., revenue",PC_GDP,12.5,,2026-07-21T11:00:00+0200
ES,Spain,2007,D61REC,"Net social contributions, revenue",MIO_EUR,135643,,2026-07-21T11:00:00+0200
ES,Spain,2007,D61REC,"Net social contributions, revenue",PC_GDP,12.6,,2026-07-21T11:00:00+0200
ES,Spain,2007,D62PAY,"Social benefits other than social transfers in kind, expenditure",MIO_EUR,123081,,2026-07-21T11:00:00+0200
ES,Spain,2007,D62PAY,"Social benefits other than social transfers in kind, expenditure",PC_GDP,11.4,,2026-07-21T11:00:00+0200
ES,Spain,2007,D632PAY,"Social transfers in kind, purchased market production, expenditure",MIO_EUR,26040,,2026-07-21T11:00:00+0200
ES,Spain,2007,D632PAY,"Social transfers in kind, purchased market production, expenditure",PC_GDP,2.4,,2026-07-21T11:00:00+0200
ES,Spain,2007,D91REC,"Capital taxes, revenue",MIO_EUR,5348,,2026-07-21T11:00:00+0200
ES,Spain,2007,D91REC,"Capital taxes, revenue",PC_GDP,0.5,,2026-07-21T11:00:00+0200
ES,Spain,2007,D995REC,Capital transfers from general government to relevant sectors representing taxes and social contributions assessed but unlikely to be collected,MIO_EUR,0,,2026-07-21T11:00:00+0200
ES,Spain,2007,D995REC,Capital transfers from general government to relevant sectors representing taxes and social contributions assessed but unlikely to be collected,PC_GDP,0,,2026-07-21T11:00:00+0200
ES,Spain,2007,P2,Intermediate consumption,MIO_EUR,54343,,2026-07-21T11:00:00+0200
ES,Spain,2007,P2,Intermediate consumption,PC_GDP,5,,2026-07-21T11:00:00+0200
ES,Spain,2007,P51G,Gross fixed capital formation,MIO_EUR,50418,,2026-07-21T11:00:00+0200
ES,Spain,2007,P51G,Gross fixed capital formation,PC_GDP,4.7,,2026-07-21T11:00:00+0200
ES,Spain,2007,TE,Total general government expenditure,MIO_EUR,422164,,2026-07-21T11:00:00+0200
ES,Spain,2007,TE,Total general government expenditure,PC_GDP,39.2,,2026-07-21T11:00:00+0200
ES,Spain,2007,TR,Total general government revenue,MIO_EUR,442451,,2026-07-21T11:00:00+0200
ES,Spain,2007,TR,Total general government revenue,PC_GDP,41.1,,2026-07-21T11:00:00+0200
ES,Spain,2008,B9,Net lending (+)/net borrowing (-),MIO_EUR,-50731,,2026-07-21T11:00:00+0200
ES,Spain,2008,B9,Net lending (+)/net borrowing (-),PC_GDP,-4.6,,2026-07-21T11:00:00+0200
ES,Spain,2008,D1PAY,"Compensation of employees, expenditure",MIO_EUR,118019,,2026-07-21T11:00:00+0200
ES,Spain,2008,D1PAY,"Compensation of employees, expenditure",PC_GDP,10.6,,2026-07-21T11:00:00+0200
ES,Spain,2008,D2REC,"Taxes on production and imports, revenue",MIO_EUR,104356,,2026-07-21T11:00:00+0200
ES,Spain,2008,D2REC,"Taxes on production and imports, revenue",PC_GDP,9.4,,2026-07-21T11:00:00+0200
ES,Spain,2008,D3PAY,"Subsidies, expenditure",MIO_EUR,12278,,2026-07-21T11:00:00+0200
ES,Spain,2008,D3PAY,"Subsidies, expenditure",PC_GDP,1.1,,2026-07-21T11:00:00+0200
ES,Spain,2008,D41PAY,"Interest, expenditure",MIO_EUR,17542,,2026-07-21T11:00:00+0200
ES,Spain,2008,D41PAY,"Interest, expenditure",PC_GDP,1.6,,2026-07-21T11:00:00+0200
ES,Spain,2008,D5REC,"Current taxes on income, wealth, etc., revenue",MIO_EUR,113916,,2026-07-21T11:00:00+0200
ES,Spain,2008,D5REC,"Current taxes on income, wealth, etc., revenue",PC_GDP,10.2,,2026-07-21T11:00:00+0200
ES,Spain,2008,D61REC,"Net social contributions, revenue",MIO_EUR,140997,,2026-07-21T11:00:00+0200
ES,Spain,2008,D61REC,"Net social contributions, revenue",PC_GDP,12.7,,2026-07-21T11:00:00+0200
ES,Spain,2008,D62PAY,"Social benefits other than social transfers in kind, expenditure",MIO_EUR,136282,,2026-07-21T11:00:00+0200
ES,Spain,2008,D62PAY,"Social benefits other than social transfers in kind, expenditure",PC_GDP,12.3,,2026-07-21T11:00:00+0200
ES,Spain,2008,D632PAY,"Social transfers in kind, purchased market production, expenditure",MIO_EUR,28898,,2026-07-21T11:00:00+0200
ES,Spain,2008,D632PAY,"Social transfers in kind, purchased market production, expenditure",PC_GDP,2.6,,2026-07-21T11:00:00+0200
ES,Spain,2008,D91REC,"Capital taxes, revenue",MIO_EUR,4844,,2026-07-21T11:00:00+0200
ES,Spain,2008,D91REC,"Capital taxes, revenue",PC_GDP,0.4,,2026-07-21T11:00:00+0200
ES,Spain,2008,D995REC,Capital transfers from general government to relevant sectors representing taxes and social contributions assessed but unlikely to be collected,MIO_EUR,0,,2026-07-21T11:00:00+0200
ES,Spain,2008,D995REC,Capital transfers from general government to relevant sectors representing taxes and social contributions assessed but unlikely to be collected,PC_GDP,0,,2026-07-21T11:00:00+0200
ES,Spain,2008,P2,Intermediate consumption,MIO_EUR,59276,,2026-07-21T11:00:00+0200
ES,Spain,2008,P2,Intermediate consumption,PC_GDP,5.3,,2026-07-21T11:00:00+0200
ES,Spain,2008,P51G,Gross fixed capital formation,MIO_EUR,51712,,2026-07-21T11:00:00+0200
ES,Spain,2008,P51G,Gross fixed capital formation,PC_GDP,4.6,,2026-07-21T11:00:00+0200
ES,Spain,2008,TE,Total general government expenditure,MIO_EUR,459813,,2026-07-21T11:00:00+0200
ES,Spain,2008,TE,Total general government expenditure,PC_GDP,41.3,,2026-07-21T11:00:00+0200
ES,Spain,2008,TR,Total general government revenue,MIO_EUR,409082,,2026-07-21T11:00:00+0200
ES,Spain,2008,TR,Total general government revenue,PC_GDP,36.8,,2026-07-21T11:00:00+0200
ES,Spain,2009,B9,Net lending (+)/net borrowing (-),MIO_EUR,-120576,,2026-07-21T11:00:00+0200
ES,Spain,2009,B9,Net lending (+)/net borrowing (-),PC_GDP,-11.2,,2026-07-21T11:00:00+0200
ES,Spain,2009,D1PAY,"Compensation of employees, expenditure",MIO_EUR,125383,,2026-07-21T11:00:00+0200
ES,Spain,2009,D1PAY,"Compensation of employees, expenditure",PC_GDP,11.7,,2026-07-21T11:00:00+0200
ES,Spain,2009,D2REC,"Taxes on production and imports, revenue",MIO_EUR,86108,,2026-07-21T11:00:00+0200
ES,Spain,2009,D2REC,"Taxes on production and imports, revenue",PC_GDP,8,,2026-07-21T11:00:00+0200
ES,Spain,2009,D3PAY,"Subsidies, expenditure",MIO_EUR,12371,,2026-07-21T11:00:00+0200
ES,Spain,2009,D3PAY,"Subsidies, expenditure",PC_GDP,1.2,,2026-07-21T11:00:00+0200
ES,Spain,2009,D41PAY,"Interest, expenditure",MIO_EUR,18355,,2026-07-21T11:00:00+0200
ES,Spain,2009,D41PAY,"Interest, expenditure",PC_GDP,1.7,,2026-07-21T11:00:00+0200
ES,Spain,2009,D5REC,"Current taxes on income, wealth, etc., revenue",MIO_EUR,97621,,2026-07-21T11:00:00+0200
ES,Spain,2009,D5REC,"Current taxes on income, wealth, etc., revenue",PC_GDP,9.1,,2026-07-21T11:00:00+0200
ES,Spain,2009,D61REC,"Net social contributions, revenue",MIO_EUR,138190,,2026-07-21T11:00:00+0200
ES,Spain,2009,D61REC,"Net social contributions, revenue",PC_GDP,12.9,,2026-07-21T11:00:00+0200
ES,Spain,2009,D62PAY,"Social benefits other than social transfers in kind, expenditure",MIO_EUR,154374,,2026-07-21T11:00:00+0200
ES,Spain,2009,D62PAY,"Social benefits other than social transfers in kind, expenditure",PC_GDP,14.4,,2026-07-21T11:00:00+0200
ES,Spain,2009,D632PAY,"Social transfers in kind, purchased market production, expenditure",MIO_EUR,31749,,2026-07-21T11:00:00+0200
ES,Spain,2009,D632PAY,"Social transfers in kind, purchased market production, expenditure",PC_GDP,3,,2026-07-21T11:00:00+0200
ES,Spain,2009,D91REC,"Capital taxes, revenue",MIO_EUR,4311,,2026-07-21T11:00:00+0200
ES,Spain,2009,D91REC,"Capital taxes, revenue",PC_GDP,0.4,,2026-07-21T11:00:00+0200
ES,Spain,2009,D995REC,Capital transfers from general government to relevant sectors representing taxes and social contributions assessed but unlikely to be collected,MIO_EUR,0,,2026-07-21T11:00:00+0200
ES,Spain,2009,D995REC,Capital transfers from general government to relevant sectors representing taxes and social contributions assessed but unlikely to be collected,PC_GDP,0,,2026-07-21T11:00:00+0200
ES,Spain,2009,P2,Intermediate consumption,MIO_EUR,61379,,2026-07-21T11:00:00+0200
ES,Spain,2009,P2,Intermediate consumption,PC_GDP,5.7,,2026-07-21T11:00:00+0200
ES,Spain,2009,P51G,Gross fixed capital formation,MIO_EUR,55353,,2026-07-21T11:00:00+0200
ES,Spain,2009,P51G,Gross fixed capital formation,PC_GDP,5.2,,2026-07-21T11:00:00+0200
ES,Spain,2009,TE,Total general government expenditure,MIO_EUR,494353,,2026-07-21T11:00:00+0200
ES,Spain,2009,TE,Total general government expenditure,PC_GDP,46.1,,2026-07-21T11:00:00+0200
ES,Spain,2009,TR,Total general government revenue,MIO_EUR,373777,,2026-07-21T11:00:00+0200
ES,Spain,2009,TR,Total general government revenue,PC_GDP,34.8,,2026-07-21T11:00:00+0200
ES,Spain,2010,B9,Net lending (+)/net borrowing (-),MIO_EUR,-102193,,2026-07-21T11:00:00+0200
ES,Spain,2010,B9,Net lending (+)/net borrowing (-),PC_GDP,-9.5,,2026-07-21T11:00:00+0200
ES,Spain,2010,D1PAY,"Compensation of employees, expenditure",MIO_EUR,124582,,2026-07-21T11:00:00+0200
ES,Spain,2010,D1PAY,"Compensation of employees, expenditure",PC_GDP,11.6,,2026-07-21T11:00:00+0200
ES,Spain,2010,D2REC,"Taxes on production and imports, revenue",MIO_EUR,105981,,2026-07-21T11:00:00+0200
ES,Spain,2010,D2REC,"Taxes on production and imports, revenue",PC_GDP,9.8,,2026-07-21T11:00:00+0200
ES,Spain,2010,D3PAY,"Subsidies, expenditure",MIO_EUR,12209,,2026-07-21T11:00:00+0200
ES,Spain,2010,D3PAY,"Subsidies, expenditure",PC_GDP,1.1,,2026-07-21T11:00:00+0200
ES,Spain,2010,D41PAY,"Interest, expenditure",MIO_EUR,20437,,2026-07-21T11:00:00+0200
ES,Spain,2010,D41PAY,"Interest, expenditure",PC_GDP,1.9,,2026-07-21T11:00:00+0200
ES,Spain,2010,D5REC,"Current taxes on income, wealth, etc., revenue",MIO_EUR,97247,,2026-07-21T11:00:00+0200
ES,Spain,2010,D5REC,"Current taxes on income, wealth, etc., revenue",PC_GDP,9,,2026-07-21T11:00:00+0200
ES,Spain,2010,D61REC,"Net social contributions, revenue",MIO_EUR,136975,,2026-07-21T11:00:00+0200
ES,Spain,2010,D61REC,"Net social contributions, revenue",PC_GDP,12.7,,2026-07-21T11:00:00+0200
ES,Spain,2010,D62PAY,"Social benefits other than social transfers in kind, expenditure",MIO_EUR,161869,,2026-07-21T11:00:00+0200
ES,Spain,2010,D62PAY,"Social benefits other than social transfers in kind, expenditure",PC_GDP,15,,2026-07-21T11:00:00+0200
ES,Spain,2010,D632PAY,"Social transfers in kind, purchased market production, expenditure",MIO_EUR,31638,,2026-07-21T11:00:00+0200
ES,Spain,2010,D632PAY,"Social transfers in kind, purchased market production, expenditure",PC_GDP,2.9,,2026-07-21T11:00:00+0200
ES,Spain,2010,D91REC,"Capital taxes, revenue",MIO_EUR,4221,,2026-07-21T11:00:00+0200
ES,Spain,2010,D91REC,"Capital taxes, revenue",PC_GDP,0.4,,2026-07-21T11:00:00+0200
ES,Spain,2010,D995REC,Capital transfers from general government to relevant sectors representing taxes and social contributions assessed but unlikely to be collected,MIO_EUR,0,,2026-07-21T11:00:00+0200
ES,Spain,2010,D995REC,Capital transfers from general government to relevant sectors representing taxes and social contributions assessed but unlikely to be collected,PC_GDP,0,,2026-07-21T11:00:00+0200
ES,Spain,2010,P2,Intermediate consumption,MIO_EUR,61473,,2026-07-21T11:00:00+0200
ES,Spain,2010,P2,Intermediate consumption,PC_GDP,5.7,,2026-07-21T11:00:00+0200
ES,Spain,2010,P51G,Gross fixed capital formation,MIO_EUR,50959,,2026-07-21T11:00:00+0200
ES,Spain,2010,P51G,Gross fixed capital formation,PC_GDP,4.7,,2026-07-21T11:00:00+0200
ES,Spain,2010,TE,Total general government expenditure,MIO_EUR,493817,,2026-07-21T11:00:00+0200
ES,Spain,2010,TE,Total general government expenditure,PC_GDP,45.8,,2026-07-21T11:00:00+0200
ES,Spain,2010,TR,Total general government revenue,MIO_EUR,391624,,2026-07-21T11:00:00+0200
ES,Spain,2010,TR,Total general government revenue,PC_GDP,36.4,,2026-07-21T11:00:00+0200
ES,Spain,2011,B9,Net lending (+)/net borrowing (-),MIO_EUR,-103575,,2026-07-21T11:00:00+0200
ES,Spain,2011,B9,Net lending (+)/net borrowing (-),PC_GDP,-9.7,,2026-07-21T11:00:00+0200
ES,Spain,2011,D1PAY,"Compensation of employees, expenditure",MIO_EUR,122294,,2026-07-21T11:00:00+0200
ES,Spain,2011,D1PAY,"Compensation of employees, expenditure",PC_GDP,11.4,,2026-07-21T11:00:00+0200
ES,Spain,2011,D2REC,"Taxes on production and imports, revenue",MIO_EUR,102441,,2026-07-21T11:00:00+0200
ES,Spain,2011,D2REC,"Taxes on production and imports, revenue",PC_GDP,9.6,,2026-07-21T11:00:00+0200
ES,Spain,2011,D3PAY,"Subsidies, expenditure",MIO_EUR,12044,,2026-07-21T11:00:00+0200
ES,Spain,2011,D3PAY,"Subsidies, expenditure",PC_GDP,1.1,,2026-07-21T11:00:00+0200
ES,Spain,2011,D41PAY,"Interest, expenditure",MIO_EUR,26562,,2026-07-21T11:00:00+0200
ES,Spain,2011,D41PAY,"Interest, expenditure",PC_GDP,2.5,,2026-07-21T11:00:00+0200
ES,Spain,2011,D5REC,"Current taxes on income, wealth, etc., revenue",MIO_EUR,98373,,2026-07-21T11:00:00+0200
ES,Spain,2011,D5REC,"Current taxes on income, wealth, etc., revenue",PC_GDP,9.2,,2026-07-21T11:00:00+0200
ES,Spain,2011,D61REC,"Net social contributions, revenue",MIO_EUR,135458,,2026-07-21T11:00:00+0200
ES,Spain,2011,D61REC,"Net social contributions, revenue",PC_GDP,12.7,,2026-07-21T11:00:00+0200
ES,Spain,2011,D62PAY,"Social benefits other than social transfers in kind, expenditure",MIO_EUR,162788,,2026-07-21T11:00:00+0200
ES,Spain,2011,D62PAY,"Social benefits other than social transfers in kind, expenditure",PC_GDP,15.2,,2026-07-21T11:00:00+0200
ES,Spain,2011,D632PAY,"Social transfers in kind, purchased market production, expenditure",MIO_EUR,30613,,2026-07-21T11:00:00+0200
ES,Spain,2011,D632PAY,"Social transfers in kind, purchased market production, expenditure",PC_GDP,2.9,,2026-07-21T11:00:00+0200
ES,Spain,2011,D91REC,"Capital taxes, revenue",MIO_EUR,3892,,2026-07-21T11:00:00+0200
ES,Spain,2011,D91REC,"Capital taxes, revenue",PC_GDP,0.4,,2026-07-21T11:00:00+0200
ES,Spain,2011,D995REC,Capital transfers from general government to relevant sectors representing taxes and social contributions assessed but unlikely to be collected,MIO_EUR,0,,2026-07-21T11:00:00+0200
ES,Spain,2011,D995REC,Capital transfers from general government to relevant sectors representing taxes and social contributions assessed but unlikely to be collected,PC_GDP,0,,2026-07-21T11:00:00+0200
ES,Spain,2011,P2,Intermediate consumption,MIO_EUR,61493,,2026-07-21T11:00:00+0200
ES,Spain,2011,P2,Intermediate consumption,PC_GDP,5.8,,2026-07-21T11:00:00+0200
ES,Spain,2011,P51G,Gross fixed capital formation,MIO_EUR,40001,,2026-07-21T11:00:00+0200
ES,Spain,2011,P51G,Gross fixed capital formation,PC_GDP,3.7,,2026-07-21T11:00:00+0200
ES,Spain,2011,TE,Total general government expenditure,MIO_EUR,490908,,2026-07-21T11:00:00+0200
ES,Spain,2011,TE,Total general government expenditure,PC_GDP,45.9,,2026-07-21T11:00:00+0200
ES,Spain,2011,TR,Total general government revenue,MIO_EUR,387333,,2026-07-21T11:00:00+0200
ES,Spain,2011,TR,Total general government revenue,PC_GDP,36.2,,2026-07-21T11:00:00+0200
ES,Spain,2012,B9,Net lending (+)/net borrowing (-),MIO_EUR,-119094,,2026-07-21T11:00:00+0200
ES,Spain,2012,B9,Net lending (+)/net borrowing (-),PC_GDP,-11.5,,2026-07-21T11:00:00+0200
ES,Spain,2012,D1PAY,"Compensation of employees, expenditure",MIO_EUR,113630,,2026-07-21T11:00:00+0200
ES,Spain,2012,D1PAY,"Compensation of employees, expenditure",PC_GDP,11,,2026-07-21T11:00:00+0200
ES,Spain,2012,D2REC,"Taxes on production and imports, revenue",MIO_EUR,105324,,2026-07-21T11:00:00+0200
ES,Spain,2012,D2REC,"Taxes on production and imports, revenue",PC_GDP,10.2,,2026-07-21T11:00:00+0200
ES,Spain,2012,D3PAY,"Subsidies, expenditure",MIO_EUR,9801,,2026-07-21T11:00:00+0200
ES,Spain,2012,D3PAY,"Subsidies, expenditure",PC_GDP,0.9,,2026-07-21T11:00:00+0200
ES,Spain,2012,D41PAY,"Interest, expenditure",MIO_EUR,31353,,2026-07-21T11:00:00+0200
ES,Spain,2012,D41PAY,"Interest, expenditure",PC_GDP,3,,2026-07-21T11:00:00+0200
ES,Spain,2012,D5REC,"Current taxes on income, wealth, etc., revenue",MIO_EUR,102973,,2026-07-21T11:00:00+0200
ES,Spain,2012,D5REC,"Current taxes on income, wealth, etc., revenue",PC_GDP,9.9,,2026-07-21T11:00:00+0200
ES,Spain,2012,D61REC,"Net social contributions, revenue",MIO_EUR,129823,,2026-07-21T11:00:00+0200
ES,Spain,2012,D61REC,"Net social contributions, revenue",PC_GDP,12.5,,2026-07-21T11:00:00+0200
ES,Spain,2012,D62PAY,"Social benefits other than social transfers in kind, expenditure",MIO_EUR,167891,,2026-07-21T11:00:00+0200
ES,Spain,2012,D62PAY,"Social benefits other than social transfers in kind, expenditure",PC_GDP,16.2,,2026-07-21T11:00:00+0200
ES,Spain,2012,D632PAY,"Social transfers in kind, purchased market production, expenditure",MIO_EUR,28779,,2026-07-21T11:00:00+0200
ES,Spain,2012,D632PAY,"Social transfers in kind, purchased market production, expenditure",PC_GDP,2.8,,2026-07-21T11:00:00+0200
ES,Spain,2012,D91REC,"Capital taxes, revenue",MIO_EUR,3881,,2026-07-21T11:00:00+0200
ES,Spain,2012,D91REC,"Capital taxes, revenue",PC_GDP,0.4,,2026-07-21T11:00:00+0200
ES,Spain,2012,D995REC,Capital transfers from general government to relevant sectors representing taxes and social contributions assessed but unlikely to be collected,MIO_EUR,0,,2026-07-21T11:00:00+0200
ES,Spain,2012,D995REC,Capital transfers from general government to relevant sectors representing taxes and social contributions assessed but unlikely to be collected,PC_GDP,0,,2026-07-21T11:00:00+0200
ES,Spain,2012,P2,Intermediate consumption,MIO_EUR,58351,,2026-07-21T11:00:00+0200
ES,Spain,2012,P2,Intermediate consumption,PC_GDP,5.6,,2026-07-21T11:00:00+0200
ES,Spain,2012,P51G,Gross fixed capital formation,MIO_EUR,32549,,2026-07-21T11:00:00+0200
ES,Spain,2012,P51G,Gross fixed capital formation,PC_GDP,3.1,,2026-07-21T11:00:00+0200
ES,Spain,2012,TE,Total general government expenditure,MIO_EUR,509936,,2026-07-21T11:00:00+0200
ES,Spain,2012,TE,Total general government expenditure,PC_GDP,49.2,,2026-07-21T11:00:00+0200
ES,Spain,2012,TR,Total general government revenue,MIO_EUR,390842,,2026-07-21T11:00:00+0200
ES,Spain,2012,TR,Total general government revenue,PC_GDP,37.7,,2026-07-21T11:00:00+0200
ES,Spain,2013,B9,Net lending (+)/net borrowing (-),MIO_EUR,-76805,,2026-07-21T11:00:00+0200
ES,Spain,2013,B9,Net lending (+)/net borrowing (-),PC_GDP,-7.5,,2026-07-21T11:00:00+0200
ES,Spain,2013,D1PAY,"Compensation of employees, expenditure",MIO_EUR,114448,,2026-07-21T11:00:00+0200
ES,Spain,2013,D1PAY,"Compensation of employees, expenditure",PC_GDP,11.2,,2026-07-21T11:00:00+0200
ES,Spain,2013,D2REC,"Taxes on production and imports, revenue",MIO_EUR,112744,,2026-07-21T11:00:00+0200
ES,Spain,2013,D2REC,"Taxes on production and imports, revenue",PC_GDP,11,,2026-07-21T11:00:00+0200
ES,Spain,2013,D3PAY,"Subsidies, expenditure",MIO_EUR,10691,,2026-07-21T11:00:00+0200
ES,Spain,2013,D3PAY,"Subsidies, expenditure",PC_GDP,1,,2026-07-21T11:00:00+0200
ES,Spain,2013,D41PAY,"Interest, expenditure",MIO_EUR,36553,,2026-07-21T11:00:00+0200
ES,Spain,2013,D41PAY,"Interest, expenditure",PC_GDP,3.6,,2026-07-21T11:00:00+0200
ES,Spain,2013,D5REC,"Current taxes on income, wealth, etc., revenue",MIO_EUR,102233,,2026-07-21T11:00:00+0200
ES,Spain,2013,D5REC,"Current taxes on income, wealth, etc., revenue",PC_GDP,10,,2026-07-21T11:00:00+0200
ES,Spain,2013,D61REC,"Net social contributions, revenue",MIO_EUR,126856,,2026-07-21T11:00:00+0200
ES,Spain,2013,D61REC,"Net social contributions, revenue",PC_GDP,12.4,,2026-07-21T11:00:00+0200
ES,Spain,2013,D62PAY,"Social benefits other than social transfers in kind, expenditure",MIO_EUR,170407,,2026-07-21T11:00:00+0200
ES,Spain,2013,D62PAY,"Social benefits other than social transfers in kind, expenditure",PC_GDP,16.6,,2026-07-21T11:00:00+0200
ES,Spain,2013,D632PAY,"Social transfers in kind, purchased market production, expenditure",MIO_EUR,28398,,2026-07-21T11:00:00+0200
ES,Spain,2013,D632PAY,"Social transfers in kind, purchased market production, expenditure",PC_GDP,2.8,,2026-07-21T11:00:00+0200
ES,Spain,2013,D91REC,"Capital taxes, revenue",MIO_EUR,5071,,2026-07-21T11:00:00+0200
ES,Spain,2013,D91REC,"Capital taxes, revenue",PC_GDP,0.5,,2026-07-21T11:00:00+0200
ES,Spain,2013,D995REC,Capital transfers from general government to relevant sectors representing taxes and social contributions assessed but unlikely to be collected,MIO_EUR,0,,2026-07-21T11:00:00+0200
ES,Spain,2013,D995REC,Capital transfers from general government to relevant sectors representing taxes and social contributions assessed but unlikely to be collected,PC_GDP,0,,2026-07-21T11:00:00+0200
ES,Spain,2013,P2,Intermediate consumption,MIO_EUR,55632,,2026-07-21T11:00:00+0200
ES,Spain,2013,P2,Intermediate consumption,PC_GDP,5.4,,2026-07-21T11:00:00+0200
ES,Spain,2013,P51G,Gross fixed capital formation,MIO_EUR,24651,,2026-07-21T11:00:00+0200
ES,Spain,2013,P51G,Gross fixed capital formation,PC_GDP,2.4,,2026-07-21T11:00:00+0200
ES,Spain,2013,TE,Total general government expenditure,MIO_EUR,473398,,2026-07-21T11:00:00+0200
ES,Spain,2013,TE,Total general government expenditure,PC_GDP,46.2,,2026-07-21T11:00:00+0200
ES,Spain,2013,TR,Total general government revenue,MIO_EUR,396593,,2026-07-21T11:00:00+0200
ES,Spain,2013,TR,Total general government revenue,PC_GDP,38.7,,2026-07-21T11:00:00+0200
ES,Spain,2014,B9,Net lending (+)/net borrowing (-),MIO_EUR,-62716,,2026-07-21T11:00:00+0200
ES,Spain,2014,B9,Net lending (+)/net borrowing (-),PC_GDP,-6,,2026-07-21T11:00:00+0200
ES,Spain,2014,D1PAY,"Compensation of employees, expenditure",MIO_EUR,115006,,2026-07-21T11:00:00+0200
ES,Spain,2014,D1PAY,"Compensation of employees, expenditure",PC_GDP,11.1,,2026-07-21T11:00:00+0200
ES,Spain,2014,D2REC,"Taxes on production and imports, revenue",MIO_EUR,118365,,2026-07-21T11:00:00+0200
ES,Spain,2014,D2REC,"Taxes on production and imports, revenue",PC_GDP,11.4,,2026-07-21T11:00:00+0200
ES,Spain,2014,D3PAY,"Subsidies, expenditure",MIO_EUR,11153,,2026-07-21T11:00:00+0200
ES,Spain,2014,D3PAY,"Subsidies, expenditure",PC_GDP,1.1,,2026-07-21T11:00:00+0200
ES,Spain,2014,D41PAY,"Interest, expenditure",MIO_EUR,36706,,2026-07-21T11:00:00+0200
ES,Spain,2014,D41PAY,"Interest, expenditure",PC_GDP,3.5,,2026-07-21T11:00:00+0200
ES,Spain,2014,D5REC,"Current taxes on income, wealth, etc., revenue",MIO_EUR,104395,,2026-07-21T11:00:00+0200
ES,Spain,2014,D5REC,"Current taxes on income, wealth, etc., revenue",PC_GDP,10,,2026-07-21T11:00:00+0200
ES,Spain,2014,D61REC,"Net social contributions, revenue",MIO_EUR,128966,,2026-07-21T11:00:00+0200
ES,Spain,2014,D61REC,"Net social contributions, revenue",PC_GDP,12.4,,2026-07-21T11:00:00+0200
ES,Spain,2014,D62PAY,"Social benefits other than social transfers in kind, expenditure",MIO_EUR,170709,,2026-07-21T11:00:00+0200
ES,Spain,2014,D62PAY,"Social benefits other than social transfers in kind, expenditure",PC_GDP,16.4,,2026-07-21T11:00:00+0200
ES,Spain,2014,D632PAY,"Social transfers in kind, purchased market production, expenditure",MIO_EUR,27857,,2026-07-21T11:00:00+0200
ES,Spain,2014,D632PAY,"Social transfers in kind, purchased market production, expenditure",PC_GDP,2.7,,2026-07-21T11:00:00+0200
ES,Spain,2014,D91REC,"Capital taxes, revenue",MIO_EUR,5647,,2026-07-21T11:00:00+0200
ES,Spain,2014,D91REC,"Capital taxes, revenue",PC_GDP,0.5,,2026-07-21T11:00:00+0200
ES,Spain,2014,D995REC,Capital transfers from general government to relevant sectors representing taxes and social contributions assessed but unlikely to be collected,MIO_EUR,0,,2026-07-21T11:00:00+0200
ES,Spain,2014,D995REC,Capital transfers from general government to relevant sectors representing taxes and social contributions assessed but unlikely to be collected,PC_GDP,0,,2026-07-21T11:00:00+0200
ES,Spain,2014,P2,Intermediate consumption,MIO_EUR,56073,,2026-07-21T11:00:00+0200
ES,Spain,2014,P2,Intermediate consumption,PC_GDP,5.4,,2026-07-21T11:00:00+0200
ES,Spain,2014,P51G,Gross fixed capital formation,MIO_EUR,22079,,2026-07-21T11:00:00+0200
ES,Spain,2014,P51G,Gross fixed capital formation,PC_GDP,2.1,,2026-07-21T11:00:00+0200
ES,Spain,2014,TE,Total general government expenditure,MIO_EUR,467841,,2026-07-21T11:00:00+0200
ES,Spain,2014,TE,Total general government expenditure,PC_GDP,45,,2026-07-21T11:00:00+0200
ES,Spain,2014,TR,Total general government revenue,MIO_EUR,405125,,2026-07-21T11:00:00+0200
ES,Spain,2014,TR,Total general government revenue,PC_GDP,39,,2026-07-21T11:00:00+0200
ES,Spain,2015,B9,Net lending (+)/net borrowing (-),MIO_EUR,-57248,,2026-07-21T11:00:00+0200
ES,Spain,2015,B9,Net lending (+)/net borrowing (-),PC_GDP,-5.3,,2026-07-21T11:00:00+0200
ES,Spain,2015,D1PAY,"Compensation of employees, expenditure",MIO_EUR,119257,,2026-07-21T11:00:00+0200
ES,Spain,2015,D1PAY,"Compensation of employees, expenditure",PC_GDP,11,,2026-07-21T11:00:00+0200
ES,Spain,2015,D2REC,"Taxes on production and imports, revenue",MIO_EUR,126349,,2026-07-21T11:00:00+0200
ES,Spain,2015,D2REC,"Taxes on production and imports, revenue",PC_GDP,11.6,,2026-07-21T11:00:00+0200
ES,Spain,2015,D3PAY,"Subsidies, expenditure",MIO_EUR,12294,,2026-07-21T11:00:00+0200
ES,Spain,2015,D3PAY,"Subsidies, expenditure",PC_GDP,1.1,,2026-07-21T11:00:00+0200
ES,Spain,2015,D41PAY,"Interest, expenditure",MIO_EUR,33368,,2026-07-21T11:00:00+0200
ES,Spain,2015,D41PAY,"Interest, expenditure",PC_GDP,3.1,,2026-07-21T11:00:00+0200
ES,Spain,2015,D5REC,"Current taxes on income, wealth, etc., revenue",MIO_EUR,107107,,2026-07-21T11:00:00+0200
ES,Spain,2015,D5REC,"Current taxes on income, wealth, etc., revenue",PC_GDP,9.9,,2026-07-21T11:00:00+0200
ES,Spain,2015,D61REC,"Net social contributions, revenue",MIO_EUR,131508,,2026-07-21T11:00:00+0200
ES,Spain,2015,D61REC,"Net social contributions, revenue",PC_GDP,12.1,,2026-07-21T11:00:00+0200
ES,Spain,2015,D62PAY,"Social benefits other than social transfers in kind, expenditure",MIO_EUR,170249,,2026-07-21T11:00:00+0200
ES,Spain,2015,D62PAY,"Social benefits other than social transfers in kind, expenditure",PC_GDP,15.7,,2026-07-21T11:00:00+0200
ES,Spain,2015,D632PAY,"Social transfers in kind, purchased market production, expenditure",MIO_EUR,28413,,2026-07-21T11:00:00+0200
ES,Spain,2015,D632PAY,"Social transfers in kind, purchased market production, expenditure",PC_GDP,2.6,,2026-07-21T11:00:00+0200
ES,Spain,2015,D91REC,"Capital taxes, revenue",MIO_EUR,6344,,2026-07-21T11:00:00+0200
ES,Spain,2015,D91REC,"Capital taxes, revenue",PC_GDP,0.6,,2026-07-21T11:00:00+0200
ES,Spain,2015,D995REC,Capital transfers from general government to relevant sectors representing taxes and social contributions assessed but unlikely to be collected,MIO_EUR,0,,2026-07-21T11:00:00+0200
ES,Spain,2015,D995REC,Capital transfers from general government to relevant sectors representing taxes and social contributions assessed but unlikely to be collected,PC_GDP,0,,2026-07-21T11:00:00+0200
ES,Spain,2015,P2,Intermediate consumption,MIO_EUR,58330,,2026-07-21T11:00:00+0200
ES,Spain,2015,P2,Intermediate consumption,PC_GDP,5.4,,2026-07-21T11:00:00+0200
ES,Spain,2015,P51G,Gross fixed capital formation,MIO_EUR,28002,,2026-07-21T11:00:00+0200
ES,Spain,2015,P51G,Gross fixed capital formation,PC_GDP,2.6,,2026-07-21T11:00:00+0200
ES,Spain,2015,TE,Total general government expenditure,MIO_EUR,474893,,2026-07-21T11:00:00+0200
ES,Spain,2015,TE,Total general government expenditure,PC_GDP,43.7,,2026-07-21T11:00:00+0200
ES,Spain,2015,TR,Total general government revenue,MIO_EUR,417645,,2026-07-21T11:00:00+0200
ES,Spain,2015,TR,Total general government revenue,PC_GDP,38.4,,2026-07-21T11:00:00+0200
ES,Spain,2016,B9,Net lending (+)/net borrowing (-),MIO_EUR,-47401,,2026-07-21T11:00:00+0200
ES,Spain,2016,B9,Net lending (+)/net borrowing (-),PC_GDP,-4.2,,2026-07-21T11:00:00+0200
ES,Spain,2016,D1PAY,"Compensation of employees, expenditure",MIO_EUR,121546,,2026-07-21T11:00:00+0200
ES,Spain,2016,D1PAY,"Compensation of employees, expenditure",PC_GDP,10.8,,2026-07-21T11:00:00+0200
ES,Spain,2016,D2REC,"Taxes on production and imports, revenue",MIO_EUR,128812,,2026-07-21T11:00:00+0200
ES,Spain,2016,D2REC,"Taxes on production and imports, revenue",PC_GDP,11.5,,2026-07-21T11:00:00+0200
ES,Spain,2016,D3PAY,"Subsidies, expenditure",MIO_EUR,10893,,2026-07-21T11:00:00+0200
ES,Spain,2016,D3PAY,"Subsidies, expenditure",PC_GDP,1,,2026-07-21T11:00:00+0200
ES,Spain,2016,D41PAY,"Interest, expenditure",MIO_EUR,31226,,2026-07-21T11:00:00+0200
ES,Spain,2016,D41PAY,"Interest, expenditure",PC_GDP,2.8,,2026-07-21T11:00:00+0200
ES,Spain,2016,D5REC,"Current taxes on income, wealth, etc., revenue",MIO_EUR,110002,,2026-07-21T11:00:00+0200
ES,Spain,2016,D5REC,"Current taxes on income, wealth, etc., revenue",PC_GDP,9.8,,2026-07-21T11:00:00+0200
ES,Spain,2016,D61REC,"Net social contributions, revenue",MIO_EUR,135573,,2026-07-21T11:00:00+0200
ES,Spain,2016,D61REC,"Net social contributions, revenue",PC_GDP,12.1,,2026-07-21T11:00:00+0200
ES,Spain,2016,D62PAY,"Social benefits other than social transfers in kind, expenditure",MIO_EUR,173709,,2026-07-21T11:00:00+0200
ES,Spain,2016,D62PAY,"Social benefits other than social transfers in kind, expenditure",PC_GDP,15.5,,2026-07-21T11:00:00+0200
ES,Spain,2016,D632PAY,"Social transfers in kind, purchased market production, expenditure",MIO_EUR,29411,,2026-07-21T11:00:00+0200
ES,Spain,2016,D632PAY,"Social transfers in kind, purchased market production, expenditure",PC_GDP,2.6,,2026-07-21T11:00:00+0200
ES,Spain,2016,D91REC,"Capital taxes, revenue",MIO_EUR,6429,,2026-07-21T11:00:00+0200
ES,Spain,2016,D91REC,"Capital taxes, revenue",PC_GDP,0.6,,2026-07-21T11:00:00+0200
ES,Spain,2016,D995REC,Capital transfers from general government to relevant sectors representing taxes and social contributions assessed but unlikely to be collected,MIO_EUR,0,,2026-07-21T11:00:00+0200
ES,Spain,2016,D995REC,Capital transfers from general government to relevant sectors representing taxes and social contributions assessed but unlikely to be collected,PC_GDP,0,,2026-07-21T11:00:00+0200
ES,Spain,2016,P2,Intermediate consumption,MIO_EUR,58080,,2026-07-21T11:00:00+0200
ES,Spain,2016,P2,Intermediate consumption,PC_GDP,5.2,,2026-07-21T11:00:00+0200
ES,Spain,2016,P51G,Gross fixed capital formation,MIO_EUR,22199,,2026-07-21T11:00:00+0200
ES,Spain,2016,P51G,Gross fixed capital formation,PC_GDP,2,,2026-07-21T11:00:00+0200
ES,Spain,2016,TE,Total general government expenditure,MIO_EUR,472717,,2026-07-21T11:00:00+0200
ES,Spain,2016,TE,Total general government expenditure,PC_GDP,42.1,,2026-07-21T11:00:00+0200
ES,Spain,2016,TR,Total general government revenue,MIO_EUR,425316,,2026-07-21T11:00:00+0200
ES,Spain,2016,TR,Total general government revenue,PC_GDP,37.9,,2026-07-21T11:00:00+0200
ES,Spain,2017,B9,Net lending (+)/net borrowing (-),MIO_EUR,-35903,,2026-07-21T11:00:00+0200
ES,Spain,2017,B9,Net lending (+)/net borrowing (-),PC_GDP,-3.1,,2026-07-21T11:00:00+0200
ES,Spain,2017,D1PAY,"Compensation of employees, expenditure",MIO_EUR,123501,,2026-07-21T11:00:00+0200
ES,Spain,2017,D1PAY,"Compensation of employees, expenditure",PC_GDP,10.6,,2026-07-21T11:00:00+0200
ES,Spain,2017,D2REC,"Taxes on production and imports, revenue",MIO_EUR,135067,,2026-07-21T11:00:00+0200
ES,Spain,2017,D2REC,"Taxes on production and imports, revenue",PC_GDP,11.5,,2026-07-21T11:00:00+0200
ES,Spain,2017,D3PAY,"Subsidies, expenditure",MIO_EUR,12008,,2026-07-21T11:00:00+0200
ES,Spain,2017,D3PAY,"Subsidies, expenditure",PC_GDP,1,,2026-07-21T11:00:00+0200
ES,Spain,2017,D41PAY,"Interest, expenditure",MIO_EUR,29613,,2026-07-21T11:00:00+0200
ES,Spain,2017,D41PAY,"Interest, expenditure",PC_GDP,2.5,,2026-07-21T11:00:00+0200
ES,Spain,2017,D5REC,"Current taxes on income, wealth, etc., revenue",MIO_EUR,116938,,2026-07-21T11:00:00+0200
ES,Spain,2017,D5REC,"Current taxes on income, wealth, etc., revenue",PC_GDP,10,,2026-07-21T11:00:00+0200
ES,Spain,2017,D61REC,"Net social contributions, revenue",MIO_EUR,142430,,2026-07-21T11:00:00+0200
ES,Spain,2017,D61REC,"Net social contributions, revenue",PC_GDP,12.2,,2026-07-21T11:00:00+0200
ES,Spain,2017,D62PAY,"Social benefits other than social transfers in kind, expenditure",MIO_EUR,177346,,2026-07-21T11:00:00+0200
ES,Spain,2017,D62PAY,"Social benefits other than social transfers in kind, expenditure",PC_GDP,15.2,,2026-07-21T11:00:00+0200
ES,Spain,2017,D632PAY,"Social transfers in kind, purchased market production, expenditure",MIO_EUR,30234,,2026-07-21T11:00:00+0200
ES,Spain,2017,D632PAY,"Social transfers in kind, purchased market production, expenditure",PC_GDP,2.6,,2026-07-21T11:00:00+0200
ES,Spain,2017,D91REC,"Capital taxes, revenue",MIO_EUR,5716,,2026-07-21T11:00:00+0200
ES,Spain,2017,D91REC,"Capital taxes, revenue",PC_GDP,0.5,,2026-07-21T11:00:00+0200
ES,Spain,2017,D995REC,Capital transfers from general government to relevant sectors representing taxes and social contributions assessed but unlikely to be collected,MIO_EUR,0,,2026-07-21T11:00:00+0200
ES,Spain,2017,D995REC,Capital transfers from general government to relevant sectors representing taxes and social contributions assessed but unlikely to be collected,PC_GDP,0,,2026-07-21T11:00:00+0200
ES,Spain,2017,P2,Intermediate consumption,MIO_EUR,59203,,2026-07-21T11:00:00+0200
ES,Spain,2017,P2,Intermediate consumption,PC_GDP,5.1,,2026-07-21T11:00:00+0200
ES,Spain,2017,P51G,Gross fixed capital formation,MIO_EUR,23118,,2026-07-21T11:00:00+0200
ES,Spain,2017,P51G,Gross fixed capital formation,PC_GDP,2,,2026-07-21T11:00:00+0200
ES,Spain,2017,TE,Total general government expenditure,MIO_EUR,479908,,2026-07-21T11:00:00+0200
ES,Spain,2017,TE,Total general government expenditure,PC_GDP,41,,2026-07-21T11:00:00+0200
ES,Spain,2017,TR,Total general government revenue,MIO_EUR,444005,,2026-07-21T11:00:00+0200
ES,Spain,2017,TR,Total general government revenue,PC_GDP,37.9,,2026-07-21T11:00:00+0200
ES,Spain,2018,B9,Net lending (+)/net borrowing (-),MIO_EUR,-30943,,2026-07-21T11:00:00+0200
ES,Spain,2018,B9,Net lending (+)/net borrowing (-),PC_GDP,-2.6,,2026-07-21T11:00:00+0200
ES,Spain,2018,D1PAY,"Compensation of employees, expenditure",MIO_EUR,127668,,2026-07-21T11:00:00+0200
ES,Spain,2018,D1PAY,"Compensation of employees, expenditure",PC_GDP,10.5,,2026-07-21T11:00:00+0200
ES,Spain,2018,D2REC,"Taxes on production and imports, revenue",MIO_EUR,141184,,2026-07-21T11:00:00+0200
ES,Spain,2018,D2REC,"Taxes on production and imports, revenue",PC_GDP,11.6,,2026-07-21T11:00:00+0200
ES,Spain,2018,D3PAY,"Subsidies, expenditure",MIO_EUR,12026,,2026-07-21T11:00:00+0200
ES,Spain,2018,D3PAY,"Subsidies, expenditure",PC_GDP,1,,2026-07-21T11:00:00+0200
ES,Spain,2018,D41PAY,"Interest, expenditure",MIO_EUR,29593,,2026-07-21T11:00:00+0200
ES,Spain,2018,D41PAY,"Interest, expenditure",PC_GDP,2.4,,2026-07-21T11:00:00+0200
ES,Spain,2018,D5REC,"Current taxes on income, wealth, etc., revenue",MIO_EUR,127284,,2026-07-21T11:00:00+0200
ES,Spain,2018,D5REC,"Current taxes on income, wealth, etc., revenue",PC_GDP,10.5,,2026-07-21T11:00:00+0200
ES,Spain,2018,D61REC,"Net social contributions, revenue",MIO_EUR,149450,,2026-07-21T11:00:00+0200
ES,Spain,2018,D61REC,"Net social contributions, revenue",PC_GDP,12.3,,2026-07-21T11:00:00+0200
ES,Spain,2018,D62PAY,"Social benefits other than social transfers in kind, expenditure",MIO_EUR,185279,,2026-07-21T11:00:00+0200
ES,Spain,2018,D62PAY,"Social benefits other than social transfers in kind, expenditure",PC_GDP,15.3,,2026-07-21T11:00:00+0200
ES,Spain,2018,D632PAY,"Social transfers in kind, purchased market production, expenditure",MIO_EUR,31451,,2026-07-21T11:00:00+0200
ES,Spain,2018,D632PAY,"Social transfers in kind, purchased market production, expenditure",PC_GDP,2.6,,2026-07-21T11:00:00+0200
ES,Spain,2018,D91REC,"Capital taxes, revenue",MIO_EUR,5595,,2026-07-21T11:00:00+0200
ES,Spain,2018,D91REC,"Capital taxes, revenue",PC_GDP,0.5,,2026-07-21T11:00:00+0200
ES,Spain,2018,D995REC,Capital transfers from general government to relevant sectors representing taxes and social contributions assessed but unlikely to be collected,MIO_EUR,0,,2026-07-21T11:00:00+0200
ES,Spain,2018,D995REC,Capital transfers from general government to relevant sectors representing taxes and social contributions assessed but unlikely to be collected,PC_GDP,0,,2026-07-21T11:00:00+0200
ES,Spain,2018,P2,Intermediate consumption,MIO_EUR,61627,,2026-07-21T11:00:00+0200
ES,Spain,2018,P2,Intermediate consumption,PC_GDP,5.1,,2026-07-21T11:00:00+0200
ES,Spain,2018,P51G,Gross fixed capital formation,MIO_EUR,25889,,2026-07-21T11:00:00+0200
ES,Spain,2018,P51G,Gross fixed capital formation,PC_GDP,2.1,,2026-07-21T11:00:00+0200
ES,Spain,2018,TE,Total general government expenditure,MIO_EUR,503193,,2026-07-21T11:00:00+0200
ES,Spain,2018,TE,Total general government expenditure,PC_GDP,41.5,,2026-07-21T11:00:00+0200
ES,Spain,2018,TR,Total general government revenue,MIO_EUR,472250,,2026-07-21T11:00:00+0200
ES,Spain,2018,TR,Total general government revenue,PC_GDP,39,,2026-07-21T11:00:00+0200
ES,Spain,2019,B9,Net lending (+)/net borrowing (-),MIO_EUR,-38422,,2026-07-21T11:00:00+0200
ES,Spain,2019,B9,Net lending (+)/net borrowing (-),PC_GDP,-3.1,,2026-07-21T11:00:00+0200
ES,Spain,2019,D1PAY,"Compensation of employees, expenditure",MIO_EUR,134769,,2026-07-21T11:00:00+0200
ES,Spain,2019,D1PAY,"Compensation of employees, expenditure",PC_GDP,10.7,,2026-07-21T11:00:00+0200
ES,Spain,2019,D2REC,"Taxes on production and imports, revenue",MIO_EUR,143058,,2026-07-21T11:00:00+0200
ES,Spain,2019,D2REC,"Taxes on production and imports, revenue",PC_GDP,11.4,,2026-07-21T11:00:00+0200
ES,Spain,2019,D3PAY,"Subsidies, expenditure",MIO_EUR,12699,,2026-07-21T11:00:00+0200
ES,Spain,2019,D3PAY,"Subsidies, expenditure",PC_GDP,1,,2026-07-21T11:00:00+0200
ES,Spain,2019,D41PAY,"Interest, expenditure",MIO_EUR,28231,,2026-07-21T11:00:00+0200
ES,Spain,2019,D41PAY,"Interest, expenditure",PC_GDP,2.3,,2026-07-21T11:00:00+0200
ES,Spain,2019,D5REC,"Current taxes on income, wealth, etc., revenue",MIO_EUR,129117,,2026-07-21T11:00:00+0200
ES,Spain,2019,D5REC,"Current taxes on income, wealth, etc., revenue",PC_GDP,10.3,,2026-07-21T11:00:00+0200
ES,Spain,2019,D61REC,"Net social contributions, revenue",MIO_EUR,160656,,2026-07-21T11:00:00+0200
ES,Spain,2019,D61REC,"Net social contributions, revenue",PC_GDP,12.8,,2026-07-21T11:00:00+0200
ES,Spain,2019,D62PAY,"Social benefits other than social transfers in kind, expenditure",MIO_EUR,196887,,2026-07-21T11:00:00+0200
ES,Spain,2019,D62PAY,"Social benefits other than social transfers in kind, expenditure",PC_GDP,15.7,,2026-07-21T11:00:00+0200
ES,Spain,2019,D632PAY,"Social transfers in kind, purchased market production, expenditure",MIO_EUR,32854,,2026-07-21T11:00:00+0200
ES,Spain,2019,D632PAY,"Social transfers in kind, purchased market production, expenditure",PC_GDP,2.6,,2026-07-21T11:00:00+0200
ES,Spain,2019,D91REC,"Capital taxes, revenue",MIO_EUR,5510,,2026-07-21T11:00:00+0200
ES,Spain,2019,D91REC,"Capital taxes, revenue",PC_GDP,0.4,,2026-07-21T11:00:00+0200
ES,Spain,2019,D995REC,Capital transfers from general government to relevant sectors representing taxes and social contributions assessed but unlikely to be collected,MIO_EUR,0,,2026-07-21T11:00:00+0200
ES,Spain,2019,D995REC,Capital transfers from general government to relevant sectors representing taxes and social contributions assessed but unlikely to be collected,PC_GDP,0,,2026-07-21T11:00:00+0200
ES,Spain,2019,P2,Intermediate consumption,MIO_EUR,64416,,2026-07-21T11:00:00+0200
ES,Spain,2019,P2,Intermediate consumption,PC_GDP,5.1,,2026-07-21T11:00:00+0200
ES,Spain,2019,P51G,Gross fixed capital formation,MIO_EUR,27206,,2026-07-21T11:00:00+0200
ES,Spain,2019,P51G,Gross fixed capital formation,PC_GDP,2.2,,2026-07-21T11:00:00+0200
ES,Spain,2019,TE,Total general government expenditure,MIO_EUR,526769,,2026-07-21T11:00:00+0200
ES,Spain,2019,TE,Total general government expenditure,PC_GDP,42,,2026-07-21T11:00:00+0200
ES,Spain,2019,TR,Total general government revenue,MIO_EUR,488347,,2026-07-21T11:00:00+0200
ES,Spain,2019,TR,Total general government revenue,PC_GDP,39,,2026-07-21T11:00:00+0200
ES,Spain,2020,B9,Net lending (+)/net borrowing (-),MIO_EUR,-111897,,2026-07-21T11:00:00+0200
ES,Spain,2020,B9,Net lending (+)/net borrowing (-),PC_GDP,-9.9,,2026-07-21T11:00:00+0200
ES,Spain,2020,D1PAY,"Compensation of employees, expenditure",MIO_EUR,140652,,2026-07-21T11:00:00+0200
ES,Spain,2020,D1PAY,"Compensation of employees, expenditure",PC_GDP,12.5,,2026-07-21T11:00:00+0200
ES,Spain,2020,D2REC,"Taxes on production and imports, revenue",MIO_EUR,126756,,2026-07-21T11:00:00+0200
ES,Spain,2020,D2REC,"Taxes on production and imports, revenue",PC_GDP,11.2,,2026-07-21T11:00:00+0200
ES,Spain,2020,D3PAY,"Subsidies, expenditure",MIO_EUR,21421,,2026-07-21T11:00:00+0200
ES,Spain,2020,D3PAY,"Subsidies, expenditure",PC_GDP,1.9,,2026-07-21T11:00:00+0200
ES,Spain,2020,D41PAY,"Interest, expenditure",MIO_EUR,25127,,2026-07-21T11:00:00+0200
ES,Spain,2020,D41PAY,"Interest, expenditure",PC_GDP,2.2,,2026-07-21T11:00:00+0200
ES,Spain,2020,D5REC,"Current taxes on income, wealth, etc., revenue",MIO_EUR,125348,,2026-07-21T11:00:00+0200
ES,Spain,2020,D5REC,"Current taxes on income, wealth, etc., revenue",PC_GDP,11.1,,2026-07-21T11:00:00+0200
ES,Spain,2020,D61REC,"Net social contributions, revenue",MIO_EUR,162174,,2026-07-21T11:00:00+0200
ES,Spain,2020,D61REC,"Net social contributions, revenue",PC_GDP,14.4,,2026-07-21T11:00:00+0200
ES,Spain,2020,D62PAY,"Social benefits other than social transfers in kind, expenditure",MIO_EUR,228021,,2026-07-21T11:00:00+0200
ES,Spain,2020,D62PAY,"Social benefits other than social transfers in kind, expenditure",PC_GDP,20.2,,2026-07-21T11:00:00+0200
ES,Spain,2020,D632PAY,"Social transfers in kind, purchased market production, expenditure",MIO_EUR,33604,,2026-07-21T11:00:00+0200
ES,Spain,2020,D632PAY,"Social transfers in kind, purchased market production, expenditure",PC_GDP,3,,2026-07-21T11:00:00+0200
ES,Spain,2020,D91REC,"Capital taxes, revenue",MIO_EUR,4664,,2026-07-21T11:00:00+0200
ES,Spain,2020,D91REC,"Capital taxes, revenue",PC_GDP,0.4,,2026-07-21T11:00:00+0200
ES,Spain,2020,D995REC,Capital transfers from general government to relevant sectors representing taxes and social contributions assessed but unlikely to be collected,MIO_EUR,0,,2026-07-21T11:00:00+0200
ES,Spain,2020,D995REC,Capital transfers from general government to relevant sectors representing taxes and social contributions assessed but unlikely to be collected,PC_GDP,0,,2026-07-21T11:00:00+0200
ES,Spain,2020,P2,Intermediate consumption,MIO_EUR,66231,,2026-07-21T11:00:00+0200
ES,Spain,2020,P2,Intermediate consumption,PC_GDP,5.9,,2026-07-21T11:00:00+0200
ES,Spain,2020,P51G,Gross fixed capital formation,MIO_EUR,29694,,2026-07-21T11:00:00+0200
ES,Spain,2020,P51G,Gross fixed capital formation,PC_GDP,2.6,,2026-07-21T11:00:00+0200
ES,Spain,2020,TE,Total general government expenditure,MIO_EUR,580164,,2026-07-21T11:00:00+0200
ES,Spain,2020,TE,Total general government expenditure,PC_GDP,51.4,,2026-07-21T11:00:00+0200
ES,Spain,2020,TR,Total general government revenue,MIO_EUR,468267,,2026-07-21T11:00:00+0200
ES,Spain,2020,TR,Total general government revenue,PC_GDP,41.5,,2026-07-21T11:00:00+0200
ES,Spain,2021,B9,Net lending (+)/net borrowing (-),MIO_EUR,-82174,,2026-07-21T11:00:00+0200
ES,Spain,2021,B9,Net lending (+)/net borrowing (-),PC_GDP,-6.7,,2026-07-21T11:00:00+0200
ES,Spain,2021,D1PAY,"Compensation of employees, expenditure",MIO_EUR,148094,,2026-07-21T11:00:00+0200
ES,Spain,2021,D1PAY,"Compensation of employees, expenditure",PC_GDP,12,,2026-07-21T11:00:00+0200
ES,Spain,2021,D2REC,"Taxes on production and imports, revenue",MIO_EUR,146953,,2026-07-21T11:00:00+0200
ES,Spain,2021,D2REC,"Taxes on production and imports, revenue",PC_GDP,11.9,,2026-07-21T11:00:00+0200
ES,Spain,2021,D3PAY,"Subsidies, expenditure",MIO_EUR,17604,,2026-07-21T11:00:00+0200
ES,Spain,2021,D3PAY,"Subsidies, expenditure",PC_GDP,1.4,,2026-07-21T11:00:00+0200
ES,Spain,2021,D41PAY,"Interest, expenditure",MIO_EUR,26170,,2026-07-21T11:00:00+0200
ES,Spain,2021,D41PAY,"Interest, expenditure",PC_GDP,2.1,,2026-07-21T11:00:00+0200
ES,Spain,2021,D5REC,"Current taxes on income, wealth, etc., revenue",MIO_EUR,143485,,2026-07-21T11:00:00+0200
ES,Spain,2021,D5REC,"Current taxes on income, wealth, etc., revenue",PC_GDP,11.6,,2026-07-21T11:00:00+0200
ES,Spain,2021,D61REC,"Net social contributions, revenue",MIO_EUR,171687,,2026-07-21T11:00:00+0200
ES,Spain,2021,D61REC,"Net social contributions, revenue",PC_GDP,13.9,,2026-07-21T11:00:00+0200
ES,Spain,2021,D62PAY,"Social benefits other than social transfers in kind, expenditure",MIO_EUR,227488,,2026-07-21T11:00:00+0200
ES,Spain,2021,D62PAY,"Social benefits other than social transfers in kind, expenditure",PC_GDP,18.4,,2026-07-21T11:00:00+0200
ES,Spain,2021,D632PAY,"Social transfers in kind, purchased market production, expenditure",MIO_EUR,36096,,2026-07-21T11:00:00+0200
ES,Spain,2021,D632PAY,"Social transfers in kind, purchased market production, expenditure",PC_GDP,2.9,,2026-07-21T11:00:00+0200
ES,Spain,2021,D91REC,"Capital taxes, revenue",MIO_EUR,6193,,2026-07-21T11:00:00+0200
ES,Spain,2021,D91REC,"Capital taxes, revenue",PC_GDP,0.5,,2026-07-21T11:00:00+0200
ES,Spain,2021,D995REC,Capital transfers from general government to relevant sectors representing taxes and social contributions assessed but unlikely to be collected,MIO_EUR,0,,2026-07-21T11:00:00+0200
ES,Spain,2021,D995REC,Capital transfers from general government to relevant sectors representing taxes and social contributions assessed but unlikely to be collected,PC_GDP,0,,2026-07-21T11:00:00+0200
ES,Spain,2021,P2,Intermediate consumption,MIO_EUR,71270,,2026-07-21T11:00:00+0200
ES,Spain,2021,P2,Intermediate consumption,PC_GDP,5.8,,2026-07-21T11:00:00+0200
ES,Spain,2021,P51G,Gross fixed capital formation,MIO_EUR,33591,,2026-07-21T11:00:00+0200
ES,Spain,2021,P51G,Gross fixed capital formation,PC_GDP,2.7,,2026-07-21T11:00:00+0200
ES,Spain,2021,TE,Total general government expenditure,MIO_EUR,611124,,2026-07-21T11:00:00+0200
ES,Spain,2021,TE,Total general government expenditure,PC_GDP,49.5,,2026-07-21T11:00:00+0200
ES,Spain,2021,TR,Total general government revenue,MIO_EUR,528950,,2026-07-21T11:00:00+0200
ES,Spain,2021,TR,Total general government revenue,PC_GDP,42.8,,2026-07-21T11:00:00+0200
ES,Spain,2022,B9,Net lending (+)/net borrowing (-),MIO_EUR,-63105,,2026-07-21T11:00:00+0200
ES,Spain,2022,B9,Net lending (+)/net borrowing (-),PC_GDP,-4.6,,2026-07-21T11:00:00+0200
ES,Spain,2022,D1PAY,"Compensation of employees, expenditure",MIO_EUR,154459,,2026-07-21T11:00:00+0200
ES,Spain,2022,D1PAY,"Compensation of employees, expenditure",PC_GDP,11.2,,2026-07-21T11:00:00+0200
ES,Spain,2022,D2REC,"Taxes on production and imports, revenue",MIO_EUR,160429,,2026-07-21T11:00:00+0200
ES,Spain,2022,D2REC,"Taxes on production and imports, revenue",PC_GDP,11.7,,2026-07-21T11:00:00+0200
ES,Spain,2022,D3PAY,"Subsidies, expenditure",MIO_EUR,26465,,2026-07-21T11:00:00+0200
ES,Spain,2022,D3PAY,"Subsidies, expenditure",PC_GDP,1.9,,2026-07-21T11:00:00+0200
ES,Spain,2022,D41PAY,"Interest, expenditure",MIO_EUR,31775,,2026-07-21T11:00:00+0200
ES,Spain,2022,D41PAY,"Interest, expenditure",PC_GDP,2.3,,2026-07-21T11:00:00+0200
ES,Spain,2022,D5REC,"Current taxes on income, wealth, etc., revenue",MIO_EUR,164770,,2026-07-21T11:00:00+0200
ES,Spain,2022,D5REC,"Current taxes on income, wealth, etc., revenue",PC_GDP,12,,2026-07-21T11:00:00+0200
ES,Spain,2022,D61REC,"Net social contributions, revenue",MIO_EUR,180086,,2026-07-21T11:00:00+0200
ES,Spain,2022,D61REC,"Net social contributions, revenue",PC_GDP,13.1,,2026-07-21T11:00:00+0200
ES,Spain,2022,D62PAY,"Social benefits other than social transfers in kind, expenditure",MIO_EUR,228485,,2026-07-21T11:00:00+0200
ES,Spain,2022,D62PAY,"Social benefits other than social transfers in kind, expenditure",PC_GDP,16.6,,2026-07-21T11:00:00+0200
ES,Spain,2022,D632PAY,"Social transfers in kind, purchased market production, expenditure",MIO_EUR,38293,,2026-07-21T11:00:00+0200
ES,Spain,2022,D632PAY,"Social transfers in kind, purchased market production, expenditure",PC_GDP,2.8,,2026-07-21T11:00:00+0200
ES,Spain,2022,D91REC,"Capital taxes, revenue",MIO_EUR,5577,,2026-07-21T11:00:00+0200
ES,Spain,2022,D91REC,"Capital taxes, revenue",PC_GDP,0.4,,2026-07-21T11:00:00+0200
ES,Spain,2022,D995REC,Capital transfers from general government to relevant sectors representing taxes and social contributions assessed but unlikely to be collected,MIO_EUR,0,,2026-07-21T11:00:00+0200
ES,Spain,2022,D995REC,Capital transfers from general government to relevant sectors representing taxes and social contributions assessed but unlikely to be collected,PC_GDP,0,,2026-07-21T11:00:00+0200
ES,Spain,2022,P2,Intermediate consumption,MIO_EUR,79029,,2026-07-21T11:00:00+0200
ES,Spain,2022,P2,Intermediate consumption,PC_GDP,5.7,,2026-07-21T11:00:00+0200
ES,Spain,2022,P51G,Gross fixed capital formation,MIO_EUR,37350,,2026-07-21T11:00:00+0200
ES,Spain,2022,P51G,Gross fixed capital formation,PC_GDP,2.7,,2026-07-21T11:00:00+0200
ES,Spain,2022,TE,Total general government expenditure,MIO_EUR,637117,,2026-07-21T11:00:00+0200
ES,Spain,2022,TE,Total general government expenditure,PC_GDP,46.3,,2026-07-21T11:00:00+0200
ES,Spain,2022,TR,Total general government revenue,MIO_EUR,574012,,2026-07-21T11:00:00+0200
ES,Spain,2022,TR,Total general government revenue,PC_GDP,41.7,,2026-07-21T11:00:00+0200
ES,Spain,2023,B9,Net lending (+)/net borrowing (-),MIO_EUR,-50027,,2026-07-21T11:00:00+0200
ES,Spain,2023,B9,Net lending (+)/net borrowing (-),PC_GDP,-3.3,,2026-07-21T11:00:00+0200
ES,Spain,2023,D1PAY,"Compensation of employees, expenditure",MIO_EUR,163887,,2026-07-21T11:00:00+0200
ES,Spain,2023,D1PAY,"Compensation of employees, expenditure",PC_GDP,10.9,,2026-07-21T11:00:00+0200
ES,Spain,2023,D2REC,"Taxes on production and imports, revenue",MIO_EUR,165865,,2026-07-21T11:00:00+0200
ES,Spain,2023,D2REC,"Taxes on production and imports, revenue",PC_GDP,11.1,,2026-07-21T11:00:00+0200
ES,Spain,2023,D3PAY,"Subsidies, expenditure",MIO_EUR,20456,,2026-07-21T11:00:00+0200
ES,Spain,2023,D3PAY,"Subsidies, expenditure",PC_GDP,1.4,,2026-07-21T11:00:00+0200
ES,Spain,2023,D41PAY,"Interest, expenditure",MIO_EUR,35551,,2026-07-21T11:00:00+0200
ES,Spain,2023,D41PAY,"Interest, expenditure",PC_GDP,2.4,,2026-07-21T11:00:00+0200
ES,Spain,2023,D5REC,"Current taxes on income, wealth, etc., revenue",MIO_EUR,183119,,2026-07-21T11:00:00+0200
ES,Spain,2023,D5REC,"Current taxes on income, wealth, etc., revenue",PC_GDP,12.2,,2026-07-21T11:00:00+0200
ES,Spain,2023,D61REC,"Net social contributions, revenue",MIO_EUR,197003,,2026-07-21T11:00:00+0200
ES,Spain,2023,D61REC,"Net social contributions, revenue",PC_GDP,13.2,,2026-07-21T11:00:00+0200
ES,Spain,2023,D62PAY,"Social benefits other than social transfers in kind, expenditure",MIO_EUR,251717,,2026-07-21T11:00:00+0200
ES,Spain,2023,D62PAY,"Social benefits other than social transfers in kind, expenditure",PC_GDP,16.8,,2026-07-21T11:00:00+0200
ES,Spain,2023,D632PAY,"Social transfers in kind, purchased market production, expenditure",MIO_EUR,40738,,2026-07-21T11:00:00+0200
ES,Spain,2023,D632PAY,"Social transfers in kind, purchased market production, expenditure",PC_GDP,2.7,,2026-07-21T11:00:00+0200
ES,Spain,2023,D91REC,"Capital taxes, revenue",MIO_EUR,5551,,2026-07-21T11:00:00+0200
ES,Spain,2023,D91REC,"Capital taxes, revenue",PC_GDP,0.4,,2026-07-21T11:00:00+0200
ES,Spain,2023,D995REC,Capital transfers from general government to relevant sectors representing taxes and social contributions assessed but unlikely to be collected,MIO_EUR,0,,2026-07-21T11:00:00+0200
ES,Spain,2023,D995REC,Capital transfers from general government to relevant sectors representing taxes and social contributions assessed but unlikely to be collected,PC_GDP,0,,2026-07-21T11:00:00+0200
ES,Spain,2023,P2,Intermediate consumption,MIO_EUR,85551,,2026-07-21T11:00:00+0200
ES,Spain,2023,P2,Intermediate consumption,PC_GDP,5.7,,2026-07-21T11:00:00+0200
ES,Spain,2023,P51G,Gross fixed capital formation,MIO_EUR,44696,,2026-07-21T11:00:00+0200
ES,Spain,2023,P51G,Gross fixed capital formation,PC_GDP,3,,2026-07-21T11:00:00+0200
ES,Spain,2023,TE,Total general government expenditure,MIO_EUR,680225,,2026-07-21T11:00:00+0200
ES,Spain,2023,TE,Total general government expenditure,PC_GDP,45.4,,2026-07-21T11:00:00+0200
ES,Spain,2023,TR,Total general government revenue,MIO_EUR,630198,,2026-07-21T11:00:00+0200
ES,Spain,2023,TR,Total general government revenue,PC_GDP,42.1,,2026-07-21T11:00:00+0200
ES,Spain,2024,B9,Net lending (+)/net borrowing (-),MIO_EUR,-51267,,2026-07-21T11:00:00+0200
ES,Spain,2024,B9,Net lending (+)/net borrowing (-),PC_GDP,-3.2,,2026-07-21T11:00:00+0200
ES,Spain,2024,D1PAY,"Compensation of employees, expenditure",MIO_EUR,172749,,2026-07-21T11:00:00+0200
ES,Spain,2024,D1PAY,"Compensation of employees, expenditure",PC_GDP,10.8,,2026-07-21T11:00:00+0200
ES,Spain,2024,D2REC,"Taxes on production and imports, revenue",MIO_EUR,176937,,2026-07-21T11:00:00+0200
ES,Spain,2024,D2REC,"Taxes on production and imports, revenue",PC_GDP,11.1,,2026-07-21T11:00:00+0200
ES,Spain,2024,D3PAY,"Subsidies, expenditure",MIO_EUR,18354,,2026-07-21T11:00:00+0200
ES,Spain,2024,D3PAY,"Subsidies, expenditure",PC_GDP,1.2,,2026-07-21T11:00:00+0200
ES,Spain,2024,D41PAY,"Interest, expenditure",MIO_EUR,38793,,2026-07-21T11:00:00+0200
ES,Spain,2024,D41PAY,"Interest, expenditure",PC_GDP,2.4,,2026-07-21T11:00:00+0200
ES,Spain,2024,D5REC,"Current taxes on income, wealth, etc., revenue",MIO_EUR,198711,,2026-07-21T11:00:00+0200
ES,Spain,2024,D5REC,"Current taxes on income, wealth, etc., revenue",PC_GDP,12.5,,2026-07-21T11:00:00+0200
ES,Spain,2024,D61REC,"Net social contributions, revenue",MIO_EUR,210337,,2026-07-21T11:00:00+0200
ES,Spain,2024,D61REC,"Net social contributions, revenue",PC_GDP,13.2,,2026-07-21T11:00:00+0200
ES,Spain,2024,D62PAY,"Social benefits other than social transfers in kind, expenditure",MIO_EUR,268813,,2026-07-21T11:00:00+0200
ES,Spain,2024,D62PAY,"Social benefits other than social transfers in kind, expenditure",PC_GDP,16.9,,2026-07-21T11:00:00+0200
ES,Spain,2024,D632PAY,"Social transfers in kind, purchased market production, expenditure",MIO_EUR,42511,,2026-07-21T11:00:00+0200
ES,Spain,2024,D632PAY,"Social transfers in kind, purchased market production, expenditure",PC_GDP,2.7,,2026-07-21T11:00:00+0200
ES,Spain,2024,D91REC,"Capital taxes, revenue",MIO_EUR,5694,,2026-07-21T11:00:00+0200
ES,Spain,2024,D91REC,"Capital taxes, revenue",PC_GDP,0.4,,2026-07-21T11:00:00+0200
ES,Spain,2024,D995REC,Capital transfers from general government to relevant sectors representing taxes and social contributions assessed but unlikely to be collected,MIO_EUR,0,,2026-07-21T11:00:00+0200
ES,Spain,2024,D995REC,Capital transfers from general government to relevant sectors representing taxes and social contributions assessed but unlikely to be collected,PC_GDP,0,,2026-07-21T11:00:00+0200
ES,Spain,2024,P2,Intermediate consumption,MIO_EUR,89450,,2026-07-21T11:00:00+0200
ES,Spain,2024,P2,Intermediate consumption,PC_GDP,5.6,,2026-07-21T11:00:00+0200
ES,Spain,2024,P51G,Gross fixed capital formation,MIO_EUR,43485,,2026-07-21T11:00:00+0200
ES,Spain,2024,P51G,Gross fixed capital formation,PC_GDP,2.7,,2026-07-21T11:00:00+0200
ES,Spain,2024,TE,Total general government expenditure,MIO_EUR,725001,,2026-07-21T11:00:00+0200
ES,Spain,2024,TE,Total general government expenditure,PC_GDP,45.5,,2026-07-21T11:00:00+0200
ES,Spain,2024,TR,Total general government revenue,MIO_EUR,673734,,2026-07-21T11:00:00+0200
ES,Spain,2024,TR,Total general government revenue,PC_GDP,42.3,,2026-07-21T11:00:00+0200
ES,Spain,2025,B9,Net lending (+)/net borrowing (-),MIO_EUR,-40330,,2026-07-21T11:00:00+0200
ES,Spain,2025,B9,Net lending (+)/net borrowing (-),PC_GDP,-2.4,,2026-07-21T11:00:00+0200
ES,Spain,2025,D1PAY,"Compensation of employees, expenditure",MIO_EUR,181494,,2026-07-21T11:00:00+0200
ES,Spain,2025,D1PAY,"Compensation of employees, expenditure",PC_GDP,10.8,,2026-07-21T11:00:00+0200
ES,Spain,2025,D2REC,"Taxes on production and imports, revenue",MIO_EUR,191455,,2026-07-21T11:00:00+0200
ES,Spain,2025,D2REC,"Taxes on production and imports, revenue",PC_GDP,11.3,,2026-07-21T11:00:00+0200
ES,Spain,2025,D3PAY,"Subsidies, expenditure",MIO_EUR,19910,,2026-07-21T11:00:00+0200
ES,Spain,2025,D3PAY,"Subsidies, expenditure",PC_GDP,1.2,,2026-07-21T11:00:00+0200
ES,Spain,2025,D41PAY,"Interest, expenditure",MIO_EUR,40314,,2026-07-21T11:00:00+0200
ES,Spain,2025,D41PAY,"Interest, expenditure",PC_GDP,2.4,,2026-07-21T11:00:00+0200
ES,Spain,2025,D5REC,"Current taxes on income, wealth, etc., revenue",MIO_EUR,220638,,2026-07-21T11:00:00+0200
ES,Spain,2025,D5REC,"Current taxes on income, wealth, etc., revenue",PC_GDP,13.1,,2026-07-21T11:00:00+0200
ES,Spain,2025,D61REC,"Net social contributions, revenue",MIO_EUR,223612,,2026-07-21T11:00:00+0200
ES,Spain,2025,D61REC,"Net social contributions, revenue",PC_GDP,13.3,,2026-07-21T11:00:00+0200
ES,Spain,2025,D62PAY,"Social benefits other than social transfers in kind, expenditure",MIO_EUR,286551,,2026-07-21T11:00:00+0200
ES,Spain,2025,D62PAY,"Social benefits other than social transfers in kind, expenditure",PC_GDP,17,,2026-07-21T11:00:00+0200
ES,Spain,2025,D632PAY,"Social transfers in kind, purchased market production, expenditure",MIO_EUR,44619,,2026-07-21T11:00:00+0200
ES,Spain,2025,D632PAY,"Social transfers in kind, purchased market production, expenditure",PC_GDP,2.6,,2026-07-21T11:00:00+0200
ES,Spain,2025,D91REC,"Capital taxes, revenue",MIO_EUR,5964,,2026-07-21T11:00:00+0200
ES,Spain,2025,D91REC,"Capital taxes, revenue",PC_GDP,0.4,,2026-07-21T11:00:00+0200
ES,Spain,2025,D995REC,Capital transfers from general government to relevant sectors representing taxes and social contributions assessed but unlikely to be collected,MIO_EUR,0,,2026-07-21T11:00:00+0200
ES,Spain,2025,D995REC,Capital transfers from general government to relevant sectors representing taxes and social contributions assessed but unlikely to be collected,PC_GDP,0,,2026-07-21T11:00:00+0200
ES,Spain,2025,P2,Intermediate consumption,MIO_EUR,96005,,2026-07-21T11:00:00+0200
ES,Spain,2025,P2,Intermediate consumption,PC_GDP,5.7,,2026-07-21T11:00:00+0200
ES,Spain,2025,P51G,Gross fixed capital formation,MIO_EUR,49632,,2026-07-21T11:00:00+0200
ES,Spain,2025,P51G,Gross fixed capital formation,PC_GDP,2.9,,2026-07-21T11:00:00+0200
ES,Spain,2025,TE,Total general government expenditure,MIO_EUR,764884,,2026-07-21T11:00:00+0200
ES,Spain,2025,TE,Total general government expenditure,PC_GDP,45.3,,2026-07-21T11:00:00+0200
ES,Spain,2025,TR,Total general government revenue,MIO_EUR,724554,,2026-07-21T11:00:00+0200
ES,Spain,2025,TR,Total general government revenue,PC_GDP,42.9,,2026-07-21T11:00:00+0200
EU27_2020,European Union - 27 countries (from 2020),1975,B9,Net lending (+)/net borrowing (-),MIO_EUR,,,2026-07-21T11:00:00+0200
EU27_2020,European Union - 27 countries (from 2020),1975,B9,Net lending (+)/net borrowing (-),PC_GDP,,,2026-07-21T11:00:00+0200
EU27_2020,European Union - 27 countries (from 2020),1975,D1PAY,"Compensation of employees, expenditure",MIO_EUR,,,2026-07-21T11:00:00+0200
EU27_2020,European Union - 27 countries (from 2020),1975,D1PAY,"Compensation of employees, expenditure",PC_GDP,,,2026-07-21T11:00:00+0200
EU27_2020,European Union - 27 countries (from 2020),1975,D2REC,"Taxes on production and imports, revenue",MIO_EUR,,,2026-07-21T11:00:00+0200
EU27_2020,European Union - 27 countries (from 2020),1975,D2REC,"Taxes on production and imports, revenue",PC_GDP,,,2026-07-21T11:00:00+0200
EU27_2020,European Union - 27 countries (from 2020),1975,D3PAY,"Subsidies, expenditure",MIO_EUR,,,2026-07-21T11:00:00+0200
EU27_2020,European Union - 27 countries (from 2020),1975,D3PAY,"Subsidies, expenditure",PC_GDP,,,2026-07-21T11:00:00+0200
EU27_2020,European Union - 27 countries (from 2020),1975,D41PAY,"Interest, expenditure",MIO_EUR,,,2026-07-21T11:00:00+0200
EU27_2020,European Union - 27 countries (from 2020),1975,D41PAY,"Interest, expenditure",PC_GDP,,,2026-07-21T11:00:00+0200
EU27_2020,European Union - 27 countries (from 2020),1975,D5REC,"Current taxes on income, wealth, etc., revenue",MIO_EUR,,,2026-07-21T11:00:00+0200
EU27_2020,European Union - 27 countries (from 2020),1975,D5REC,"Current taxes on income, wealth, etc., revenue",PC_GDP,,,2026-07-21T11:00:00+0200
EU27_2020,European Union - 27 countries (from 2020),1975,D61REC,"Net social contributions, revenue",MIO_EUR,,,2026-07-21T11:00:00+0200
EU27_2020,European Union - 27 countries (from 2020),1975,D61REC,"Net social contributions, revenue",PC_GDP,,,2026-07-21T11:00:00+0200
EU27_2020,European Union - 27 countries (from 2020),1975,D62PAY,"Social benefits other than social transfers in kind, expenditure",MIO_EUR,,,2026-07-21T11:00:00+0200
EU27_2020,European Union - 27 countries (from 2020),1975,D62PAY,"Social benefits other than social transfers in kind, expenditure",PC_GDP,,,2026-07-21T11:00:00+0200
EU27_2020,European Union - 27 countries (from 2020),1975,D632PAY,"Social transfers in kind, purchased market production, expenditure",MIO_EUR,,,2026-07-21T11:00:00+0200
EU27_2020,European Union - 27 countries (from 2020),1975,D632PAY,"Social transfers in kind, purchased market production, expenditure",PC_GDP,,,2026-07-21T11:00:00+0200
EU27_2020,European Union - 27 countries (from 2020),1975,D91REC,"Capital taxes, revenue",MIO_EUR,,,2026-07-21T11:00:00+0200
EU27_2020,European Union - 27 countries (from 2020),1975,D91REC,"Capital taxes, revenue",PC_GDP,,,2026-07-21T11:00:00+0200
EU27_2020,European Union - 27 countries (from 2020),1975,D995REC,Capital transfers from general government to relevant sectors representing taxes and social contributions assessed but unlikely to be collected,MIO_EUR,,,2026-07-21T11:00:00+0200
EU27_2020,European Union - 27 countries (from 2020),1975,D995REC,Capital transfers from general government to relevant sectors representing taxes and social contributions assessed but unlikely to be collected,PC_GDP,,,2026-07-21T11:00:00+0200
EU27_2020,European Union - 27 countries (from 2020),1975,P2,Intermediate consumption,MIO_EUR,,,2026-07-21T11:00:00+0200
EU27_2020,European Union - 27 countries (from 2020),1975,P2,Intermediate consumption,PC_GDP,,,2026-07-21T11:00:00+0200
EU27_2020,European Union - 27 countries (from 2020),1975,P51G,Gross fixed capital formation,MIO_EUR,,,2026-07-21T11:00:00+0200
EU27_2020,European Union - 27 countries (from 2020),1975,P51G,Gross fixed capital formation,PC_GDP,,,2026-07-21T11:00:00+0200
EU27_2020,European Union - 27 countries (from 2020),1975,TE,Total general government expenditure,MIO_EUR,,,2026-07-21T11:00:00+0200
EU27_2020,European Union - 27 countries (from 2020),1975,TE,Total general government expenditure,PC_GDP,,,2026-07-21T11:00:00+0200
EU27_2020,European Union - 27 countries (from 2020),1975,TR,Total general government revenue,MIO_EUR,,,2026-07-21T11:00:00+0200
EU27_2020,European Union - 27 countries (from 2020),1975,TR,Total general government revenue,PC_GDP,,,2026-07-21T11:00:00+0200
EU27_2020,European Union - 27 countries (from 2020),1976,B9,Net lending (+)/net borrowing (-),MIO_EUR,,,2026-07-21T11:00:00+0200
EU27_2020,European Union - 27 countries (from 2020),1976,B9,Net lending (+)/net borrowing (-),PC_GDP,,,2026-07-21T11:00:00+0200
EU27_2020,European Union - 27 countries (from 2020),1976,D1PAY,"Compensation of employees, expenditure",MIO_EUR,,,2026-07-21T11:00:00+0200
EU27_2020,European Union - 27 countries (from 2020),1976,D1PAY,"Compensation of employees, expenditure",PC_GDP,,,2026-07-21T11:00:00+0200
EU27_2020,European Union - 27 countries (from 2020),1976,D2REC,"Taxes on production and imports, revenue",MIO_EUR,,,2026-07-21T11:00:00+0200
EU27_2020,European Union - 27 countries (from 2020),1976,D2REC,"Taxes on production and imports, revenue",PC_GDP,,,2026-07-21T11:00:00+0200
EU27_2020,European Union - 27 countries (from 2020),1976,D3PAY,"Subsidies, expenditure",MIO_EUR,,,2026-07-21T11:00:00+0200
EU27_2020,European Union - 27 countries (from 2020),1976,D3PAY,"Subsidies, expenditure",PC_GDP,,,2026-07-21T11:00:00+0200
EU27_2020,European Union - 27 countries (from 2020),1976,D41PAY,"Interest, expenditure",MIO_EUR,,,2026-07-21T11:00:00+0200
EU27_2020,European Union - 27 countries (from 2020),1976,D41PAY,"Interest, expenditure",PC_GDP,,,2026-07-21T11:00:00+0200
EU27_2020,European Union - 27 countries (from 2020),1976,D5REC,"Current taxes on income, wealth, etc., revenue",MIO_EUR,,,2026-07-21T11:00:00+0200
EU27_2020,European Union - 27 countries (from 2020),1976,D5REC,"Current taxes on income, wealth, etc., revenue",PC_GDP,,,2026-07-21T11:00:00+0200
EU27_2020,European Union - 27 countries (from 2020),1976,D61REC,"Net social contributions, revenue",MIO_EUR,,,2026-07-21T11:00:00+0200
EU27_2020,European Union - 27 countries (from 2020),1976,D61REC,"Net social contributions, revenue",PC_GDP,,,2026-07-21T11:00:00+0200
EU27_2020,European Union - 27 countries (from 2020),1976,D62PAY,"Social benefits other than social transfers in kind, expenditure",MIO_EUR,,,2026-07-21T11:00:00+0200
EU27_2020,European Union - 27 countries (from 2020),1976,D62PAY,"Social benefits other than social transfers in kind, expenditure",PC_GDP,,,2026-07-21T11:00:00+0200
EU27_2020,European Union - 27 countries (from 2020),1976,D632PAY,"Social transfers in kind, purchased market production, expenditure",MIO_EUR,,,2026-07-21T11:00:00+0200
EU27_2020,European Union - 27 countries (from 2020),1976,D632PAY,"Social transfers in kind, purchased market production, expenditure",PC_GDP,,,2026-07-21T11:00:00+0200
EU27_2020,European Union - 27 countries (from 2020),1976,D91REC,"Capital taxes, revenue",MIO_EUR,,,2026-07-21T11:00:00+0200
EU27_2020,European Union - 27 countries (from 2020),1976,D91REC,"Capital taxes, revenue",PC_GDP,,,2026-07-21T11:00:00+0200
EU27_2020,European Union - 27 countries (from 2020),1976,D995REC,Capital transfers from general government to relevant sectors representing taxes and social contributions assessed but unlikely to be collected,MIO_EUR,,,2026-07-21T11:00:00+0200
EU27_2020,European Union - 27 countries (from 2020),1976,D995REC,Capital transfers from general government to relevant sectors representing taxes and social contributions assessed but unlikely to be collected,PC_GDP,,,2026-07-21T11:00:00+0200
EU27_2020,European Union - 27 countries (from 2020),1976,P2,Intermediate consumption,MIO_EUR,,,2026-07-21T11:00:00+0200
EU27_2020,European Union - 27 countries (from 2020),1976,P2,Intermediate consumption,PC_GDP,,,2026-07-21T11:00:00+0200
EU27_2020,European Union - 27 countries (from 2020),1976,P51G,Gross fixed capital formation,MIO_EUR,,,2026-07-21T11:00:00+0200
EU27_2020,European Union - 27 countries (from 2020),1976,P51G,Gross fixed capital formation,PC_GDP,,,2026-07-21T11:00:00+0200
EU27_2020,European Union - 27 countries (from 2020),1976,TE,Total general government expenditure,MIO_EUR,,,2026-07-21T11:00:00+0200
EU27_2020,European Union - 27 countries (from 2020),1976,TE,Total general government expenditure,PC_GDP,,,2026-07-21T11:00:00+0200
EU27_2020,European Union - 27 countries (from 2020),1976,TR,Total general government revenue,MIO_EUR,,,2026-07-21T11:00:00+0200
EU27_2020,European Union - 27 countries (from 2020),1976,TR,Total general government revenue,PC_GDP,,,2026-07-21T11:00:00+0200
EU27_2020,European Union - 27 countries (from 2020),1977,B9,Net lending (+)/net borrowing (-),MIO_EUR,,,2026-07-21T11:00:00+0200
EU27_2020,European Union - 27 countries (from 2020),1977,B9,Net lending (+)/net borrowing (-),PC_GDP,,,2026-07-21T11:00:00+0200
EU27_2020,European Union - 27 countries (from 2020),1977,D1PAY,"Compensation of employees, expenditure",MIO_EUR,,,2026-07-21T11:00:00+0200
EU27_2020,European Union - 27 countries (from 2020),1977,D1PAY,"Compensation of employees, expenditure",PC_GDP,,,2026-07-21T11:00:00+0200
EU27_2020,European Union - 27 countries (from 2020),1977,D2REC,"Taxes on production and imports, revenue",MIO_EUR,,,2026-07-21T11:00:00+0200
EU27_2020,European Union - 27 countries (from 2020),1977,D2REC,"Taxes on production and imports, revenue",PC_GDP,,,2026-07-21T11:00:00+0200
EU27_2020,European Union - 27 countries (from 2020),1977,D3PAY,"Subsidies, expenditure",MIO_EUR,,,2026-07-21T11:00:00+0200
EU27_2020,European Union - 27 countries (from 2020),1977,D3PAY,"Subsidies, expenditure",PC_GDP,,,2026-07-21T11:00:00+0200
EU27_2020,European Union - 27 countries (from 2020),1977,D41PAY,"Interest, expenditure",MIO_EUR,,,2026-07-21T11:00:00+0200
EU27_2020,European Union - 27 countries (from 2020),1977,D41PAY,"Interest, expenditure",PC_GDP,,,2026-07-21T11:00:00+0200
EU27_2020,European Union - 27 countries (from 2020),1977,D5REC,"Current taxes on income, wealth, etc., revenue",MIO_EUR,,,2026-07-21T11:00:00+0200
EU27_2020,European Union - 27 countries (from 2020),1977,D5REC,"Current taxes on income, wealth, etc., revenue",PC_GDP,,,2026-07-21T11:00:00+0200
EU27_2020,European Union - 27 countries (from 2020),1977,D61REC,"Net social contributions, revenue",MIO_EUR,,,2026-07-21T11:00:00+0200
EU27_2020,European Union - 27 countries (from 2020),1977,D61REC,"Net social contributions, revenue",PC_GDP,,,2026-07-21T11:00:00+0200
EU27_2020,European Union - 27 countries (from 2020),1977,D62PAY,"Social benefits other than social transfers in kind, expenditure",MIO_EUR,,,2026-07-21T11:00:00+0200
EU27_2020,European Union - 27 countries (from 2020),1977,D62PAY,"Social benefits other than social transfers in kind, expenditure",PC_GDP,,,2026-07-21T11:00:00+0200
EU27_2020,European Union - 27 countries (from 2020),1977,D632PAY,"Social transfers in kind, purchased market production, expenditure",MIO_EUR,,,2026-07-21T11:00:00+0200
EU27_2020,European Union - 27 countries (from 2020),1977,D632PAY,"Social transfers in kind, purchased market production, expenditure",PC_GDP,,,2026-07-21T11:00:00+0200
EU27_2020,European Union - 27 countries (from 2020),1977,D91REC,"Capital taxes, revenue",MIO_EUR,,,2026-07-21T11:00:00+0200
EU27_2020,European Union - 27 countries (from 2020),1977,D91REC,"Capital taxes, revenue",PC_GDP,,,2026-07-21T11:00:00+0200
EU27_2020,European Union - 27 countries (from 2020),1977,D995REC,Capital transfers from general government to relevant sectors representing taxes and social contributions assessed but unlikely to be collected,MIO_EUR,,,2026-07-21T11:00:00+0200
EU27_2020,European Union - 27 countries (from 2020),1977,D995REC,Capital transfers from general government to relevant sectors representing taxes and social contributions assessed but unlikely to be collected,PC_GDP,,,2026-07-21T11:00:00+0200
EU27_2020,European Union - 27 countries (from 2020),1977,P2,Intermediate consumption,MIO_EUR,,,2026-07-21T11:00:00+0200
EU27_2020,European Union - 27 countries (from 2020),1977,P2,Intermediate consumption,PC_GDP,,,2026-07-21T11:00:00+0200
EU27_2020,European Union - 27 countries (from 2020),1977,P51G,Gross fixed capital formation,MIO_EUR,,,2026-07-21T11:00:00+0200
EU27_2020,European Union - 27 countries (from 2020),1977,P51G,Gross fixed capital formation,PC_GDP,,,2026-07-21T11:00:00+0200
EU27_2020,European Union - 27 countries (from 2020),1977,TE,Total general government expenditure,MIO_EUR,,,2026-07-21T11:00:00+0200
EU27_2020,European Union - 27 countries (from 2020),1977,TE,Total general government expenditure,PC_GDP,,,2026-07-21T11:00:00+0200
EU27_2020,European Union - 27 countries (from 2020),1977,TR,Total general government revenue,MIO_EUR,,,2026-07-21T11:00:00+0200
EU27_2020,European Union - 27 countries (from 2020),1977,TR,Total general government revenue,PC_GDP,,,2026-07-21T11:00:00+0200
EU27_2020,European Union - 27 countries (from 2020),1978,B9,Net lending (+)/net borrowing (-),MIO_EUR,,,2026-07-21T11:00:00+0200
EU27_2020,European Union - 27 countries (from 2020),1978,B9,Net lending (+)/net borrowing (-),PC_GDP,,,2026-07-21T11:00:00+0200
EU27_2020,European Union - 27 countries (from 2020),1978,D1PAY,"Compensation of employees, expenditure",MIO_EUR,,,2026-07-21T11:00:00+0200
EU27_2020,European Union - 27 countries (from 2020),1978,D1PAY,"Compensation of employees, expenditure",PC_GDP,,,2026-07-21T11:00:00+0200
EU27_2020,European Union - 27 countries (from 2020),1978,D2REC,"Taxes on production and imports, revenue",MIO_EUR,,,2026-07-21T11:00:00+0200
EU27_2020,European Union - 27 countries (from 2020),1978,D2REC,"Taxes on production and imports, revenue",PC_GDP,,,2026-07-21T11:00:00+0200
EU27_2020,European Union - 27 countries (from 2020),1978,D3PAY,"Subsidies, expenditure",MIO_EUR,,,2026-07-21T11:00:00+0200
EU27_2020,European Union - 27 countries (from 2020),1978,D3PAY,"Subsidies, expenditure",PC_GDP,,,2026-07-21T11:00:00+0200
EU27_2020,European Union - 27 countries (from 2020),1978,D41PAY,"Interest, expenditure",MIO_EUR,,,2026-07-21T11:00:00+0200
EU27_2020,European Union - 27 countries (from 2020),1978,D41PAY,"Interest, expenditure",PC_GDP,,,2026-07-21T11:00:00+0200
EU27_2020,European Union - 27 countries (from 2020),1978,D5REC,"Current taxes on income, wealth, etc., revenue",MIO_EUR,,,2026-07-21T11:00:00+0200
EU27_2020,European Union - 27 countries (from 2020),1978,D5REC,"Current taxes on income, wealth, etc., revenue",PC_GDP,,,2026-07-21T11:00:00+0200
EU27_2020,European Union - 27 countries (from 2020),1978,D61REC,"Net social contributions, revenue",MIO_EUR,,,2026-07-21T11:00:00+0200
EU27_2020,European Union - 27 countries (from 2020),1978,D61REC,"Net social contributions, revenue",PC_GDP,,,2026-07-21T11:00:00+0200
EU27_2020,European Union - 27 countries (from 2020),1978,D62PAY,"Social benefits other than social transfers in kind, expenditure",MIO_EUR,,,2026-07-21T11:00:00+0200
EU27_2020,European Union - 27 countries (from 2020),1978,D62PAY,"Social benefits other than social transfers in kind, expenditure",PC_GDP,,,2026-07-21T11:00:00+0200
EU27_2020,European Union - 27 countries (from 2020),1978,D632PAY,"Social transfers in kind, purchased market production, expenditure",MIO_EUR,,,2026-07-21T11:00:00+0200
EU27_2020,European Union - 27 countries (from 2020),1978,D632PAY,"Social transfers in kind, purchased market production, expenditure",PC_GDP,,,2026-07-21T11:00:00+0200
EU27_2020,European Union - 27 countries (from 2020),1978,D91REC,"Capital taxes, revenue",MIO_EUR,,,2026-07-21T11:00:00+0200
EU27_2020,European Union - 27 countries (from 2020),1978,D91REC,"Capital taxes, revenue",PC_GDP,,,2026-07-21T11:00:00+0200
EU27_2020,European Union - 27 countries (from 2020),1978,D995REC,Capital transfers from general government to relevant sectors representing taxes and social contributions assessed but unlikely to be collected,MIO_EUR,,,2026-07-21T11:00:00+0200
EU27_2020,European Union - 27 countries (from 2020),1978,D995REC,Capital transfers from general government to relevant sectors representing taxes and social contributions assessed but unlikely to be collected,PC_GDP,,,2026-07-21T11:00:00+0200
EU27_2020,European Union - 27 countries (from 2020),1978,P2,Intermediate consumption,MIO_EUR,,,2026-07-21T11:00:00+0200
EU27_2020,European Union - 27 countries (from 2020),1978,P2,Intermediate consumption,PC_GDP,,,2026-07-21T11:00:00+0200
EU27_2020,European Union - 27 countries (from 2020),1978,P51G,Gross fixed capital formation,MIO_EUR,,,2026-07-21T11:00:00+0200
EU27_2020,European Union - 27 countries (from 2020),1978,P51G,Gross fixed capital formation,PC_GDP,,,2026-07-21T11:00:00+0200
EU27_2020,European Union - 27 countries (from 2020),1978,TE,Total general government expenditure,MIO_EUR,,,2026-07-21T11:00:00+0200
EU27_2020,European Union - 27 countries (from 2020),1978,TE,Total general government expenditure,PC_GDP,,,2026-07-21T11:00:00+0200
EU27_2020,European Union - 27 countries (from 2020),1978,TR,Total general government revenue,MIO_EUR,,,2026-07-21T11:00:00+0200
EU27_2020,European Union - 27 countries (from 2020),1978,TR,Total general government revenue,PC_GDP,,,2026-07-21T11:00:00+0200
EU27_2020,European Union - 27 countries (from 2020),1979,B9,Net lending (+)/net borrowing (-),MIO_EUR,,,2026-07-21T11:00:00+0200
EU27_2020,European Union - 27 countries (from 2020),1979,B9,Net lending (+)/net borrowing (-),PC_GDP,,,2026-07-21T11:00:00+0200
EU27_2020,European Union - 27 countries (from 2020),1979,D1PAY,"Compensation of employees, expenditure",MIO_EUR,,,2026-07-21T11:00:00+0200
EU27_2020,European Union - 27 countries (from 2020),1979,D1PAY,"Compensation of employees, expenditure",PC_GDP,,,2026-07-21T11:00:00+0200
EU27_2020,European Union - 27 countries (from 2020),1979,D2REC,"Taxes on production and imports, revenue",MIO_EUR,,,2026-07-21T11:00:00+0200
EU27_2020,European Union - 27 countries (from 2020),1979,D2REC,"Taxes on production and imports, revenue",PC_GDP,,,2026-07-21T11:00:00+0200
EU27_2020,European Union - 27 countries (from 2020),1979,D3PAY,"Subsidies, expenditure",MIO_EUR,,,2026-07-21T11:00:00+0200
EU27_2020,European Union - 27 countries (from 2020),1979,D3PAY,"Subsidies, expenditure",PC_GDP,,,2026-07-21T11:00:00+0200
EU27_2020,European Union - 27 countries (from 2020),1979,D41PAY,"Interest, expenditure",MIO_EUR,,,2026-07-21T11:00:00+0200
EU27_2020,European Union - 27 countries (from 2020),1979,D41PAY,"Interest, expenditure",PC_GDP,,,2026-07-21T11:00:00+0200
EU27_2020,European Union - 27 countries (from 2020),1979,D5REC,"Current taxes on income, wealth, etc., revenue",MIO_EUR,,,2026-07-21T11:00:00+0200
EU27_2020,European Union - 27 countries (from 2020),1979,D5REC,"Current taxes on income, wealth, etc., revenue",PC_GDP,,,2026-07-21T11:00:00+0200
EU27_2020,European Union - 27 countries (from 2020),1979,D61REC,"Net social contributions, revenue",MIO_EUR,,,2026-07-21T11:00:00+0200
EU27_2020,European Union - 27 countries (from 2020),1979,D61REC,"Net social contributions, revenue",PC_GDP,,,2026-07-21T11:00:00+0200
EU27_2020,European Union - 27 countries (from 2020),1979,D62PAY,"Social benefits other than social transfers in kind, expenditure",MIO_EUR,,,2026-07-21T11:00:00+0200
EU27_2020,European Union - 27 countries (from 2020),1979,D62PAY,"Social benefits other than social transfers in kind, expenditure",PC_GDP,,,2026-07-21T11:00:00+0200
EU27_2020,European Union - 27 countries (from 2020),1979,D632PAY,"Social transfers in kind, purchased market production, expenditure",MIO_EUR,,,2026-07-21T11:00:00+0200
EU27_2020,European Union - 27 countries (from 2020),1979,D632PAY,"Social transfers in kind, purchased market production, expenditure",PC_GDP,,,2026-07-21T11:00:00+0200
EU27_2020,European Union - 27 countries (from 2020),1979,D91REC,"Capital taxes, revenue",MIO_EUR,,,2026-07-21T11:00:00+0200
EU27_2020,European Union - 27 countries (from 2020),1979,D91REC,"Capital taxes, revenue",PC_GDP,,,2026-07-21T11:00:00+0200
EU27_2020,European Union - 27 countries (from 2020),1979,D995REC,Capital transfers from general government to relevant sectors representing taxes and social contributions assessed but unlikely to be collected,MIO_EUR,,,2026-07-21T11:00:00+0200
EU27_2020,European Union - 27 countries (from 2020),1979,D995REC,Capital transfers from general government to relevant sectors representing taxes and social contributions assessed but unlikely to be collected,PC_GDP,,,2026-07-21T11:00:00+0200
EU27_2020,European Union - 27 countries (from 2020),1979,P2,Intermediate consumption,MIO_EUR,,,2026-07-21T11:00:00+0200
EU27_2020,European Union - 27 countries (from 2020),1979,P2,Intermediate consumption,PC_GDP,,,2026-07-21T11:00:00+0200
EU27_2020,European Union - 27 countries (from 2020),1979,P51G,Gross fixed capital formation,MIO_EUR,,,2026-07-21T11:00:00+0200
EU27_2020,European Union - 27 countries (from 2020),1979,P51G,Gross fixed capital formation,PC_GDP,,,2026-07-21T11:00:00+0200
EU27_2020,European Union - 27 countries (from 2020),1979,TE,Total general government expenditure,MIO_EUR,,,2026-07-21T11:00:00+0200
EU27_2020,European Union - 27 countries (from 2020),1979,TE,Total general government expenditure,PC_GDP,,,2026-07-21T11:00:00+0200
EU27_2020,European Union - 27 countries (from 2020),1979,TR,Total general government revenue,MIO_EUR,,,2026-07-21T11:00:00+0200
EU27_2020,European Union - 27 countries (from 2020),1979,TR,Total general government revenue,PC_GDP,,,2026-07-21T11:00:00+0200
EU27_2020,European Union - 27 countries (from 2020),1980,B9,Net lending (+)/net borrowing (-),MIO_EUR,,,2026-07-21T11:00:00+0200
EU27_2020,European Union - 27 countries (from 2020),1980,B9,Net lending (+)/net borrowing (-),PC_GDP,,,2026-07-21T11:00:00+0200
EU27_2020,European Union - 27 countries (from 2020),1980,D1PAY,"Compensation of employees, expenditure",MIO_EUR,,,2026-07-21T11:00:00+0200
EU27_2020,European Union - 27 countries (from 2020),1980,D1PAY,"Compensation of employees, expenditure",PC_GDP,,,2026-07-21T11:00:00+0200
EU27_2020,European Union - 27 countries (from 2020),1980,D2REC,"Taxes on production and imports, revenue",MIO_EUR,,,2026-07-21T11:00:00+0200
EU27_2020,European Union - 27 countries (from 2020),1980,D2REC,"Taxes on production and imports, revenue",PC_GDP,,,2026-07-21T11:00:00+0200
EU27_2020,European Union - 27 countries (from 2020),1980,D3PAY,"Subsidies, expenditure",MIO_EUR,,,2026-07-21T11:00:00+0200
EU27_2020,European Union - 27 countries (from 2020),1980,D3PAY,"Subsidies, expenditure",PC_GDP,,,2026-07-21T11:00:00+0200
EU27_2020,European Union - 27 countries (from 2020),1980,D41PAY,"Interest, expenditure",MIO_EUR,,,2026-07-21T11:00:00+0200
EU27_2020,European Union - 27 countries (from 2020),1980,D41PAY,"Interest, expenditure",PC_GDP,,,2026-07-21T11:00:00+0200
EU27_2020,European Union - 27 countries (from 2020),1980,D5REC,"Current taxes on income, wealth, etc., revenue",MIO_EUR,,,2026-07-21T11:00:00+0200
EU27_2020,European Union - 27 countries (from 2020),1980,D5REC,"Current taxes on income, wealth, etc., revenue",PC_GDP,,,2026-07-21T11:00:00+0200
EU27_2020,European Union - 27 countries (from 2020),1980,D61REC,"Net social contributions, revenue",MIO_EUR,,,2026-07-21T11:00:00+0200
EU27_2020,European Union - 27 countries (from 2020),1980,D61REC,"Net social contributions, revenue",PC_GDP,,,2026-07-21T11:00:00+0200
EU27_2020,European Union - 27 countries (from 2020),1980,D62PAY,"Social benefits other than social transfers in kind, expenditure",MIO_EUR,,,2026-07-21T11:00:00+0200
EU27_2020,European Union - 27 countries (from 2020),1980,D62PAY,"Social benefits other than social transfers in kind, expenditure",PC_GDP,,,2026-07-21T11:00:00+0200
EU27_2020,European Union - 27 countries (from 2020),1980,D632PAY,"Social transfers in kind, purchased market production, expenditure",MIO_EUR,,,2026-07-21T11:00:00+0200
EU27_2020,European Union - 27 countries (from 2020),1980,D632PAY,"Social transfers in kind, purchased market production, expenditure",PC_GDP,,,2026-07-21T11:00:00+0200
EU27_2020,European Union - 27 countries (from 2020),1980,D91REC,"Capital taxes, revenue",MIO_EUR,,,2026-07-21T11:00:00+0200
EU27_2020,European Union - 27 countries (from 2020),1980,D91REC,"Capital taxes, revenue",PC_GDP,,,2026-07-21T11:00:00+0200
EU27_2020,European Union - 27 countries (from 2020),1980,D995REC,Capital transfers from general government to relevant sectors representing taxes and social contributions assessed but unlikely to be collected,MIO_EUR,,,2026-07-21T11:00:00+0200
EU27_2020,European Union - 27 countries (from 2020),1980,D995REC,Capital transfers from general government to relevant sectors representing taxes and social contributions assessed but unlikely to be collected,PC_GDP,,,2026-07-21T11:00:00+0200
EU27_2020,European Union - 27 countries (from 2020),1980,P2,Intermediate consumption,MIO_EUR,,,2026-07-21T11:00:00+0200
EU27_2020,European Union - 27 countries (from 2020),1980,P2,Intermediate consumption,PC_GDP,,,2026-07-21T11:00:00+0200
EU27_2020,European Union - 27 countries (from 2020),1980,P51G,Gross fixed capital formation,MIO_EUR,,,2026-07-21T11:00:00+0200
EU27_2020,European Union - 27 countries (from 2020),1980,P51G,Gross fixed capital formation,PC_GDP,,,2026-07-21T11:00:00+0200
EU27_2020,European Union - 27 countries (from 2020),1980,TE,Total general government expenditure,MIO_EUR,,,2026-07-21T11:00:00+0200
EU27_2020,European Union - 27 countries (from 2020),1980,TE,Total general government expenditure,PC_GDP,,,2026-07-21T11:00:00+0200
EU27_2020,European Union - 27 countries (from 2020),1980,TR,Total general government revenue,MIO_EUR,,,2026-07-21T11:00:00+0200
EU27_2020,European Union - 27 countries (from 2020),1980,TR,Total general government revenue,PC_GDP,,,2026-07-21T11:00:00+0200
EU27_2020,European Union - 27 countries (from 2020),1981,B9,Net lending (+)/net borrowing (-),MIO_EUR,,,2026-07-21T11:00:00+0200
EU27_2020,European Union - 27 countries (from 2020),1981,B9,Net lending (+)/net borrowing (-),PC_GDP,,,2026-07-21T11:00:00+0200
EU27_2020,European Union - 27 countries (from 2020),1981,D1PAY,"Compensation of employees, expenditure",MIO_EUR,,,2026-07-21T11:00:00+0200
EU27_2020,European Union - 27 countries (from 2020),1981,D1PAY,"Compensation of employees, expenditure",PC_GDP,,,2026-07-21T11:00:00+0200
EU27_2020,European Union - 27 countries (from 2020),1981,D2REC,"Taxes on production and imports, revenue",MIO_EUR,,,2026-07-21T11:00:00+0200
EU27_2020,European Union - 27 countries (from 2020),1981,D2REC,"Taxes on production and imports, revenue",PC_GDP,,,2026-07-21T11:00:00+0200
EU27_2020,European Union - 27 countries (from 2020),1981,D3PAY,"Subsidies, expenditure",MIO_EUR,,,2026-07-21T11:00:00+0200
EU27_2020,European Union - 27 countries (from 2020),1981,D3PAY,"Subsidies, expenditure",PC_GDP,,,2026-07-21T11:00:00+0200
EU27_2020,European Union - 27 countries (from 2020),1981,D41PAY,"Interest, expenditure",MIO_EUR,,,2026-07-21T11:00:00+0200
EU27_2020,European Union - 27 countries (from 2020),1981,D41PAY,"Interest, expenditure",PC_GDP,,,2026-07-21T11:00:00+0200
EU27_2020,European Union - 27 countries (from 2020),1981,D5REC,"Current taxes on income, wealth, etc., revenue",MIO_EUR,,,2026-07-21T11:00:00+0200
EU27_2020,European Union - 27 countries (from 2020),1981,D5REC,"Current taxes on income, wealth, etc., revenue",PC_GDP,,,2026-07-21T11:00:00+0200
EU27_2020,European Union - 27 countries (from 2020),1981,D61REC,"Net social contributions, revenue",MIO_EUR,,,2026-07-21T11:00:00+0200
EU27_2020,European Union - 27 countries (from 2020),1981,D61REC,"Net social contributions, revenue",PC_GDP,,,2026-07-21T11:00:00+0200
EU27_2020,European Union - 27 countries (from 2020),1981,D62PAY,"Social benefits other than social transfers in kind, expenditure",MIO_EUR,,,2026-07-21T11:00:00+0200
EU27_2020,European Union - 27 countries (from 2020),1981,D62PAY,"Social benefits other than social transfers in kind, expenditure",PC_GDP,,,2026-07-21T11:00:00+0200
EU27_2020,European Union - 27 countries (from 2020),1981,D632PAY,"Social transfers in kind, purchased market production, expenditure",MIO_EUR,,,2026-07-21T11:00:00+0200
EU27_2020,European Union - 27 countries (from 2020),1981,D632PAY,"Social transfers in kind, purchased market production, expenditure",PC_GDP,,,2026-07-21T11:00:00+0200
EU27_2020,European Union - 27 countries (from 2020),1981,D91REC,"Capital taxes, revenue",MIO_EUR,,,2026-07-21T11:00:00+0200
EU27_2020,European Union - 27 countries (from 2020),1981,D91REC,"Capital taxes, revenue",PC_GDP,,,2026-07-21T11:00:00+0200
EU27_2020,European Union - 27 countries (from 2020),1981,D995REC,Capital transfers from general government to relevant sectors representing taxes and social contributions assessed but unlikely to be collected,MIO_EUR,,,2026-07-21T11:00:00+0200
EU27_2020,European Union - 27 countries (from 2020),1981,D995REC,Capital transfers from general government to relevant sectors representing taxes and social contributions assessed but unlikely to be collected,PC_GDP,,,2026-07-21T11:00:00+0200
EU27_2020,European Union - 27 countries (from 2020),1981,P2,Intermediate consumption,MIO_EUR,,,2026-07-21T11:00:00+0200
EU27_2020,European Union - 27 countries (from 2020),1981,P2,Intermediate consumption,PC_GDP,,,2026-07-21T11:00:00+0200
EU27_2020,European Union - 27 countries (from 2020),1981,P51G,Gross fixed capital formation,MIO_EUR,,,2026-07-21T11:00:00+0200
EU27_2020,European Union - 27 countries (from 2020),1981,P51G,Gross fixed capital formation,PC_GDP,,,2026-07-21T11:00:00+0200
EU27_2020,European Union - 27 countries (from 2020),1981,TE,Total general government expenditure,MIO_EUR,,,2026-07-21T11:00:00+0200
EU27_2020,European Union - 27 countries (from 2020),1981,TE,Total general government expenditure,PC_GDP,,,2026-07-21T11:00:00+0200
EU27_2020,European Union - 27 countries (from 2020),1981,TR,Total general government revenue,MIO_EUR,,,2026-07-21T11:00:00+0200
EU27_2020,European Union - 27 countries (from 2020),1981,TR,Total general government revenue,PC_GDP,,,2026-07-21T11:00:00+0200
EU27_2020,European Union - 27 countries (from 2020),1982,B9,Net lending (+)/net borrowing (-),MIO_EUR,,,2026-07-21T11:00:00+0200
EU27_2020,European Union - 27 countries (from 2020),1982,B9,Net lending (+)/net borrowing (-),PC_GDP,,,2026-07-21T11:00:00+0200
EU27_2020,European Union - 27 countries (from 2020),1982,D1PAY,"Compensation of employees, expenditure",MIO_EUR,,,2026-07-21T11:00:00+0200
EU27_2020,European Union - 27 countries (from 2020),1982,D1PAY,"Compensation of employees, expenditure",PC_GDP,,,2026-07-21T11:00:00+0200
EU27_2020,European Union - 27 countries (from 2020),1982,D2REC,"Taxes on production and imports, revenue",MIO_EUR,,,2026-07-21T11:00:00+0200
EU27_2020,European Union - 27 countries (from 2020),1982,D2REC,"Taxes on production and imports, revenue",PC_GDP,,,2026-07-21T11:00:00+0200
EU27_2020,European Union - 27 countries (from 2020),1982,D3PAY,"Subsidies, expenditure",MIO_EUR,,,2026-07-21T11:00:00+0200
EU27_2020,European Union - 27 countries (from 2020),1982,D3PAY,"Subsidies, expenditure",PC_GDP,,,2026-07-21T11:00:00+0200
EU27_2020,European Union - 27 countries (from 2020),1982,D41PAY,"Interest, expenditure",MIO_EUR,,,2026-07-21T11:00:00+0200
EU27_2020,European Union - 27 countries (from 2020),1982,D41PAY,"Interest, expenditure",PC_GDP,,,2026-07-21T11:00:00+0200
EU27_2020,European Union - 27 countries (from 2020),1982,D5REC,"Current taxes on income, wealth, etc., revenue",MIO_EUR,,,2026-07-21T11:00:00+0200
EU27_2020,European Union - 27 countries (from 2020),1982,D5REC,"Current taxes on income, wealth, etc., revenue",PC_GDP,,,2026-07-21T11:00:00+0200
EU27_2020,European Union - 27 countries (from 2020),1982,D61REC,"Net social contributions, revenue",MIO_EUR,,,2026-07-21T11:00:00+0200
EU27_2020,European Union - 27 countries (from 2020),1982,D61REC,"Net social contributions, revenue",PC_GDP,,,2026-07-21T11:00:00+0200
EU27_2020,European Union - 27 countries (from 2020),1982,D62PAY,"Social benefits other than social transfers in kind, expenditure",MIO_EUR,,,2026-07-21T11:00:00+0200
EU27_2020,European Union - 27 countries (from 2020),1982,D62PAY,"Social benefits other than social transfers in kind, expenditure",PC_GDP,,,2026-07-21T11:00:00+0200
EU27_2020,European Union - 27 countries (from 2020),1982,D632PAY,"Social transfers in kind, purchased market production, expenditure",MIO_EUR,,,2026-07-21T11:00:00+0200
EU27_2020,European Union - 27 countries (from 2020),1982,D632PAY,"Social transfers in kind, purchased market production, expenditure",PC_GDP,,,2026-07-21T11:00:00+0200
EU27_2020,European Union - 27 countries (from 2020),1982,D91REC,"Capital taxes, revenue",MIO_EUR,,,2026-07-21T11:00:00+0200
EU27_2020,European Union - 27 countries (from 2020),1982,D91REC,"Capital taxes, revenue",PC_GDP,,,2026-07-21T11:00:00+0200
EU27_2020,European Union - 27 countries (from 2020),1982,D995REC,Capital transfers from general government to relevant sectors representing taxes and social contributions assessed but unlikely to be collected,MIO_EUR,,,2026-07-21T11:00:00+0200
EU27_2020,European Union - 27 countries (from 2020),1982,D995REC,Capital transfers from general government to relevant sectors representing taxes and social contributions assessed but unlikely to be collected,PC_GDP,,,2026-07-21T11:00:00+0200
EU27_2020,European Union - 27 countries (from 2020),1982,P2,Intermediate consumption,MIO_EUR,,,2026-07-21T11:00:00+0200
EU27_2020,European Union - 27 countries (from 2020),1982,P2,Intermediate consumption,PC_GDP,,,2026-07-21T11:00:00+0200
EU27_2020,European Union - 27 countries (from 2020),1982,P51G,Gross fixed capital formation,MIO_EUR,,,2026-07-21T11:00:00+0200
EU27_2020,European Union - 27 countries (from 2020),1982,P51G,Gross fixed capital formation,PC_GDP,,,2026-07-21T11:00:00+0200
EU27_2020,European Union - 27 countries (from 2020),1982,TE,Total general government expenditure,MIO_EUR,,,2026-07-21T11:00:00+0200
EU27_2020,European Union - 27 countries (from 2020),1982,TE,Total general government expenditure,PC_GDP,,,2026-07-21T11:00:00+0200
EU27_2020,European Union - 27 countries (from 2020),1982,TR,Total general government revenue,MIO_EUR,,,2026-07-21T11:00:00+0200
EU27_2020,European Union - 27 countries (from 2020),1982,TR,Total general government revenue,PC_GDP,,,2026-07-21T11:00:00+0200
EU27_2020,European Union - 27 countries (from 2020),1983,B9,Net lending (+)/net borrowing (-),MIO_EUR,,,2026-07-21T11:00:00+0200
EU27_2020,European Union - 27 countries (from 2020),1983,B9,Net lending (+)/net borrowing (-),PC_GDP,,,2026-07-21T11:00:00+0200
EU27_2020,European Union - 27 countries (from 2020),1983,D1PAY,"Compensation of employees, expenditure",MIO_EUR,,,2026-07-21T11:00:00+0200
EU27_2020,European Union - 27 countries (from 2020),1983,D1PAY,"Compensation of employees, expenditure",PC_GDP,,,2026-07-21T11:00:00+0200
EU27_2020,European Union - 27 countries (from 2020),1983,D2REC,"Taxes on production and imports, revenue",MIO_EUR,,,2026-07-21T11:00:00+0200
EU27_2020,European Union - 27 countries (from 2020),1983,D2REC,"Taxes on production and imports, revenue",PC_GDP,,,2026-07-21T11:00:00+0200
EU27_2020,European Union - 27 countries (from 2020),1983,D3PAY,"Subsidies, expenditure",MIO_EUR,,,2026-07-21T11:00:00+0200
EU27_2020,European Union - 27 countries (from 2020),1983,D3PAY,"Subsidies, expenditure",PC_GDP,,,2026-07-21T11:00:00+0200
EU27_2020,European Union - 27 countries (from 2020),1983,D41PAY,"Interest, expenditure",MIO_EUR,,,2026-07-21T11:00:00+0200
EU27_2020,European Union - 27 countries (from 2020),1983,D41PAY,"Interest, expenditure",PC_GDP,,,2026-07-21T11:00:00+0200
EU27_2020,European Union - 27 countries (from 2020),1983,D5REC,"Current taxes on income, wealth, etc., revenue",MIO_EUR,,,2026-07-21T11:00:00+0200
EU27_2020,European Union - 27 countries (from 2020),1983,D5REC,"Current taxes on income, wealth, etc., revenue",PC_GDP,,,2026-07-21T11:00:00+0200
EU27_2020,European Union - 27 countries (from 2020),1983,D61REC,"Net social contributions, revenue",MIO_EUR,,,2026-07-21T11:00:00+0200
EU27_2020,European Union - 27 countries (from 2020),1983,D61REC,"Net social contributions, revenue",PC_GDP,,,2026-07-21T11:00:00+0200
EU27_2020,European Union - 27 countries (from 2020),1983,D62PAY,"Social benefits other than social transfers in kind, expenditure",MIO_EUR,,,2026-07-21T11:00:00+0200
EU27_2020,European Union - 27 countries (from 2020),1983,D62PAY,"Social benefits other than social transfers in kind, expenditure",PC_GDP,,,2026-07-21T11:00:00+0200
EU27_2020,European Union - 27 countries (from 2020),1983,D632PAY,"Social transfers in kind, purchased market production, expenditure",MIO_EUR,,,2026-07-21T11:00:00+0200
EU27_2020,European Union - 27 countries (from 2020),1983,D632PAY,"Social transfers in kind, purchased market production, expenditure",PC_GDP,,,2026-07-21T11:00:00+0200
EU27_2020,European Union - 27 countries (from 2020),1983,D91REC,"Capital taxes, revenue",MIO_EUR,,,2026-07-21T11:00:00+0200
EU27_2020,European Union - 27 countries (from 2020),1983,D91REC,"Capital taxes, revenue",PC_GDP,,,2026-07-21T11:00:00+0200
EU27_2020,European Union - 27 countries (from 2020),1983,D995REC,Capital transfers from general government to relevant sectors representing taxes and social contributions assessed but unlikely to be collected,MIO_EUR,,,2026-07-21T11:00:00+0200
EU27_2020,European Union - 27 countries (from 2020),1983,D995REC,Capital transfers from general government to relevant sectors representing taxes and social contributions assessed but unlikely to be collected,PC_GDP,,,2026-07-21T11:00:00+0200
EU27_2020,European Union - 27 countries (from 2020),1983,P2,Intermediate consumption,MIO_EUR,,,2026-07-21T11:00:00+0200
EU27_2020,European Union - 27 countries (from 2020),1983,P2,Intermediate consumption,PC_GDP,,,2026-07-21T11:00:00+0200
EU27_2020,European Union - 27 countries (from 2020),1983,P51G,Gross fixed capital formation,MIO_EUR,,,2026-07-21T11:00:00+0200
EU27_2020,European Union - 27 countries (from 2020),1983,P51G,Gross fixed capital formation,PC_GDP,,,2026-07-21T11:00:00+0200
EU27_2020,European Union - 27 countries (from 2020),1983,TE,Total general government expenditure,MIO_EUR,,,2026-07-21T11:00:00+0200
EU27_2020,European Union - 27 countries (from 2020),1983,TE,Total general government expenditure,PC_GDP,,,2026-07-21T11:00:00+0200
EU27_2020,European Union - 27 countries (from 2020),1983,TR,Total general government revenue,MIO_EUR,,,2026-07-21T11:00:00+0200
EU27_2020,European Union - 27 countries (from 2020),1983,TR,Total general government revenue,PC_GDP,,,2026-07-21T11:00:00+0200
EU27_2020,European Union - 27 countries (from 2020),1984,B9,Net lending (+)/net borrowing (-),MIO_EUR,,,2026-07-21T11:00:00+0200
EU27_2020,European Union - 27 countries (from 2020),1984,B9,Net lending (+)/net borrowing (-),PC_GDP,,,2026-07-21T11:00:00+0200
EU27_2020,European Union - 27 countries (from 2020),1984,D1PAY,"Compensation of employees, expenditure",MIO_EUR,,,2026-07-21T11:00:00+0200
EU27_2020,European Union - 27 countries (from 2020),1984,D1PAY,"Compensation of employees, expenditure",PC_GDP,,,2026-07-21T11:00:00+0200
EU27_2020,European Union - 27 countries (from 2020),1984,D2REC,"Taxes on production and imports, revenue",MIO_EUR,,,2026-07-21T11:00:00+0200
EU27_2020,European Union - 27 countries (from 2020),1984,D2REC,"Taxes on production and imports, revenue",PC_GDP,,,2026-07-21T11:00:00+0200
EU27_2020,European Union - 27 countries (from 2020),1984,D3PAY,"Subsidies, expenditure",MIO_EUR,,,2026-07-21T11:00:00+0200
EU27_2020,European Union - 27 countries (from 2020),1984,D3PAY,"Subsidies, expenditure",PC_GDP,,,2026-07-21T11:00:00+0200
EU27_2020,European Union - 27 countries (from 2020),1984,D41PAY,"Interest, expenditure",MIO_EUR,,,2026-07-21T11:00:00+0200
EU27_2020,European Union - 27 countries (from 2020),1984,D41PAY,"Interest, expenditure",PC_GDP,,,2026-07-21T11:00:00+0200
EU27_2020,European Union - 27 countries (from 2020),1984,D5REC,"Current taxes on income, wealth, etc., revenue",MIO_EUR,,,2026-07-21T11:00:00+0200
EU27_2020,European Union - 27 countries (from 2020),1984,D5REC,"Current taxes on income, wealth, etc., revenue",PC_GDP,,,2026-07-21T11:00:00+0200
EU27_2020,European Union - 27 countries (from 2020),1984,D61REC,"Net social contributions, revenue",MIO_EUR,,,2026-07-21T11:00:00+0200
EU27_2020,European Union - 27 countries (from 2020),1984,D61REC,"Net social contributions, revenue",PC_GDP,,,2026-07-21T11:00:00+0200
EU27_2020,European Union - 27 countries (from 2020),1984,D62PAY,"Social benefits other than social transfers in kind, expenditure",MIO_EUR,,,2026-07-21T11:00:00+0200
EU27_2020,European Union - 27 countries (from 2020),1984,D62PAY,"Social benefits other than social transfers in kind, expenditure",PC_GDP,,,2026-07-21T11:00:00+0200
EU27_2020,European Union - 27 countries (from 2020),1984,D632PAY,"Social transfers in kind, purchased market production, expenditure",MIO_EUR,,,2026-07-21T11:00:00+0200
EU27_2020,European Union - 27 countries (from 2020),1984,D632PAY,"Social transfers in kind, purchased market production, expenditure",PC_GDP,,,2026-07-21T11:00:00+0200
EU27_2020,European Union - 27 countries (from 2020),1984,D91REC,"Capital taxes, revenue",MIO_EUR,,,2026-07-21T11:00:00+0200
EU27_2020,European Union - 27 countries (from 2020),1984,D91REC,"Capital taxes, revenue",PC_GDP,,,2026-07-21T11:00:00+0200
EU27_2020,European Union - 27 countries (from 2020),1984,D995REC,Capital transfers from general government to relevant sectors representing taxes and social contributions assessed but unlikely to be collected,MIO_EUR,,,2026-07-21T11:00:00+0200
EU27_2020,European Union - 27 countries (from 2020),1984,D995REC,Capital transfers from general government to relevant sectors representing taxes and social contributions assessed but unlikely to be collected,PC_GDP,,,2026-07-21T11:00:00+0200
EU27_2020,European Union - 27 countries (from 2020),1984,P2,Intermediate consumption,MIO_EUR,,,2026-07-21T11:00:00+0200
EU27_2020,European Union - 27 countries (from 2020),1984,P2,Intermediate consumption,PC_GDP,,,2026-07-21T11:00:00+0200
EU27_2020,European Union - 27 countries (from 2020),1984,P51G,Gross fixed capital formation,MIO_EUR,,,2026-07-21T11:00:00+0200
EU27_2020,European Union - 27 countries (from 2020),1984,P51G,Gross fixed capital formation,PC_GDP,,,2026-07-21T11:00:00+0200
EU27_2020,European Union - 27 countries (from 2020),1984,TE,Total general government expenditure,MIO_EUR,,,2026-07-21T11:00:00+0200
EU27_2020,European Union - 27 countries (from 2020),1984,TE,Total general government expenditure,PC_GDP,,,2026-07-21T11:00:00+0200
EU27_2020,European Union - 27 countries (from 2020),1984,TR,Total general government revenue,MIO_EUR,,,2026-07-21T11:00:00+0200
EU27_2020,European Union - 27 countries (from 2020),1984,TR,Total general government revenue,PC_GDP,,,2026-07-21T11:00:00+0200
EU27_2020,European Union - 27 countries (from 2020),1985,B9,Net lending (+)/net borrowing (-),MIO_EUR,,,2026-07-21T11:00:00+0200
EU27_2020,European Union - 27 countries (from 2020),1985,B9,Net lending (+)/net borrowing (-),PC_GDP,,,2026-07-21T11:00:00+0200
EU27_2020,European Union - 27 countries (from 2020),1985,D1PAY,"Compensation of employees, expenditure",MIO_EUR,,,2026-07-21T11:00:00+0200
EU27_2020,European Union - 27 countries (from 2020),1985,D1PAY,"Compensation of employees, expenditure",PC_GDP,,,2026-07-21T11:00:00+0200
EU27_2020,European Union - 27 countries (from 2020),1985,D2REC,"Taxes on production and imports, revenue",MIO_EUR,,,2026-07-21T11:00:00+0200
EU27_2020,European Union - 27 countries (from 2020),1985,D2REC,"Taxes on production and imports, revenue",PC_GDP,,,2026-07-21T11:00:00+0200
EU27_2020,European Union - 27 countries (from 2020),1985,D3PAY,"Subsidies, expenditure",MIO_EUR,,,2026-07-21T11:00:00+0200
EU27_2020,European Union - 27 countries (from 2020),1985,D3PAY,"Subsidies, expenditure",PC_GDP,,,2026-07-21T11:00:00+0200
EU27_2020,European Union - 27 countries (from 2020),1985,D41PAY,"Interest, expenditure",MIO_EUR,,,2026-07-21T11:00:00+0200
EU27_2020,European Union - 27 countries (from 2020),1985,D41PAY,"Interest, expenditure",PC_GDP,,,2026-07-21T11:00:00+0200
EU27_2020,European Union - 27 countries (from 2020),1985,D5REC,"Current taxes on income, wealth, etc., revenue",MIO_EUR,,,2026-07-21T11:00:00+0200
EU27_2020,European Union - 27 countries (from 2020),1985,D5REC,"Current taxes on income, wealth, etc., revenue",PC_GDP,,,2026-07-21T11:00:00+0200
EU27_2020,European Union - 27 countries (from 2020),1985,D61REC,"Net social contributions, revenue",MIO_EUR,,,2026-07-21T11:00:00+0200
EU27_2020,European Union - 27 countries (from 2020),1985,D61REC,"Net social contributions, revenue",PC_GDP,,,2026-07-21T11:00:00+0200
EU27_2020,European Union - 27 countries (from 2020),1985,D62PAY,"Social benefits other than social transfers in kind, expenditure",MIO_EUR,,,2026-07-21T11:00:00+0200
EU27_2020,European Union - 27 countries (from 2020),1985,D62PAY,"Social benefits other than social transfers in kind, expenditure",PC_GDP,,,2026-07-21T11:00:00+0200
EU27_2020,European Union - 27 countries (from 2020),1985,D632PAY,"Social transfers in kind, purchased market production, expenditure",MIO_EUR,,,2026-07-21T11:00:00+0200
EU27_2020,European Union - 27 countries (from 2020),1985,D632PAY,"Social transfers in kind, purchased market production, expenditure",PC_GDP,,,2026-07-21T11:00:00+0200
EU27_2020,European Union - 27 countries (from 2020),1985,D91REC,"Capital taxes, revenue",MIO_EUR,,,2026-07-21T11:00:00+0200
EU27_2020,European Union - 27 countries (from 2020),1985,D91REC,"Capital taxes, revenue",PC_GDP,,,2026-07-21T11:00:00+0200
EU27_2020,European Union - 27 countries (from 2020),1985,D995REC,Capital transfers from general government to relevant sectors representing taxes and social contributions assessed but unlikely to be collected,MIO_EUR,,,2026-07-21T11:00:00+0200
EU27_2020,European Union - 27 countries (from 2020),1985,D995REC,Capital transfers from general government to relevant sectors representing taxes and social contributions assessed but unlikely to be collected,PC_GDP,,,2026-07-21T11:00:00+0200
EU27_2020,European Union - 27 countries (from 2020),1985,P2,Intermediate consumption,MIO_EUR,,,2026-07-21T11:00:00+0200
EU27_2020,European Union - 27 countries (from 2020),1985,P2,Intermediate consumption,PC_GDP,,,2026-07-21T11:00:00+0200
EU27_2020,European Union - 27 countries (from 2020),1985,P51G,Gross fixed capital formation,MIO_EUR,,,2026-07-21T11:00:00+0200
EU27_2020,European Union - 27 countries (from 2020),1985,P51G,Gross fixed capital formation,PC_GDP,,,2026-07-21T11:00:00+0200
EU27_2020,European Union - 27 countries (from 2020),1985,TE,Total general government expenditure,MIO_EUR,,,2026-07-21T11:00:00+0200
EU27_2020,European Union - 27 countries (from 2020),1985,TE,Total general government expenditure,PC_GDP,,,2026-07-21T11:00:00+0200
EU27_2020,European Union - 27 countries (from 2020),1985,TR,Total general government revenue,MIO_EUR,,,2026-07-21T11:00:00+0200
EU27_2020,European Union - 27 countries (from 2020),1985,TR,Total general government revenue,PC_GDP,,,2026-07-21T11:00:00+0200
EU27_2020,European Union - 27 countries (from 2020),1986,B9,Net lending (+)/net borrowing (-),MIO_EUR,,,2026-07-21T11:00:00+0200
EU27_2020,European Union - 27 countries (from 2020),1986,B9,Net lending (+)/net borrowing (-),PC_GDP,,,2026-07-21T11:00:00+0200
EU27_2020,European Union - 27 countries (from 2020),1986,D1PAY,"Compensation of employees, expenditure",MIO_EUR,,,2026-07-21T11:00:00+0200
EU27_2020,European Union - 27 countries (from 2020),1986,D1PAY,"Compensation of employees, expenditure",PC_GDP,,,2026-07-21T11:00:00+0200
EU27_2020,European Union - 27 countries (from 2020),1986,D2REC,"Taxes on production and imports, revenue",MIO_EUR,,,2026-07-21T11:00:00+0200
EU27_2020,European Union - 27 countries (from 2020),1986,D2REC,"Taxes on production and imports, revenue",PC_GDP,,,2026-07-21T11:00:00+0200
EU27_2020,European Union - 27 countries (from 2020),1986,D3PAY,"Subsidies, expenditure",MIO_EUR,,,2026-07-21T11:00:00+0200
EU27_2020,European Union - 27 countries (from 2020),1986,D3PAY,"Subsidies, expenditure",PC_GDP,,,2026-07-21T11:00:00+0200
EU27_2020,European Union - 27 countries (from 2020),1986,D41PAY,"Interest, expenditure",MIO_EUR,,,2026-07-21T11:00:00+0200
EU27_2020,European Union - 27 countries (from 2020),1986,D41PAY,"Interest, expenditure",PC_GDP,,,2026-07-21T11:00:00+0200
EU27_2020,European Union - 27 countries (from 2020),1986,D5REC,"Current taxes on income, wealth, etc., revenue",MIO_EUR,,,2026-07-21T11:00:00+0200
EU27_2020,European Union - 27 countries (from 2020),1986,D5REC,"Current taxes on income, wealth, etc., revenue",PC_GDP,,,2026-07-21T11:00:00+0200
EU27_2020,European Union - 27 countries (from 2020),1986,D61REC,"Net social contributions, revenue",MIO_EUR,,,2026-07-21T11:00:00+0200
EU27_2020,European Union - 27 countries (from 2020),1986,D61REC,"Net social contributions, revenue",PC_GDP,,,2026-07-21T11:00:00+0200
EU27_2020,European Union - 27 countries (from 2020),1986,D62PAY,"Social benefits other than social transfers in kind, expenditure",MIO_EUR,,,2026-07-21T11:00:00+0200
EU27_2020,European Union - 27 countries (from 2020),1986,D62PAY,"Social benefits other than social transfers in kind, expenditure",PC_GDP,,,2026-07-21T11:00:00+0200
EU27_2020,European Union - 27 countries (from 2020),1986,D632PAY,"Social transfers in kind, purchased market production, expenditure",MIO_EUR,,,2026-07-21T11:00:00+0200
EU27_2020,European Union - 27 countries (from 2020),1986,D632PAY,"Social transfers in kind, purchased market production, expenditure",PC_GDP,,,2026-07-21T11:00:00+0200
EU27_2020,European Union - 27 countries (from 2020),1986,D91REC,"Capital taxes, revenue",MIO_EUR,,,2026-07-21T11:00:00+0200
EU27_2020,European Union - 27 countries (from 2020),1986,D91REC,"Capital taxes, revenue",PC_GDP,,,2026-07-21T11:00:00+0200
EU27_2020,European Union - 27 countries (from 2020),1986,D995REC,Capital transfers from general government to relevant sectors representing taxes and social contributions assessed but unlikely to be collected,MIO_EUR,,,2026-07-21T11:00:00+0200
EU27_2020,European Union - 27 countries (from 2020),1986,D995REC,Capital transfers from general government to relevant sectors representing taxes and social contributions assessed but unlikely to be collected,PC_GDP,,,2026-07-21T11:00:00+0200
EU27_2020,European Union - 27 countries (from 2020),1986,P2,Intermediate consumption,MIO_EUR,,,2026-07-21T11:00:00+0200
EU27_2020,European Union - 27 countries (from 2020),1986,P2,Intermediate consumption,PC_GDP,,,2026-07-21T11:00:00+0200
EU27_2020,European Union - 27 countries (from 2020),1986,P51G,Gross fixed capital formation,MIO_EUR,,,2026-07-21T11:00:00+0200
EU27_2020,European Union - 27 countries (from 2020),1986,P51G,Gross fixed capital formation,PC_GDP,,,2026-07-21T11:00:00+0200
EU27_2020,European Union - 27 countries (from 2020),1986,TE,Total general government expenditure,MIO_EUR,,,2026-07-21T11:00:00+0200
EU27_2020,European Union - 27 countries (from 2020),1986,TE,Total general government expenditure,PC_GDP,,,2026-07-21T11:00:00+0200
EU27_2020,European Union - 27 countries (from 2020),1986,TR,Total general government revenue,MIO_EUR,,,2026-07-21T11:00:00+0200
EU27_2020,European Union - 27 countries (from 2020),1986,TR,Total general government revenue,PC_GDP,,,2026-07-21T11:00:00+0200
EU27_2020,European Union - 27 countries (from 2020),1987,B9,Net lending (+)/net borrowing (-),MIO_EUR,,,2026-07-21T11:00:00+0200
EU27_2020,European Union - 27 countries (from 2020),1987,B9,Net lending (+)/net borrowing (-),PC_GDP,,,2026-07-21T11:00:00+0200
EU27_2020,European Union - 27 countries (from 2020),1987,D1PAY,"Compensation of employees, expenditure",MIO_EUR,,,2026-07-21T11:00:00+0200
EU27_2020,European Union - 27 countries (from 2020),1987,D1PAY,"Compensation of employees, expenditure",PC_GDP,,,2026-07-21T11:00:00+0200
EU27_2020,European Union - 27 countries (from 2020),1987,D2REC,"Taxes on production and imports, revenue",MIO_EUR,,,2026-07-21T11:00:00+0200
EU27_2020,European Union - 27 countries (from 2020),1987,D2REC,"Taxes on production and imports, revenue",PC_GDP,,,2026-07-21T11:00:00+0200
EU27_2020,European Union - 27 countries (from 2020),1987,D3PAY,"Subsidies, expenditure",MIO_EUR,,,2026-07-21T11:00:00+0200
EU27_2020,European Union - 27 countries (from 2020),1987,D3PAY,"Subsidies, expenditure",PC_GDP,,,2026-07-21T11:00:00+0200
EU27_2020,European Union - 27 countries (from 2020),1987,D41PAY,"Interest, expenditure",MIO_EUR,,,2026-07-21T11:00:00+0200
EU27_2020,European Union - 27 countries (from 2020),1987,D41PAY,"Interest, expenditure",PC_GDP,,,2026-07-21T11:00:00+0200
EU27_2020,European Union - 27 countries (from 2020),1987,D5REC,"Current taxes on income, wealth, etc., revenue",MIO_EUR,,,2026-07-21T11:00:00+0200
EU27_2020,European Union - 27 countries (from 2020),1987,D5REC,"Current taxes on income, wealth, etc., revenue",PC_GDP,,,2026-07-21T11:00:00+0200
EU27_2020,European Union - 27 countries (from 2020),1987,D61REC,"Net social contributions, revenue",MIO_EUR,,,2026-07-21T11:00:00+0200
EU27_2020,European Union - 27 countries (from 2020),1987,D61REC,"Net social contributions, revenue",PC_GDP,,,2026-07-21T11:00:00+0200
EU27_2020,European Union - 27 countries (from 2020),1987,D62PAY,"Social benefits other than social transfers in kind, expenditure",MIO_EUR,,,2026-07-21T11:00:00+0200
EU27_2020,European Union - 27 countries (from 2020),1987,D62PAY,"Social benefits other than social transfers in kind, expenditure",PC_GDP,,,2026-07-21T11:00:00+0200
EU27_2020,European Union - 27 countries (from 2020),1987,D632PAY,"Social transfers in kind, purchased market production, expenditure",MIO_EUR,,,2026-07-21T11:00:00+0200
EU27_2020,European Union - 27 countries (from 2020),1987,D632PAY,"Social transfers in kind, purchased market production, expenditure",PC_GDP,,,2026-07-21T11:00:00+0200
EU27_2020,European Union - 27 countries (from 2020),1987,D91REC,"Capital taxes, revenue",MIO_EUR,,,2026-07-21T11:00:00+0200
EU27_2020,European Union - 27 countries (from 2020),1987,D91REC,"Capital taxes, revenue",PC_GDP,,,2026-07-21T11:00:00+0200
EU27_2020,European Union - 27 countries (from 2020),1987,D995REC,Capital transfers from general government to relevant sectors representing taxes and social contributions assessed but unlikely to be collected,MIO_EUR,,,2026-07-21T11:00:00+0200
EU27_2020,European Union - 27 countries (from 2020),1987,D995REC,Capital transfers from general government to relevant sectors representing taxes and social contributions assessed but unlikely to be collected,PC_GDP,,,2026-07-21T11:00:00+0200
EU27_2020,European Union - 27 countries (from 2020),1987,P2,Intermediate consumption,MIO_EUR,,,2026-07-21T11:00:00+0200
EU27_2020,European Union - 27 countries (from 2020),1987,P2,Intermediate consumption,PC_GDP,,,2026-07-21T11:00:00+0200
EU27_2020,European Union - 27 countries (from 2020),1987,P51G,Gross fixed capital formation,MIO_EUR,,,2026-07-21T11:00:00+0200
EU27_2020,European Union - 27 countries (from 2020),1987,P51G,Gross fixed capital formation,PC_GDP,,,2026-07-21T11:00:00+0200
EU27_2020,European Union - 27 countries (from 2020),1987,TE,Total general government expenditure,MIO_EUR,,,2026-07-21T11:00:00+0200
EU27_2020,European Union - 27 countries (from 2020),1987,TE,Total general government expenditure,PC_GDP,,,2026-07-21T11:00:00+0200
EU27_2020,European Union - 27 countries (from 2020),1987,TR,Total general government revenue,MIO_EUR,,,2026-07-21T11:00:00+0200
EU27_2020,European Union - 27 countries (from 2020),1987,TR,Total general government revenue,PC_GDP,,,2026-07-21T11:00:00+0200
EU27_2020,European Union - 27 countries (from 2020),1988,B9,Net lending (+)/net borrowing (-),MIO_EUR,,,2026-07-21T11:00:00+0200
EU27_2020,European Union - 27 countries (from 2020),1988,B9,Net lending (+)/net borrowing (-),PC_GDP,,,2026-07-21T11:00:00+0200
EU27_2020,European Union - 27 countries (from 2020),1988,D1PAY,"Compensation of employees, expenditure",MIO_EUR,,,2026-07-21T11:00:00+0200
EU27_2020,European Union - 27 countries (from 2020),1988,D1PAY,"Compensation of employees, expenditure",PC_GDP,,,2026-07-21T11:00:00+0200
EU27_2020,European Union - 27 countries (from 2020),1988,D2REC,"Taxes on production and imports, revenue",MIO_EUR,,,2026-07-21T11:00:00+0200
EU27_2020,European Union - 27 countries (from 2020),1988,D2REC,"Taxes on production and imports, revenue",PC_GDP,,,2026-07-21T11:00:00+0200
EU27_2020,European Union - 27 countries (from 2020),1988,D3PAY,"Subsidies, expenditure",MIO_EUR,,,2026-07-21T11:00:00+0200
EU27_2020,European Union - 27 countries (from 2020),1988,D3PAY,"Subsidies, expenditure",PC_GDP,,,2026-07-21T11:00:00+0200
EU27_2020,European Union - 27 countries (from 2020),1988,D41PAY,"Interest, expenditure",MIO_EUR,,,2026-07-21T11:00:00+0200
EU27_2020,European Union - 27 countries (from 2020),1988,D41PAY,"Interest, expenditure",PC_GDP,,,2026-07-21T11:00:00+0200
EU27_2020,European Union - 27 countries (from 2020),1988,D5REC,"Current taxes on income, wealth, etc., revenue",MIO_EUR,,,2026-07-21T11:00:00+0200
EU27_2020,European Union - 27 countries (from 2020),1988,D5REC,"Current taxes on income, wealth, etc., revenue",PC_GDP,,,2026-07-21T11:00:00+0200
EU27_2020,European Union - 27 countries (from 2020),1988,D61REC,"Net social contributions, revenue",MIO_EUR,,,2026-07-21T11:00:00+0200
EU27_2020,European Union - 27 countries (from 2020),1988,D61REC,"Net social contributions, revenue",PC_GDP,,,2026-07-21T11:00:00+0200
EU27_2020,European Union - 27 countries (from 2020),1988,D62PAY,"Social benefits other than social transfers in kind, expenditure",MIO_EUR,,,2026-07-21T11:00:00+0200
EU27_2020,European Union - 27 countries (from 2020),1988,D62PAY,"Social benefits other than social transfers in kind, expenditure",PC_GDP,,,2026-07-21T11:00:00+0200
EU27_2020,European Union - 27 countries (from 2020),1988,D632PAY,"Social transfers in kind, purchased market production, expenditure",MIO_EUR,,,2026-07-21T11:00:00+0200
EU27_2020,European Union - 27 countries (from 2020),1988,D632PAY,"Social transfers in kind, purchased market production, expenditure",PC_GDP,,,2026-07-21T11:00:00+0200
EU27_2020,European Union - 27 countries (from 2020),1988,D91REC,"Capital taxes, revenue",MIO_EUR,,,2026-07-21T11:00:00+0200
EU27_2020,European Union - 27 countries (from 2020),1988,D91REC,"Capital taxes, revenue",PC_GDP,,,2026-07-21T11:00:00+0200
EU27_2020,European Union - 27 countries (from 2020),1988,D995REC,Capital transfers from general government to relevant sectors representing taxes and social contributions assessed but unlikely to be collected,MIO_EUR,,,2026-07-21T11:00:00+0200
EU27_2020,European Union - 27 countries (from 2020),1988,D995REC,Capital transfers from general government to relevant sectors representing taxes and social contributions assessed but unlikely to be collected,PC_GDP,,,2026-07-21T11:00:00+0200
EU27_2020,European Union - 27 countries (from 2020),1988,P2,Intermediate consumption,MIO_EUR,,,2026-07-21T11:00:00+0200
EU27_2020,European Union - 27 countries (from 2020),1988,P2,Intermediate consumption,PC_GDP,,,2026-07-21T11:00:00+0200
EU27_2020,European Union - 27 countries (from 2020),1988,P51G,Gross fixed capital formation,MIO_EUR,,,2026-07-21T11:00:00+0200
EU27_2020,European Union - 27 countries (from 2020),1988,P51G,Gross fixed capital formation,PC_GDP,,,2026-07-21T11:00:00+0200
EU27_2020,European Union - 27 countries (from 2020),1988,TE,Total general government expenditure,MIO_EUR,,,2026-07-21T11:00:00+0200
EU27_2020,European Union - 27 countries (from 2020),1988,TE,Total general government expenditure,PC_GDP,,,2026-07-21T11:00:00+0200
EU27_2020,European Union - 27 countries (from 2020),1988,TR,Total general government revenue,MIO_EUR,,,2026-07-21T11:00:00+0200
EU27_2020,European Union - 27 countries (from 2020),1988,TR,Total general government revenue,PC_GDP,,,2026-07-21T11:00:00+0200
EU27_2020,European Union - 27 countries (from 2020),1989,B9,Net lending (+)/net borrowing (-),MIO_EUR,,,2026-07-21T11:00:00+0200
EU27_2020,European Union - 27 countries (from 2020),1989,B9,Net lending (+)/net borrowing (-),PC_GDP,,,2026-07-21T11:00:00+0200
EU27_2020,European Union - 27 countries (from 2020),1989,D1PAY,"Compensation of employees, expenditure",MIO_EUR,,,2026-07-21T11:00:00+0200
EU27_2020,European Union - 27 countries (from 2020),1989,D1PAY,"Compensation of employees, expenditure",PC_GDP,,,2026-07-21T11:00:00+0200
EU27_2020,European Union - 27 countries (from 2020),1989,D2REC,"Taxes on production and imports, revenue",MIO_EUR,,,2026-07-21T11:00:00+0200
EU27_2020,European Union - 27 countries (from 2020),1989,D2REC,"Taxes on production and imports, revenue",PC_GDP,,,2026-07-21T11:00:00+0200
EU27_2020,European Union - 27 countries (from 2020),1989,D3PAY,"Subsidies, expenditure",MIO_EUR,,,2026-07-21T11:00:00+0200
EU27_2020,European Union - 27 countries (from 2020),1989,D3PAY,"Subsidies, expenditure",PC_GDP,,,2026-07-21T11:00:00+0200
EU27_2020,European Union - 27 countries (from 2020),1989,D41PAY,"Interest, expenditure",MIO_EUR,,,2026-07-21T11:00:00+0200
EU27_2020,European Union - 27 countries (from 2020),1989,D41PAY,"Interest, expenditure",PC_GDP,,,2026-07-21T11:00:00+0200
EU27_2020,European Union - 27 countries (from 2020),1989,D5REC,"Current taxes on income, wealth, etc., revenue",MIO_EUR,,,2026-07-21T11:00:00+0200
EU27_2020,European Union - 27 countries (from 2020),1989,D5REC,"Current taxes on income, wealth, etc., revenue",PC_GDP,,,2026-07-21T11:00:00+0200
EU27_2020,European Union - 27 countries (from 2020),1989,D61REC,"Net social contributions, revenue",MIO_EUR,,,2026-07-21T11:00:00+0200
EU27_2020,European Union - 27 countries (from 2020),1989,D61REC,"Net social contributions, revenue",PC_GDP,,,2026-07-21T11:00:00+0200
EU27_2020,European Union - 27 countries (from 2020),1989,D62PAY,"Social benefits other than social transfers in kind, expenditure",MIO_EUR,,,2026-07-21T11:00:00+0200
EU27_2020,European Union - 27 countries (from 2020),1989,D62PAY,"Social benefits other than social transfers in kind, expenditure",PC_GDP,,,2026-07-21T11:00:00+0200
EU27_2020,European Union - 27 countries (from 2020),1989,D632PAY,"Social transfers in kind, purchased market production, expenditure",MIO_EUR,,,2026-07-21T11:00:00+0200
EU27_2020,European Union - 27 countries (from 2020),1989,D632PAY,"Social transfers in kind, purchased market production, expenditure",PC_GDP,,,2026-07-21T11:00:00+0200
EU27_2020,European Union - 27 countries (from 2020),1989,D91REC,"Capital taxes, revenue",MIO_EUR,,,2026-07-21T11:00:00+0200
EU27_2020,European Union - 27 countries (from 2020),1989,D91REC,"Capital taxes, revenue",PC_GDP,,,2026-07-21T11:00:00+0200
EU27_2020,European Union - 27 countries (from 2020),1989,D995REC,Capital transfers from general government to relevant sectors representing taxes and social contributions assessed but unlikely to be collected,MIO_EUR,,,2026-07-21T11:00:00+0200
EU27_2020,European Union - 27 countries (from 2020),1989,D995REC,Capital transfers from general government to relevant sectors representing taxes and social contributions assessed but unlikely to be collected,PC_GDP,,,2026-07-21T11:00:00+0200
EU27_2020,European Union - 27 countries (from 2020),1989,P2,Intermediate consumption,MIO_EUR,,,2026-07-21T11:00:00+0200
EU27_2020,European Union - 27 countries (from 2020),1989,P2,Intermediate consumption,PC_GDP,,,2026-07-21T11:00:00+0200
EU27_2020,European Union - 27 countries (from 2020),1989,P51G,Gross fixed capital formation,MIO_EUR,,,2026-07-21T11:00:00+0200
EU27_2020,European Union - 27 countries (from 2020),1989,P51G,Gross fixed capital formation,PC_GDP,,,2026-07-21T11:00:00+0200
EU27_2020,European Union - 27 countries (from 2020),1989,TE,Total general government expenditure,MIO_EUR,,,2026-07-21T11:00:00+0200
EU27_2020,European Union - 27 countries (from 2020),1989,TE,Total general government expenditure,PC_GDP,,,2026-07-21T11:00:00+0200
EU27_2020,European Union - 27 countries (from 2020),1989,TR,Total general government revenue,MIO_EUR,,,2026-07-21T11:00:00+0200
EU27_2020,European Union - 27 countries (from 2020),1989,TR,Total general government revenue,PC_GDP,,,2026-07-21T11:00:00+0200
EU27_2020,European Union - 27 countries (from 2020),1990,B9,Net lending (+)/net borrowing (-),MIO_EUR,,,2026-07-21T11:00:00+0200
EU27_2020,European Union - 27 countries (from 2020),1990,B9,Net lending (+)/net borrowing (-),PC_GDP,,,2026-07-21T11:00:00+0200
EU27_2020,European Union - 27 countries (from 2020),1990,D1PAY,"Compensation of employees, expenditure",MIO_EUR,,,2026-07-21T11:00:00+0200
EU27_2020,European Union - 27 countries (from 2020),1990,D1PAY,"Compensation of employees, expenditure",PC_GDP,,,2026-07-21T11:00:00+0200
EU27_2020,European Union - 27 countries (from 2020),1990,D2REC,"Taxes on production and imports, revenue",MIO_EUR,,,2026-07-21T11:00:00+0200
EU27_2020,European Union - 27 countries (from 2020),1990,D2REC,"Taxes on production and imports, revenue",PC_GDP,,,2026-07-21T11:00:00+0200
EU27_2020,European Union - 27 countries (from 2020),1990,D3PAY,"Subsidies, expenditure",MIO_EUR,,,2026-07-21T11:00:00+0200
EU27_2020,European Union - 27 countries (from 2020),1990,D3PAY,"Subsidies, expenditure",PC_GDP,,,2026-07-21T11:00:00+0200
EU27_2020,European Union - 27 countries (from 2020),1990,D41PAY,"Interest, expenditure",MIO_EUR,,,2026-07-21T11:00:00+0200
EU27_2020,European Union - 27 countries (from 2020),1990,D41PAY,"Interest, expenditure",PC_GDP,,,2026-07-21T11:00:00+0200
EU27_2020,European Union - 27 countries (from 2020),1990,D5REC,"Current taxes on income, wealth, etc., revenue",MIO_EUR,,,2026-07-21T11:00:00+0200
EU27_2020,European Union - 27 countries (from 2020),1990,D5REC,"Current taxes on income, wealth, etc., revenue",PC_GDP,,,2026-07-21T11:00:00+0200
EU27_2020,European Union - 27 countries (from 2020),1990,D61REC,"Net social contributions, revenue",MIO_EUR,,,2026-07-21T11:00:00+0200
EU27_2020,European Union - 27 countries (from 2020),1990,D61REC,"Net social contributions, revenue",PC_GDP,,,2026-07-21T11:00:00+0200
EU27_2020,European Union - 27 countries (from 2020),1990,D62PAY,"Social benefits other than social transfers in kind, expenditure",MIO_EUR,,,2026-07-21T11:00:00+0200
EU27_2020,European Union - 27 countries (from 2020),1990,D62PAY,"Social benefits other than social transfers in kind, expenditure",PC_GDP,,,2026-07-21T11:00:00+0200
EU27_2020,European Union - 27 countries (from 2020),1990,D632PAY,"Social transfers in kind, purchased market production, expenditure",MIO_EUR,,,2026-07-21T11:00:00+0200
EU27_2020,European Union - 27 countries (from 2020),1990,D632PAY,"Social transfers in kind, purchased market production, expenditure",PC_GDP,,,2026-07-21T11:00:00+0200
EU27_2020,European Union - 27 countries (from 2020),1990,D91REC,"Capital taxes, revenue",MIO_EUR,,,2026-07-21T11:00:00+0200
EU27_2020,European Union - 27 countries (from 2020),1990,D91REC,"Capital taxes, revenue",PC_GDP,,,2026-07-21T11:00:00+0200
EU27_2020,European Union - 27 countries (from 2020),1990,D995REC,Capital transfers from general government to relevant sectors representing taxes and social contributions assessed but unlikely to be collected,MIO_EUR,,,2026-07-21T11:00:00+0200
EU27_2020,European Union - 27 countries (from 2020),1990,D995REC,Capital transfers from general government to relevant sectors representing taxes and social contributions assessed but unlikely to be collected,PC_GDP,,,2026-07-21T11:00:00+0200
EU27_2020,European Union - 27 countries (from 2020),1990,P2,Intermediate consumption,MIO_EUR,,,2026-07-21T11:00:00+0200
EU27_2020,European Union - 27 countries (from 2020),1990,P2,Intermediate consumption,PC_GDP,,,2026-07-21T11:00:00+0200
EU27_2020,European Union - 27 countries (from 2020),1990,P51G,Gross fixed capital formation,MIO_EUR,,,2026-07-21T11:00:00+0200
EU27_2020,European Union - 27 countries (from 2020),1990,P51G,Gross fixed capital formation,PC_GDP,,,2026-07-21T11:00:00+0200
EU27_2020,European Union - 27 countries (from 2020),1990,TE,Total general government expenditure,MIO_EUR,,,2026-07-21T11:00:00+0200
EU27_2020,European Union - 27 countries (from 2020),1990,TE,Total general government expenditure,PC_GDP,,,2026-07-21T11:00:00+0200
EU27_2020,European Union - 27 countries (from 2020),1990,TR,Total general government revenue,MIO_EUR,,,2026-07-21T11:00:00+0200
EU27_2020,European Union - 27 countries (from 2020),1990,TR,Total general government revenue,PC_GDP,,,2026-07-21T11:00:00+0200
EU27_2020,European Union - 27 countries (from 2020),1991,B9,Net lending (+)/net borrowing (-),MIO_EUR,,,2026-07-21T11:00:00+0200
EU27_2020,European Union - 27 countries (from 2020),1991,B9,Net lending (+)/net borrowing (-),PC_GDP,,,2026-07-21T11:00:00+0200
EU27_2020,European Union - 27 countries (from 2020),1991,D1PAY,"Compensation of employees, expenditure",MIO_EUR,,,2026-07-21T11:00:00+0200
EU27_2020,European Union - 27 countries (from 2020),1991,D1PAY,"Compensation of employees, expenditure",PC_GDP,,,2026-07-21T11:00:00+0200
EU27_2020,European Union - 27 countries (from 2020),1991,D2REC,"Taxes on production and imports, revenue",MIO_EUR,,,2026-07-21T11:00:00+0200
EU27_2020,European Union - 27 countries (from 2020),1991,D2REC,"Taxes on production and imports, revenue",PC_GDP,,,2026-07-21T11:00:00+0200
EU27_2020,European Union - 27 countries (from 2020),1991,D3PAY,"Subsidies, expenditure",MIO_EUR,,,2026-07-21T11:00:00+0200
EU27_2020,European Union - 27 countries (from 2020),1991,D3PAY,"Subsidies, expenditure",PC_GDP,,,2026-07-21T11:00:00+0200
EU27_2020,European Union - 27 countries (from 2020),1991,D41PAY,"Interest, expenditure",MIO_EUR,,,2026-07-21T11:00:00+0200
EU27_2020,European Union - 27 countries (from 2020),1991,D41PAY,"Interest, expenditure",PC_GDP,,,2026-07-21T11:00:00+0200
EU27_2020,European Union - 27 countries (from 2020),1991,D5REC,"Current taxes on income, wealth, etc., revenue",MIO_EUR,,,2026-07-21T11:00:00+0200
EU27_2020,European Union - 27 countries (from 2020),1991,D5REC,"Current taxes on income, wealth, etc., revenue",PC_GDP,,,2026-07-21T11:00:00+0200
EU27_2020,European Union - 27 countries (from 2020),1991,D61REC,"Net social contributions, revenue",MIO_EUR,,,2026-07-21T11:00:00+0200
EU27_2020,European Union - 27 countries (from 2020),1991,D61REC,"Net social contributions, revenue",PC_GDP,,,2026-07-21T11:00:00+0200
EU27_2020,European Union - 27 countries (from 2020),1991,D62PAY,"Social benefits other than social transfers in kind, expenditure",MIO_EUR,,,2026-07-21T11:00:00+0200
EU27_2020,European Union - 27 countries (from 2020),1991,D62PAY,"Social benefits other than social transfers in kind, expenditure",PC_GDP,,,2026-07-21T11:00:00+0200
EU27_2020,European Union - 27 countries (from 2020),1991,D632PAY,"Social transfers in kind, purchased market production, expenditure",MIO_EUR,,,2026-07-21T11:00:00+0200
EU27_2020,European Union - 27 countries (from 2020),1991,D632PAY,"Social transfers in kind, purchased market production, expenditure",PC_GDP,,,2026-07-21T11:00:00+0200
EU27_2020,European Union - 27 countries (from 2020),1991,D91REC,"Capital taxes, revenue",MIO_EUR,,,2026-07-21T11:00:00+0200
EU27_2020,European Union - 27 countries (from 2020),1991,D91REC,"Capital taxes, revenue",PC_GDP,,,2026-07-21T11:00:00+0200
EU27_2020,European Union - 27 countries (from 2020),1991,D995REC,Capital transfers from general government to relevant sectors representing taxes and social contributions assessed but unlikely to be collected,MIO_EUR,,,2026-07-21T11:00:00+0200
EU27_2020,European Union - 27 countries (from 2020),1991,D995REC,Capital transfers from general government to relevant sectors representing taxes and social contributions assessed but unlikely to be collected,PC_GDP,,,2026-07-21T11:00:00+0200
EU27_2020,European Union - 27 countries (from 2020),1991,P2,Intermediate consumption,MIO_EUR,,,2026-07-21T11:00:00+0200
EU27_2020,European Union - 27 countries (from 2020),1991,P2,Intermediate consumption,PC_GDP,,,2026-07-21T11:00:00+0200
EU27_2020,European Union - 27 countries (from 2020),1991,P51G,Gross fixed capital formation,MIO_EUR,,,2026-07-21T11:00:00+0200
EU27_2020,European Union - 27 countries (from 2020),1991,P51G,Gross fixed capital formation,PC_GDP,,,2026-07-21T11:00:00+0200
EU27_2020,European Union - 27 countries (from 2020),1991,TE,Total general government expenditure,MIO_EUR,,,2026-07-21T11:00:00+0200
EU27_2020,European Union - 27 countries (from 2020),1991,TE,Total general government expenditure,PC_GDP,,,2026-07-21T11:00:00+0200
EU27_2020,European Union - 27 countries (from 2020),1991,TR,Total general government revenue,MIO_EUR,,,2026-07-21T11:00:00+0200
EU27_2020,European Union - 27 countries (from 2020),1991,TR,Total general government revenue,PC_GDP,,,2026-07-21T11:00:00+0200
EU27_2020,European Union - 27 countries (from 2020),1992,B9,Net lending (+)/net borrowing (-),MIO_EUR,,,2026-07-21T11:00:00+0200
EU27_2020,European Union - 27 countries (from 2020),1992,B9,Net lending (+)/net borrowing (-),PC_GDP,,,2026-07-21T11:00:00+0200
EU27_2020,European Union - 27 countries (from 2020),1992,D1PAY,"Compensation of employees, expenditure",MIO_EUR,,,2026-07-21T11:00:00+0200
EU27_2020,European Union - 27 countries (from 2020),1992,D1PAY,"Compensation of employees, expenditure",PC_GDP,,,2026-07-21T11:00:00+0200
EU27_2020,European Union - 27 countries (from 2020),1992,D2REC,"Taxes on production and imports, revenue",MIO_EUR,,,2026-07-21T11:00:00+0200
EU27_2020,European Union - 27 countries (from 2020),1992,D2REC,"Taxes on production and imports, revenue",PC_GDP,,,2026-07-21T11:00:00+0200
EU27_2020,European Union - 27 countries (from 2020),1992,D3PAY,"Subsidies, expenditure",MIO_EUR,,,2026-07-21T11:00:00+0200
EU27_2020,European Union - 27 countries (from 2020),1992,D3PAY,"Subsidies, expenditure",PC_GDP,,,2026-07-21T11:00:00+0200
EU27_2020,European Union - 27 countries (from 2020),1992,D41PAY,"Interest, expenditure",MIO_EUR,,,2026-07-21T11:00:00+0200
EU27_2020,European Union - 27 countries (from 2020),1992,D41PAY,"Interest, expenditure",PC_GDP,,,2026-07-21T11:00:00+0200
EU27_2020,European Union - 27 countries (from 2020),1992,D5REC,"Current taxes on income, wealth, etc., revenue",MIO_EUR,,,2026-07-21T11:00:00+0200
EU27_2020,European Union - 27 countries (from 2020),1992,D5REC,"Current taxes on income, wealth, etc., revenue",PC_GDP,,,2026-07-21T11:00:00+0200
EU27_2020,European Union - 27 countries (from 2020),1992,D61REC,"Net social contributions, revenue",MIO_EUR,,,2026-07-21T11:00:00+0200
EU27_2020,European Union - 27 countries (from 2020),1992,D61REC,"Net social contributions, revenue",PC_GDP,,,2026-07-21T11:00:00+0200
EU27_2020,European Union - 27 countries (from 2020),1992,D62PAY,"Social benefits other than social transfers in kind, expenditure",MIO_EUR,,,2026-07-21T11:00:00+0200
EU27_2020,European Union - 27 countries (from 2020),1992,D62PAY,"Social benefits other than social transfers in kind, expenditure",PC_GDP,,,2026-07-21T11:00:00+0200
EU27_2020,European Union - 27 countries (from 2020),1992,D632PAY,"Social transfers in kind, purchased market production, expenditure",MIO_EUR,,,2026-07-21T11:00:00+0200
EU27_2020,European Union - 27 countries (from 2020),1992,D632PAY,"Social transfers in kind, purchased market production, expenditure",PC_GDP,,,2026-07-21T11:00:00+0200
EU27_2020,European Union - 27 countries (from 2020),1992,D91REC,"Capital taxes, revenue",MIO_EUR,,,2026-07-21T11:00:00+0200
EU27_2020,European Union - 27 countries (from 2020),1992,D91REC,"Capital taxes, revenue",PC_GDP,,,2026-07-21T11:00:00+0200
EU27_2020,European Union - 27 countries (from 2020),1992,D995REC,Capital transfers from general government to relevant sectors representing taxes and social contributions assessed but unlikely to be collected,MIO_EUR,,,2026-07-21T11:00:00+0200
EU27_2020,European Union - 27 countries (from 2020),1992,D995REC,Capital transfers from general government to relevant sectors representing taxes and social contributions assessed but unlikely to be collected,PC_GDP,,,2026-07-21T11:00:00+0200
EU27_2020,European Union - 27 countries (from 2020),1992,P2,Intermediate consumption,MIO_EUR,,,2026-07-21T11:00:00+0200
EU27_2020,European Union - 27 countries (from 2020),1992,P2,Intermediate consumption,PC_GDP,,,2026-07-21T11:00:00+0200
EU27_2020,European Union - 27 countries (from 2020),1992,P51G,Gross fixed capital formation,MIO_EUR,,,2026-07-21T11:00:00+0200
EU27_2020,European Union - 27 countries (from 2020),1992,P51G,Gross fixed capital formation,PC_GDP,,,2026-07-21T11:00:00+0200
EU27_2020,European Union - 27 countries (from 2020),1992,TE,Total general government expenditure,MIO_EUR,,,2026-07-21T11:00:00+0200
EU27_2020,European Union - 27 countries (from 2020),1992,TE,Total general government expenditure,PC_GDP,,,2026-07-21T11:00:00+0200
EU27_2020,European Union - 27 countries (from 2020),1992,TR,Total general government revenue,MIO_EUR,,,2026-07-21T11:00:00+0200
EU27_2020,European Union - 27 countries (from 2020),1992,TR,Total general government revenue,PC_GDP,,,2026-07-21T11:00:00+0200
EU27_2020,European Union - 27 countries (from 2020),1993,B9,Net lending (+)/net borrowing (-),MIO_EUR,,,2026-07-21T11:00:00+0200
EU27_2020,European Union - 27 countries (from 2020),1993,B9,Net lending (+)/net borrowing (-),PC_GDP,,,2026-07-21T11:00:00+0200
EU27_2020,European Union - 27 countries (from 2020),1993,D1PAY,"Compensation of employees, expenditure",MIO_EUR,,,2026-07-21T11:00:00+0200
EU27_2020,European Union - 27 countries (from 2020),1993,D1PAY,"Compensation of employees, expenditure",PC_GDP,,,2026-07-21T11:00:00+0200
EU27_2020,European Union - 27 countries (from 2020),1993,D2REC,"Taxes on production and imports, revenue",MIO_EUR,,,2026-07-21T11:00:00+0200
EU27_2020,European Union - 27 countries (from 2020),1993,D2REC,"Taxes on production and imports, revenue",PC_GDP,,,2026-07-21T11:00:00+0200
EU27_2020,European Union - 27 countries (from 2020),1993,D3PAY,"Subsidies, expenditure",MIO_EUR,,,2026-07-21T11:00:00+0200
EU27_2020,European Union - 27 countries (from 2020),1993,D3PAY,"Subsidies, expenditure",PC_GDP,,,2026-07-21T11:00:00+0200
EU27_2020,European Union - 27 countries (from 2020),1993,D41PAY,"Interest, expenditure",MIO_EUR,,,2026-07-21T11:00:00+0200
EU27_2020,European Union - 27 countries (from 2020),1993,D41PAY,"Interest, expenditure",PC_GDP,,,2026-07-21T11:00:00+0200
EU27_2020,European Union - 27 countries (from 2020),1993,D5REC,"Current taxes on income, wealth, etc., revenue",MIO_EUR,,,2026-07-21T11:00:00+0200
EU27_2020,European Union - 27 countries (from 2020),1993,D5REC,"Current taxes on income, wealth, etc., revenue",PC_GDP,,,2026-07-21T11:00:00+0200
EU27_2020,European Union - 27 countries (from 2020),1993,D61REC,"Net social contributions, revenue",MIO_EUR,,,2026-07-21T11:00:00+0200
EU27_2020,European Union - 27 countries (from 2020),1993,D61REC,"Net social contributions, revenue",PC_GDP,,,2026-07-21T11:00:00+0200
EU27_2020,European Union - 27 countries (from 2020),1993,D62PAY,"Social benefits other than social transfers in kind, expenditure",MIO_EUR,,,2026-07-21T11:00:00+0200
EU27_2020,European Union - 27 countries (from 2020),1993,D62PAY,"Social benefits other than social transfers in kind, expenditure",PC_GDP,,,2026-07-21T11:00:00+0200
EU27_2020,European Union - 27 countries (from 2020),1993,D632PAY,"Social transfers in kind, purchased market production, expenditure",MIO_EUR,,,2026-07-21T11:00:00+0200
EU27_2020,European Union - 27 countries (from 2020),1993,D632PAY,"Social transfers in kind, purchased market production, expenditure",PC_GDP,,,2026-07-21T11:00:00+0200
EU27_2020,European Union - 27 countries (from 2020),1993,D91REC,"Capital taxes, revenue",MIO_EUR,,,2026-07-21T11:00:00+0200
EU27_2020,European Union - 27 countries (from 2020),1993,D91REC,"Capital taxes, revenue",PC_GDP,,,2026-07-21T11:00:00+0200
EU27_2020,European Union - 27 countries (from 2020),1993,D995REC,Capital transfers from general government to relevant sectors representing taxes and social contributions assessed but unlikely to be collected,MIO_EUR,,,2026-07-21T11:00:00+0200
EU27_2020,European Union - 27 countries (from 2020),1993,D995REC,Capital transfers from general government to relevant sectors representing taxes and social contributions assessed but unlikely to be collected,PC_GDP,,,2026-07-21T11:00:00+0200
EU27_2020,European Union - 27 countries (from 2020),1993,P2,Intermediate consumption,MIO_EUR,,,2026-07-21T11:00:00+0200
EU27_2020,European Union - 27 countries (from 2020),1993,P2,Intermediate consumption,PC_GDP,,,2026-07-21T11:00:00+0200
EU27_2020,European Union - 27 countries (from 2020),1993,P51G,Gross fixed capital formation,MIO_EUR,,,2026-07-21T11:00:00+0200
EU27_2020,European Union - 27 countries (from 2020),1993,P51G,Gross fixed capital formation,PC_GDP,,,2026-07-21T11:00:00+0200
EU27_2020,European Union - 27 countries (from 2020),1993,TE,Total general government expenditure,MIO_EUR,,,2026-07-21T11:00:00+0200
EU27_2020,European Union - 27 countries (from 2020),1993,TE,Total general government expenditure,PC_GDP,,,2026-07-21T11:00:00+0200
EU27_2020,European Union - 27 countries (from 2020),1993,TR,Total general government revenue,MIO_EUR,,,2026-07-21T11:00:00+0200
EU27_2020,European Union - 27 countries (from 2020),1993,TR,Total general government revenue,PC_GDP,,,2026-07-21T11:00:00+0200
EU27_2020,European Union - 27 countries (from 2020),1994,B9,Net lending (+)/net borrowing (-),MIO_EUR,,,2026-07-21T11:00:00+0200
EU27_2020,European Union - 27 countries (from 2020),1994,B9,Net lending (+)/net borrowing (-),PC_GDP,,,2026-07-21T11:00:00+0200
EU27_2020,European Union - 27 countries (from 2020),1994,D1PAY,"Compensation of employees, expenditure",MIO_EUR,,,2026-07-21T11:00:00+0200
EU27_2020,European Union - 27 countries (from 2020),1994,D1PAY,"Compensation of employees, expenditure",PC_GDP,,,2026-07-21T11:00:00+0200
EU27_2020,European Union - 27 countries (from 2020),1994,D2REC,"Taxes on production and imports, revenue",MIO_EUR,,,2026-07-21T11:00:00+0200
EU27_2020,European Union - 27 countries (from 2020),1994,D2REC,"Taxes on production and imports, revenue",PC_GDP,,,2026-07-21T11:00:00+0200
EU27_2020,European Union - 27 countries (from 2020),1994,D3PAY,"Subsidies, expenditure",MIO_EUR,,,2026-07-21T11:00:00+0200
EU27_2020,European Union - 27 countries (from 2020),1994,D3PAY,"Subsidies, expenditure",PC_GDP,,,2026-07-21T11:00:00+0200
EU27_2020,European Union - 27 countries (from 2020),1994,D41PAY,"Interest, expenditure",MIO_EUR,,,2026-07-21T11:00:00+0200
EU27_2020,European Union - 27 countries (from 2020),1994,D41PAY,"Interest, expenditure",PC_GDP,,,2026-07-21T11:00:00+0200
EU27_2020,European Union - 27 countries (from 2020),1994,D5REC,"Current taxes on income, wealth, etc., revenue",MIO_EUR,,,2026-07-21T11:00:00+0200
EU27_2020,European Union - 27 countries (from 2020),1994,D5REC,"Current taxes on income, wealth, etc., revenue",PC_GDP,,,2026-07-21T11:00:00+0200
EU27_2020,European Union - 27 countries (from 2020),1994,D61REC,"Net social contributions, revenue",MIO_EUR,,,2026-07-21T11:00:00+0200
EU27_2020,European Union - 27 countries (from 2020),1994,D61REC,"Net social contributions, revenue",PC_GDP,,,2026-07-21T11:00:00+0200
EU27_2020,European Union - 27 countries (from 2020),1994,D62PAY,"Social benefits other than social transfers in kind, expenditure",MIO_EUR,,,2026-07-21T11:00:00+0200
EU27_2020,European Union - 27 countries (from 2020),1994,D62PAY,"Social benefits other than social transfers in kind, expenditure",PC_GDP,,,2026-07-21T11:00:00+0200
EU27_2020,European Union - 27 countries (from 2020),1994,D632PAY,"Social transfers in kind, purchased market production, expenditure",MIO_EUR,,,2026-07-21T11:00:00+0200
EU27_2020,European Union - 27 countries (from 2020),1994,D632PAY,"Social transfers in kind, purchased market production, expenditure",PC_GDP,,,2026-07-21T11:00:00+0200
EU27_2020,European Union - 27 countries (from 2020),1994,D91REC,"Capital taxes, revenue",MIO_EUR,,,2026-07-21T11:00:00+0200
EU27_2020,European Union - 27 countries (from 2020),1994,D91REC,"Capital taxes, revenue",PC_GDP,,,2026-07-21T11:00:00+0200
EU27_2020,European Union - 27 countries (from 2020),1994,D995REC,Capital transfers from general government to relevant sectors representing taxes and social contributions assessed but unlikely to be collected,MIO_EUR,,,2026-07-21T11:00:00+0200
EU27_2020,European Union - 27 countries (from 2020),1994,D995REC,Capital transfers from general government to relevant sectors representing taxes and social contributions assessed but unlikely to be collected,PC_GDP,,,2026-07-21T11:00:00+0200
EU27_2020,European Union - 27 countries (from 2020),1994,P2,Intermediate consumption,MIO_EUR,,,2026-07-21T11:00:00+0200
EU27_2020,European Union - 27 countries (from 2020),1994,P2,Intermediate consumption,PC_GDP,,,2026-07-21T11:00:00+0200
EU27_2020,European Union - 27 countries (from 2020),1994,P51G,Gross fixed capital formation,MIO_EUR,,,2026-07-21T11:00:00+0200
EU27_2020,European Union - 27 countries (from 2020),1994,P51G,Gross fixed capital formation,PC_GDP,,,2026-07-21T11:00:00+0200
EU27_2020,European Union - 27 countries (from 2020),1994,TE,Total general government expenditure,MIO_EUR,,,2026-07-21T11:00:00+0200
EU27_2020,European Union - 27 countries (from 2020),1994,TE,Total general government expenditure,PC_GDP,,,2026-07-21T11:00:00+0200
EU27_2020,European Union - 27 countries (from 2020),1994,TR,Total general government revenue,MIO_EUR,,,2026-07-21T11:00:00+0200
EU27_2020,European Union - 27 countries (from 2020),1994,TR,Total general government revenue,PC_GDP,,,2026-07-21T11:00:00+0200
EU27_2020,European Union - 27 countries (from 2020),1995,B9,Net lending (+)/net borrowing (-),MIO_EUR,-455389,,2026-07-21T11:00:00+0200
EU27_2020,European Union - 27 countries (from 2020),1995,B9,Net lending (+)/net borrowing (-),PC_GDP,-7.2,,2026-07-21T11:00:00+0200
EU27_2020,European Union - 27 countries (from 2020),1995,D1PAY,"Compensation of employees, expenditure",MIO_EUR,697113.2,,2026-07-21T11:00:00+0200
EU27_2020,European Union - 27 countries (from 2020),1995,D1PAY,"Compensation of employees, expenditure",PC_GDP,11,,2026-07-21T11:00:00+0200
EU27_2020,European Union - 27 countries (from 2020),1995,D2REC,"Taxes on production and imports, revenue",MIO_EUR,795701.1,,2026-07-21T11:00:00+0200
EU27_2020,European Union - 27 countries (from 2020),1995,D2REC,"Taxes on production and imports, revenue",PC_GDP,12.5,,2026-07-21T11:00:00+0200
EU27_2020,European Union - 27 countries (from 2020),1995,D3PAY,"Subsidies, expenditure",MIO_EUR,109129.6,,2026-07-21T11:00:00+0200
EU27_2020,European Union - 27 countries (from 2020),1995,D3PAY,"Subsidies, expenditure",PC_GDP,1.7,,2026-07-21T11:00:00+0200
EU27_2020,European Union - 27 countries (from 2020),1995,D41PAY,"Interest, expenditure",MIO_EUR,334915.6,,2026-07-21T11:00:00+0200
EU27_2020,European Union - 27 countries (from 2020),1995,D41PAY,"Interest, expenditure",PC_GDP,5.3,,2026-07-21T11:00:00+0200
EU27_2020,European Union - 27 countries (from 2020),1995,D5REC,"Current taxes on income, wealth, etc., revenue",MIO_EUR,751188.3,,2026-07-21T11:00:00+0200
EU27_2020,European Union - 27 countries (from 2020),1995,D5REC,"Current taxes on income, wealth, etc., revenue",PC_GDP,11.8,,2026-07-21T11:00:00+0200
EU27_2020,European Union - 27 countries (from 2020),1995,D61REC,"Net social contributions, revenue",MIO_EUR,1000230.1,,2026-07-21T11:00:00+0200
EU27_2020,European Union - 27 countries (from 2020),1995,D61REC,"Net social contributions, revenue",PC_GDP,15.8,,2026-07-21T11:00:00+0200
EU27_2020,European Union - 27 countries (from 2020),1995,D62PAY,"Social benefits other than social transfers in kind, expenditure",MIO_EUR,1035811.6,,2026-07-21T11:00:00+0200
EU27_2020,European Union - 27 countries (from 2020),1995,D62PAY,"Social benefits other than social transfers in kind, expenditure",PC_GDP,16.3,,2026-07-21T11:00:00+0200
EU27_2020,European Union - 27 countries (from 2020),1995,D632PAY,"Social transfers in kind, purchased market production, expenditure",MIO_EUR,285279.8,,2026-07-21T11:00:00+0200
EU27_2020,European Union - 27 countries (from 2020),1995,D632PAY,"Social transfers in kind, purchased market production, expenditure",PC_GDP,4.5,,2026-07-21T11:00:00+0200
EU27_2020,European Union - 27 countries (from 2020),1995,D91REC,"Capital taxes, revenue",MIO_EUR,15787.7,,2026-07-21T11:00:00+0200
EU27_2020,European Union - 27 countries (from 2020),1995,D91REC,"Capital taxes, revenue",PC_GDP,0.2,,2026-07-21T11:00:00+0200
EU27_2020,European Union - 27 countries (from 2020),1995,D995REC,Capital transfers from general government to relevant sectors representing taxes and social contributions assessed but unlikely to be collected,MIO_EUR,3898.6,,2026-07-21T11:00:00+0200
EU27_2020,European Union - 27 countries (from 2020),1995,D995REC,Capital transfers from general government to relevant sectors representing taxes and social contributions assessed but unlikely to be collected,PC_GDP,0.1,,2026-07-21T11:00:00+0200
EU27_2020,European Union - 27 countries (from 2020),1995,P2,Intermediate consumption,MIO_EUR,320408.2,,2026-07-21T11:00:00+0200
EU27_2020,European Union - 27 countries (from 2020),1995,P2,Intermediate consumption,PC_GDP,5.1,,2026-07-21T11:00:00+0200
EU27_2020,European Union - 27 countries (from 2020),1995,P51G,Gross fixed capital formation,MIO_EUR,216961.1,,2026-07-21T11:00:00+0200
EU27_2020,European Union - 27 countries (from 2020),1995,P51G,Gross fixed capital formation,PC_GDP,3.4,,2026-07-21T11:00:00+0200
EU27_2020,European Union - 27 countries (from 2020),1995,TE,Total general government expenditure,MIO_EUR,3392875.3,,2026-07-21T11:00:00+0200
EU27_2020,European Union - 27 countries (from 2020),1995,TE,Total general government expenditure,PC_GDP,53.5,,2026-07-21T11:00:00+0200
EU27_2020,European Union - 27 countries (from 2020),1995,TR,Total general government revenue,MIO_EUR,2937486.4,,2026-07-21T11:00:00+0200
EU27_2020,European Union - 27 countries (from 2020),1995,TR,Total general government revenue,PC_GDP,46.3,,2026-07-21T11:00:00+0200
EU27_2020,European Union - 27 countries (from 2020),1996,B9,Net lending (+)/net borrowing (-),MIO_EUR,-285102.7,,2026-07-21T11:00:00+0200
EU27_2020,European Union - 27 countries (from 2020),1996,B9,Net lending (+)/net borrowing (-),PC_GDP,-4.3,,2026-07-21T11:00:00+0200
EU27_2020,European Union - 27 countries (from 2020),1996,D1PAY,"Compensation of employees, expenditure",MIO_EUR,734922.6,,2026-07-21T11:00:00+0200
EU27_2020,European Union - 27 countries (from 2020),1996,D1PAY,"Compensation of employees, expenditure",PC_GDP,11.1,,2026-07-21T11:00:00+0200
EU27_2020,European Union - 27 countries (from 2020),1996,D2REC,"Taxes on production and imports, revenue",MIO_EUR,844540.5,,2026-07-21T11:00:00+0200
EU27_2020,European Union - 27 countries (from 2020),1996,D2REC,"Taxes on production and imports, revenue",PC_GDP,12.7,,2026-07-21T11:00:00+0200
EU27_2020,European Union - 27 countries (from 2020),1996,D3PAY,"Subsidies, expenditure",MIO_EUR,111245.4,,2026-07-21T11:00:00+0200
EU27_2020,European Union - 27 countries (from 2020),1996,D3PAY,"Subsidies, expenditure",PC_GDP,1.7,,2026-07-21T11:00:00+0200
EU27_2020,European Union - 27 countries (from 2020),1996,D41PAY,"Interest, expenditure",MIO_EUR,354338.2,,2026-07-21T11:00:00+0200
EU27_2020,European Union - 27 countries (from 2020),1996,D41PAY,"Interest, expenditure",PC_GDP,5.3,,2026-07-21T11:00:00+0200
EU27_2020,European Union - 27 countries (from 2020),1996,D5REC,"Current taxes on income, wealth, etc., revenue",MIO_EUR,805939,,2026-07-21T11:00:00+0200
EU27_2020,European Union - 27 countries (from 2020),1996,D5REC,"Current taxes on income, wealth, etc., revenue",PC_GDP,12.1,,2026-07-21T11:00:00+0200
EU27_2020,European Union - 27 countries (from 2020),1996,D61REC,"Net social contributions, revenue",MIO_EUR,1053498.4,,2026-07-21T11:00:00+0200
EU27_2020,European Union - 27 countries (from 2020),1996,D61REC,"Net social contributions, revenue",PC_GDP,15.9,,2026-07-21T11:00:00+0200
EU27_2020,European Union - 27 countries (from 2020),1996,D62PAY,"Social benefits other than social transfers in kind, expenditure",MIO_EUR,1094625,,2026-07-21T11:00:00+0200
EU27_2020,European Union - 27 countries (from 2020),1996,D62PAY,"Social benefits other than social transfers in kind, expenditure",PC_GDP,16.5,,2026-07-21T11:00:00+0200
EU27_2020,European Union - 27 countries (from 2020),1996,D632PAY,"Social transfers in kind, purchased market production, expenditure",MIO_EUR,298289.9,,2026-07-21T11:00:00+0200
EU27_2020,European Union - 27 countries (from 2020),1996,D632PAY,"Social transfers in kind, purchased market production, expenditure",PC_GDP,4.5,,2026-07-21T11:00:00+0200
EU27_2020,European Union - 27 countries (from 2020),1996,D91REC,"Capital taxes, revenue",MIO_EUR,15006,,2026-07-21T11:00:00+0200
EU27_2020,European Union - 27 countries (from 2020),1996,D91REC,"Capital taxes, revenue",PC_GDP,0.2,,2026-07-21T11:00:00+0200
EU27_2020,European Union - 27 countries (from 2020),1996,D995REC,Capital transfers from general government to relevant sectors representing taxes and social contributions assessed but unlikely to be collected,MIO_EUR,3749.5,,2026-07-21T11:00:00+0200
EU27_2020,European Union - 27 countries (from 2020),1996,D995REC,Capital transfers from general government to relevant sectors representing taxes and social contributions assessed but unlikely to be collected,PC_GDP,0.1,,2026-07-21T11:00:00+0200
EU27_2020,European Union - 27 countries (from 2020),1996,P2,Intermediate consumption,MIO_EUR,337670.3,,2026-07-21T11:00:00+0200
EU27_2020,European Union - 27 countries (from 2020),1996,P2,Intermediate consumption,PC_GDP,5.1,,2026-07-21T11:00:00+0200
EU27_2020,European Union - 27 countries (from 2020),1996,P51G,Gross fixed capital formation,MIO_EUR,223991.1,,2026-07-21T11:00:00+0200
EU27_2020,European Union - 27 countries (from 2020),1996,P51G,Gross fixed capital formation,PC_GDP,3.4,,2026-07-21T11:00:00+0200
EU27_2020,European Union - 27 countries (from 2020),1996,TE,Total general government expenditure,MIO_EUR,3392497.8,,2026-07-21T11:00:00+0200
EU27_2020,European Union - 27 countries (from 2020),1996,TE,Total general government expenditure,PC_GDP,51.1,,2026-07-21T11:00:00+0200
EU27_2020,European Union - 27 countries (from 2020),1996,TR,Total general government revenue,MIO_EUR,3107395,,2026-07-21T11:00:00+0200
EU27_2020,European Union - 27 countries (from 2020),1996,TR,Total general government revenue,PC_GDP,46.8,,2026-07-21T11:00:00+0200
EU27_2020,European Union - 27 countries (from 2020),1997,B9,Net lending (+)/net borrowing (-),MIO_EUR,-206687.4,,2026-07-21T11:00:00+0200
EU27_2020,European Union - 27 countries (from 2020),1997,B9,Net lending (+)/net borrowing (-),PC_GDP,-3,,2026-07-21T11:00:00+0200
EU27_2020,European Union - 27 countries (from 2020),1997,D1PAY,"Compensation of employees, expenditure",MIO_EUR,748441.1,,2026-07-21T11:00:00+0200
EU27_2020,European Union - 27 countries (from 2020),1997,D1PAY,"Compensation of employees, expenditure",PC_GDP,11,,2026-07-21T11:00:00+0200
EU27_2020,European Union - 27 countries (from 2020),1997,D2REC,"Taxes on production and imports, revenue",MIO_EUR,873896.4,,2026-07-21T11:00:00+0200
EU27_2020,European Union - 27 countries (from 2020),1997,D2REC,"Taxes on production and imports, revenue",PC_GDP,12.8,,2026-07-21T11:00:00+0200
EU27_2020,European Union - 27 countries (from 2020),1997,D3PAY,"Subsidies, expenditure",MIO_EUR,102919,,2026-07-21T11:00:00+0200
EU27_2020,European Union - 27 countries (from 2020),1997,D3PAY,"Subsidies, expenditure",PC_GDP,1.5,,2026-07-21T11:00:00+0200
EU27_2020,European Union - 27 countries (from 2020),1997,D41PAY,"Interest, expenditure",MIO_EUR,332625.4,,2026-07-21T11:00:00+0200
EU27_2020,European Union - 27 countries (from 2020),1997,D41PAY,"Interest, expenditure",PC_GDP,4.9,,2026-07-21T11:00:00+0200
EU27_2020,European Union - 27 countries (from 2020),1997,D5REC,"Current taxes on income, wealth, etc., revenue",MIO_EUR,842055,,2026-07-21T11:00:00+0200
EU27_2020,European Union - 27 countries (from 2020),1997,D5REC,"Current taxes on income, wealth, etc., revenue",PC_GDP,12.3,,2026-07-21T11:00:00+0200
EU27_2020,European Union - 27 countries (from 2020),1997,D61REC,"Net social contributions, revenue",MIO_EUR,1075973.4,,2026-07-21T11:00:00+0200
EU27_2020,European Union - 27 countries (from 2020),1997,D61REC,"Net social contributions, revenue",PC_GDP,15.8,,2026-07-21T11:00:00+0200
EU27_2020,European Union - 27 countries (from 2020),1997,D62PAY,"Social benefits other than social transfers in kind, expenditure",MIO_EUR,1115837.5,,2026-07-21T11:00:00+0200
EU27_2020,European Union - 27 countries (from 2020),1997,D62PAY,"Social benefits other than social transfers in kind, expenditure",PC_GDP,16.4,,2026-07-21T11:00:00+0200
EU27_2020,European Union - 27 countries (from 2020),1997,D632PAY,"Social transfers in kind, purchased market production, expenditure",MIO_EUR,297462.4,,2026-07-21T11:00:00+0200
EU27_2020,European Union - 27 countries (from 2020),1997,D632PAY,"Social transfers in kind, purchased market production, expenditure",PC_GDP,4.4,,2026-07-21T11:00:00+0200
EU27_2020,European Union - 27 countries (from 2020),1997,D91REC,"Capital taxes, revenue",MIO_EUR,21407.5,,2026-07-21T11:00:00+0200
EU27_2020,European Union - 27 countries (from 2020),1997,D91REC,"Capital taxes, revenue",PC_GDP,0.3,,2026-07-21T11:00:00+0200
EU27_2020,European Union - 27 countries (from 2020),1997,D995REC,Capital transfers from general government to relevant sectors representing taxes and social contributions assessed but unlikely to be collected,MIO_EUR,3763.8,,2026-07-21T11:00:00+0200
EU27_2020,European Union - 27 countries (from 2020),1997,D995REC,Capital transfers from general government to relevant sectors representing taxes and social contributions assessed but unlikely to be collected,PC_GDP,0.1,,2026-07-21T11:00:00+0200
EU27_2020,European Union - 27 countries (from 2020),1997,P2,Intermediate consumption,MIO_EUR,344033.9,,2026-07-21T11:00:00+0200
EU27_2020,European Union - 27 countries (from 2020),1997,P2,Intermediate consumption,PC_GDP,5,,2026-07-21T11:00:00+0200
EU27_2020,European Union - 27 countries (from 2020),1997,P51G,Gross fixed capital formation,MIO_EUR,219552.8,,2026-07-21T11:00:00+0200
EU27_2020,European Union - 27 countries (from 2020),1997,P51G,Gross fixed capital formation,PC_GDP,3.2,,2026-07-21T11:00:00+0200
EU27_2020,European Union - 27 countries (from 2020),1997,TE,Total general government expenditure,MIO_EUR,3394517.7,,2026-07-21T11:00:00+0200
EU27_2020,European Union - 27 countries (from 2020),1997,TE,Total general government expenditure,PC_GDP,49.7,,2026-07-21T11:00:00+0200
EU27_2020,European Union - 27 countries (from 2020),1997,TR,Total general government revenue,MIO_EUR,3187830.4,,2026-07-21T11:00:00+0200
EU27_2020,European Union - 27 countries (from 2020),1997,TR,Total general government revenue,PC_GDP,46.7,,2026-07-21T11:00:00+0200
EU27_2020,European Union - 27 countries (from 2020),1998,B9,Net lending (+)/net borrowing (-),MIO_EUR,-169770.5,,2026-07-21T11:00:00+0200
EU27_2020,European Union - 27 countries (from 2020),1998,B9,Net lending (+)/net borrowing (-),PC_GDP,-2.4,,2026-07-21T11:00:00+0200
EU27_2020,European Union - 27 countries (from 2020),1998,D1PAY,"Compensation of employees, expenditure",MIO_EUR,758547.3,,2026-07-21T11:00:00+0200
EU27_2020,European Union - 27 countries (from 2020),1998,D1PAY,"Compensation of employees, expenditure",PC_GDP,10.7,,2026-07-21T11:00:00+0200
EU27_2020,European Union - 27 countries (from 2020),1998,D2REC,"Taxes on production and imports, revenue",MIO_EUR,954743.9,,2026-07-21T11:00:00+0200
EU27_2020,European Union - 27 countries (from 2020),1998,D2REC,"Taxes on production and imports, revenue",PC_GDP,13.4,,2026-07-21T11:00:00+0200
EU27_2020,European Union - 27 countries (from 2020),1998,D3PAY,"Subsidies, expenditure",MIO_EUR,107853.1,,2026-07-21T11:00:00+0200
EU27_2020,European Union - 27 countries (from 2020),1998,D3PAY,"Subsidies, expenditure",PC_GDP,1.5,,2026-07-21T11:00:00+0200
EU27_2020,European Union - 27 countries (from 2020),1998,D41PAY,"Interest, expenditure",MIO_EUR,317202.5,,2026-07-21T11:00:00+0200
EU27_2020,European Union - 27 countries (from 2020),1998,D41PAY,"Interest, expenditure",PC_GDP,4.5,,2026-07-21T11:00:00+0200
EU27_2020,European Union - 27 countries (from 2020),1998,D5REC,"Current taxes on income, wealth, etc., revenue",MIO_EUR,894821.1,,2026-07-21T11:00:00+0200
EU27_2020,European Union - 27 countries (from 2020),1998,D5REC,"Current taxes on income, wealth, etc., revenue",PC_GDP,12.6,,2026-07-21T11:00:00+0200
EU27_2020,European Union - 27 countries (from 2020),1998,D61REC,"Net social contributions, revenue",MIO_EUR,1054981.2,,2026-07-21T11:00:00+0200
EU27_2020,European Union - 27 countries (from 2020),1998,D61REC,"Net social contributions, revenue",PC_GDP,14.8,,2026-07-21T11:00:00+0200
EU27_2020,European Union - 27 countries (from 2020),1998,D62PAY,"Social benefits other than social transfers in kind, expenditure",MIO_EUR,1136952.6,,2026-07-21T11:00:00+0200
EU27_2020,European Union - 27 countries (from 2020),1998,D62PAY,"Social benefits other than social transfers in kind, expenditure",PC_GDP,16,,2026-07-21T11:00:00+0200
EU27_2020,European Union - 27 countries (from 2020),1998,D632PAY,"Social transfers in kind, purchased market production, expenditure",MIO_EUR,309303.4,,2026-07-21T11:00:00+0200
EU27_2020,European Union - 27 countries (from 2020),1998,D632PAY,"Social transfers in kind, purchased market production, expenditure",PC_GDP,4.3,,2026-07-21T11:00:00+0200
EU27_2020,European Union - 27 countries (from 2020),1998,D91REC,"Capital taxes, revenue",MIO_EUR,18093.1,,2026-07-21T11:00:00+0200
EU27_2020,European Union - 27 countries (from 2020),1998,D91REC,"Capital taxes, revenue",PC_GDP,0.3,,2026-07-21T11:00:00+0200
EU27_2020,European Union - 27 countries (from 2020),1998,D995REC,Capital transfers from general government to relevant sectors representing taxes and social contributions assessed but unlikely to be collected,MIO_EUR,3815.6,,2026-07-21T11:00:00+0200
EU27_2020,European Union - 27 countries (from 2020),1998,D995REC,Capital transfers from general government to relevant sectors representing taxes and social contributions assessed but unlikely to be collected,PC_GDP,0.1,,2026-07-21T11:00:00+0200
EU27_2020,European Union - 27 countries (from 2020),1998,P2,Intermediate consumption,MIO_EUR,351178.5,,2026-07-21T11:00:00+0200
EU27_2020,European Union - 27 countries (from 2020),1998,P2,Intermediate consumption,PC_GDP,4.9,,2026-07-21T11:00:00+0200
EU27_2020,European Union - 27 countries (from 2020),1998,P51G,Gross fixed capital formation,MIO_EUR,228296.4,,2026-07-21T11:00:00+0200
EU27_2020,European Union - 27 countries (from 2020),1998,P51G,Gross fixed capital formation,PC_GDP,3.2,,2026-07-21T11:00:00+0200
EU27_2020,European Union - 27 countries (from 2020),1998,TE,Total general government expenditure,MIO_EUR,3468649.2,,2026-07-21T11:00:00+0200
EU27_2020,European Union - 27 countries (from 2020),1998,TE,Total general government expenditure,PC_GDP,48.8,,2026-07-21T11:00:00+0200
EU27_2020,European Union - 27 countries (from 2020),1998,TR,Total general government revenue,MIO_EUR,3298878.5,,2026-07-21T11:00:00+0200
EU27_2020,European Union - 27 countries (from 2020),1998,TR,Total general government revenue,PC_GDP,46.4,,2026-07-21T11:00:00+0200
EU27_2020,European Union - 27 countries (from 2020),1999,B9,Net lending (+)/net borrowing (-),MIO_EUR,-111413,,2026-07-21T11:00:00+0200
EU27_2020,European Union - 27 countries (from 2020),1999,B9,Net lending (+)/net borrowing (-),PC_GDP,-1.5,,2026-07-21T11:00:00+0200
EU27_2020,European Union - 27 countries (from 2020),1999,D1PAY,"Compensation of employees, expenditure",MIO_EUR,797977.7,,2026-07-21T11:00:00+0200
EU27_2020,European Union - 27 countries (from 2020),1999,D1PAY,"Compensation of employees, expenditure",PC_GDP,10.7,,2026-07-21T11:00:00+0200
EU27_2020,European Union - 27 countries (from 2020),1999,D2REC,"Taxes on production and imports, revenue",MIO_EUR,1012315.6,,2026-07-21T11:00:00+0200
EU27_2020,European Union - 27 countries (from 2020),1999,D2REC,"Taxes on production and imports, revenue",PC_GDP,13.6,,2026-07-21T11:00:00+0200
EU27_2020,European Union - 27 countries (from 2020),1999,D3PAY,"Subsidies, expenditure",MIO_EUR,106488.9,,2026-07-21T11:00:00+0200
EU27_2020,European Union - 27 countries (from 2020),1999,D3PAY,"Subsidies, expenditure",PC_GDP,1.4,,2026-07-21T11:00:00+0200
EU27_2020,European Union - 27 countries (from 2020),1999,D41PAY,"Interest, expenditure",MIO_EUR,292925.7,,2026-07-21T11:00:00+0200
EU27_2020,European Union - 27 countries (from 2020),1999,D41PAY,"Interest, expenditure",PC_GDP,3.9,,2026-07-21T11:00:00+0200
EU27_2020,European Union - 27 countries (from 2020),1999,D5REC,"Current taxes on income, wealth, etc., revenue",MIO_EUR,956293.5,,2026-07-21T11:00:00+0200
EU27_2020,European Union - 27 countries (from 2020),1999,D5REC,"Current taxes on income, wealth, etc., revenue",PC_GDP,12.8,,2026-07-21T11:00:00+0200
EU27_2020,European Union - 27 countries (from 2020),1999,D61REC,"Net social contributions, revenue",MIO_EUR,1105821.2,,2026-07-21T11:00:00+0200
EU27_2020,European Union - 27 countries (from 2020),1999,D61REC,"Net social contributions, revenue",PC_GDP,14.9,,2026-07-21T11:00:00+0200
EU27_2020,European Union - 27 countries (from 2020),1999,D62PAY,"Social benefits other than social transfers in kind, expenditure",MIO_EUR,1185050.5,,2026-07-21T11:00:00+0200
EU27_2020,European Union - 27 countries (from 2020),1999,D62PAY,"Social benefits other than social transfers in kind, expenditure",PC_GDP,15.9,,2026-07-21T11:00:00+0200
EU27_2020,European Union - 27 countries (from 2020),1999,D632PAY,"Social transfers in kind, purchased market production, expenditure",MIO_EUR,327429.2,,2026-07-21T11:00:00+0200
EU27_2020,European Union - 27 countries (from 2020),1999,D632PAY,"Social transfers in kind, purchased market production, expenditure",PC_GDP,4.4,,2026-07-21T11:00:00+0200
EU27_2020,European Union - 27 countries (from 2020),1999,D91REC,"Capital taxes, revenue",MIO_EUR,17453.2,,2026-07-21T11:00:00+0200
EU27_2020,European Union - 27 countries (from 2020),1999,D91REC,"Capital taxes, revenue",PC_GDP,0.2,,2026-07-21T11:00:00+0200
EU27_2020,European Union - 27 countries (from 2020),1999,D995REC,Capital transfers from general government to relevant sectors representing taxes and social contributions assessed but unlikely to be collected,MIO_EUR,4025.9,,2026-07-21T11:00:00+0200
EU27_2020,European Union - 27 countries (from 2020),1999,D995REC,Capital transfers from general government to relevant sectors representing taxes and social contributions assessed but unlikely to be collected,PC_GDP,0.1,,2026-07-21T11:00:00+0200
EU27_2020,European Union - 27 countries (from 2020),1999,P2,Intermediate consumption,MIO_EUR,377739.8,,2026-07-21T11:00:00+0200
EU27_2020,European Union - 27 countries (from 2020),1999,P2,Intermediate consumption,PC_GDP,5.1,,2026-07-21T11:00:00+0200
EU27_2020,European Union - 27 countries (from 2020),1999,P51G,Gross fixed capital formation,MIO_EUR,249788.9,,2026-07-21T11:00:00+0200
EU27_2020,European Union - 27 countries (from 2020),1999,P51G,Gross fixed capital formation,PC_GDP,3.4,,2026-07-21T11:00:00+0200
EU27_2020,European Union - 27 countries (from 2020),1999,TE,Total general government expenditure,MIO_EUR,3598645.2,,2026-07-21T11:00:00+0200
EU27_2020,European Union - 27 countries (from 2020),1999,TE,Total general government expenditure,PC_GDP,48.4,,2026-07-21T11:00:00+0200
EU27_2020,European Union - 27 countries (from 2020),1999,TR,Total general government revenue,MIO_EUR,3487232.6,,2026-07-21T11:00:00+0200
EU27_2020,European Union - 27 countries (from 2020),1999,TR,Total general government revenue,PC_GDP,46.9,,2026-07-21T11:00:00+0200
EU27_2020,European Union - 27 countries (from 2020),2000,B9,Net lending (+)/net borrowing (-),MIO_EUR,-95655.1,,2026-07-21T11:00:00+0200
EU27_2020,European Union - 27 countries (from 2020),2000,B9,Net lending (+)/net borrowing (-),PC_GDP,-1.2,,2026-07-21T11:00:00+0200
EU27_2020,European Union - 27 countries (from 2020),2000,D1PAY,"Compensation of employees, expenditure",MIO_EUR,833087.1,,2026-07-21T11:00:00+0200
EU27_2020,European Union - 27 countries (from 2020),2000,D1PAY,"Compensation of employees, expenditure",PC_GDP,10.6,,2026-07-21T11:00:00+0200
EU27_2020,European Union - 27 countries (from 2020),2000,D2REC,"Taxes on production and imports, revenue",MIO_EUR,1052045.9,,2026-07-21T11:00:00+0200
EU27_2020,European Union - 27 countries (from 2020),2000,D2REC,"Taxes on production and imports, revenue",PC_GDP,13.3,,2026-07-21T11:00:00+0200
EU27_2020,European Union - 27 countries (from 2020),2000,D3PAY,"Subsidies, expenditure",MIO_EUR,107641.7,,2026-07-21T11:00:00+0200
EU27_2020,European Union - 27 countries (from 2020),2000,D3PAY,"Subsidies, expenditure",PC_GDP,1.4,,2026-07-21T11:00:00+0200
EU27_2020,European Union - 27 countries (from 2020),2000,D41PAY,"Interest, expenditure",MIO_EUR,297612.3,,2026-07-21T11:00:00+0200
EU27_2020,European Union - 27 countries (from 2020),2000,D41PAY,"Interest, expenditure",PC_GDP,3.8,,2026-07-21T11:00:00+0200
EU27_2020,European Union - 27 countries (from 2020),2000,D5REC,"Current taxes on income, wealth, etc., revenue",MIO_EUR,1016447.6,,2026-07-21T11:00:00+0200
EU27_2020,European Union - 27 countries (from 2020),2000,D5REC,"Current taxes on income, wealth, etc., revenue",PC_GDP,12.9,,2026-07-21T11:00:00+0200
EU27_2020,European Union - 27 countries (from 2020),2000,D61REC,"Net social contributions, revenue",MIO_EUR,1145696.7,,2026-07-21T11:00:00+0200
EU27_2020,European Union - 27 countries (from 2020),2000,D61REC,"Net social contributions, revenue",PC_GDP,14.5,,2026-07-21T11:00:00+0200
EU27_2020,European Union - 27 countries (from 2020),2000,D62PAY,"Social benefits other than social transfers in kind, expenditure",MIO_EUR,1215413.4,,2026-07-21T11:00:00+0200
EU27_2020,European Union - 27 countries (from 2020),2000,D62PAY,"Social benefits other than social transfers in kind, expenditure",PC_GDP,15.4,,2026-07-21T11:00:00+0200
EU27_2020,European Union - 27 countries (from 2020),2000,D632PAY,"Social transfers in kind, purchased market production, expenditure",MIO_EUR,347255.2,,2026-07-21T11:00:00+0200
EU27_2020,European Union - 27 countries (from 2020),2000,D632PAY,"Social transfers in kind, purchased market production, expenditure",PC_GDP,4.4,,2026-07-21T11:00:00+0200
EU27_2020,European Union - 27 countries (from 2020),2000,D91REC,"Capital taxes, revenue",MIO_EUR,18487.8,,2026-07-21T11:00:00+0200
EU27_2020,European Union - 27 countries (from 2020),2000,D91REC,"Capital taxes, revenue",PC_GDP,0.2,,2026-07-21T11:00:00+0200
EU27_2020,European Union - 27 countries (from 2020),2000,D995REC,Capital transfers from general government to relevant sectors representing taxes and social contributions assessed but unlikely to be collected,MIO_EUR,4156.5,,2026-07-21T11:00:00+0200
EU27_2020,European Union - 27 countries (from 2020),2000,D995REC,Capital transfers from general government to relevant sectors representing taxes and social contributions assessed but unlikely to be collected,PC_GDP,0.1,,2026-07-21T11:00:00+0200
EU27_2020,European Union - 27 countries (from 2020),2000,P2,Intermediate consumption,MIO_EUR,398862.8,,2026-07-21T11:00:00+0200
EU27_2020,European Union - 27 countries (from 2020),2000,P2,Intermediate consumption,PC_GDP,5.1,,2026-07-21T11:00:00+0200
EU27_2020,European Union - 27 countries (from 2020),2000,P51G,Gross fixed capital formation,MIO_EUR,261218.5,,2026-07-21T11:00:00+0200
EU27_2020,European Union - 27 countries (from 2020),2000,P51G,Gross fixed capital formation,PC_GDP,3.3,,2026-07-21T11:00:00+0200
EU27_2020,European Union - 27 countries (from 2020),2000,TE,Total general government expenditure,MIO_EUR,3739619.2,,2026-07-21T11:00:00+0200
EU27_2020,European Union - 27 countries (from 2020),2000,TE,Total general government expenditure,PC_GDP,47.4,,2026-07-21T11:00:00+0200
EU27_2020,European Union - 27 countries (from 2020),2000,TR,Total general government revenue,MIO_EUR,3643964.3,,2026-07-21T11:00:00+0200
EU27_2020,European Union - 27 countries (from 2020),2000,TR,Total general government revenue,PC_GDP,46.2,,2026-07-21T11:00:00+0200
EU27_2020,European Union - 27 countries (from 2020),2001,B9,Net lending (+)/net borrowing (-),MIO_EUR,-161093.2,,2026-07-21T11:00:00+0200
EU27_2020,European Union - 27 countries (from 2020),2001,B9,Net lending (+)/net borrowing (-),PC_GDP,-2,,2026-07-21T11:00:00+0200
EU27_2020,European Union - 27 countries (from 2020),2001,D1PAY,"Compensation of employees, expenditure",MIO_EUR,870272.4,,2026-07-21T11:00:00+0200
EU27_2020,European Union - 27 countries (from 2020),2001,D1PAY,"Compensation of employees, expenditure",PC_GDP,10.5,,2026-07-21T11:00:00+0200
EU27_2020,European Union - 27 countries (from 2020),2001,D2REC,"Taxes on production and imports, revenue",MIO_EUR,1081352.6,,2026-07-21T11:00:00+0200
EU27_2020,European Union - 27 countries (from 2020),2001,D2REC,"Taxes on production and imports, revenue",PC_GDP,13.1,,2026-07-21T11:00:00+0200
EU27_2020,European Union - 27 countries (from 2020),2001,D3PAY,"Subsidies, expenditure",MIO_EUR,112338.7,,2026-07-21T11:00:00+0200
EU27_2020,European Union - 27 countries (from 2020),2001,D3PAY,"Subsidies, expenditure",PC_GDP,1.4,,2026-07-21T11:00:00+0200
EU27_2020,European Union - 27 countries (from 2020),2001,D41PAY,"Interest, expenditure",MIO_EUR,300291,,2026-07-21T11:00:00+0200
EU27_2020,European Union - 27 countries (from 2020),2001,D41PAY,"Interest, expenditure",PC_GDP,3.6,,2026-07-21T11:00:00+0200
EU27_2020,European Union - 27 countries (from 2020),2001,D5REC,"Current taxes on income, wealth, etc., revenue",MIO_EUR,1020201.4,,2026-07-21T11:00:00+0200
EU27_2020,European Union - 27 countries (from 2020),2001,D5REC,"Current taxes on income, wealth, etc., revenue",PC_GDP,12.4,,2026-07-21T11:00:00+0200
EU27_2020,European Union - 27 countries (from 2020),2001,D61REC,"Net social contributions, revenue",MIO_EUR,1189836.8,,2026-07-21T11:00:00+0200
EU27_2020,European Union - 27 countries (from 2020),2001,D61REC,"Net social contributions, revenue",PC_GDP,14.4,,2026-07-21T11:00:00+0200
EU27_2020,European Union - 27 countries (from 2020),2001,D62PAY,"Social benefits other than social transfers in kind, expenditure",MIO_EUR,1271993.4,,2026-07-21T11:00:00+0200
EU27_2020,European Union - 27 countries (from 2020),2001,D62PAY,"Social benefits other than social transfers in kind, expenditure",PC_GDP,15.4,,2026-07-21T11:00:00+0200
EU27_2020,European Union - 27 countries (from 2020),2001,D632PAY,"Social transfers in kind, purchased market production, expenditure",MIO_EUR,368674.1,,2026-07-21T11:00:00+0200
EU27_2020,European Union - 27 countries (from 2020),2001,D632PAY,"Social transfers in kind, purchased market production, expenditure",PC_GDP,4.5,,2026-07-21T11:00:00+0200
EU27_2020,European Union - 27 countries (from 2020),2001,D91REC,"Capital taxes, revenue",MIO_EUR,18780.2,,2026-07-21T11:00:00+0200
EU27_2020,European Union - 27 countries (from 2020),2001,D91REC,"Capital taxes, revenue",PC_GDP,0.2,,2026-07-21T11:00:00+0200
EU27_2020,European Union - 27 countries (from 2020),2001,D995REC,Capital transfers from general government to relevant sectors representing taxes and social contributions assessed but unlikely to be collected,MIO_EUR,4682.7,,2026-07-21T11:00:00+0200
EU27_2020,European Union - 27 countries (from 2020),2001,D995REC,Capital transfers from general government to relevant sectors representing taxes and social contributions assessed but unlikely to be collected,PC_GDP,0.1,,2026-07-21T11:00:00+0200
EU27_2020,European Union - 27 countries (from 2020),2001,P2,Intermediate consumption,MIO_EUR,422579.8,,2026-07-21T11:00:00+0200
EU27_2020,European Union - 27 countries (from 2020),2001,P2,Intermediate consumption,PC_GDP,5.1,,2026-07-21T11:00:00+0200
EU27_2020,European Union - 27 countries (from 2020),2001,P51G,Gross fixed capital formation,MIO_EUR,276477.2,,2026-07-21T11:00:00+0200
EU27_2020,European Union - 27 countries (from 2020),2001,P51G,Gross fixed capital formation,PC_GDP,3.3,,2026-07-21T11:00:00+0200
EU27_2020,European Union - 27 countries (from 2020),2001,TE,Total general government expenditure,MIO_EUR,3916017,,2026-07-21T11:00:00+0200
EU27_2020,European Union - 27 countries (from 2020),2001,TE,Total general government expenditure,PC_GDP,47.4,,2026-07-21T11:00:00+0200
EU27_2020,European Union - 27 countries (from 2020),2001,TR,Total general government revenue,MIO_EUR,3754924.2,,2026-07-21T11:00:00+0200
EU27_2020,European Union - 27 countries (from 2020),2001,TR,Total general government revenue,PC_GDP,45.5,,2026-07-21T11:00:00+0200
EU27_2020,European Union - 27 countries (from 2020),2002,B9,Net lending (+)/net borrowing (-),MIO_EUR,-237709.6,,2026-07-21T11:00:00+0200
EU27_2020,European Union - 27 countries (from 2020),2002,B9,Net lending (+)/net borrowing (-),PC_GDP,-2.8,,2026-07-21T11:00:00+0200
EU27_2020,European Union - 27 countries (from 2020),2002,D1PAY,"Compensation of employees, expenditure",MIO_EUR,912803.5,,2026-07-21T11:00:00+0200
EU27_2020,European Union - 27 countries (from 2020),2002,D1PAY,"Compensation of employees, expenditure",PC_GDP,10.7,,2026-07-21T11:00:00+0200
EU27_2020,European Union - 27 countries (from 2020),2002,D2REC,"Taxes on production and imports, revenue",MIO_EUR,1124740.4,,2026-07-21T11:00:00+0200
EU27_2020,European Union - 27 countries (from 2020),2002,D2REC,"Taxes on production and imports, revenue",PC_GDP,13.1,,2026-07-21T11:00:00+0200
EU27_2020,European Union - 27 countries (from 2020),2002,D3PAY,"Subsidies, expenditure",MIO_EUR,115899.8,,2026-07-21T11:00:00+0200
EU27_2020,European Union - 27 countries (from 2020),2002,D3PAY,"Subsidies, expenditure",PC_GDP,1.4,,2026-07-21T11:00:00+0200
EU27_2020,European Union - 27 countries (from 2020),2002,D41PAY,"Interest, expenditure",MIO_EUR,290673.8,,2026-07-21T11:00:00+0200
EU27_2020,European Union - 27 countries (from 2020),2002,D41PAY,"Interest, expenditure",PC_GDP,3.4,,2026-07-21T11:00:00+0200
EU27_2020,European Union - 27 countries (from 2020),2002,D5REC,"Current taxes on income, wealth, etc., revenue",MIO_EUR,1023359.1,,2026-07-21T11:00:00+0200
EU27_2020,European Union - 27 countries (from 2020),2002,D5REC,"Current taxes on income, wealth, etc., revenue",PC_GDP,12,,2026-07-21T11:00:00+0200
EU27_2020,European Union - 27 countries (from 2020),2002,D61REC,"Net social contributions, revenue",MIO_EUR,1228155.8,,2026-07-21T11:00:00+0200
EU27_2020,European Union - 27 countries (from 2020),2002,D61REC,"Net social contributions, revenue",PC_GDP,14.3,,2026-07-21T11:00:00+0200
EU27_2020,European Union - 27 countries (from 2020),2002,D62PAY,"Social benefits other than social transfers in kind, expenditure",MIO_EUR,1338842.5,,2026-07-21T11:00:00+0200
EU27_2020,European Union - 27 countries (from 2020),2002,D62PAY,"Social benefits other than social transfers in kind, expenditure",PC_GDP,15.6,,2026-07-21T11:00:00+0200
EU27_2020,European Union - 27 countries (from 2020),2002,D632PAY,"Social transfers in kind, purchased market production, expenditure",MIO_EUR,392872.1,,2026-07-21T11:00:00+0200
EU27_2020,European Union - 27 countries (from 2020),2002,D632PAY,"Social transfers in kind, purchased market production, expenditure",PC_GDP,4.6,,2026-07-21T11:00:00+0200
EU27_2020,European Union - 27 countries (from 2020),2002,D91REC,"Capital taxes, revenue",MIO_EUR,21185.8,,2026-07-21T11:00:00+0200
EU27_2020,European Union - 27 countries (from 2020),2002,D91REC,"Capital taxes, revenue",PC_GDP,0.2,,2026-07-21T11:00:00+0200
EU27_2020,European Union - 27 countries (from 2020),2002,D995REC,Capital transfers from general government to relevant sectors representing taxes and social contributions assessed but unlikely to be collected,MIO_EUR,4457.7,,2026-07-21T11:00:00+0200
EU27_2020,European Union - 27 countries (from 2020),2002,D995REC,Capital transfers from general government to relevant sectors representing taxes and social contributions assessed but unlikely to be collected,PC_GDP,0.1,,2026-07-21T11:00:00+0200
EU27_2020,European Union - 27 countries (from 2020),2002,P2,Intermediate consumption,MIO_EUR,448575.7,,2026-07-21T11:00:00+0200
EU27_2020,European Union - 27 countries (from 2020),2002,P2,Intermediate consumption,PC_GDP,5.2,,2026-07-21T11:00:00+0200
EU27_2020,European Union - 27 countries (from 2020),2002,P51G,Gross fixed capital formation,MIO_EUR,284785.1,,2026-07-21T11:00:00+0200
EU27_2020,European Union - 27 countries (from 2020),2002,P51G,Gross fixed capital formation,PC_GDP,3.3,,2026-07-21T11:00:00+0200
EU27_2020,European Union - 27 countries (from 2020),2002,TE,Total general government expenditure,MIO_EUR,4089858.7,,2026-07-21T11:00:00+0200
EU27_2020,European Union - 27 countries (from 2020),2002,TE,Total general government expenditure,PC_GDP,47.8,,2026-07-21T11:00:00+0200
EU27_2020,European Union - 27 countries (from 2020),2002,TR,Total general government revenue,MIO_EUR,3852149.6,,2026-07-21T11:00:00+0200
EU27_2020,European Union - 27 countries (from 2020),2002,TR,Total general government revenue,PC_GDP,45,,2026-07-21T11:00:00+0200
EU27_2020,European Union - 27 countries (from 2020),2003,B9,Net lending (+)/net borrowing (-),MIO_EUR,-275762.6,,2026-07-21T11:00:00+0200
EU27_2020,European Union - 27 countries (from 2020),2003,B9,Net lending (+)/net borrowing (-),PC_GDP,-3.1,,2026-07-21T11:00:00+0200
EU27_2020,European Union - 27 countries (from 2020),2003,D1PAY,"Compensation of employees, expenditure",MIO_EUR,948506.4,,2026-07-21T11:00:00+0200
EU27_2020,European Union - 27 countries (from 2020),2003,D1PAY,"Compensation of employees, expenditure",PC_GDP,10.8,,2026-07-21T11:00:00+0200
EU27_2020,European Union - 27 countries (from 2020),2003,D2REC,"Taxes on production and imports, revenue",MIO_EUR,1156484.3,,2026-07-21T11:00:00+0200
EU27_2020,European Union - 27 countries (from 2020),2003,D2REC,"Taxes on production and imports, revenue",PC_GDP,13.2,,2026-07-21T11:00:00+0200
EU27_2020,European Union - 27 countries (from 2020),2003,D3PAY,"Subsidies, expenditure",MIO_EUR,115916.6,,2026-07-21T11:00:00+0200
EU27_2020,European Union - 27 countries (from 2020),2003,D3PAY,"Subsidies, expenditure",PC_GDP,1.3,,2026-07-21T11:00:00+0200
EU27_2020,European Union - 27 countries (from 2020),2003,D41PAY,"Interest, expenditure",MIO_EUR,276886.1,,2026-07-21T11:00:00+0200
EU27_2020,European Union - 27 countries (from 2020),2003,D41PAY,"Interest, expenditure",PC_GDP,3.1,,2026-07-21T11:00:00+0200
EU27_2020,European Union - 27 countries (from 2020),2003,D5REC,"Current taxes on income, wealth, etc., revenue",MIO_EUR,1024371.8,,2026-07-21T11:00:00+0200
EU27_2020,European Union - 27 countries (from 2020),2003,D5REC,"Current taxes on income, wealth, etc., revenue",PC_GDP,11.7,,2026-07-21T11:00:00+0200
EU27_2020,European Union - 27 countries (from 2020),2003,D61REC,"Net social contributions, revenue",MIO_EUR,1271553.6,,2026-07-21T11:00:00+0200
EU27_2020,European Union - 27 countries (from 2020),2003,D61REC,"Net social contributions, revenue",PC_GDP,14.5,,2026-07-21T11:00:00+0200
EU27_2020,European Union - 27 countries (from 2020),2003,D62PAY,"Social benefits other than social transfers in kind, expenditure",MIO_EUR,1394510,,2026-07-21T11:00:00+0200
EU27_2020,European Union - 27 countries (from 2020),2003,D62PAY,"Social benefits other than social transfers in kind, expenditure",PC_GDP,15.9,,2026-07-21T11:00:00+0200
EU27_2020,European Union - 27 countries (from 2020),2003,D632PAY,"Social transfers in kind, purchased market production, expenditure",MIO_EUR,412115.9,,2026-07-21T11:00:00+0200
EU27_2020,European Union - 27 countries (from 2020),2003,D632PAY,"Social transfers in kind, purchased market production, expenditure",PC_GDP,4.7,,2026-07-21T11:00:00+0200
EU27_2020,European Union - 27 countries (from 2020),2003,D91REC,"Capital taxes, revenue",MIO_EUR,36912.6,,2026-07-21T11:00:00+0200
EU27_2020,European Union - 27 countries (from 2020),2003,D91REC,"Capital taxes, revenue",PC_GDP,0.4,,2026-07-21T11:00:00+0200
EU27_2020,European Union - 27 countries (from 2020),2003,D995REC,Capital transfers from general government to relevant sectors representing taxes and social contributions assessed but unlikely to be collected,MIO_EUR,4777.2,,2026-07-21T11:00:00+0200
EU27_2020,European Union - 27 countries (from 2020),2003,D995REC,Capital transfers from general government to relevant sectors representing taxes and social contributions assessed but unlikely to be collected,PC_GDP,0.1,,2026-07-21T11:00:00+0200
EU27_2020,European Union - 27 countries (from 2020),2003,P2,Intermediate consumption,MIO_EUR,461779.7,,2026-07-21T11:00:00+0200
EU27_2020,European Union - 27 countries (from 2020),2003,P2,Intermediate consumption,PC_GDP,5.3,,2026-07-21T11:00:00+0200
EU27_2020,European Union - 27 countries (from 2020),2003,P51G,Gross fixed capital formation,MIO_EUR,305766.8,,2026-07-21T11:00:00+0200
EU27_2020,European Union - 27 countries (from 2020),2003,P51G,Gross fixed capital formation,PC_GDP,3.5,,2026-07-21T11:00:00+0200
EU27_2020,European Union - 27 countries (from 2020),2003,TE,Total general government expenditure,MIO_EUR,4232079.8,,2026-07-21T11:00:00+0200
EU27_2020,European Union - 27 countries (from 2020),2003,TE,Total general government expenditure,PC_GDP,48.1,,2026-07-21T11:00:00+0200
EU27_2020,European Union - 27 countries (from 2020),2003,TR,Total general government revenue,MIO_EUR,3956317.1,,2026-07-21T11:00:00+0200
EU27_2020,European Union - 27 countries (from 2020),2003,TR,Total general government revenue,PC_GDP,45,,2026-07-21T11:00:00+0200
EU27_2020,European Union - 27 countries (from 2020),2004,B9,Net lending (+)/net borrowing (-),MIO_EUR,-251429.1,,2026-07-21T11:00:00+0200
EU27_2020,European Union - 27 countries (from 2020),2004,B9,Net lending (+)/net borrowing (-),PC_GDP,-2.7,,2026-07-21T11:00:00+0200
EU27_2020,European Union - 27 countries (from 2020),2004,D1PAY,"Compensation of employees, expenditure",MIO_EUR,978125.7,,2026-07-21T11:00:00+0200
EU27_2020,European Union - 27 countries (from 2020),2004,D1PAY,"Compensation of employees, expenditure",PC_GDP,10.6,,2026-07-21T11:00:00+0200
EU27_2020,European Union - 27 countries (from 2020),2004,D2REC,"Taxes on production and imports, revenue",MIO_EUR,1210245.7,,2026-07-21T11:00:00+0200
EU27_2020,European Union - 27 countries (from 2020),2004,D2REC,"Taxes on production and imports, revenue",PC_GDP,13.2,,2026-07-21T11:00:00+0200
EU27_2020,European Union - 27 countries (from 2020),2004,D3PAY,"Subsidies, expenditure",MIO_EUR,114600.1,,2026-07-21T11:00:00+0200
EU27_2020,European Union - 27 countries (from 2020),2004,D3PAY,"Subsidies, expenditure",PC_GDP,1.2,,2026-07-21T11:00:00+0200
EU27_2020,European Union - 27 countries (from 2020),2004,D41PAY,"Interest, expenditure",MIO_EUR,272240.1,,2026-07-21T11:00:00+0200
EU27_2020,European Union - 27 countries (from 2020),2004,D41PAY,"Interest, expenditure",PC_GDP,3,,2026-07-21T11:00:00+0200
EU27_2020,European Union - 27 countries (from 2020),2004,D5REC,"Current taxes on income, wealth, etc., revenue",MIO_EUR,1073373.8,,2026-07-21T11:00:00+0200
EU27_2020,European Union - 27 countries (from 2020),2004,D5REC,"Current taxes on income, wealth, etc., revenue",PC_GDP,11.7,,2026-07-21T11:00:00+0200
EU27_2020,European Union - 27 countries (from 2020),2004,D61REC,"Net social contributions, revenue",MIO_EUR,1307901.5,,2026-07-21T11:00:00+0200
EU27_2020,European Union - 27 countries (from 2020),2004,D61REC,"Net social contributions, revenue",PC_GDP,14.2,,2026-07-21T11:00:00+0200
EU27_2020,European Union - 27 countries (from 2020),2004,D62PAY,"Social benefits other than social transfers in kind, expenditure",MIO_EUR,1442394,,2026-07-21T11:00:00+0200
EU27_2020,European Union - 27 countries (from 2020),2004,D62PAY,"Social benefits other than social transfers in kind, expenditure",PC_GDP,15.7,,2026-07-21T11:00:00+0200
EU27_2020,European Union - 27 countries (from 2020),2004,D632PAY,"Social transfers in kind, purchased market production, expenditure",MIO_EUR,426157,,2026-07-21T11:00:00+0200
EU27_2020,European Union - 27 countries (from 2020),2004,D632PAY,"Social transfers in kind, purchased market production, expenditure",PC_GDP,4.6,,2026-07-21T11:00:00+0200
EU27_2020,European Union - 27 countries (from 2020),2004,D91REC,"Capital taxes, revenue",MIO_EUR,31034.6,,2026-07-21T11:00:00+0200
EU27_2020,European Union - 27 countries (from 2020),2004,D91REC,"Capital taxes, revenue",PC_GDP,0.3,,2026-07-21T11:00:00+0200
EU27_2020,European Union - 27 countries (from 2020),2004,D995REC,Capital transfers from general government to relevant sectors representing taxes and social contributions assessed but unlikely to be collected,MIO_EUR,4691.6,,2026-07-21T11:00:00+0200
EU27_2020,European Union - 27 countries (from 2020),2004,D995REC,Capital transfers from general government to relevant sectors representing taxes and social contributions assessed but unlikely to be collected,PC_GDP,0.1,,2026-07-21T11:00:00+0200
EU27_2020,European Union - 27 countries (from 2020),2004,P2,Intermediate consumption,MIO_EUR,483765.6,,2026-07-21T11:00:00+0200
EU27_2020,European Union - 27 countries (from 2020),2004,P2,Intermediate consumption,PC_GDP,5.3,,2026-07-21T11:00:00+0200
EU27_2020,European Union - 27 countries (from 2020),2004,P51G,Gross fixed capital formation,MIO_EUR,310220.5,,2026-07-21T11:00:00+0200
EU27_2020,European Union - 27 countries (from 2020),2004,P51G,Gross fixed capital formation,PC_GDP,3.4,,2026-07-21T11:00:00+0200
EU27_2020,European Union - 27 countries (from 2020),2004,TE,Total general government expenditure,MIO_EUR,4359715.7,,2026-07-21T11:00:00+0200
EU27_2020,European Union - 27 countries (from 2020),2004,TE,Total general government expenditure,PC_GDP,47.4,,2026-07-21T11:00:00+0200
EU27_2020,European Union - 27 countries (from 2020),2004,TR,Total general government revenue,MIO_EUR,4108286.4,,2026-07-21T11:00:00+0200
EU27_2020,European Union - 27 countries (from 2020),2004,TR,Total general government revenue,PC_GDP,44.7,,2026-07-21T11:00:00+0200
EU27_2020,European Union - 27 countries (from 2020),2005,B9,Net lending (+)/net borrowing (-),MIO_EUR,-229207,,2026-07-21T11:00:00+0200
EU27_2020,European Union - 27 countries (from 2020),2005,B9,Net lending (+)/net borrowing (-),PC_GDP,-2.4,,2026-07-21T11:00:00+0200
EU27_2020,European Union - 27 countries (from 2020),2005,D1PAY,"Compensation of employees, expenditure",MIO_EUR,1019662.1,,2026-07-21T11:00:00+0200
EU27_2020,European Union - 27 countries (from 2020),2005,D1PAY,"Compensation of employees, expenditure",PC_GDP,10.6,,2026-07-21T11:00:00+0200
EU27_2020,European Union - 27 countries (from 2020),2005,D2REC,"Taxes on production and imports, revenue",MIO_EUR,1277534.6,,2026-07-21T11:00:00+0200
EU27_2020,European Union - 27 countries (from 2020),2005,D2REC,"Taxes on production and imports, revenue",PC_GDP,13.3,,2026-07-21T11:00:00+0200
EU27_2020,European Union - 27 countries (from 2020),2005,D3PAY,"Subsidies, expenditure",MIO_EUR,114957,,2026-07-21T11:00:00+0200
EU27_2020,European Union - 27 countries (from 2020),2005,D3PAY,"Subsidies, expenditure",PC_GDP,1.2,,2026-07-21T11:00:00+0200
EU27_2020,European Union - 27 countries (from 2020),2005,D41PAY,"Interest, expenditure",MIO_EUR,271742.8,,2026-07-21T11:00:00+0200
EU27_2020,European Union - 27 countries (from 2020),2005,D41PAY,"Interest, expenditure",PC_GDP,2.8,,2026-07-21T11:00:00+0200
EU27_2020,European Union - 27 countries (from 2020),2005,D5REC,"Current taxes on income, wealth, etc., revenue",MIO_EUR,1144900.3,,2026-07-21T11:00:00+0200
EU27_2020,European Union - 27 countries (from 2020),2005,D5REC,"Current taxes on income, wealth, etc., revenue",PC_GDP,11.9,,2026-07-21T11:00:00+0200
EU27_2020,European Union - 27 countries (from 2020),2005,D61REC,"Net social contributions, revenue",MIO_EUR,1352058.2,,2026-07-21T11:00:00+0200
EU27_2020,European Union - 27 countries (from 2020),2005,D61REC,"Net social contributions, revenue",PC_GDP,14.1,,2026-07-21T11:00:00+0200
EU27_2020,European Union - 27 countries (from 2020),2005,D62PAY,"Social benefits other than social transfers in kind, expenditure",MIO_EUR,1494089.8,,2026-07-21T11:00:00+0200
EU27_2020,European Union - 27 countries (from 2020),2005,D62PAY,"Social benefits other than social transfers in kind, expenditure",PC_GDP,15.6,,2026-07-21T11:00:00+0200
EU27_2020,European Union - 27 countries (from 2020),2005,D632PAY,"Social transfers in kind, purchased market production, expenditure",MIO_EUR,443976.2,,2026-07-21T11:00:00+0200
EU27_2020,European Union - 27 countries (from 2020),2005,D632PAY,"Social transfers in kind, purchased market production, expenditure",PC_GDP,4.6,,2026-07-21T11:00:00+0200
EU27_2020,European Union - 27 countries (from 2020),2005,D91REC,"Capital taxes, revenue",MIO_EUR,25429.3,,2026-07-21T11:00:00+0200
EU27_2020,European Union - 27 countries (from 2020),2005,D91REC,"Capital taxes, revenue",PC_GDP,0.3,,2026-07-21T11:00:00+0200
EU27_2020,European Union - 27 countries (from 2020),2005,D995REC,Capital transfers from general government to relevant sectors representing taxes and social contributions assessed but unlikely to be collected,MIO_EUR,4994.6,,2026-07-21T11:00:00+0200
EU27_2020,European Union - 27 countries (from 2020),2005,D995REC,Capital transfers from general government to relevant sectors representing taxes and social contributions assessed but unlikely to be collected,PC_GDP,0.1,,2026-07-21T11:00:00+0200
EU27_2020,European Union - 27 countries (from 2020),2005,P2,Intermediate consumption,MIO_EUR,511361.8,,2026-07-21T11:00:00+0200
EU27_2020,European Union - 27 countries (from 2020),2005,P2,Intermediate consumption,PC_GDP,5.3,,2026-07-21T11:00:00+0200
EU27_2020,European Union - 27 countries (from 2020),2005,P51G,Gross fixed capital formation,MIO_EUR,325765.9,,2026-07-21T11:00:00+0200
EU27_2020,European Union - 27 countries (from 2020),2005,P51G,Gross fixed capital formation,PC_GDP,3.4,,2026-07-21T11:00:00+0200
EU27_2020,European Union - 27 countries (from 2020),2005,TE,Total general government expenditure,MIO_EUR,4534629.2,,2026-07-21T11:00:00+0200
EU27_2020,European Union - 27 countries (from 2020),2005,TE,Total general government expenditure,PC_GDP,47.2,,2026-07-21T11:00:00+0200
EU27_2020,European Union - 27 countries (from 2020),2005,TR,Total general government revenue,MIO_EUR,4305422.3,,2026-07-21T11:00:00+0200
EU27_2020,European Union - 27 countries (from 2020),2005,TR,Total general government revenue,PC_GDP,44.8,,2026-07-21T11:00:00+0200
EU27_2020,European Union - 27 countries (from 2020),2006,B9,Net lending (+)/net borrowing (-),MIO_EUR,-145598.5,,2026-07-21T11:00:00+0200
EU27_2020,European Union - 27 countries (from 2020),2006,B9,Net lending (+)/net borrowing (-),PC_GDP,-1.4,,2026-07-21T11:00:00+0200
EU27_2020,European Union - 27 countries (from 2020),2006,D1PAY,"Compensation of employees, expenditure",MIO_EUR,1058890.1,,2026-07-21T11:00:00+0200
EU27_2020,European Union - 27 countries (from 2020),2006,D1PAY,"Compensation of employees, expenditure",PC_GDP,10.4,,2026-07-21T11:00:00+0200
EU27_2020,European Union - 27 countries (from 2020),2006,D2REC,"Taxes on production and imports, revenue",MIO_EUR,1357673.6,,2026-07-21T11:00:00+0200
EU27_2020,European Union - 27 countries (from 2020),2006,D2REC,"Taxes on production and imports, revenue",PC_GDP,13.4,,2026-07-21T11:00:00+0200
EU27_2020,European Union - 27 countries (from 2020),2006,D3PAY,"Subsidies, expenditure",MIO_EUR,123409.5,,2026-07-21T11:00:00+0200
EU27_2020,European Union - 27 countries (from 2020),2006,D3PAY,"Subsidies, expenditure",PC_GDP,1.2,,2026-07-21T11:00:00+0200
EU27_2020,European Union - 27 countries (from 2020),2006,D41PAY,"Interest, expenditure",MIO_EUR,276127.3,,2026-07-21T11:00:00+0200
EU27_2020,European Union - 27 countries (from 2020),2006,D41PAY,"Interest, expenditure",PC_GDP,2.7,,2026-07-21T11:00:00+0200
EU27_2020,European Union - 27 countries (from 2020),2006,D5REC,"Current taxes on income, wealth, etc., revenue",MIO_EUR,1256921.5,,2026-07-21T11:00:00+0200
EU27_2020,European Union - 27 countries (from 2020),2006,D5REC,"Current taxes on income, wealth, etc., revenue",PC_GDP,12.4,,2026-07-21T11:00:00+0200
EU27_2020,European Union - 27 countries (from 2020),2006,D61REC,"Net social contributions, revenue",MIO_EUR,1410732.4,,2026-07-21T11:00:00+0200
EU27_2020,European Union - 27 countries (from 2020),2006,D61REC,"Net social contributions, revenue",PC_GDP,13.9,,2026-07-21T11:00:00+0200
EU27_2020,European Union - 27 countries (from 2020),2006,D62PAY,"Social benefits other than social transfers in kind, expenditure",MIO_EUR,1545273.1,,2026-07-21T11:00:00+0200
EU27_2020,European Union - 27 countries (from 2020),2006,D62PAY,"Social benefits other than social transfers in kind, expenditure",PC_GDP,15.2,,2026-07-21T11:00:00+0200
EU27_2020,European Union - 27 countries (from 2020),2006,D632PAY,"Social transfers in kind, purchased market production, expenditure",MIO_EUR,472485,,2026-07-21T11:00:00+0200
EU27_2020,European Union - 27 countries (from 2020),2006,D632PAY,"Social transfers in kind, purchased market production, expenditure",PC_GDP,4.7,,2026-07-21T11:00:00+0200
EU27_2020,European Union - 27 countries (from 2020),2006,D91REC,"Capital taxes, revenue",MIO_EUR,23591.2,,2026-07-21T11:00:00+0200
EU27_2020,European Union - 27 countries (from 2020),2006,D91REC,"Capital taxes, revenue",PC_GDP,0.2,,2026-07-21T11:00:00+0200
EU27_2020,European Union - 27 countries (from 2020),2006,D995REC,Capital transfers from general government to relevant sectors representing taxes and social contributions assessed but unlikely to be collected,MIO_EUR,4910.6,,2026-07-21T11:00:00+0200
EU27_2020,European Union - 27 countries (from 2020),2006,D995REC,Capital transfers from general government to relevant sectors representing taxes and social contributions assessed but unlikely to be collected,PC_GDP,0,,2026-07-21T11:00:00+0200
EU27_2020,European Union - 27 countries (from 2020),2006,P2,Intermediate consumption,MIO_EUR,535754.9,,2026-07-21T11:00:00+0200
EU27_2020,European Union - 27 countries (from 2020),2006,P2,Intermediate consumption,PC_GDP,5.3,,2026-07-21T11:00:00+0200
EU27_2020,European Union - 27 countries (from 2020),2006,P51G,Gross fixed capital formation,MIO_EUR,356328.9,,2026-07-21T11:00:00+0200
EU27_2020,European Union - 27 countries (from 2020),2006,P51G,Gross fixed capital formation,PC_GDP,3.5,,2026-07-21T11:00:00+0200
EU27_2020,European Union - 27 countries (from 2020),2006,TE,Total general government expenditure,MIO_EUR,4731094.5,,2026-07-21T11:00:00+0200
EU27_2020,European Union - 27 countries (from 2020),2006,TE,Total general government expenditure,PC_GDP,46.6,,2026-07-21T11:00:00+0200
EU27_2020,European Union - 27 countries (from 2020),2006,TR,Total general government revenue,MIO_EUR,4585496,,2026-07-21T11:00:00+0200
EU27_2020,European Union - 27 countries (from 2020),2006,TR,Total general government revenue,PC_GDP,45.1,,2026-07-21T11:00:00+0200
EU27_2020,European Union - 27 countries (from 2020),2007,B9,Net lending (+)/net borrowing (-),MIO_EUR,-61712.9,,2026-07-21T11:00:00+0200
EU27_2020,European Union - 27 countries (from 2020),2007,B9,Net lending (+)/net borrowing (-),PC_GDP,-0.6,,2026-07-21T11:00:00+0200
EU27_2020,European Union - 27 countries (from 2020),2007,D1PAY,"Compensation of employees, expenditure",MIO_EUR,1100702.9,,2026-07-21T11:00:00+0200
EU27_2020,European Union - 27 countries (from 2020),2007,D1PAY,"Compensation of employees, expenditure",PC_GDP,10.2,,2026-07-21T11:00:00+0200
EU27_2020,European Union - 27 countries (from 2020),2007,D2REC,"Taxes on production and imports, revenue",MIO_EUR,1437489.4,,2026-07-21T11:00:00+0200
EU27_2020,European Union - 27 countries (from 2020),2007,D2REC,"Taxes on production and imports, revenue",PC_GDP,13.3,,2026-07-21T11:00:00+0200
EU27_2020,European Union - 27 countries (from 2020),2007,D3PAY,"Subsidies, expenditure",MIO_EUR,133839.5,,2026-07-21T11:00:00+0200
EU27_2020,European Union - 27 countries (from 2020),2007,D3PAY,"Subsidies, expenditure",PC_GDP,1.2,,2026-07-21T11:00:00+0200
EU27_2020,European Union - 27 countries (from 2020),2007,D41PAY,"Interest, expenditure",MIO_EUR,295890.5,,2026-07-21T11:00:00+0200
EU27_2020,European Union - 27 countries (from 2020),2007,D41PAY,"Interest, expenditure",PC_GDP,2.7,,2026-07-21T11:00:00+0200
EU27_2020,European Union - 27 countries (from 2020),2007,D5REC,"Current taxes on income, wealth, etc., revenue",MIO_EUR,1367778.1,,2026-07-21T11:00:00+0200
EU27_2020,European Union - 27 countries (from 2020),2007,D5REC,"Current taxes on income, wealth, etc., revenue",PC_GDP,12.7,,2026-07-21T11:00:00+0200
EU27_2020,European Union - 27 countries (from 2020),2007,D61REC,"Net social contributions, revenue",MIO_EUR,1478721.4,,2026-07-21T11:00:00+0200
EU27_2020,European Union - 27 countries (from 2020),2007,D61REC,"Net social contributions, revenue",PC_GDP,13.7,,2026-07-21T11:00:00+0200
EU27_2020,European Union - 27 countries (from 2020),2007,D62PAY,"Social benefits other than social transfers in kind, expenditure",MIO_EUR,1600211,,2026-07-21T11:00:00+0200
EU27_2020,European Union - 27 countries (from 2020),2007,D62PAY,"Social benefits other than social transfers in kind, expenditure",PC_GDP,14.8,,2026-07-21T11:00:00+0200
EU27_2020,European Union - 27 countries (from 2020),2007,D632PAY,"Social transfers in kind, purchased market production, expenditure",MIO_EUR,493544.8,,2026-07-21T11:00:00+0200
EU27_2020,European Union - 27 countries (from 2020),2007,D632PAY,"Social transfers in kind, purchased market production, expenditure",PC_GDP,4.6,,2026-07-21T11:00:00+0200
EU27_2020,European Union - 27 countries (from 2020),2007,D91REC,"Capital taxes, revenue",MIO_EUR,25391.1,,2026-07-21T11:00:00+0200
EU27_2020,European Union - 27 countries (from 2020),2007,D91REC,"Capital taxes, revenue",PC_GDP,0.2,,2026-07-21T11:00:00+0200
EU27_2020,European Union - 27 countries (from 2020),2007,D995REC,Capital transfers from general government to relevant sectors representing taxes and social contributions assessed but unlikely to be collected,MIO_EUR,5888.5,,2026-07-21T11:00:00+0200
EU27_2020,European Union - 27 countries (from 2020),2007,D995REC,Capital transfers from general government to relevant sectors representing taxes and social contributions assessed but unlikely to be collected,PC_GDP,0.1,,2026-07-21T11:00:00+0200
EU27_2020,European Union - 27 countries (from 2020),2007,P2,Intermediate consumption,MIO_EUR,570125.2,,2026-07-21T11:00:00+0200
EU27_2020,European Union - 27 countries (from 2020),2007,P2,Intermediate consumption,PC_GDP,5.3,,2026-07-21T11:00:00+0200
EU27_2020,European Union - 27 countries (from 2020),2007,P51G,Gross fixed capital formation,MIO_EUR,383318.1,,2026-07-21T11:00:00+0200
EU27_2020,European Union - 27 countries (from 2020),2007,P51G,Gross fixed capital formation,PC_GDP,3.6,,2026-07-21T11:00:00+0200
EU27_2020,European Union - 27 countries (from 2020),2007,TE,Total general government expenditure,MIO_EUR,4943828.2,,2026-07-21T11:00:00+0200
EU27_2020,European Union - 27 countries (from 2020),2007,TE,Total general government expenditure,PC_GDP,45.8,,2026-07-21T11:00:00+0200
EU27_2020,European Union - 27 countries (from 2020),2007,TR,Total general government revenue,MIO_EUR,4882115.4,,2026-07-21T11:00:00+0200
EU27_2020,European Union - 27 countries (from 2020),2007,TR,Total general government revenue,PC_GDP,45.3,,2026-07-21T11:00:00+0200
EU27_2020,European Union - 27 countries (from 2020),2008,B9,Net lending (+)/net borrowing (-),MIO_EUR,-232680.3,,2026-07-21T11:00:00+0200
EU27_2020,European Union - 27 countries (from 2020),2008,B9,Net lending (+)/net borrowing (-),PC_GDP,-2.1,,2026-07-21T11:00:00+0200
EU27_2020,European Union - 27 countries (from 2020),2008,D1PAY,"Compensation of employees, expenditure",MIO_EUR,1158952.6,,2026-07-21T11:00:00+0200
EU27_2020,European Union - 27 countries (from 2020),2008,D1PAY,"Compensation of employees, expenditure",PC_GDP,10.4,,2026-07-21T11:00:00+0200
EU27_2020,European Union - 27 countries (from 2020),2008,D2REC,"Taxes on production and imports, revenue",MIO_EUR,1435676.1,,2026-07-21T11:00:00+0200
EU27_2020,European Union - 27 countries (from 2020),2008,D2REC,"Taxes on production and imports, revenue",PC_GDP,12.9,,2026-07-21T11:00:00+0200
EU27_2020,European Union - 27 countries (from 2020),2008,D3PAY,"Subsidies, expenditure",MIO_EUR,140469.1,,2026-07-21T11:00:00+0200
EU27_2020,European Union - 27 countries (from 2020),2008,D3PAY,"Subsidies, expenditure",PC_GDP,1.3,,2026-07-21T11:00:00+0200
EU27_2020,European Union - 27 countries (from 2020),2008,D41PAY,"Interest, expenditure",MIO_EUR,311218.8,,2026-07-21T11:00:00+0200
EU27_2020,European Union - 27 countries (from 2020),2008,D41PAY,"Interest, expenditure",PC_GDP,2.8,,2026-07-21T11:00:00+0200
EU27_2020,European Union - 27 countries (from 2020),2008,D5REC,"Current taxes on income, wealth, etc., revenue",MIO_EUR,1390858.9,,2026-07-21T11:00:00+0200
EU27_2020,European Union - 27 countries (from 2020),2008,D5REC,"Current taxes on income, wealth, etc., revenue",PC_GDP,12.5,,2026-07-21T11:00:00+0200
EU27_2020,European Union - 27 countries (from 2020),2008,D61REC,"Net social contributions, revenue",MIO_EUR,1537432.4,,2026-07-21T11:00:00+0200
EU27_2020,European Union - 27 countries (from 2020),2008,D61REC,"Net social contributions, revenue",PC_GDP,13.8,,2026-07-21T11:00:00+0200
EU27_2020,European Union - 27 countries (from 2020),2008,D62PAY,"Social benefits other than social transfers in kind, expenditure",MIO_EUR,1680214.2,,2026-07-21T11:00:00+0200
EU27_2020,European Union - 27 countries (from 2020),2008,D62PAY,"Social benefits other than social transfers in kind, expenditure",PC_GDP,15.1,,2026-07-21T11:00:00+0200
EU27_2020,European Union - 27 countries (from 2020),2008,D632PAY,"Social transfers in kind, purchased market production, expenditure",MIO_EUR,520939.8,,2026-07-21T11:00:00+0200
EU27_2020,European Union - 27 countries (from 2020),2008,D632PAY,"Social transfers in kind, purchased market production, expenditure",PC_GDP,4.7,,2026-07-21T11:00:00+0200
EU27_2020,European Union - 27 countries (from 2020),2008,D91REC,"Capital taxes, revenue",MIO_EUR,25312.6,,2026-07-21T11:00:00+0200
EU27_2020,European Union - 27 countries (from 2020),2008,D91REC,"Capital taxes, revenue",PC_GDP,0.2,,2026-07-21T11:00:00+0200
EU27_2020,European Union - 27 countries (from 2020),2008,D995REC,Capital transfers from general government to relevant sectors representing taxes and social contributions assessed but unlikely to be collected,MIO_EUR,6422.9,,2026-07-21T11:00:00+0200
EU27_2020,European Union - 27 countries (from 2020),2008,D995REC,Capital transfers from general government to relevant sectors representing taxes and social contributions assessed but unlikely to be collected,PC_GDP,0.1,,2026-07-21T11:00:00+0200
EU27_2020,European Union - 27 countries (from 2020),2008,P2,Intermediate consumption,MIO_EUR,607441.9,,2026-07-21T11:00:00+0200
EU27_2020,European Union - 27 countries (from 2020),2008,P2,Intermediate consumption,PC_GDP,5.5,,2026-07-21T11:00:00+0200
EU27_2020,European Union - 27 countries (from 2020),2008,P51G,Gross fixed capital formation,MIO_EUR,409215.9,,2026-07-21T11:00:00+0200
EU27_2020,European Union - 27 countries (from 2020),2008,P51G,Gross fixed capital formation,PC_GDP,3.7,,2026-07-21T11:00:00+0200
EU27_2020,European Union - 27 countries (from 2020),2008,TE,Total general government expenditure,MIO_EUR,5232109.2,,2026-07-21T11:00:00+0200
EU27_2020,European Union - 27 countries (from 2020),2008,TE,Total general government expenditure,PC_GDP,47,,2026-07-21T11:00:00+0200
EU27_2020,European Union - 27 countries (from 2020),2008,TR,Total general government revenue,MIO_EUR,4999428.7,,2026-07-21T11:00:00+0200
EU27_2020,European Union - 27 countries (from 2020),2008,TR,Total general government revenue,PC_GDP,44.9,,2026-07-21T11:00:00+0200
EU27_2020,European Union - 27 countries (from 2020),2009,B9,Net lending (+)/net borrowing (-),MIO_EUR,-645459.7,,2026-07-21T11:00:00+0200
EU27_2020,European Union - 27 countries (from 2020),2009,B9,Net lending (+)/net borrowing (-),PC_GDP,-6.1,,2026-07-21T11:00:00+0200
EU27_2020,European Union - 27 countries (from 2020),2009,D1PAY,"Compensation of employees, expenditure",MIO_EUR,1187404.7,,2026-07-21T11:00:00+0200
EU27_2020,European Union - 27 countries (from 2020),2009,D1PAY,"Compensation of employees, expenditure",PC_GDP,11.1,,2026-07-21T11:00:00+0200
EU27_2020,European Union - 27 countries (from 2020),2009,D2REC,"Taxes on production and imports, revenue",MIO_EUR,1361658.4,,2026-07-21T11:00:00+0200
EU27_2020,European Union - 27 countries (from 2020),2009,D2REC,"Taxes on production and imports, revenue",PC_GDP,12.8,,2026-07-21T11:00:00+0200
EU27_2020,European Union - 27 countries (from 2020),2009,D3PAY,"Subsidies, expenditure",MIO_EUR,158150.1,,2026-07-21T11:00:00+0200
EU27_2020,European Union - 27 countries (from 2020),2009,D3PAY,"Subsidies, expenditure",PC_GDP,1.5,,2026-07-21T11:00:00+0200
EU27_2020,European Union - 27 countries (from 2020),2009,D41PAY,"Interest, expenditure",MIO_EUR,290192.7,,2026-07-21T11:00:00+0200
EU27_2020,European Union - 27 countries (from 2020),2009,D41PAY,"Interest, expenditure",PC_GDP,2.7,,2026-07-21T11:00:00+0200
EU27_2020,European Union - 27 countries (from 2020),2009,D5REC,"Current taxes on income, wealth, etc., revenue",MIO_EUR,1241836.3,,2026-07-21T11:00:00+0200
EU27_2020,European Union - 27 countries (from 2020),2009,D5REC,"Current taxes on income, wealth, etc., revenue",PC_GDP,11.7,,2026-07-21T11:00:00+0200
EU27_2020,European Union - 27 countries (from 2020),2009,D61REC,"Net social contributions, revenue",MIO_EUR,1523631.2,,2026-07-21T11:00:00+0200
EU27_2020,European Union - 27 countries (from 2020),2009,D61REC,"Net social contributions, revenue",PC_GDP,14.3,,2026-07-21T11:00:00+0200
EU27_2020,European Union - 27 countries (from 2020),2009,D62PAY,"Social benefits other than social transfers in kind, expenditure",MIO_EUR,1775631.5,,2026-07-21T11:00:00+0200
EU27_2020,European Union - 27 countries (from 2020),2009,D62PAY,"Social benefits other than social transfers in kind, expenditure",PC_GDP,16.7,,2026-07-21T11:00:00+0200
EU27_2020,European Union - 27 countries (from 2020),2009,D632PAY,"Social transfers in kind, purchased market production, expenditure",MIO_EUR,548569.1,,2026-07-21T11:00:00+0200
EU27_2020,European Union - 27 countries (from 2020),2009,D632PAY,"Social transfers in kind, purchased market production, expenditure",PC_GDP,5.2,,2026-07-21T11:00:00+0200
EU27_2020,European Union - 27 countries (from 2020),2009,D91REC,"Capital taxes, revenue",MIO_EUR,35056.9,,2026-07-21T11:00:00+0200
EU27_2020,European Union - 27 countries (from 2020),2009,D91REC,"Capital taxes, revenue",PC_GDP,0.3,,2026-07-21T11:00:00+0200
EU27_2020,European Union - 27 countries (from 2020),2009,D995REC,Capital transfers from general government to relevant sectors representing taxes and social contributions assessed but unlikely to be collected,MIO_EUR,6444.9,,2026-07-21T11:00:00+0200
EU27_2020,European Union - 27 countries (from 2020),2009,D995REC,Capital transfers from general government to relevant sectors representing taxes and social contributions assessed but unlikely to be collected,PC_GDP,0.1,,2026-07-21T11:00:00+0200
EU27_2020,European Union - 27 countries (from 2020),2009,P2,Intermediate consumption,MIO_EUR,627041,,2026-07-21T11:00:00+0200
EU27_2020,European Union - 27 countries (from 2020),2009,P2,Intermediate consumption,PC_GDP,5.9,,2026-07-21T11:00:00+0200
EU27_2020,European Union - 27 countries (from 2020),2009,P51G,Gross fixed capital formation,MIO_EUR,422101.4,,2026-07-21T11:00:00+0200
EU27_2020,European Union - 27 countries (from 2020),2009,P51G,Gross fixed capital formation,PC_GDP,4,,2026-07-21T11:00:00+0200
EU27_2020,European Union - 27 countries (from 2020),2009,TE,Total general government expenditure,MIO_EUR,5416502.2,,2026-07-21T11:00:00+0200
EU27_2020,European Union - 27 countries (from 2020),2009,TE,Total general government expenditure,PC_GDP,50.9,,2026-07-21T11:00:00+0200
EU27_2020,European Union - 27 countries (from 2020),2009,TR,Total general government revenue,MIO_EUR,4771042.4,,2026-07-21T11:00:00+0200
EU27_2020,European Union - 27 countries (from 2020),2009,TR,Total general government revenue,PC_GDP,44.8,,2026-07-21T11:00:00+0200
EU27_2020,European Union - 27 countries (from 2020),2010,B9,Net lending (+)/net borrowing (-),MIO_EUR,-664896.1,,2026-07-21T11:00:00+0200
EU27_2020,European Union - 27 countries (from 2020),2010,B9,Net lending (+)/net borrowing (-),PC_GDP,-6,,2026-07-21T11:00:00+0200
EU27_2020,European Union - 27 countries (from 2020),2010,D1PAY,"Compensation of employees, expenditure",MIO_EUR,1210033.7,,2026-07-21T11:00:00+0200
EU27_2020,European Union - 27 countries (from 2020),2010,D1PAY,"Compensation of employees, expenditure",PC_GDP,11,,2026-07-21T11:00:00+0200
EU27_2020,European Union - 27 countries (from 2020),2010,D2REC,"Taxes on production and imports, revenue",MIO_EUR,1435421.9,,2026-07-21T11:00:00+0200
EU27_2020,European Union - 27 countries (from 2020),2010,D2REC,"Taxes on production and imports, revenue",PC_GDP,13,,2026-07-21T11:00:00+0200
EU27_2020,European Union - 27 countries (from 2020),2010,D3PAY,"Subsidies, expenditure",MIO_EUR,161125.1,,2026-07-21T11:00:00+0200
EU27_2020,European Union - 27 countries (from 2020),2010,D3PAY,"Subsidies, expenditure",PC_GDP,1.5,,2026-07-21T11:00:00+0200
EU27_2020,European Union - 27 countries (from 2020),2010,D41PAY,"Interest, expenditure",MIO_EUR,294476.4,,2026-07-21T11:00:00+0200
EU27_2020,European Union - 27 countries (from 2020),2010,D41PAY,"Interest, expenditure",PC_GDP,2.7,,2026-07-21T11:00:00+0200
EU27_2020,European Union - 27 countries (from 2020),2010,D5REC,"Current taxes on income, wealth, etc., revenue",MIO_EUR,1279516.2,,2026-07-21T11:00:00+0200
EU27_2020,European Union - 27 countries (from 2020),2010,D5REC,"Current taxes on income, wealth, etc., revenue",PC_GDP,11.6,,2026-07-21T11:00:00+0200
EU27_2020,European Union - 27 countries (from 2020),2010,D61REC,"Net social contributions, revenue",MIO_EUR,1556858.6,,2026-07-21T11:00:00+0200
EU27_2020,European Union - 27 countries (from 2020),2010,D61REC,"Net social contributions, revenue",PC_GDP,14.1,,2026-07-21T11:00:00+0200
EU27_2020,European Union - 27 countries (from 2020),2010,D62PAY,"Social benefits other than social transfers in kind, expenditure",MIO_EUR,1832993.8,,2026-07-21T11:00:00+0200
EU27_2020,European Union - 27 countries (from 2020),2010,D62PAY,"Social benefits other than social transfers in kind, expenditure",PC_GDP,16.6,,2026-07-21T11:00:00+0200
EU27_2020,European Union - 27 countries (from 2020),2010,D632PAY,"Social transfers in kind, purchased market production, expenditure",MIO_EUR,565758.5,,2026-07-21T11:00:00+0200
EU27_2020,European Union - 27 countries (from 2020),2010,D632PAY,"Social transfers in kind, purchased market production, expenditure",PC_GDP,5.1,,2026-07-21T11:00:00+0200
EU27_2020,European Union - 27 countries (from 2020),2010,D91REC,"Capital taxes, revenue",MIO_EUR,26208.9,,2026-07-21T11:00:00+0200
EU27_2020,European Union - 27 countries (from 2020),2010,D91REC,"Capital taxes, revenue",PC_GDP,0.2,,2026-07-21T11:00:00+0200
EU27_2020,European Union - 27 countries (from 2020),2010,D995REC,Capital transfers from general government to relevant sectors representing taxes and social contributions assessed but unlikely to be collected,MIO_EUR,6406,,2026-07-21T11:00:00+0200
EU27_2020,European Union - 27 countries (from 2020),2010,D995REC,Capital transfers from general government to relevant sectors representing taxes and social contributions assessed but unlikely to be collected,PC_GDP,0.1,,2026-07-21T11:00:00+0200
EU27_2020,European Union - 27 countries (from 2020),2010,P2,Intermediate consumption,MIO_EUR,648370.5,,2026-07-21T11:00:00+0200
EU27_2020,European Union - 27 countries (from 2020),2010,P2,Intermediate consumption,PC_GDP,5.9,,2026-07-21T11:00:00+0200
EU27_2020,European Union - 27 countries (from 2020),2010,P51G,Gross fixed capital formation,MIO_EUR,418283.3,,2026-07-21T11:00:00+0200
EU27_2020,European Union - 27 countries (from 2020),2010,P51G,Gross fixed capital formation,PC_GDP,3.8,,2026-07-21T11:00:00+0200
EU27_2020,European Union - 27 countries (from 2020),2010,TE,Total general government expenditure,MIO_EUR,5598242,,2026-07-21T11:00:00+0200
EU27_2020,European Union - 27 countries (from 2020),2010,TE,Total general government expenditure,PC_GDP,50.7,,2026-07-21T11:00:00+0200
EU27_2020,European Union - 27 countries (from 2020),2010,TR,Total general government revenue,MIO_EUR,4933346.2,,2026-07-21T11:00:00+0200
EU27_2020,European Union - 27 countries (from 2020),2010,TR,Total general government revenue,PC_GDP,44.7,,2026-07-21T11:00:00+0200
EU27_2020,European Union - 27 countries (from 2020),2011,B9,Net lending (+)/net borrowing (-),MIO_EUR,-464311.9,,2026-07-21T11:00:00+0200
EU27_2020,European Union - 27 countries (from 2020),2011,B9,Net lending (+)/net borrowing (-),PC_GDP,-4.1,,2026-07-21T11:00:00+0200
EU27_2020,European Union - 27 countries (from 2020),2011,D1PAY,"Compensation of employees, expenditure",MIO_EUR,1219909.7,,2026-07-21T11:00:00+0200
EU27_2020,European Union - 27 countries (from 2020),2011,D1PAY,"Compensation of employees, expenditure",PC_GDP,10.7,,2026-07-21T11:00:00+0200
EU27_2020,European Union - 27 countries (from 2020),2011,D2REC,"Taxes on production and imports, revenue",MIO_EUR,1503467.5,,2026-07-21T11:00:00+0200
EU27_2020,European Union - 27 countries (from 2020),2011,D2REC,"Taxes on production and imports, revenue",PC_GDP,13.2,,2026-07-21T11:00:00+0200
EU27_2020,European Union - 27 countries (from 2020),2011,D3PAY,"Subsidies, expenditure",MIO_EUR,163441.9,,2026-07-21T11:00:00+0200
EU27_2020,European Union - 27 countries (from 2020),2011,D3PAY,"Subsidies, expenditure",PC_GDP,1.4,,2026-07-21T11:00:00+0200
EU27_2020,European Union - 27 countries (from 2020),2011,D41PAY,"Interest, expenditure",MIO_EUR,326864.3,,2026-07-21T11:00:00+0200
EU27_2020,European Union - 27 countries (from 2020),2011,D41PAY,"Interest, expenditure",PC_GDP,2.9,,2026-07-21T11:00:00+0200
EU27_2020,European Union - 27 countries (from 2020),2011,D5REC,"Current taxes on income, wealth, etc., revenue",MIO_EUR,1346385.3,,2026-07-21T11:00:00+0200
EU27_2020,European Union - 27 countries (from 2020),2011,D5REC,"Current taxes on income, wealth, etc., revenue",PC_GDP,11.8,,2026-07-21T11:00:00+0200
EU27_2020,European Union - 27 countries (from 2020),2011,D61REC,"Net social contributions, revenue",MIO_EUR,1604398.9,,2026-07-21T11:00:00+0200
EU27_2020,European Union - 27 countries (from 2020),2011,D61REC,"Net social contributions, revenue",PC_GDP,14.1,,2026-07-21T11:00:00+0200
EU27_2020,European Union - 27 countries (from 2020),2011,D62PAY,"Social benefits other than social transfers in kind, expenditure",MIO_EUR,1857716.5,,2026-07-21T11:00:00+0200
EU27_2020,European Union - 27 countries (from 2020),2011,D62PAY,"Social benefits other than social transfers in kind, expenditure",PC_GDP,16.3,,2026-07-21T11:00:00+0200
EU27_2020,European Union - 27 countries (from 2020),2011,D632PAY,"Social transfers in kind, purchased market production, expenditure",MIO_EUR,576730.4,,2026-07-21T11:00:00+0200
EU27_2020,European Union - 27 countries (from 2020),2011,D632PAY,"Social transfers in kind, purchased market production, expenditure",PC_GDP,5.1,,2026-07-21T11:00:00+0200
EU27_2020,European Union - 27 countries (from 2020),2011,D91REC,"Capital taxes, revenue",MIO_EUR,31958.2,,2026-07-21T11:00:00+0200
EU27_2020,European Union - 27 countries (from 2020),2011,D91REC,"Capital taxes, revenue",PC_GDP,0.3,,2026-07-21T11:00:00+0200
EU27_2020,European Union - 27 countries (from 2020),2011,D995REC,Capital transfers from general government to relevant sectors representing taxes and social contributions assessed but unlikely to be collected,MIO_EUR,6947,,2026-07-21T11:00:00+0200
EU27_2020,European Union - 27 countries (from 2020),2011,D995REC,Capital transfers from general government to relevant sectors representing taxes and social contributions assessed but unlikely to be collected,PC_GDP,0.1,,2026-07-21T11:00:00+0200
EU27_2020,European Union - 27 countries (from 2020),2011,P2,Intermediate consumption,MIO_EUR,656717.8,,2026-07-21T11:00:00+0200
EU27_2020,European Union - 27 countries (from 2020),2011,P2,Intermediate consumption,PC_GDP,5.8,,2026-07-21T11:00:00+0200
EU27_2020,European Union - 27 countries (from 2020),2011,P51G,Gross fixed capital formation,MIO_EUR,400589.8,,2026-07-21T11:00:00+0200
EU27_2020,European Union - 27 countries (from 2020),2011,P51G,Gross fixed capital formation,PC_GDP,3.5,,2026-07-21T11:00:00+0200
EU27_2020,European Union - 27 countries (from 2020),2011,TE,Total general government expenditure,MIO_EUR,5619966.3,,2026-07-21T11:00:00+0200
EU27_2020,European Union - 27 countries (from 2020),2011,TE,Total general government expenditure,PC_GDP,49.3,,2026-07-21T11:00:00+0200
EU27_2020,European Union - 27 countries (from 2020),2011,TR,Total general government revenue,MIO_EUR,5155654.6,,2026-07-21T11:00:00+0200
EU27_2020,European Union - 27 countries (from 2020),2011,TR,Total general government revenue,PC_GDP,45.2,,2026-07-21T11:00:00+0200
EU27_2020,European Union - 27 countries (from 2020),2012,B9,Net lending (+)/net borrowing (-),MIO_EUR,-427244.8,,2026-07-21T11:00:00+0200
EU27_2020,European Union - 27 countries (from 2020),2012,B9,Net lending (+)/net borrowing (-),PC_GDP,-3.7,,2026-07-21T11:00:00+0200
EU27_2020,European Union - 27 countries (from 2020),2012,D1PAY,"Compensation of employees, expenditure",MIO_EUR,1219952.5,,2026-07-21T11:00:00+0200
EU27_2020,European Union - 27 countries (from 2020),2012,D1PAY,"Compensation of employees, expenditure",PC_GDP,10.6,,2026-07-21T11:00:00+0200
EU27_2020,European Union - 27 countries (from 2020),2012,D2REC,"Taxes on production and imports, revenue",MIO_EUR,1546954.3,,2026-07-21T11:00:00+0200
EU27_2020,European Union - 27 countries (from 2020),2012,D2REC,"Taxes on production and imports, revenue",PC_GDP,13.5,,2026-07-21T11:00:00+0200
EU27_2020,European Union - 27 countries (from 2020),2012,D3PAY,"Subsidies, expenditure",MIO_EUR,168306.5,,2026-07-21T11:00:00+0200
EU27_2020,European Union - 27 countries (from 2020),2012,D3PAY,"Subsidies, expenditure",PC_GDP,1.5,,2026-07-21T11:00:00+0200
EU27_2020,European Union - 27 countries (from 2020),2012,D41PAY,"Interest, expenditure",MIO_EUR,331156.5,,2026-07-21T11:00:00+0200
EU27_2020,European Union - 27 countries (from 2020),2012,D41PAY,"Interest, expenditure",PC_GDP,2.9,,2026-07-21T11:00:00+0200
EU27_2020,European Union - 27 countries (from 2020),2012,D5REC,"Current taxes on income, wealth, etc., revenue",MIO_EUR,1417600,,2026-07-21T11:00:00+0200
EU27_2020,European Union - 27 countries (from 2020),2012,D5REC,"Current taxes on income, wealth, etc., revenue",PC_GDP,12.4,,2026-07-21T11:00:00+0200
EU27_2020,European Union - 27 countries (from 2020),2012,D61REC,"Net social contributions, revenue",MIO_EUR,1633048.7,,2026-07-21T11:00:00+0200
EU27_2020,European Union - 27 countries (from 2020),2012,D61REC,"Net social contributions, revenue",PC_GDP,14.2,,2026-07-21T11:00:00+0200
EU27_2020,European Union - 27 countries (from 2020),2012,D62PAY,"Social benefits other than social transfers in kind, expenditure",MIO_EUR,1906149.3,,2026-07-21T11:00:00+0200
EU27_2020,European Union - 27 countries (from 2020),2012,D62PAY,"Social benefits other than social transfers in kind, expenditure",PC_GDP,16.6,,2026-07-21T11:00:00+0200
EU27_2020,European Union - 27 countries (from 2020),2012,D632PAY,"Social transfers in kind, purchased market production, expenditure",MIO_EUR,585570.6,,2026-07-21T11:00:00+0200
EU27_2020,European Union - 27 countries (from 2020),2012,D632PAY,"Social transfers in kind, purchased market production, expenditure",PC_GDP,5.1,,2026-07-21T11:00:00+0200
EU27_2020,European Union - 27 countries (from 2020),2012,D91REC,"Capital taxes, revenue",MIO_EUR,26441.7,,2026-07-21T11:00:00+0200
EU27_2020,European Union - 27 countries (from 2020),2012,D91REC,"Capital taxes, revenue",PC_GDP,0.2,,2026-07-21T11:00:00+0200
EU27_2020,European Union - 27 countries (from 2020),2012,D995REC,Capital transfers from general government to relevant sectors representing taxes and social contributions assessed but unlikely to be collected,MIO_EUR,7333.8,,2026-07-21T11:00:00+0200
EU27_2020,European Union - 27 countries (from 2020),2012,D995REC,Capital transfers from general government to relevant sectors representing taxes and social contributions assessed but unlikely to be collected,PC_GDP,0.1,,2026-07-21T11:00:00+0200
EU27_2020,European Union - 27 countries (from 2020),2012,P2,Intermediate consumption,MIO_EUR,663826.6,,2026-07-21T11:00:00+0200
EU27_2020,European Union - 27 countries (from 2020),2012,P2,Intermediate consumption,PC_GDP,5.8,,2026-07-21T11:00:00+0200
EU27_2020,European Union - 27 countries (from 2020),2012,P51G,Gross fixed capital formation,MIO_EUR,383012.8,,2026-07-21T11:00:00+0200
EU27_2020,European Union - 27 countries (from 2020),2012,P51G,Gross fixed capital formation,PC_GDP,3.3,,2026-07-21T11:00:00+0200
EU27_2020,European Union - 27 countries (from 2020),2012,TE,Total general government expenditure,MIO_EUR,5728505.8,,2026-07-21T11:00:00+0200
EU27_2020,European Union - 27 countries (from 2020),2012,TE,Total general government expenditure,PC_GDP,50,,2026-07-21T11:00:00+0200
EU27_2020,European Union - 27 countries (from 2020),2012,TR,Total general government revenue,MIO_EUR,5301261.1,,2026-07-21T11:00:00+0200
EU27_2020,European Union - 27 countries (from 2020),2012,TR,Total general government revenue,PC_GDP,46.2,,2026-07-21T11:00:00+0200
EU27_2020,European Union - 27 countries (from 2020),2013,B9,Net lending (+)/net borrowing (-),MIO_EUR,-357518.5,,2026-07-21T11:00:00+0200
EU27_2020,European Union - 27 countries (from 2020),2013,B9,Net lending (+)/net borrowing (-),PC_GDP,-3.1,,2026-07-21T11:00:00+0200
EU27_2020,European Union - 27 countries (from 2020),2013,D1PAY,"Compensation of employees, expenditure",MIO_EUR,1237438.1,,2026-07-21T11:00:00+0200
EU27_2020,European Union - 27 countries (from 2020),2013,D1PAY,"Compensation of employees, expenditure",PC_GDP,10.7,,2026-07-21T11:00:00+0200
EU27_2020,European Union - 27 countries (from 2020),2013,D2REC,"Taxes on production and imports, revenue",MIO_EUR,1581363.7,,2026-07-21T11:00:00+0200
EU27_2020,European Union - 27 countries (from 2020),2013,D2REC,"Taxes on production and imports, revenue",PC_GDP,13.6,,2026-07-21T11:00:00+0200
EU27_2020,European Union - 27 countries (from 2020),2013,D3PAY,"Subsidies, expenditure",MIO_EUR,184955.1,,2026-07-21T11:00:00+0200
EU27_2020,European Union - 27 countries (from 2020),2013,D3PAY,"Subsidies, expenditure",PC_GDP,1.6,,2026-07-21T11:00:00+0200
EU27_2020,European Union - 27 countries (from 2020),2013,D41PAY,"Interest, expenditure",MIO_EUR,307825.6,,2026-07-21T11:00:00+0200
EU27_2020,European Union - 27 countries (from 2020),2013,D41PAY,"Interest, expenditure",PC_GDP,2.7,,2026-07-21T11:00:00+0200
EU27_2020,European Union - 27 countries (from 2020),2013,D5REC,"Current taxes on income, wealth, etc., revenue",MIO_EUR,1463001,,2026-07-21T11:00:00+0200
EU27_2020,European Union - 27 countries (from 2020),2013,D5REC,"Current taxes on income, wealth, etc., revenue",PC_GDP,12.6,,2026-07-21T11:00:00+0200
EU27_2020,European Union - 27 countries (from 2020),2013,D61REC,"Net social contributions, revenue",MIO_EUR,1662628.9,,2026-07-21T11:00:00+0200
EU27_2020,European Union - 27 countries (from 2020),2013,D61REC,"Net social contributions, revenue",PC_GDP,14.3,,2026-07-21T11:00:00+0200
EU27_2020,European Union - 27 countries (from 2020),2013,D62PAY,"Social benefits other than social transfers in kind, expenditure",MIO_EUR,1953356.4,,2026-07-21T11:00:00+0200
EU27_2020,European Union - 27 countries (from 2020),2013,D62PAY,"Social benefits other than social transfers in kind, expenditure",PC_GDP,16.8,,2026-07-21T11:00:00+0200
EU27_2020,European Union - 27 countries (from 2020),2013,D632PAY,"Social transfers in kind, purchased market production, expenditure",MIO_EUR,602371.2,,2026-07-21T11:00:00+0200
EU27_2020,European Union - 27 countries (from 2020),2013,D632PAY,"Social transfers in kind, purchased market production, expenditure",PC_GDP,5.2,,2026-07-21T11:00:00+0200
EU27_2020,European Union - 27 countries (from 2020),2013,D91REC,"Capital taxes, revenue",MIO_EUR,32980.2,,2026-07-21T11:00:00+0200
EU27_2020,European Union - 27 countries (from 2020),2013,D91REC,"Capital taxes, revenue",PC_GDP,0.3,,2026-07-21T11:00:00+0200
EU27_2020,European Union - 27 countries (from 2020),2013,D995REC,Capital transfers from general government to relevant sectors representing taxes and social contributions assessed but unlikely to be collected,MIO_EUR,9441.2,,2026-07-21T11:00:00+0200
EU27_2020,European Union - 27 countries (from 2020),2013,D995REC,Capital transfers from general government to relevant sectors representing taxes and social contributions assessed but unlikely to be collected,PC_GDP,0.1,,2026-07-21T11:00:00+0200
EU27_2020,European Union - 27 countries (from 2020),2013,P2,Intermediate consumption,MIO_EUR,674657.7,,2026-07-21T11:00:00+0200
EU27_2020,European Union - 27 countries (from 2020),2013,P2,Intermediate consumption,PC_GDP,5.8,,2026-07-21T11:00:00+0200
EU27_2020,European Union - 27 countries (from 2020),2013,P51G,Gross fixed capital formation,MIO_EUR,374662.6,,2026-07-21T11:00:00+0200
EU27_2020,European Union - 27 countries (from 2020),2013,P51G,Gross fixed capital formation,PC_GDP,3.2,,2026-07-21T11:00:00+0200
EU27_2020,European Union - 27 countries (from 2020),2013,TE,Total general government expenditure,MIO_EUR,5792321.6,,2026-07-21T11:00:00+0200
EU27_2020,European Union - 27 countries (from 2020),2013,TE,Total general government expenditure,PC_GDP,50,,2026-07-21T11:00:00+0200
EU27_2020,European Union - 27 countries (from 2020),2013,TR,Total general government revenue,MIO_EUR,5434802.8,,2026-07-21T11:00:00+0200
EU27_2020,European Union - 27 countries (from 2020),2013,TR,Total general government revenue,PC_GDP,46.9,,2026-07-21T11:00:00+0200
EU27_2020,European Union - 27 countries (from 2020),2014,B9,Net lending (+)/net borrowing (-),MIO_EUR,-290060.5,,2026-07-21T11:00:00+0200
EU27_2020,European Union - 27 countries (from 2020),2014,B9,Net lending (+)/net borrowing (-),PC_GDP,-2.4,,2026-07-21T11:00:00+0200
EU27_2020,European Union - 27 countries (from 2020),2014,D1PAY,"Compensation of employees, expenditure",MIO_EUR,1253028.9,,2026-07-21T11:00:00+0200
EU27_2020,European Union - 27 countries (from 2020),2014,D1PAY,"Compensation of employees, expenditure",PC_GDP,10.6,,2026-07-21T11:00:00+0200
EU27_2020,European Union - 27 countries (from 2020),2014,D2REC,"Taxes on production and imports, revenue",MIO_EUR,1631783.7,,2026-07-21T11:00:00+0200
EU27_2020,European Union - 27 countries (from 2020),2014,D2REC,"Taxes on production and imports, revenue",PC_GDP,13.8,,2026-07-21T11:00:00+0200
EU27_2020,European Union - 27 countries (from 2020),2014,D3PAY,"Subsidies, expenditure",MIO_EUR,198402,,2026-07-21T11:00:00+0200
EU27_2020,European Union - 27 countries (from 2020),2014,D3PAY,"Subsidies, expenditure",PC_GDP,1.7,,2026-07-21T11:00:00+0200
EU27_2020,European Union - 27 countries (from 2020),2014,D41PAY,"Interest, expenditure",MIO_EUR,293277.9,,2026-07-21T11:00:00+0200
EU27_2020,European Union - 27 countries (from 2020),2014,D41PAY,"Interest, expenditure",PC_GDP,2.5,,2026-07-21T11:00:00+0200
EU27_2020,European Union - 27 countries (from 2020),2014,D5REC,"Current taxes on income, wealth, etc., revenue",MIO_EUR,1500492.9,,2026-07-21T11:00:00+0200
EU27_2020,European Union - 27 countries (from 2020),2014,D5REC,"Current taxes on income, wealth, etc., revenue",PC_GDP,12.6,,2026-07-21T11:00:00+0200
EU27_2020,European Union - 27 countries (from 2020),2014,D61REC,"Net social contributions, revenue",MIO_EUR,1697355.1,,2026-07-21T11:00:00+0200
EU27_2020,European Union - 27 countries (from 2020),2014,D61REC,"Net social contributions, revenue",PC_GDP,14.3,,2026-07-21T11:00:00+0200
EU27_2020,European Union - 27 countries (from 2020),2014,D62PAY,"Social benefits other than social transfers in kind, expenditure",MIO_EUR,1987572.5,,2026-07-21T11:00:00+0200
EU27_2020,European Union - 27 countries (from 2020),2014,D62PAY,"Social benefits other than social transfers in kind, expenditure",PC_GDP,16.7,,2026-07-21T11:00:00+0200
EU27_2020,European Union - 27 countries (from 2020),2014,D632PAY,"Social transfers in kind, purchased market production, expenditure",MIO_EUR,620884.2,,2026-07-21T11:00:00+0200
EU27_2020,European Union - 27 countries (from 2020),2014,D632PAY,"Social transfers in kind, purchased market production, expenditure",PC_GDP,5.2,,2026-07-21T11:00:00+0200
EU27_2020,European Union - 27 countries (from 2020),2014,D91REC,"Capital taxes, revenue",MIO_EUR,30867.2,,2026-07-21T11:00:00+0200
EU27_2020,European Union - 27 countries (from 2020),2014,D91REC,"Capital taxes, revenue",PC_GDP,0.3,,2026-07-21T11:00:00+0200
EU27_2020,European Union - 27 countries (from 2020),2014,D995REC,Capital transfers from general government to relevant sectors representing taxes and social contributions assessed but unlikely to be collected,MIO_EUR,9426,,2026-07-21T11:00:00+0200
EU27_2020,European Union - 27 countries (from 2020),2014,D995REC,Capital transfers from general government to relevant sectors representing taxes and social contributions assessed but unlikely to be collected,PC_GDP,0.1,,2026-07-21T11:00:00+0200
EU27_2020,European Union - 27 countries (from 2020),2014,P2,Intermediate consumption,MIO_EUR,685546.2,,2026-07-21T11:00:00+0200
EU27_2020,European Union - 27 countries (from 2020),2014,P2,Intermediate consumption,PC_GDP,5.8,,2026-07-21T11:00:00+0200
EU27_2020,European Union - 27 countries (from 2020),2014,P51G,Gross fixed capital formation,MIO_EUR,372746,,2026-07-21T11:00:00+0200
EU27_2020,European Union - 27 countries (from 2020),2014,P51G,Gross fixed capital formation,PC_GDP,3.1,,2026-07-21T11:00:00+0200
EU27_2020,European Union - 27 countries (from 2020),2014,TE,Total general government expenditure,MIO_EUR,5845119.6,,2026-07-21T11:00:00+0200
EU27_2020,European Union - 27 countries (from 2020),2014,TE,Total general government expenditure,PC_GDP,49.3,,2026-07-21T11:00:00+0200
EU27_2020,European Union - 27 countries (from 2020),2014,TR,Total general government revenue,MIO_EUR,5555059.3,,2026-07-21T11:00:00+0200
EU27_2020,European Union - 27 countries (from 2020),2014,TR,Total general government revenue,PC_GDP,46.8,,2026-07-21T11:00:00+0200
EU27_2020,European Union - 27 countries (from 2020),2015,B9,Net lending (+)/net borrowing (-),MIO_EUR,-234191.4,,2026-07-21T11:00:00+0200
EU27_2020,European Union - 27 countries (from 2020),2015,B9,Net lending (+)/net borrowing (-),PC_GDP,-1.9,,2026-07-21T11:00:00+0200
EU27_2020,European Union - 27 countries (from 2020),2015,D1PAY,"Compensation of employees, expenditure",MIO_EUR,1272030.1,,2026-07-21T11:00:00+0200
EU27_2020,European Union - 27 countries (from 2020),2015,D1PAY,"Compensation of employees, expenditure",PC_GDP,10.3,,2026-07-21T11:00:00+0200
EU27_2020,European Union - 27 countries (from 2020),2015,D2REC,"Taxes on production and imports, revenue",MIO_EUR,1681537.5,,2026-07-21T11:00:00+0200
EU27_2020,European Union - 27 countries (from 2020),2015,D2REC,"Taxes on production and imports, revenue",PC_GDP,13.7,,2026-07-21T11:00:00+0200
EU27_2020,European Union - 27 countries (from 2020),2015,D3PAY,"Subsidies, expenditure",MIO_EUR,202217.9,,2026-07-21T11:00:00+0200
EU27_2020,European Union - 27 countries (from 2020),2015,D3PAY,"Subsidies, expenditure",PC_GDP,1.6,,2026-07-21T11:00:00+0200
EU27_2020,European Union - 27 countries (from 2020),2015,D41PAY,"Interest, expenditure",MIO_EUR,270931.7,,2026-07-21T11:00:00+0200
EU27_2020,European Union - 27 countries (from 2020),2015,D41PAY,"Interest, expenditure",PC_GDP,2.2,,2026-07-21T11:00:00+0200
EU27_2020,European Union - 27 countries (from 2020),2015,D5REC,"Current taxes on income, wealth, etc., revenue",MIO_EUR,1552944.9,,2026-07-21T11:00:00+0200
EU27_2020,European Union - 27 countries (from 2020),2015,D5REC,"Current taxes on income, wealth, etc., revenue",PC_GDP,12.6,,2026-07-21T11:00:00+0200
EU27_2020,European Union - 27 countries (from 2020),2015,D61REC,"Net social contributions, revenue",MIO_EUR,1740150.2,,2026-07-21T11:00:00+0200
EU27_2020,European Union - 27 countries (from 2020),2015,D61REC,"Net social contributions, revenue",PC_GDP,14.1,,2026-07-21T11:00:00+0200
EU27_2020,European Union - 27 countries (from 2020),2015,D62PAY,"Social benefits other than social transfers in kind, expenditure",MIO_EUR,2030200.7,,2026-07-21T11:00:00+0200
EU27_2020,European Union - 27 countries (from 2020),2015,D62PAY,"Social benefits other than social transfers in kind, expenditure",PC_GDP,16.5,,2026-07-21T11:00:00+0200
EU27_2020,European Union - 27 countries (from 2020),2015,D632PAY,"Social transfers in kind, purchased market production, expenditure",MIO_EUR,639094.3,,2026-07-21T11:00:00+0200
EU27_2020,European Union - 27 countries (from 2020),2015,D632PAY,"Social transfers in kind, purchased market production, expenditure",PC_GDP,5.2,,2026-07-21T11:00:00+0200
EU27_2020,European Union - 27 countries (from 2020),2015,D91REC,"Capital taxes, revenue",MIO_EUR,34038.5,,2026-07-21T11:00:00+0200
EU27_2020,European Union - 27 countries (from 2020),2015,D91REC,"Capital taxes, revenue",PC_GDP,0.3,,2026-07-21T11:00:00+0200
EU27_2020,European Union - 27 countries (from 2020),2015,D995REC,Capital transfers from general government to relevant sectors representing taxes and social contributions assessed but unlikely to be collected,MIO_EUR,9755.8,,2026-07-21T11:00:00+0200
EU27_2020,European Union - 27 countries (from 2020),2015,D995REC,Capital transfers from general government to relevant sectors representing taxes and social contributions assessed but unlikely to be collected,PC_GDP,0.1,,2026-07-21T11:00:00+0200
EU27_2020,European Union - 27 countries (from 2020),2015,P2,Intermediate consumption,MIO_EUR,700360.4,,2026-07-21T11:00:00+0200
EU27_2020,European Union - 27 countries (from 2020),2015,P2,Intermediate consumption,PC_GDP,5.7,,2026-07-21T11:00:00+0200
EU27_2020,European Union - 27 countries (from 2020),2015,P51G,Gross fixed capital formation,MIO_EUR,390087.8,,2026-07-21T11:00:00+0200
EU27_2020,European Union - 27 countries (from 2020),2015,P51G,Gross fixed capital formation,PC_GDP,3.2,,2026-07-21T11:00:00+0200
EU27_2020,European Union - 27 countries (from 2020),2015,TE,Total general government expenditure,MIO_EUR,5943521.3,,2026-07-21T11:00:00+0200
EU27_2020,European Union - 27 countries (from 2020),2015,TE,Total general government expenditure,PC_GDP,48.3,,2026-07-21T11:00:00+0200
EU27_2020,European Union - 27 countries (from 2020),2015,TR,Total general government revenue,MIO_EUR,5709329.9,,2026-07-21T11:00:00+0200
EU27_2020,European Union - 27 countries (from 2020),2015,TR,Total general government revenue,PC_GDP,46.4,,2026-07-21T11:00:00+0200
EU27_2020,European Union - 27 countries (from 2020),2016,B9,Net lending (+)/net borrowing (-),MIO_EUR,-171646.4,,2026-07-21T11:00:00+0200
EU27_2020,European Union - 27 countries (from 2020),2016,B9,Net lending (+)/net borrowing (-),PC_GDP,-1.4,,2026-07-21T11:00:00+0200
EU27_2020,European Union - 27 countries (from 2020),2016,D1PAY,"Compensation of employees, expenditure",MIO_EUR,1300640.1,,2026-07-21T11:00:00+0200
EU27_2020,European Union - 27 countries (from 2020),2016,D1PAY,"Compensation of employees, expenditure",PC_GDP,10.3,,2026-07-21T11:00:00+0200
EU27_2020,European Union - 27 countries (from 2020),2016,D2REC,"Taxes on production and imports, revenue",MIO_EUR,1723130.9,,2026-07-21T11:00:00+0200
EU27_2020,European Union - 27 countries (from 2020),2016,D2REC,"Taxes on production and imports, revenue",PC_GDP,13.6,,2026-07-21T11:00:00+0200
EU27_2020,European Union - 27 countries (from 2020),2016,D3PAY,"Subsidies, expenditure",MIO_EUR,202688.7,,2026-07-21T11:00:00+0200
EU27_2020,European Union - 27 countries (from 2020),2016,D3PAY,"Subsidies, expenditure",PC_GDP,1.6,,2026-07-21T11:00:00+0200
EU27_2020,European Union - 27 countries (from 2020),2016,D41PAY,"Interest, expenditure",MIO_EUR,253816.8,,2026-07-21T11:00:00+0200
EU27_2020,European Union - 27 countries (from 2020),2016,D41PAY,"Interest, expenditure",PC_GDP,2,,2026-07-21T11:00:00+0200
EU27_2020,European Union - 27 countries (from 2020),2016,D5REC,"Current taxes on income, wealth, etc., revenue",MIO_EUR,1599158.5,,2026-07-21T11:00:00+0200
EU27_2020,European Union - 27 countries (from 2020),2016,D5REC,"Current taxes on income, wealth, etc., revenue",PC_GDP,12.7,,2026-07-21T11:00:00+0200
EU27_2020,European Union - 27 countries (from 2020),2016,D61REC,"Net social contributions, revenue",MIO_EUR,1794525.8,,2026-07-21T11:00:00+0200
EU27_2020,European Union - 27 countries (from 2020),2016,D61REC,"Net social contributions, revenue",PC_GDP,14.2,,2026-07-21T11:00:00+0200
EU27_2020,European Union - 27 countries (from 2020),2016,D62PAY,"Social benefits other than social transfers in kind, expenditure",MIO_EUR,2075632.5,,2026-07-21T11:00:00+0200
EU27_2020,European Union - 27 countries (from 2020),2016,D62PAY,"Social benefits other than social transfers in kind, expenditure",PC_GDP,16.4,,2026-07-21T11:00:00+0200
EU27_2020,European Union - 27 countries (from 2020),2016,D632PAY,"Social transfers in kind, purchased market production, expenditure",MIO_EUR,665306.4,,2026-07-21T11:00:00+0200
EU27_2020,European Union - 27 countries (from 2020),2016,D632PAY,"Social transfers in kind, purchased market production, expenditure",PC_GDP,5.3,,2026-07-21T11:00:00+0200
EU27_2020,European Union - 27 countries (from 2020),2016,D91REC,"Capital taxes, revenue",MIO_EUR,38918.5,,2026-07-21T11:00:00+0200
EU27_2020,European Union - 27 countries (from 2020),2016,D91REC,"Capital taxes, revenue",PC_GDP,0.3,,2026-07-21T11:00:00+0200
EU27_2020,European Union - 27 countries (from 2020),2016,D995REC,Capital transfers from general government to relevant sectors representing taxes and social contributions assessed but unlikely to be collected,MIO_EUR,8368.4,,2026-07-21T11:00:00+0200
EU27_2020,European Union - 27 countries (from 2020),2016,D995REC,Capital transfers from general government to relevant sectors representing taxes and social contributions assessed but unlikely to be collected,PC_GDP,0.1,,2026-07-21T11:00:00+0200
EU27_2020,European Union - 27 countries (from 2020),2016,P2,Intermediate consumption,MIO_EUR,717871.5,,2026-07-21T11:00:00+0200
EU27_2020,European Union - 27 countries (from 2020),2016,P2,Intermediate consumption,PC_GDP,5.7,,2026-07-21T11:00:00+0200
EU27_2020,European Union - 27 countries (from 2020),2016,P51G,Gross fixed capital formation,MIO_EUR,370299.6,,2026-07-21T11:00:00+0200
EU27_2020,European Union - 27 countries (from 2020),2016,P51G,Gross fixed capital formation,PC_GDP,2.9,,2026-07-21T11:00:00+0200
EU27_2020,European Union - 27 countries (from 2020),2016,TE,Total general government expenditure,MIO_EUR,6006178.4,,2026-07-21T11:00:00+0200
EU27_2020,European Union - 27 countries (from 2020),2016,TE,Total general government expenditure,PC_GDP,47.5,,2026-07-21T11:00:00+0200
EU27_2020,European Union - 27 countries (from 2020),2016,TR,Total general government revenue,MIO_EUR,5834532.1,,2026-07-21T11:00:00+0200
EU27_2020,European Union - 27 countries (from 2020),2016,TR,Total general government revenue,PC_GDP,46.2,,2026-07-21T11:00:00+0200
EU27_2020,European Union - 27 countries (from 2020),2017,B9,Net lending (+)/net borrowing (-),MIO_EUR,-113955.7,,2026-07-21T11:00:00+0200
EU27_2020,European Union - 27 countries (from 2020),2017,B9,Net lending (+)/net borrowing (-),PC_GDP,-0.9,,2026-07-21T11:00:00+0200
EU27_2020,European Union - 27 countries (from 2020),2017,D1PAY,"Compensation of employees, expenditure",MIO_EUR,1342334,,2026-07-21T11:00:00+0200
EU27_2020,European Union - 27 countries (from 2020),2017,D1PAY,"Compensation of employees, expenditure",PC_GDP,10.2,,2026-07-21T11:00:00+0200
EU27_2020,European Union - 27 countries (from 2020),2017,D2REC,"Taxes on production and imports, revenue",MIO_EUR,1792306.9,,2026-07-21T11:00:00+0200
EU27_2020,European Union - 27 countries (from 2020),2017,D2REC,"Taxes on production and imports, revenue",PC_GDP,13.6,,2026-07-21T11:00:00+0200
EU27_2020,European Union - 27 countries (from 2020),2017,D3PAY,"Subsidies, expenditure",MIO_EUR,209198.3,,2026-07-21T11:00:00+0200
EU27_2020,European Union - 27 countries (from 2020),2017,D3PAY,"Subsidies, expenditure",PC_GDP,1.6,,2026-07-21T11:00:00+0200
EU27_2020,European Union - 27 countries (from 2020),2017,D41PAY,"Interest, expenditure",MIO_EUR,240848.6,,2026-07-21T11:00:00+0200
EU27_2020,European Union - 27 countries (from 2020),2017,D41PAY,"Interest, expenditure",PC_GDP,1.8,,2026-07-21T11:00:00+0200
EU27_2020,European Union - 27 countries (from 2020),2017,D5REC,"Current taxes on income, wealth, etc., revenue",MIO_EUR,1684502.9,,2026-07-21T11:00:00+0200
EU27_2020,European Union - 27 countries (from 2020),2017,D5REC,"Current taxes on income, wealth, etc., revenue",PC_GDP,12.8,,2026-07-21T11:00:00+0200
EU27_2020,European Union - 27 countries (from 2020),2017,D61REC,"Net social contributions, revenue",MIO_EUR,1867518.3,,2026-07-21T11:00:00+0200
EU27_2020,European Union - 27 countries (from 2020),2017,D61REC,"Net social contributions, revenue",PC_GDP,14.2,,2026-07-21T11:00:00+0200
EU27_2020,European Union - 27 countries (from 2020),2017,D62PAY,"Social benefits other than social transfers in kind, expenditure",MIO_EUR,2127528.9,,2026-07-21T11:00:00+0200
EU27_2020,European Union - 27 countries (from 2020),2017,D62PAY,"Social benefits other than social transfers in kind, expenditure",PC_GDP,16.2,,2026-07-21T11:00:00+0200
EU27_2020,European Union - 27 countries (from 2020),2017,D632PAY,"Social transfers in kind, purchased market production, expenditure",MIO_EUR,688222.8,,2026-07-21T11:00:00+0200
EU27_2020,European Union - 27 countries (from 2020),2017,D632PAY,"Social transfers in kind, purchased market production, expenditure",PC_GDP,5.2,,2026-07-21T11:00:00+0200
EU27_2020,European Union - 27 countries (from 2020),2017,D91REC,"Capital taxes, revenue",MIO_EUR,36878.2,,2026-07-21T11:00:00+0200
EU27_2020,European Union - 27 countries (from 2020),2017,D91REC,"Capital taxes, revenue",PC_GDP,0.3,,2026-07-21T11:00:00+0200
EU27_2020,European Union - 27 countries (from 2020),2017,D995REC,Capital transfers from general government to relevant sectors representing taxes and social contributions assessed but unlikely to be collected,MIO_EUR,8745,,2026-07-21T11:00:00+0200
EU27_2020,European Union - 27 countries (from 2020),2017,D995REC,Capital transfers from general government to relevant sectors representing taxes and social contributions assessed but unlikely to be collected,PC_GDP,0.1,,2026-07-21T11:00:00+0200
EU27_2020,European Union - 27 countries (from 2020),2017,P2,Intermediate consumption,MIO_EUR,742024.3,,2026-07-21T11:00:00+0200
EU27_2020,European Union - 27 countries (from 2020),2017,P2,Intermediate consumption,PC_GDP,5.6,,2026-07-21T11:00:00+0200
EU27_2020,European Union - 27 countries (from 2020),2017,P51G,Gross fixed capital formation,MIO_EUR,387728.1,,2026-07-21T11:00:00+0200
EU27_2020,European Union - 27 countries (from 2020),2017,P51G,Gross fixed capital formation,PC_GDP,2.9,,2026-07-21T11:00:00+0200
EU27_2020,European Union - 27 countries (from 2020),2017,TE,Total general government expenditure,MIO_EUR,6185621.9,,2026-07-21T11:00:00+0200
EU27_2020,European Union - 27 countries (from 2020),2017,TE,Total general government expenditure,PC_GDP,47,,2026-07-21T11:00:00+0200
EU27_2020,European Union - 27 countries (from 2020),2017,TR,Total general government revenue,MIO_EUR,6071666.1,,2026-07-21T11:00:00+0200
EU27_2020,European Union - 27 countries (from 2020),2017,TR,Total general government revenue,PC_GDP,46.1,,2026-07-21T11:00:00+0200
EU27_2020,European Union - 27 countries (from 2020),2018,B9,Net lending (+)/net borrowing (-),MIO_EUR,-54034.9,,2026-07-21T11:00:00+0200
EU27_2020,European Union - 27 countries (from 2020),2018,B9,Net lending (+)/net borrowing (-),PC_GDP,-0.4,,2026-07-21T11:00:00+0200
EU27_2020,European Union - 27 countries (from 2020),2018,D1PAY,"Compensation of employees, expenditure",MIO_EUR,1383301.8,,2026-07-21T11:00:00+0200
EU27_2020,European Union - 27 countries (from 2020),2018,D1PAY,"Compensation of employees, expenditure",PC_GDP,10.1,,2026-07-21T11:00:00+0200
EU27_2020,European Union - 27 countries (from 2020),2018,D2REC,"Taxes on production and imports, revenue",MIO_EUR,1856030.2,,2026-07-21T11:00:00+0200
EU27_2020,European Union - 27 countries (from 2020),2018,D2REC,"Taxes on production and imports, revenue",PC_GDP,13.6,,2026-07-21T11:00:00+0200
EU27_2020,European Union - 27 countries (from 2020),2018,D3PAY,"Subsidies, expenditure",MIO_EUR,208570.9,,2026-07-21T11:00:00+0200
EU27_2020,European Union - 27 countries (from 2020),2018,D3PAY,"Subsidies, expenditure",PC_GDP,1.5,,2026-07-21T11:00:00+0200
EU27_2020,European Union - 27 countries (from 2020),2018,D41PAY,"Interest, expenditure",MIO_EUR,235292.9,,2026-07-21T11:00:00+0200
EU27_2020,European Union - 27 countries (from 2020),2018,D41PAY,"Interest, expenditure",PC_GDP,1.7,,2026-07-21T11:00:00+0200
EU27_2020,European Union - 27 countries (from 2020),2018,D5REC,"Current taxes on income, wealth, etc., revenue",MIO_EUR,1752575.1,,2026-07-21T11:00:00+0200
EU27_2020,European Union - 27 countries (from 2020),2018,D5REC,"Current taxes on income, wealth, etc., revenue",PC_GDP,12.9,,2026-07-21T11:00:00+0200
EU27_2020,European Union - 27 countries (from 2020),2018,D61REC,"Net social contributions, revenue",MIO_EUR,1933037,,2026-07-21T11:00:00+0200
EU27_2020,European Union - 27 countries (from 2020),2018,D61REC,"Net social contributions, revenue",PC_GDP,14.2,,2026-07-21T11:00:00+0200
EU27_2020,European Union - 27 countries (from 2020),2018,D62PAY,"Social benefits other than social transfers in kind, expenditure",MIO_EUR,2180653.3,,2026-07-21T11:00:00+0200
EU27_2020,European Union - 27 countries (from 2020),2018,D62PAY,"Social benefits other than social transfers in kind, expenditure",PC_GDP,16,,2026-07-21T11:00:00+0200
EU27_2020,European Union - 27 countries (from 2020),2018,D632PAY,"Social transfers in kind, purchased market production, expenditure",MIO_EUR,706885.9,,2026-07-21T11:00:00+0200
EU27_2020,European Union - 27 countries (from 2020),2018,D632PAY,"Social transfers in kind, purchased market production, expenditure",PC_GDP,5.2,,2026-07-21T11:00:00+0200
EU27_2020,European Union - 27 countries (from 2020),2018,D91REC,"Capital taxes, revenue",MIO_EUR,36730.9,,2026-07-21T11:00:00+0200
EU27_2020,European Union - 27 countries (from 2020),2018,D91REC,"Capital taxes, revenue",PC_GDP,0.3,,2026-07-21T11:00:00+0200
EU27_2020,European Union - 27 countries (from 2020),2018,D995REC,Capital transfers from general government to relevant sectors representing taxes and social contributions assessed but unlikely to be collected,MIO_EUR,8084.3,,2026-07-21T11:00:00+0200
EU27_2020,European Union - 27 countries (from 2020),2018,D995REC,Capital transfers from general government to relevant sectors representing taxes and social contributions assessed but unlikely to be collected,PC_GDP,0.1,,2026-07-21T11:00:00+0200
EU27_2020,European Union - 27 countries (from 2020),2018,P2,Intermediate consumption,MIO_EUR,767453.6,,2026-07-21T11:00:00+0200
EU27_2020,European Union - 27 countries (from 2020),2018,P2,Intermediate consumption,PC_GDP,5.6,,2026-07-21T11:00:00+0200
EU27_2020,European Union - 27 countries (from 2020),2018,P51G,Gross fixed capital formation,MIO_EUR,419500.8,,2026-07-21T11:00:00+0200
EU27_2020,European Union - 27 countries (from 2020),2018,P51G,Gross fixed capital formation,PC_GDP,3.1,,2026-07-21T11:00:00+0200
EU27_2020,European Union - 27 countries (from 2020),2018,TE,Total general government expenditure,MIO_EUR,6361725.8,,2026-07-21T11:00:00+0200
EU27_2020,European Union - 27 countries (from 2020),2018,TE,Total general government expenditure,PC_GDP,46.7,,2026-07-21T11:00:00+0200
EU27_2020,European Union - 27 countries (from 2020),2018,TR,Total general government revenue,MIO_EUR,6307690.7,,2026-07-21T11:00:00+0200
EU27_2020,European Union - 27 countries (from 2020),2018,TR,Total general government revenue,PC_GDP,46.3,,2026-07-21T11:00:00+0200
EU27_2020,European Union - 27 countries (from 2020),2019,B9,Net lending (+)/net borrowing (-),MIO_EUR,-64824.5,,2026-07-21T11:00:00+0200
EU27_2020,European Union - 27 countries (from 2020),2019,B9,Net lending (+)/net borrowing (-),PC_GDP,-0.5,,2026-07-21T11:00:00+0200
EU27_2020,European Union - 27 countries (from 2020),2019,D1PAY,"Compensation of employees, expenditure",MIO_EUR,1437151.8,,2026-07-21T11:00:00+0200
EU27_2020,European Union - 27 countries (from 2020),2019,D1PAY,"Compensation of employees, expenditure",PC_GDP,10.2,,2026-07-21T11:00:00+0200
EU27_2020,European Union - 27 countries (from 2020),2019,D2REC,"Taxes on production and imports, revenue",MIO_EUR,1923561.6,,2026-07-21T11:00:00+0200
EU27_2020,European Union - 27 countries (from 2020),2019,D2REC,"Taxes on production and imports, revenue",PC_GDP,13.6,,2026-07-21T11:00:00+0200
EU27_2020,European Union - 27 countries (from 2020),2019,D3PAY,"Subsidies, expenditure",MIO_EUR,202036.2,,2026-07-21T11:00:00+0200
EU27_2020,European Union - 27 countries (from 2020),2019,D3PAY,"Subsidies, expenditure",PC_GDP,1.4,,2026-07-21T11:00:00+0200
EU27_2020,European Union - 27 countries (from 2020),2019,D41PAY,"Interest, expenditure",MIO_EUR,217475.8,,2026-07-21T11:00:00+0200
EU27_2020,European Union - 27 countries (from 2020),2019,D41PAY,"Interest, expenditure",PC_GDP,1.5,,2026-07-21T11:00:00+0200
EU27_2020,European Union - 27 countries (from 2020),2019,D5REC,"Current taxes on income, wealth, etc., revenue",MIO_EUR,1814885.2,,2026-07-21T11:00:00+0200
EU27_2020,European Union - 27 countries (from 2020),2019,D5REC,"Current taxes on income, wealth, etc., revenue",PC_GDP,12.9,,2026-07-21T11:00:00+0200
EU27_2020,European Union - 27 countries (from 2020),2019,D61REC,"Net social contributions, revenue",MIO_EUR,1986064.3,,2026-07-21T11:00:00+0200
EU27_2020,European Union - 27 countries (from 2020),2019,D61REC,"Net social contributions, revenue",PC_GDP,14.1,,2026-07-21T11:00:00+0200
EU27_2020,European Union - 27 countries (from 2020),2019,D62PAY,"Social benefits other than social transfers in kind, expenditure",MIO_EUR,2271542.5,,2026-07-21T11:00:00+0200
EU27_2020,European Union - 27 countries (from 2020),2019,D62PAY,"Social benefits other than social transfers in kind, expenditure",PC_GDP,16.1,,2026-07-21T11:00:00+0200
EU27_2020,European Union - 27 countries (from 2020),2019,D632PAY,"Social transfers in kind, purchased market production, expenditure",MIO_EUR,736549.7,,2026-07-21T11:00:00+0200
EU27_2020,European Union - 27 countries (from 2020),2019,D632PAY,"Social transfers in kind, purchased market production, expenditure",PC_GDP,5.2,,2026-07-21T11:00:00+0200
EU27_2020,European Union - 27 countries (from 2020),2019,D91REC,"Capital taxes, revenue",MIO_EUR,37759.5,,2026-07-21T11:00:00+0200
EU27_2020,European Union - 27 countries (from 2020),2019,D91REC,"Capital taxes, revenue",PC_GDP,0.3,,2026-07-21T11:00:00+0200
EU27_2020,European Union - 27 countries (from 2020),2019,D995REC,Capital transfers from general government to relevant sectors representing taxes and social contributions assessed but unlikely to be collected,MIO_EUR,6655.1,,2026-07-21T11:00:00+0200
EU27_2020,European Union - 27 countries (from 2020),2019,D995REC,Capital transfers from general government to relevant sectors representing taxes and social contributions assessed but unlikely to be collected,PC_GDP,0,,2026-07-21T11:00:00+0200
EU27_2020,European Union - 27 countries (from 2020),2019,P2,Intermediate consumption,MIO_EUR,800636.2,,2026-07-21T11:00:00+0200
EU27_2020,European Union - 27 countries (from 2020),2019,P2,Intermediate consumption,PC_GDP,5.7,,2026-07-21T11:00:00+0200
EU27_2020,European Union - 27 countries (from 2020),2019,P51G,Gross fixed capital formation,MIO_EUR,447798.8,,2026-07-21T11:00:00+0200
EU27_2020,European Union - 27 countries (from 2020),2019,P51G,Gross fixed capital formation,PC_GDP,3.2,,2026-07-21T11:00:00+0200
EU27_2020,European Union - 27 countries (from 2020),2019,TE,Total general government expenditure,MIO_EUR,6583991.3,,2026-07-21T11:00:00+0200
EU27_2020,European Union - 27 countries (from 2020),2019,TE,Total general government expenditure,PC_GDP,46.6,,2026-07-21T11:00:00+0200
EU27_2020,European Union - 27 countries (from 2020),2019,TR,Total general government revenue,MIO_EUR,6519166.7,,2026-07-21T11:00:00+0200
EU27_2020,European Union - 27 countries (from 2020),2019,TR,Total general government revenue,PC_GDP,46.2,,2026-07-21T11:00:00+0200
EU27_2020,European Union - 27 countries (from 2020),2020,B9,Net lending (+)/net borrowing (-),MIO_EUR,-908997.9,,2026-07-21T11:00:00+0200
EU27_2020,European Union - 27 countries (from 2020),2020,B9,Net lending (+)/net borrowing (-),PC_GDP,-6.7,,2026-07-21T11:00:00+0200
EU27_2020,European Union - 27 countries (from 2020),2020,D1PAY,"Compensation of employees, expenditure",MIO_EUR,1484549.3,,2026-07-21T11:00:00+0200
EU27_2020,European Union - 27 countries (from 2020),2020,D1PAY,"Compensation of employees, expenditure",PC_GDP,10.9,,2026-07-21T11:00:00+0200
EU27_2020,European Union - 27 countries (from 2020),2020,D2REC,"Taxes on production and imports, revenue",MIO_EUR,1809417.5,,2026-07-21T11:00:00+0200
EU27_2020,European Union - 27 countries (from 2020),2020,D2REC,"Taxes on production and imports, revenue",PC_GDP,13.3,,2026-07-21T11:00:00+0200
EU27_2020,European Union - 27 countries (from 2020),2020,D3PAY,"Subsidies, expenditure",MIO_EUR,381008.2,,2026-07-21T11:00:00+0200
EU27_2020,European Union - 27 countries (from 2020),2020,D3PAY,"Subsidies, expenditure",PC_GDP,2.8,,2026-07-21T11:00:00+0200
EU27_2020,European Union - 27 countries (from 2020),2020,D41PAY,"Interest, expenditure",MIO_EUR,192581.7,,2026-07-21T11:00:00+0200
EU27_2020,European Union - 27 countries (from 2020),2020,D41PAY,"Interest, expenditure",PC_GDP,1.4,,2026-07-21T11:00:00+0200
EU27_2020,European Union - 27 countries (from 2020),2020,D5REC,"Current taxes on income, wealth, etc., revenue",MIO_EUR,1747277.8,,2026-07-21T11:00:00+0200
EU27_2020,European Union - 27 countries (from 2020),2020,D5REC,"Current taxes on income, wealth, etc., revenue",PC_GDP,12.9,,2026-07-21T11:00:00+0200
EU27_2020,European Union - 27 countries (from 2020),2020,D61REC,"Net social contributions, revenue",MIO_EUR,1967716.7,,2026-07-21T11:00:00+0200
EU27_2020,European Union - 27 countries (from 2020),2020,D61REC,"Net social contributions, revenue",PC_GDP,14.5,,2026-07-21T11:00:00+0200
EU27_2020,European Union - 27 countries (from 2020),2020,D62PAY,"Social benefits other than social transfers in kind, expenditure",MIO_EUR,2488962.5,,2026-07-21T11:00:00+0200
EU27_2020,European Union - 27 countries (from 2020),2020,D62PAY,"Social benefits other than social transfers in kind, expenditure",PC_GDP,18.3,,2026-07-21T11:00:00+0200
EU27_2020,European Union - 27 countries (from 2020),2020,D632PAY,"Social transfers in kind, purchased market production, expenditure",MIO_EUR,752609.7,,2026-07-21T11:00:00+0200
EU27_2020,European Union - 27 countries (from 2020),2020,D632PAY,"Social transfers in kind, purchased market production, expenditure",PC_GDP,5.5,,2026-07-21T11:00:00+0200
EU27_2020,European Union - 27 countries (from 2020),2020,D91REC,"Capital taxes, revenue",MIO_EUR,38029.6,,2026-07-21T11:00:00+0200
EU27_2020,European Union - 27 countries (from 2020),2020,D91REC,"Capital taxes, revenue",PC_GDP,0.3,,2026-07-21T11:00:00+0200
EU27_2020,European Union - 27 countries (from 2020),2020,D995REC,Capital transfers from general government to relevant sectors representing taxes and social contributions assessed but unlikely to be collected,MIO_EUR,12609.9,,2026-07-21T11:00:00+0200
EU27_2020,European Union - 27 countries (from 2020),2020,D995REC,Capital transfers from general government to relevant sectors representing taxes and social contributions assessed but unlikely to be collected,PC_GDP,0.1,,2026-07-21T11:00:00+0200
EU27_2020,European Union - 27 countries (from 2020),2020,P2,Intermediate consumption,MIO_EUR,840622.6,,2026-07-21T11:00:00+0200
EU27_2020,European Union - 27 countries (from 2020),2020,P2,Intermediate consumption,PC_GDP,6.2,,2026-07-21T11:00:00+0200
EU27_2020,European Union - 27 countries (from 2020),2020,P51G,Gross fixed capital formation,MIO_EUR,469278.4,,2026-07-21T11:00:00+0200
EU27_2020,European Union - 27 countries (from 2020),2020,P51G,Gross fixed capital formation,PC_GDP,3.5,,2026-07-21T11:00:00+0200
EU27_2020,European Union - 27 countries (from 2020),2020,TE,Total general government expenditure,MIO_EUR,7186793.5,,2026-07-21T11:00:00+0200
EU27_2020,European Union - 27 countries (from 2020),2020,TE,Total general government expenditure,PC_GDP,52.9,,2026-07-21T11:00:00+0200
EU27_2020,European Union - 27 countries (from 2020),2020,TR,Total general government revenue,MIO_EUR,6277795.5,,2026-07-21T11:00:00+0200
EU27_2020,European Union - 27 countries (from 2020),2020,TR,Total general government revenue,PC_GDP,46.2,,2026-07-21T11:00:00+0200
EU27_2020,European Union - 27 countries (from 2020),2021,B9,Net lending (+)/net borrowing (-),MIO_EUR,-683593.8,,2026-07-21T11:00:00+0200
EU27_2020,European Union - 27 countries (from 2020),2021,B9,Net lending (+)/net borrowing (-),PC_GDP,-4.6,,2026-07-21T11:00:00+0200
EU27_2020,European Union - 27 countries (from 2020),2021,D1PAY,"Compensation of employees, expenditure",MIO_EUR,1549684.7,,2026-07-21T11:00:00+0200
EU27_2020,European Union - 27 countries (from 2020),2021,D1PAY,"Compensation of employees, expenditure",PC_GDP,10.5,,2026-07-21T11:00:00+0200
EU27_2020,European Union - 27 countries (from 2020),2021,D2REC,"Taxes on production and imports, revenue",MIO_EUR,2007376.1,,2026-07-21T11:00:00+0200
EU27_2020,European Union - 27 countries (from 2020),2021,D2REC,"Taxes on production and imports, revenue",PC_GDP,13.6,,2026-07-21T11:00:00+0200
EU27_2020,European Union - 27 countries (from 2020),2021,D3PAY,"Subsidies, expenditure",MIO_EUR,384965.2,,2026-07-21T11:00:00+0200
EU27_2020,European Union - 27 countries (from 2020),2021,D3PAY,"Subsidies, expenditure",PC_GDP,2.6,,2026-07-21T11:00:00+0200
EU27_2020,European Union - 27 countries (from 2020),2021,D41PAY,"Interest, expenditure",MIO_EUR,200076.4,,2026-07-21T11:00:00+0200
EU27_2020,European Union - 27 countries (from 2020),2021,D41PAY,"Interest, expenditure",PC_GDP,1.4,,2026-07-21T11:00:00+0200
EU27_2020,European Union - 27 countries (from 2020),2021,D5REC,"Current taxes on income, wealth, etc., revenue",MIO_EUR,1939735.4,,2026-07-21T11:00:00+0200
EU27_2020,European Union - 27 countries (from 2020),2021,D5REC,"Current taxes on income, wealth, etc., revenue",PC_GDP,13.1,,2026-07-21T11:00:00+0200
EU27_2020,European Union - 27 countries (from 2020),2021,D61REC,"Net social contributions, revenue",MIO_EUR,2082134.7,,2026-07-21T11:00:00+0200
EU27_2020,European Union - 27 countries (from 2020),2021,D61REC,"Net social contributions, revenue",PC_GDP,14.1,,2026-07-21T11:00:00+0200
EU27_2020,European Union - 27 countries (from 2020),2021,D62PAY,"Social benefits other than social transfers in kind, expenditure",MIO_EUR,2512363,,2026-07-21T11:00:00+0200
EU27_2020,European Union - 27 countries (from 2020),2021,D62PAY,"Social benefits other than social transfers in kind, expenditure",PC_GDP,17,,2026-07-21T11:00:00+0200
EU27_2020,European Union - 27 countries (from 2020),2021,D632PAY,"Social transfers in kind, purchased market production, expenditure",MIO_EUR,827061.2,,2026-07-21T11:00:00+0200
EU27_2020,European Union - 27 countries (from 2020),2021,D632PAY,"Social transfers in kind, purchased market production, expenditure",PC_GDP,5.6,,2026-07-21T11:00:00+0200
EU27_2020,European Union - 27 countries (from 2020),2021,D91REC,"Capital taxes, revenue",MIO_EUR,46518,,2026-07-21T11:00:00+0200
EU27_2020,European Union - 27 countries (from 2020),2021,D91REC,"Capital taxes, revenue",PC_GDP,0.3,,2026-07-21T11:00:00+0200
EU27_2020,European Union - 27 countries (from 2020),2021,D995REC,Capital transfers from general government to relevant sectors representing taxes and social contributions assessed but unlikely to be collected,MIO_EUR,8992.7,,2026-07-21T11:00:00+0200
EU27_2020,European Union - 27 countries (from 2020),2021,D995REC,Capital transfers from general government to relevant sectors representing taxes and social contributions assessed but unlikely to be collected,PC_GDP,0.1,,2026-07-21T11:00:00+0200
EU27_2020,European Union - 27 countries (from 2020),2021,P2,Intermediate consumption,MIO_EUR,914216.5,,2026-07-21T11:00:00+0200
EU27_2020,European Union - 27 countries (from 2020),2021,P2,Intermediate consumption,PC_GDP,6.2,,2026-07-21T11:00:00+0200
EU27_2020,European Union - 27 countries (from 2020),2021,P51G,Gross fixed capital formation,MIO_EUR,497054.9,,2026-07-21T11:00:00+0200
EU27_2020,European Union - 27 countries (from 2020),2021,P51G,Gross fixed capital formation,PC_GDP,3.4,,2026-07-21T11:00:00+0200
EU27_2020,European Union - 27 countries (from 2020),2021,TE,Total general government expenditure,MIO_EUR,7567783.7,,2026-07-21T11:00:00+0200
EU27_2020,European Union - 27 countries (from 2020),2021,TE,Total general government expenditure,PC_GDP,51.2,,2026-07-21T11:00:00+0200
EU27_2020,European Union - 27 countries (from 2020),2021,TR,Total general government revenue,MIO_EUR,6884189.7,,2026-07-21T11:00:00+0200
EU27_2020,European Union - 27 countries (from 2020),2021,TR,Total general government revenue,PC_GDP,46.5,,2026-07-21T11:00:00+0200
EU27_2020,European Union - 27 countries (from 2020),2022,B9,Net lending (+)/net borrowing (-),MIO_EUR,-509933.5,,2026-07-21T11:00:00+0200
EU27_2020,European Union - 27 countries (from 2020),2022,B9,Net lending (+)/net borrowing (-),PC_GDP,-3.2,,2026-07-21T11:00:00+0200
EU27_2020,European Union - 27 countries (from 2020),2022,D1PAY,"Compensation of employees, expenditure",MIO_EUR,1616634.7,,2026-07-21T11:00:00+0200
EU27_2020,European Union - 27 countries (from 2020),2022,D1PAY,"Compensation of employees, expenditure",PC_GDP,10,,2026-07-21T11:00:00+0200
EU27_2020,European Union - 27 countries (from 2020),2022,D2REC,"Taxes on production and imports, revenue",MIO_EUR,2145619.9,,2026-07-21T11:00:00+0200
EU27_2020,European Union - 27 countries (from 2020),2022,D2REC,"Taxes on production and imports, revenue",PC_GDP,13.3,,2026-07-21T11:00:00+0200
EU27_2020,European Union - 27 countries (from 2020),2022,D3PAY,"Subsidies, expenditure",MIO_EUR,327882.2,,2026-07-21T11:00:00+0200
EU27_2020,European Union - 27 countries (from 2020),2022,D3PAY,"Subsidies, expenditure",PC_GDP,2,,2026-07-21T11:00:00+0200
EU27_2020,European Union - 27 countries (from 2020),2022,D41PAY,"Interest, expenditure",MIO_EUR,257579.4,,2026-07-21T11:00:00+0200
EU27_2020,European Union - 27 countries (from 2020),2022,D41PAY,"Interest, expenditure",PC_GDP,1.6,,2026-07-21T11:00:00+0200
EU27_2020,European Union - 27 countries (from 2020),2022,D5REC,"Current taxes on income, wealth, etc., revenue",MIO_EUR,2138439.1,,2026-07-21T11:00:00+0200
EU27_2020,European Union - 27 countries (from 2020),2022,D5REC,"Current taxes on income, wealth, etc., revenue",PC_GDP,13.2,,2026-07-21T11:00:00+0200
EU27_2020,European Union - 27 countries (from 2020),2022,D61REC,"Net social contributions, revenue",MIO_EUR,2213313.5,,2026-07-21T11:00:00+0200
EU27_2020,European Union - 27 countries (from 2020),2022,D61REC,"Net social contributions, revenue",PC_GDP,13.7,,2026-07-21T11:00:00+0200
EU27_2020,European Union - 27 countries (from 2020),2022,D62PAY,"Social benefits other than social transfers in kind, expenditure",MIO_EUR,2571109.3,,2026-07-21T11:00:00+0200
EU27_2020,European Union - 27 countries (from 2020),2022,D62PAY,"Social benefits other than social transfers in kind, expenditure",PC_GDP,15.9,,2026-07-21T11:00:00+0200
EU27_2020,European Union - 27 countries (from 2020),2022,D632PAY,"Social transfers in kind, purchased market production, expenditure",MIO_EUR,871759.9,,2026-07-21T11:00:00+0200
EU27_2020,European Union - 27 countries (from 2020),2022,D632PAY,"Social transfers in kind, purchased market production, expenditure",PC_GDP,5.4,,2026-07-21T11:00:00+0200
EU27_2020,European Union - 27 countries (from 2020),2022,D91REC,"Capital taxes, revenue",MIO_EUR,45672.4,,2026-07-21T11:00:00+0200
EU27_2020,European Union - 27 countries (from 2020),2022,D91REC,"Capital taxes, revenue",PC_GDP,0.3,,2026-07-21T11:00:00+0200
EU27_2020,European Union - 27 countries (from 2020),2022,D995REC,Capital transfers from general government to relevant sectors representing taxes and social contributions assessed but unlikely to be collected,MIO_EUR,6562.6,,2026-07-21T11:00:00+0200
EU27_2020,European Union - 27 countries (from 2020),2022,D995REC,Capital transfers from general government to relevant sectors representing taxes and social contributions assessed but unlikely to be collected,PC_GDP,0,,2026-07-21T11:00:00+0200
EU27_2020,European Union - 27 countries (from 2020),2022,P2,Intermediate consumption,MIO_EUR,985885.6,,2026-07-21T11:00:00+0200
EU27_2020,European Union - 27 countries (from 2020),2022,P2,Intermediate consumption,PC_GDP,6.1,,2026-07-21T11:00:00+0200
EU27_2020,European Union - 27 countries (from 2020),2022,P51G,Gross fixed capital formation,MIO_EUR,533512.6,,2026-07-21T11:00:00+0200
EU27_2020,European Union - 27 countries (from 2020),2022,P51G,Gross fixed capital formation,PC_GDP,3.3,,2026-07-21T11:00:00+0200
EU27_2020,European Union - 27 countries (from 2020),2022,TE,Total general government expenditure,MIO_EUR,7948237.9,,2026-07-21T11:00:00+0200
EU27_2020,European Union - 27 countries (from 2020),2022,TE,Total general government expenditure,PC_GDP,49.2,,2026-07-21T11:00:00+0200
EU27_2020,European Union - 27 countries (from 2020),2022,TR,Total general government revenue,MIO_EUR,7438304.3,,2026-07-21T11:00:00+0200
EU27_2020,European Union - 27 countries (from 2020),2022,TR,Total general government revenue,PC_GDP,46,,2026-07-21T11:00:00+0200
EU27_2020,European Union - 27 countries (from 2020),2023,B9,Net lending (+)/net borrowing (-),MIO_EUR,-592805.2,,2026-07-21T11:00:00+0200
EU27_2020,European Union - 27 countries (from 2020),2023,B9,Net lending (+)/net borrowing (-),PC_GDP,-3.4,,2026-07-21T11:00:00+0200
EU27_2020,European Union - 27 countries (from 2020),2023,D1PAY,"Compensation of employees, expenditure",MIO_EUR,1721663.5,,2026-07-21T11:00:00+0200
EU27_2020,European Union - 27 countries (from 2020),2023,D1PAY,"Compensation of employees, expenditure",PC_GDP,10,,2026-07-21T11:00:00+0200
EU27_2020,European Union - 27 countries (from 2020),2023,D2REC,"Taxes on production and imports, revenue",MIO_EUR,2203289.1,,2026-07-21T11:00:00+0200
EU27_2020,European Union - 27 countries (from 2020),2023,D2REC,"Taxes on production and imports, revenue",PC_GDP,12.8,,2026-07-21T11:00:00+0200
EU27_2020,European Union - 27 countries (from 2020),2023,D3PAY,"Subsidies, expenditure",MIO_EUR,336844.2,,2026-07-21T11:00:00+0200
EU27_2020,European Union - 27 countries (from 2020),2023,D3PAY,"Subsidies, expenditure",PC_GDP,2,,2026-07-21T11:00:00+0200
EU27_2020,European Union - 27 countries (from 2020),2023,D41PAY,"Interest, expenditure",MIO_EUR,295374.9,,2026-07-21T11:00:00+0200
EU27_2020,European Union - 27 countries (from 2020),2023,D41PAY,"Interest, expenditure",PC_GDP,1.7,,2026-07-21T11:00:00+0200
EU27_2020,European Union - 27 countries (from 2020),2023,D5REC,"Current taxes on income, wealth, etc., revenue",MIO_EUR,2247407.8,,2026-07-21T11:00:00+0200
EU27_2020,European Union - 27 countries (from 2020),2023,D5REC,"Current taxes on income, wealth, etc., revenue",PC_GDP,13,,2026-07-21T11:00:00+0200
EU27_2020,European Union - 27 countries (from 2020),2023,D61REC,"Net social contributions, revenue",MIO_EUR,2365158,,2026-07-21T11:00:00+0200
EU27_2020,European Union - 27 countries (from 2020),2023,D61REC,"Net social contributions, revenue",PC_GDP,13.7,,2026-07-21T11:00:00+0200
EU27_2020,European Union - 27 countries (from 2020),2023,D62PAY,"Social benefits other than social transfers in kind, expenditure",MIO_EUR,2751114.5,,2026-07-21T11:00:00+0200
EU27_2020,European Union - 27 countries (from 2020),2023,D62PAY,"Social benefits other than social transfers in kind, expenditure",PC_GDP,15.9,,2026-07-21T11:00:00+0200
EU27_2020,European Union - 27 countries (from 2020),2023,D632PAY,"Social transfers in kind, purchased market production, expenditure",MIO_EUR,908480.4,,2026-07-21T11:00:00+0200
EU27_2020,European Union - 27 countries (from 2020),2023,D632PAY,"Social transfers in kind, purchased market production, expenditure",PC_GDP,5.3,,2026-07-21T11:00:00+0200
EU27_2020,European Union - 27 countries (from 2020),2023,D91REC,"Capital taxes, revenue",MIO_EUR,48958.9,,2026-07-21T11:00:00+0200
EU27_2020,European Union - 27 countries (from 2020),2023,D91REC,"Capital taxes, revenue",PC_GDP,0.3,,2026-07-21T11:00:00+0200
EU27_2020,European Union - 27 countries (from 2020),2023,D995REC,Capital transfers from general government to relevant sectors representing taxes and social contributions assessed but unlikely to be collected,MIO_EUR,6722,,2026-07-21T11:00:00+0200
EU27_2020,European Union - 27 countries (from 2020),2023,D995REC,Capital transfers from general government to relevant sectors representing taxes and social contributions assessed but unlikely to be collected,PC_GDP,0,,2026-07-21T11:00:00+0200
EU27_2020,European Union - 27 countries (from 2020),2023,P2,Intermediate consumption,MIO_EUR,1048370.1,,2026-07-21T11:00:00+0200
EU27_2020,European Union - 27 countries (from 2020),2023,P2,Intermediate consumption,PC_GDP,6.1,,2026-07-21T11:00:00+0200
EU27_2020,European Union - 27 countries (from 2020),2023,P51G,Gross fixed capital formation,MIO_EUR,614260.6,,2026-07-21T11:00:00+0200
EU27_2020,European Union - 27 countries (from 2020),2023,P51G,Gross fixed capital formation,PC_GDP,3.6,,2026-07-21T11:00:00+0200
EU27_2020,European Union - 27 countries (from 2020),2023,TE,Total general government expenditure,MIO_EUR,8444009.9,,2026-07-21T11:00:00+0200
EU27_2020,European Union - 27 countries (from 2020),2023,TE,Total general government expenditure,PC_GDP,48.9,,2026-07-21T11:00:00+0200
EU27_2020,European Union - 27 countries (from 2020),2023,TR,Total general government revenue,MIO_EUR,7851204.7,,2026-07-21T11:00:00+0200
EU27_2020,European Union - 27 countries (from 2020),2023,TR,Total general government revenue,PC_GDP,45.5,,2026-07-21T11:00:00+0200
EU27_2020,European Union - 27 countries (from 2020),2024,B9,Net lending (+)/net borrowing (-),MIO_EUR,-562112,,2026-07-21T11:00:00+0200
EU27_2020,European Union - 27 countries (from 2020),2024,B9,Net lending (+)/net borrowing (-),PC_GDP,-3.1,,2026-07-21T11:00:00+0200
EU27_2020,European Union - 27 countries (from 2020),2024,D1PAY,"Compensation of employees, expenditure",MIO_EUR,1846317.4,,2026-07-21T11:00:00+0200
EU27_2020,European Union - 27 countries (from 2020),2024,D1PAY,"Compensation of employees, expenditure",PC_GDP,10.2,,2026-07-21T11:00:00+0200
EU27_2020,European Union - 27 countries (from 2020),2024,D2REC,"Taxes on production and imports, revenue",MIO_EUR,2305299.2,,2026-07-21T11:00:00+0200
EU27_2020,European Union - 27 countries (from 2020),2024,D2REC,"Taxes on production and imports, revenue",PC_GDP,12.8,,2026-07-21T11:00:00+0200
EU27_2020,European Union - 27 countries (from 2020),2024,D3PAY,"Subsidies, expenditure",MIO_EUR,272061.8,,2026-07-21T11:00:00+0200
EU27_2020,European Union - 27 countries (from 2020),2024,D3PAY,"Subsidies, expenditure",PC_GDP,1.5,,2026-07-21T11:00:00+0200
EU27_2020,European Union - 27 countries (from 2020),2024,D41PAY,"Interest, expenditure",MIO_EUR,336075.2,,2026-07-21T11:00:00+0200
EU27_2020,European Union - 27 countries (from 2020),2024,D41PAY,"Interest, expenditure",PC_GDP,1.9,,2026-07-21T11:00:00+0200
EU27_2020,European Union - 27 countries (from 2020),2024,D5REC,"Current taxes on income, wealth, etc., revenue",MIO_EUR,2387978.7,,2026-07-21T11:00:00+0200
EU27_2020,European Union - 27 countries (from 2020),2024,D5REC,"Current taxes on income, wealth, etc., revenue",PC_GDP,13.2,,2026-07-21T11:00:00+0200
EU27_2020,European Union - 27 countries (from 2020),2024,D61REC,"Net social contributions, revenue",MIO_EUR,2518147,,2026-07-21T11:00:00+0200
EU27_2020,European Union - 27 countries (from 2020),2024,D61REC,"Net social contributions, revenue",PC_GDP,14,,2026-07-21T11:00:00+0200
EU27_2020,European Union - 27 countries (from 2020),2024,D62PAY,"Social benefits other than social transfers in kind, expenditure",MIO_EUR,2955812.3,,2026-07-21T11:00:00+0200
EU27_2020,European Union - 27 countries (from 2020),2024,D62PAY,"Social benefits other than social transfers in kind, expenditure",PC_GDP,16.4,,2026-07-21T11:00:00+0200
EU27_2020,European Union - 27 countries (from 2020),2024,D632PAY,"Social transfers in kind, purchased market production, expenditure",MIO_EUR,965293.6,,2026-07-21T11:00:00+0200
EU27_2020,European Union - 27 countries (from 2020),2024,D632PAY,"Social transfers in kind, purchased market production, expenditure",PC_GDP,5.4,,2026-07-21T11:00:00+0200
EU27_2020,European Union - 27 countries (from 2020),2024,D91REC,"Capital taxes, revenue",MIO_EUR,51285.5,,2026-07-21T11:00:00+0200
EU27_2020,European Union - 27 countries (from 2020),2024,D91REC,"Capital taxes, revenue",PC_GDP,0.3,,2026-07-21T11:00:00+0200
EU27_2020,European Union - 27 countries (from 2020),2024,D995REC,Capital transfers from general government to relevant sectors representing taxes and social contributions assessed but unlikely to be collected,MIO_EUR,7242.2,,2026-07-21T11:00:00+0200
EU27_2020,European Union - 27 countries (from 2020),2024,D995REC,Capital transfers from general government to relevant sectors representing taxes and social contributions assessed but unlikely to be collected,PC_GDP,0,,2026-07-21T11:00:00+0200
EU27_2020,European Union - 27 countries (from 2020),2024,P2,Intermediate consumption,MIO_EUR,1109246.6,,2026-07-21T11:00:00+0200
EU27_2020,European Union - 27 countries (from 2020),2024,P2,Intermediate consumption,PC_GDP,6.1,,2026-07-21T11:00:00+0200
EU27_2020,European Union - 27 countries (from 2020),2024,P51G,Gross fixed capital formation,MIO_EUR,661618.3,,2026-07-21T11:00:00+0200
EU27_2020,European Union - 27 countries (from 2020),2024,P51G,Gross fixed capital formation,PC_GDP,3.7,,2026-07-21T11:00:00+0200
EU27_2020,European Union - 27 countries (from 2020),2024,TE,Total general government expenditure,MIO_EUR,8856950.4,,2026-07-21T11:00:00+0200
EU27_2020,European Union - 27 countries (from 2020),2024,TE,Total general government expenditure,PC_GDP,49.1,,2026-07-21T11:00:00+0200
EU27_2020,European Union - 27 countries (from 2020),2024,TR,Total general government revenue,MIO_EUR,8294839.1,,2026-07-21T11:00:00+0200
EU27_2020,European Union - 27 countries (from 2020),2024,TR,Total general government revenue,PC_GDP,46,,2026-07-21T11:00:00+0200
EU27_2020,European Union - 27 countries (from 2020),2025,B9,Net lending (+)/net borrowing (-),MIO_EUR,-577708.6,,2026-07-21T11:00:00+0200
EU27_2020,European Union - 27 countries (from 2020),2025,B9,Net lending (+)/net borrowing (-),PC_GDP,-3.1,,2026-07-21T11:00:00+0200
EU27_2020,European Union - 27 countries (from 2020),2025,D1PAY,"Compensation of employees, expenditure",MIO_EUR,1945983.6,,2026-07-21T11:00:00+0200
EU27_2020,European Union - 27 countries (from 2020),2025,D1PAY,"Compensation of employees, expenditure",PC_GDP,10.3,,2026-07-21T11:00:00+0200
EU27_2020,European Union - 27 countries (from 2020),2025,D2REC,"Taxes on production and imports, revenue",MIO_EUR,2410927.9,,2026-07-21T11:00:00+0200
EU27_2020,European Union - 27 countries (from 2020),2025,D2REC,"Taxes on production and imports, revenue",PC_GDP,12.8,,2026-07-21T11:00:00+0200
EU27_2020,European Union - 27 countries (from 2020),2025,D3PAY,"Subsidies, expenditure",MIO_EUR,265657.6,,2026-07-21T11:00:00+0200
EU27_2020,European Union - 27 countries (from 2020),2025,D3PAY,"Subsidies, expenditure",PC_GDP,1.4,,2026-07-21T11:00:00+0200
EU27_2020,European Union - 27 countries (from 2020),2025,D41PAY,"Interest, expenditure",MIO_EUR,357491.6,,2026-07-21T11:00:00+0200
EU27_2020,European Union - 27 countries (from 2020),2025,D41PAY,"Interest, expenditure",PC_GDP,1.9,,2026-07-21T11:00:00+0200
EU27_2020,European Union - 27 countries (from 2020),2025,D5REC,"Current taxes on income, wealth, etc., revenue",MIO_EUR,2498893.3,,2026-07-21T11:00:00+0200
EU27_2020,European Union - 27 countries (from 2020),2025,D5REC,"Current taxes on income, wealth, etc., revenue",PC_GDP,13.3,,2026-07-21T11:00:00+0200
EU27_2020,European Union - 27 countries (from 2020),2025,D61REC,"Net social contributions, revenue",MIO_EUR,2696244.3,,2026-07-21T11:00:00+0200
EU27_2020,European Union - 27 countries (from 2020),2025,D61REC,"Net social contributions, revenue",PC_GDP,14.3,,2026-07-21T11:00:00+0200
EU27_2020,European Union - 27 countries (from 2020),2025,D62PAY,"Social benefits other than social transfers in kind, expenditure",MIO_EUR,3102275.2,,2026-07-21T11:00:00+0200
EU27_2020,European Union - 27 countries (from 2020),2025,D62PAY,"Social benefits other than social transfers in kind, expenditure",PC_GDP,16.5,,2026-07-21T11:00:00+0200
EU27_2020,European Union - 27 countries (from 2020),2025,D632PAY,"Social transfers in kind, purchased market production, expenditure",MIO_EUR,1024417.4,,2026-07-21T11:00:00+0200
EU27_2020,European Union - 27 countries (from 2020),2025,D632PAY,"Social transfers in kind, purchased market production, expenditure",PC_GDP,5.4,,2026-07-21T11:00:00+0200
EU27_2020,European Union - 27 countries (from 2020),2025,D91REC,"Capital taxes, revenue",MIO_EUR,59567.5,,2026-07-21T11:00:00+0200
EU27_2020,European Union - 27 countries (from 2020),2025,D91REC,"Capital taxes, revenue",PC_GDP,0.3,,2026-07-21T11:00:00+0200
EU27_2020,European Union - 27 countries (from 2020),2025,D995REC,Capital transfers from general government to relevant sectors representing taxes and social contributions assessed but unlikely to be collected,MIO_EUR,9716.5,,2026-07-21T11:00:00+0200
EU27_2020,European Union - 27 countries (from 2020),2025,D995REC,Capital transfers from general government to relevant sectors representing taxes and social contributions assessed but unlikely to be collected,PC_GDP,0.1,,2026-07-21T11:00:00+0200
EU27_2020,European Union - 27 countries (from 2020),2025,P2,Intermediate consumption,MIO_EUR,1156676,,2026-07-21T11:00:00+0200
EU27_2020,European Union - 27 countries (from 2020),2025,P2,Intermediate consumption,PC_GDP,6.1,,2026-07-21T11:00:00+0200
EU27_2020,European Union - 27 countries (from 2020),2025,P51G,Gross fixed capital formation,MIO_EUR,727042.7,,2026-07-21T11:00:00+0200
EU27_2020,European Union - 27 countries (from 2020),2025,P51G,Gross fixed capital formation,PC_GDP,3.9,,2026-07-21T11:00:00+0200
EU27_2020,European Union - 27 countries (from 2020),2025,TE,Total general government expenditure,MIO_EUR,9317906.5,,2026-07-21T11:00:00+0200
EU27_2020,European Union - 27 countries (from 2020),2025,TE,Total general government expenditure,PC_GDP,49.5,,2026-07-21T11:00:00+0200
EU27_2020,European Union - 27 countries (from 2020),2025,TR,Total general government revenue,MIO_EUR,8740198.3,,2026-07-21T11:00:00+0200
EU27_2020,European Union - 27 countries (from 2020),2025,TR,Total general government revenue,PC_GDP,46.4,,2026-07-21T11:00:00+0200
FR,France,1975,B9,Net lending (+)/net borrowing (-),MIO_EUR,,,2026-07-21T11:00:00+0200
FR,France,1975,B9,Net lending (+)/net borrowing (-),PC_GDP,,,2026-07-21T11:00:00+0200
FR,France,1975,D1PAY,"Compensation of employees, expenditure",MIO_EUR,,,2026-07-21T11:00:00+0200
FR,France,1975,D1PAY,"Compensation of employees, expenditure",PC_GDP,,,2026-07-21T11:00:00+0200
FR,France,1975,D2REC,"Taxes on production and imports, revenue",MIO_EUR,,,2026-07-21T11:00:00+0200
FR,France,1975,D2REC,"Taxes on production and imports, revenue",PC_GDP,,,2026-07-21T11:00:00+0200
FR,France,1975,D3PAY,"Subsidies, expenditure",MIO_EUR,,,2026-07-21T11:00:00+0200
FR,France,1975,D3PAY,"Subsidies, expenditure",PC_GDP,,,2026-07-21T11:00:00+0200
FR,France,1975,D41PAY,"Interest, expenditure",MIO_EUR,,,2026-07-21T11:00:00+0200
FR,France,1975,D41PAY,"Interest, expenditure",PC_GDP,,,2026-07-21T11:00:00+0200
FR,France,1975,D5REC,"Current taxes on income, wealth, etc., revenue",MIO_EUR,,,2026-07-21T11:00:00+0200
FR,France,1975,D5REC,"Current taxes on income, wealth, etc., revenue",PC_GDP,,,2026-07-21T11:00:00+0200
FR,France,1975,D61REC,"Net social contributions, revenue",MIO_EUR,,,2026-07-21T11:00:00+0200
FR,France,1975,D61REC,"Net social contributions, revenue",PC_GDP,,,2026-07-21T11:00:00+0200
FR,France,1975,D62PAY,"Social benefits other than social transfers in kind, expenditure",MIO_EUR,,,2026-07-21T11:00:00+0200
FR,France,1975,D62PAY,"Social benefits other than social transfers in kind, expenditure",PC_GDP,,,2026-07-21T11:00:00+0200
FR,France,1975,D632PAY,"Social transfers in kind, purchased market production, expenditure",MIO_EUR,,,2026-07-21T11:00:00+0200
FR,France,1975,D632PAY,"Social transfers in kind, purchased market production, expenditure",PC_GDP,,,2026-07-21T11:00:00+0200
FR,France,1975,D91REC,"Capital taxes, revenue",MIO_EUR,,,2026-07-21T11:00:00+0200
FR,France,1975,D91REC,"Capital taxes, revenue",PC_GDP,,,2026-07-21T11:00:00+0200
FR,France,1975,D995REC,Capital transfers from general government to relevant sectors representing taxes and social contributions assessed but unlikely to be collected,MIO_EUR,,,2026-07-21T11:00:00+0200
FR,France,1975,D995REC,Capital transfers from general government to relevant sectors representing taxes and social contributions assessed but unlikely to be collected,PC_GDP,,,2026-07-21T11:00:00+0200
FR,France,1975,P2,Intermediate consumption,MIO_EUR,,,2026-07-21T11:00:00+0200
FR,France,1975,P2,Intermediate consumption,PC_GDP,,,2026-07-21T11:00:00+0200
FR,France,1975,P51G,Gross fixed capital formation,MIO_EUR,,,2026-07-21T11:00:00+0200
FR,France,1975,P51G,Gross fixed capital formation,PC_GDP,,,2026-07-21T11:00:00+0200
FR,France,1975,TE,Total general government expenditure,MIO_EUR,,,2026-07-21T11:00:00+0200
FR,France,1975,TE,Total general government expenditure,PC_GDP,,,2026-07-21T11:00:00+0200
FR,France,1975,TR,Total general government revenue,MIO_EUR,,,2026-07-21T11:00:00+0200
FR,France,1975,TR,Total general government revenue,PC_GDP,,,2026-07-21T11:00:00+0200
FR,France,1976,B9,Net lending (+)/net borrowing (-),MIO_EUR,,,2026-07-21T11:00:00+0200
FR,France,1976,B9,Net lending (+)/net borrowing (-),PC_GDP,,,2026-07-21T11:00:00+0200
FR,France,1976,D1PAY,"Compensation of employees, expenditure",MIO_EUR,,,2026-07-21T11:00:00+0200
FR,France,1976,D1PAY,"Compensation of employees, expenditure",PC_GDP,,,2026-07-21T11:00:00+0200
FR,France,1976,D2REC,"Taxes on production and imports, revenue",MIO_EUR,,,2026-07-21T11:00:00+0200
FR,France,1976,D2REC,"Taxes on production and imports, revenue",PC_GDP,,,2026-07-21T11:00:00+0200
FR,France,1976,D3PAY,"Subsidies, expenditure",MIO_EUR,,,2026-07-21T11:00:00+0200
FR,France,1976,D3PAY,"Subsidies, expenditure",PC_GDP,,,2026-07-21T11:00:00+0200
FR,France,1976,D41PAY,"Interest, expenditure",MIO_EUR,,,2026-07-21T11:00:00+0200
FR,France,1976,D41PAY,"Interest, expenditure",PC_GDP,,,2026-07-21T11:00:00+0200
FR,France,1976,D5REC,"Current taxes on income, wealth, etc., revenue",MIO_EUR,,,2026-07-21T11:00:00+0200
FR,France,1976,D5REC,"Current taxes on income, wealth, etc., revenue",PC_GDP,,,2026-07-21T11:00:00+0200
FR,France,1976,D61REC,"Net social contributions, revenue",MIO_EUR,,,2026-07-21T11:00:00+0200
FR,France,1976,D61REC,"Net social contributions, revenue",PC_GDP,,,2026-07-21T11:00:00+0200
FR,France,1976,D62PAY,"Social benefits other than social transfers in kind, expenditure",MIO_EUR,,,2026-07-21T11:00:00+0200
FR,France,1976,D62PAY,"Social benefits other than social transfers in kind, expenditure",PC_GDP,,,2026-07-21T11:00:00+0200
FR,France,1976,D632PAY,"Social transfers in kind, purchased market production, expenditure",MIO_EUR,,,2026-07-21T11:00:00+0200
FR,France,1976,D632PAY,"Social transfers in kind, purchased market production, expenditure",PC_GDP,,,2026-07-21T11:00:00+0200
FR,France,1976,D91REC,"Capital taxes, revenue",MIO_EUR,,,2026-07-21T11:00:00+0200
FR,France,1976,D91REC,"Capital taxes, revenue",PC_GDP,,,2026-07-21T11:00:00+0200
FR,France,1976,D995REC,Capital transfers from general government to relevant sectors representing taxes and social contributions assessed but unlikely to be collected,MIO_EUR,,,2026-07-21T11:00:00+0200
FR,France,1976,D995REC,Capital transfers from general government to relevant sectors representing taxes and social contributions assessed but unlikely to be collected,PC_GDP,,,2026-07-21T11:00:00+0200
FR,France,1976,P2,Intermediate consumption,MIO_EUR,,,2026-07-21T11:00:00+0200
FR,France,1976,P2,Intermediate consumption,PC_GDP,,,2026-07-21T11:00:00+0200
FR,France,1976,P51G,Gross fixed capital formation,MIO_EUR,,,2026-07-21T11:00:00+0200
FR,France,1976,P51G,Gross fixed capital formation,PC_GDP,,,2026-07-21T11:00:00+0200
FR,France,1976,TE,Total general government expenditure,MIO_EUR,,,2026-07-21T11:00:00+0200
FR,France,1976,TE,Total general government expenditure,PC_GDP,,,2026-07-21T11:00:00+0200
FR,France,1976,TR,Total general government revenue,MIO_EUR,,,2026-07-21T11:00:00+0200
FR,France,1976,TR,Total general government revenue,PC_GDP,,,2026-07-21T11:00:00+0200
FR,France,1977,B9,Net lending (+)/net borrowing (-),MIO_EUR,,,2026-07-21T11:00:00+0200
FR,France,1977,B9,Net lending (+)/net borrowing (-),PC_GDP,,,2026-07-21T11:00:00+0200
FR,France,1977,D1PAY,"Compensation of employees, expenditure",MIO_EUR,,,2026-07-21T11:00:00+0200
FR,France,1977,D1PAY,"Compensation of employees, expenditure",PC_GDP,,,2026-07-21T11:00:00+0200
FR,France,1977,D2REC,"Taxes on production and imports, revenue",MIO_EUR,,,2026-07-21T11:00:00+0200
FR,France,1977,D2REC,"Taxes on production and imports, revenue",PC_GDP,,,2026-07-21T11:00:00+0200
FR,France,1977,D3PAY,"Subsidies, expenditure",MIO_EUR,,,2026-07-21T11:00:00+0200
FR,France,1977,D3PAY,"Subsidies, expenditure",PC_GDP,,,2026-07-21T11:00:00+0200
FR,France,1977,D41PAY,"Interest, expenditure",MIO_EUR,,,2026-07-21T11:00:00+0200
FR,France,1977,D41PAY,"Interest, expenditure",PC_GDP,,,2026-07-21T11:00:00+0200
FR,France,1977,D5REC,"Current taxes on income, wealth, etc., revenue",MIO_EUR,,,2026-07-21T11:00:00+0200
FR,France,1977,D5REC,"Current taxes on income, wealth, etc., revenue",PC_GDP,,,2026-07-21T11:00:00+0200
FR,France,1977,D61REC,"Net social contributions, revenue",MIO_EUR,,,2026-07-21T11:00:00+0200
FR,France,1977,D61REC,"Net social contributions, revenue",PC_GDP,,,2026-07-21T11:00:00+0200
FR,France,1977,D62PAY,"Social benefits other than social transfers in kind, expenditure",MIO_EUR,,,2026-07-21T11:00:00+0200
FR,France,1977,D62PAY,"Social benefits other than social transfers in kind, expenditure",PC_GDP,,,2026-07-21T11:00:00+0200
FR,France,1977,D632PAY,"Social transfers in kind, purchased market production, expenditure",MIO_EUR,,,2026-07-21T11:00:00+0200
FR,France,1977,D632PAY,"Social transfers in kind, purchased market production, expenditure",PC_GDP,,,2026-07-21T11:00:00+0200
FR,France,1977,D91REC,"Capital taxes, revenue",MIO_EUR,,,2026-07-21T11:00:00+0200
FR,France,1977,D91REC,"Capital taxes, revenue",PC_GDP,,,2026-07-21T11:00:00+0200
FR,France,1977,D995REC,Capital transfers from general government to relevant sectors representing taxes and social contributions assessed but unlikely to be collected,MIO_EUR,,,2026-07-21T11:00:00+0200
FR,France,1977,D995REC,Capital transfers from general government to relevant sectors representing taxes and social contributions assessed but unlikely to be collected,PC_GDP,,,2026-07-21T11:00:00+0200
FR,France,1977,P2,Intermediate consumption,MIO_EUR,,,2026-07-21T11:00:00+0200
FR,France,1977,P2,Intermediate consumption,PC_GDP,,,2026-07-21T11:00:00+0200
FR,France,1977,P51G,Gross fixed capital formation,MIO_EUR,,,2026-07-21T11:00:00+0200
FR,France,1977,P51G,Gross fixed capital formation,PC_GDP,,,2026-07-21T11:00:00+0200
FR,France,1977,TE,Total general government expenditure,MIO_EUR,,,2026-07-21T11:00:00+0200
FR,France,1977,TE,Total general government expenditure,PC_GDP,,,2026-07-21T11:00:00+0200
FR,France,1977,TR,Total general government revenue,MIO_EUR,,,2026-07-21T11:00:00+0200
FR,France,1977,TR,Total general government revenue,PC_GDP,,,2026-07-21T11:00:00+0200
FR,France,1978,B9,Net lending (+)/net borrowing (-),MIO_EUR,,,2026-07-21T11:00:00+0200
FR,France,1978,B9,Net lending (+)/net borrowing (-),PC_GDP,,,2026-07-21T11:00:00+0200
FR,France,1978,D1PAY,"Compensation of employees, expenditure",MIO_EUR,,,2026-07-21T11:00:00+0200
FR,France,1978,D1PAY,"Compensation of employees, expenditure",PC_GDP,,,2026-07-21T11:00:00+0200
FR,France,1978,D2REC,"Taxes on production and imports, revenue",MIO_EUR,,,2026-07-21T11:00:00+0200
FR,France,1978,D2REC,"Taxes on production and imports, revenue",PC_GDP,,,2026-07-21T11:00:00+0200
FR,France,1978,D3PAY,"Subsidies, expenditure",MIO_EUR,,,2026-07-21T11:00:00+0200
FR,France,1978,D3PAY,"Subsidies, expenditure",PC_GDP,,,2026-07-21T11:00:00+0200
FR,France,1978,D41PAY,"Interest, expenditure",MIO_EUR,,,2026-07-21T11:00:00+0200
FR,France,1978,D41PAY,"Interest, expenditure",PC_GDP,,,2026-07-21T11:00:00+0200
FR,France,1978,D5REC,"Current taxes on income, wealth, etc., revenue",MIO_EUR,,,2026-07-21T11:00:00+0200
FR,France,1978,D5REC,"Current taxes on income, wealth, etc., revenue",PC_GDP,,,2026-07-21T11:00:00+0200
FR,France,1978,D61REC,"Net social contributions, revenue",MIO_EUR,,,2026-07-21T11:00:00+0200
FR,France,1978,D61REC,"Net social contributions, revenue",PC_GDP,,,2026-07-21T11:00:00+0200
FR,France,1978,D62PAY,"Social benefits other than social transfers in kind, expenditure",MIO_EUR,,,2026-07-21T11:00:00+0200
FR,France,1978,D62PAY,"Social benefits other than social transfers in kind, expenditure",PC_GDP,,,2026-07-21T11:00:00+0200
FR,France,1978,D632PAY,"Social transfers in kind, purchased market production, expenditure",MIO_EUR,,,2026-07-21T11:00:00+0200
FR,France,1978,D632PAY,"Social transfers in kind, purchased market production, expenditure",PC_GDP,,,2026-07-21T11:00:00+0200
FR,France,1978,D91REC,"Capital taxes, revenue",MIO_EUR,,,2026-07-21T11:00:00+0200
FR,France,1978,D91REC,"Capital taxes, revenue",PC_GDP,,,2026-07-21T11:00:00+0200
FR,France,1978,D995REC,Capital transfers from general government to relevant sectors representing taxes and social contributions assessed but unlikely to be collected,MIO_EUR,,,2026-07-21T11:00:00+0200
FR,France,1978,D995REC,Capital transfers from general government to relevant sectors representing taxes and social contributions assessed but unlikely to be collected,PC_GDP,,,2026-07-21T11:00:00+0200
FR,France,1978,P2,Intermediate consumption,MIO_EUR,,,2026-07-21T11:00:00+0200
FR,France,1978,P2,Intermediate consumption,PC_GDP,,,2026-07-21T11:00:00+0200
FR,France,1978,P51G,Gross fixed capital formation,MIO_EUR,,,2026-07-21T11:00:00+0200
FR,France,1978,P51G,Gross fixed capital formation,PC_GDP,,,2026-07-21T11:00:00+0200
FR,France,1978,TE,Total general government expenditure,MIO_EUR,,,2026-07-21T11:00:00+0200
FR,France,1978,TE,Total general government expenditure,PC_GDP,,,2026-07-21T11:00:00+0200
FR,France,1978,TR,Total general government revenue,MIO_EUR,,,2026-07-21T11:00:00+0200
FR,France,1978,TR,Total general government revenue,PC_GDP,,,2026-07-21T11:00:00+0200
FR,France,1979,B9,Net lending (+)/net borrowing (-),MIO_EUR,,,2026-07-21T11:00:00+0200
FR,France,1979,B9,Net lending (+)/net borrowing (-),PC_GDP,,,2026-07-21T11:00:00+0200
FR,France,1979,D1PAY,"Compensation of employees, expenditure",MIO_EUR,,,2026-07-21T11:00:00+0200
FR,France,1979,D1PAY,"Compensation of employees, expenditure",PC_GDP,,,2026-07-21T11:00:00+0200
FR,France,1979,D2REC,"Taxes on production and imports, revenue",MIO_EUR,,,2026-07-21T11:00:00+0200
FR,France,1979,D2REC,"Taxes on production and imports, revenue",PC_GDP,,,2026-07-21T11:00:00+0200
FR,France,1979,D3PAY,"Subsidies, expenditure",MIO_EUR,,,2026-07-21T11:00:00+0200
FR,France,1979,D3PAY,"Subsidies, expenditure",PC_GDP,,,2026-07-21T11:00:00+0200
FR,France,1979,D41PAY,"Interest, expenditure",MIO_EUR,,,2026-07-21T11:00:00+0200
FR,France,1979,D41PAY,"Interest, expenditure",PC_GDP,,,2026-07-21T11:00:00+0200
FR,France,1979,D5REC,"Current taxes on income, wealth, etc., revenue",MIO_EUR,,,2026-07-21T11:00:00+0200
FR,France,1979,D5REC,"Current taxes on income, wealth, etc., revenue",PC_GDP,,,2026-07-21T11:00:00+0200
FR,France,1979,D61REC,"Net social contributions, revenue",MIO_EUR,,,2026-07-21T11:00:00+0200
FR,France,1979,D61REC,"Net social contributions, revenue",PC_GDP,,,2026-07-21T11:00:00+0200
FR,France,1979,D62PAY,"Social benefits other than social transfers in kind, expenditure",MIO_EUR,,,2026-07-21T11:00:00+0200
FR,France,1979,D62PAY,"Social benefits other than social transfers in kind, expenditure",PC_GDP,,,2026-07-21T11:00:00+0200
FR,France,1979,D632PAY,"Social transfers in kind, purchased market production, expenditure",MIO_EUR,,,2026-07-21T11:00:00+0200
FR,France,1979,D632PAY,"Social transfers in kind, purchased market production, expenditure",PC_GDP,,,2026-07-21T11:00:00+0200
FR,France,1979,D91REC,"Capital taxes, revenue",MIO_EUR,,,2026-07-21T11:00:00+0200
FR,France,1979,D91REC,"Capital taxes, revenue",PC_GDP,,,2026-07-21T11:00:00+0200
FR,France,1979,D995REC,Capital transfers from general government to relevant sectors representing taxes and social contributions assessed but unlikely to be collected,MIO_EUR,,,2026-07-21T11:00:00+0200
FR,France,1979,D995REC,Capital transfers from general government to relevant sectors representing taxes and social contributions assessed but unlikely to be collected,PC_GDP,,,2026-07-21T11:00:00+0200
FR,France,1979,P2,Intermediate consumption,MIO_EUR,,,2026-07-21T11:00:00+0200
FR,France,1979,P2,Intermediate consumption,PC_GDP,,,2026-07-21T11:00:00+0200
FR,France,1979,P51G,Gross fixed capital formation,MIO_EUR,,,2026-07-21T11:00:00+0200
FR,France,1979,P51G,Gross fixed capital formation,PC_GDP,,,2026-07-21T11:00:00+0200
FR,France,1979,TE,Total general government expenditure,MIO_EUR,,,2026-07-21T11:00:00+0200
FR,France,1979,TE,Total general government expenditure,PC_GDP,,,2026-07-21T11:00:00+0200
FR,France,1979,TR,Total general government revenue,MIO_EUR,,,2026-07-21T11:00:00+0200
FR,France,1979,TR,Total general government revenue,PC_GDP,,,2026-07-21T11:00:00+0200
FR,France,1980,B9,Net lending (+)/net borrowing (-),MIO_EUR,,,2026-07-21T11:00:00+0200
FR,France,1980,B9,Net lending (+)/net borrowing (-),PC_GDP,,,2026-07-21T11:00:00+0200
FR,France,1980,D1PAY,"Compensation of employees, expenditure",MIO_EUR,,,2026-07-21T11:00:00+0200
FR,France,1980,D1PAY,"Compensation of employees, expenditure",PC_GDP,,,2026-07-21T11:00:00+0200
FR,France,1980,D2REC,"Taxes on production and imports, revenue",MIO_EUR,,,2026-07-21T11:00:00+0200
FR,France,1980,D2REC,"Taxes on production and imports, revenue",PC_GDP,,,2026-07-21T11:00:00+0200
FR,France,1980,D3PAY,"Subsidies, expenditure",MIO_EUR,,,2026-07-21T11:00:00+0200
FR,France,1980,D3PAY,"Subsidies, expenditure",PC_GDP,,,2026-07-21T11:00:00+0200
FR,France,1980,D41PAY,"Interest, expenditure",MIO_EUR,,,2026-07-21T11:00:00+0200
FR,France,1980,D41PAY,"Interest, expenditure",PC_GDP,,,2026-07-21T11:00:00+0200
FR,France,1980,D5REC,"Current taxes on income, wealth, etc., revenue",MIO_EUR,,,2026-07-21T11:00:00+0200
FR,France,1980,D5REC,"Current taxes on income, wealth, etc., revenue",PC_GDP,,,2026-07-21T11:00:00+0200
FR,France,1980,D61REC,"Net social contributions, revenue",MIO_EUR,,,2026-07-21T11:00:00+0200
FR,France,1980,D61REC,"Net social contributions, revenue",PC_GDP,,,2026-07-21T11:00:00+0200
FR,France,1980,D62PAY,"Social benefits other than social transfers in kind, expenditure",MIO_EUR,,,2026-07-21T11:00:00+0200
FR,France,1980,D62PAY,"Social benefits other than social transfers in kind, expenditure",PC_GDP,,,2026-07-21T11:00:00+0200
FR,France,1980,D632PAY,"Social transfers in kind, purchased market production, expenditure",MIO_EUR,,,2026-07-21T11:00:00+0200
FR,France,1980,D632PAY,"Social transfers in kind, purchased market production, expenditure",PC_GDP,,,2026-07-21T11:00:00+0200
FR,France,1980,D91REC,"Capital taxes, revenue",MIO_EUR,,,2026-07-21T11:00:00+0200
FR,France,1980,D91REC,"Capital taxes, revenue",PC_GDP,,,2026-07-21T11:00:00+0200
FR,France,1980,D995REC,Capital transfers from general government to relevant sectors representing taxes and social contributions assessed but unlikely to be collected,MIO_EUR,,,2026-07-21T11:00:00+0200
FR,France,1980,D995REC,Capital transfers from general government to relevant sectors representing taxes and social contributions assessed but unlikely to be collected,PC_GDP,,,2026-07-21T11:00:00+0200
FR,France,1980,P2,Intermediate consumption,MIO_EUR,,,2026-07-21T11:00:00+0200
FR,France,1980,P2,Intermediate consumption,PC_GDP,,,2026-07-21T11:00:00+0200
FR,France,1980,P51G,Gross fixed capital formation,MIO_EUR,,,2026-07-21T11:00:00+0200
FR,France,1980,P51G,Gross fixed capital formation,PC_GDP,,,2026-07-21T11:00:00+0200
FR,France,1980,TE,Total general government expenditure,MIO_EUR,,,2026-07-21T11:00:00+0200
FR,France,1980,TE,Total general government expenditure,PC_GDP,,,2026-07-21T11:00:00+0200
FR,France,1980,TR,Total general government revenue,MIO_EUR,,,2026-07-21T11:00:00+0200
FR,France,1980,TR,Total general government revenue,PC_GDP,,,2026-07-21T11:00:00+0200
FR,France,1981,B9,Net lending (+)/net borrowing (-),MIO_EUR,,,2026-07-21T11:00:00+0200
FR,France,1981,B9,Net lending (+)/net borrowing (-),PC_GDP,,,2026-07-21T11:00:00+0200
FR,France,1981,D1PAY,"Compensation of employees, expenditure",MIO_EUR,,,2026-07-21T11:00:00+0200
FR,France,1981,D1PAY,"Compensation of employees, expenditure",PC_GDP,,,2026-07-21T11:00:00+0200
FR,France,1981,D2REC,"Taxes on production and imports, revenue",MIO_EUR,,,2026-07-21T11:00:00+0200
FR,France,1981,D2REC,"Taxes on production and imports, revenue",PC_GDP,,,2026-07-21T11:00:00+0200
FR,France,1981,D3PAY,"Subsidies, expenditure",MIO_EUR,,,2026-07-21T11:00:00+0200
FR,France,1981,D3PAY,"Subsidies, expenditure",PC_GDP,,,2026-07-21T11:00:00+0200
FR,France,1981,D41PAY,"Interest, expenditure",MIO_EUR,,,2026-07-21T11:00:00+0200
FR,France,1981,D41PAY,"Interest, expenditure",PC_GDP,,,2026-07-21T11:00:00+0200
FR,France,1981,D5REC,"Current taxes on income, wealth, etc., revenue",MIO_EUR,,,2026-07-21T11:00:00+0200
FR,France,1981,D5REC,"Current taxes on income, wealth, etc., revenue",PC_GDP,,,2026-07-21T11:00:00+0200
FR,France,1981,D61REC,"Net social contributions, revenue",MIO_EUR,,,2026-07-21T11:00:00+0200
FR,France,1981,D61REC,"Net social contributions, revenue",PC_GDP,,,2026-07-21T11:00:00+0200
FR,France,1981,D62PAY,"Social benefits other than social transfers in kind, expenditure",MIO_EUR,,,2026-07-21T11:00:00+0200
FR,France,1981,D62PAY,"Social benefits other than social transfers in kind, expenditure",PC_GDP,,,2026-07-21T11:00:00+0200
FR,France,1981,D632PAY,"Social transfers in kind, purchased market production, expenditure",MIO_EUR,,,2026-07-21T11:00:00+0200
FR,France,1981,D632PAY,"Social transfers in kind, purchased market production, expenditure",PC_GDP,,,2026-07-21T11:00:00+0200
FR,France,1981,D91REC,"Capital taxes, revenue",MIO_EUR,,,2026-07-21T11:00:00+0200
FR,France,1981,D91REC,"Capital taxes, revenue",PC_GDP,,,2026-07-21T11:00:00+0200
FR,France,1981,D995REC,Capital transfers from general government to relevant sectors representing taxes and social contributions assessed but unlikely to be collected,MIO_EUR,,,2026-07-21T11:00:00+0200
FR,France,1981,D995REC,Capital transfers from general government to relevant sectors representing taxes and social contributions assessed but unlikely to be collected,PC_GDP,,,2026-07-21T11:00:00+0200
FR,France,1981,P2,Intermediate consumption,MIO_EUR,,,2026-07-21T11:00:00+0200
FR,France,1981,P2,Intermediate consumption,PC_GDP,,,2026-07-21T11:00:00+0200
FR,France,1981,P51G,Gross fixed capital formation,MIO_EUR,,,2026-07-21T11:00:00+0200
FR,France,1981,P51G,Gross fixed capital formation,PC_GDP,,,2026-07-21T11:00:00+0200
FR,France,1981,TE,Total general government expenditure,MIO_EUR,,,2026-07-21T11:00:00+0200
FR,France,1981,TE,Total general government expenditure,PC_GDP,,,2026-07-21T11:00:00+0200
FR,France,1981,TR,Total general government revenue,MIO_EUR,,,2026-07-21T11:00:00+0200
FR,France,1981,TR,Total general government revenue,PC_GDP,,,2026-07-21T11:00:00+0200
FR,France,1982,B9,Net lending (+)/net borrowing (-),MIO_EUR,,,2026-07-21T11:00:00+0200
FR,France,1982,B9,Net lending (+)/net borrowing (-),PC_GDP,,,2026-07-21T11:00:00+0200
FR,France,1982,D1PAY,"Compensation of employees, expenditure",MIO_EUR,,,2026-07-21T11:00:00+0200
FR,France,1982,D1PAY,"Compensation of employees, expenditure",PC_GDP,,,2026-07-21T11:00:00+0200
FR,France,1982,D2REC,"Taxes on production and imports, revenue",MIO_EUR,,,2026-07-21T11:00:00+0200
FR,France,1982,D2REC,"Taxes on production and imports, revenue",PC_GDP,,,2026-07-21T11:00:00+0200
FR,France,1982,D3PAY,"Subsidies, expenditure",MIO_EUR,,,2026-07-21T11:00:00+0200
FR,France,1982,D3PAY,"Subsidies, expenditure",PC_GDP,,,2026-07-21T11:00:00+0200
FR,France,1982,D41PAY,"Interest, expenditure",MIO_EUR,,,2026-07-21T11:00:00+0200
FR,France,1982,D41PAY,"Interest, expenditure",PC_GDP,,,2026-07-21T11:00:00+0200
FR,France,1982,D5REC,"Current taxes on income, wealth, etc., revenue",MIO_EUR,,,2026-07-21T11:00:00+0200
FR,France,1982,D5REC,"Current taxes on income, wealth, etc., revenue",PC_GDP,,,2026-07-21T11:00:00+0200
FR,France,1982,D61REC,"Net social contributions, revenue",MIO_EUR,,,2026-07-21T11:00:00+0200
FR,France,1982,D61REC,"Net social contributions, revenue",PC_GDP,,,2026-07-21T11:00:00+0200
FR,France,1982,D62PAY,"Social benefits other than social transfers in kind, expenditure",MIO_EUR,,,2026-07-21T11:00:00+0200
FR,France,1982,D62PAY,"Social benefits other than social transfers in kind, expenditure",PC_GDP,,,2026-07-21T11:00:00+0200
FR,France,1982,D632PAY,"Social transfers in kind, purchased market production, expenditure",MIO_EUR,,,2026-07-21T11:00:00+0200
FR,France,1982,D632PAY,"Social transfers in kind, purchased market production, expenditure",PC_GDP,,,2026-07-21T11:00:00+0200
FR,France,1982,D91REC,"Capital taxes, revenue",MIO_EUR,,,2026-07-21T11:00:00+0200
FR,France,1982,D91REC,"Capital taxes, revenue",PC_GDP,,,2026-07-21T11:00:00+0200
FR,France,1982,D995REC,Capital transfers from general government to relevant sectors representing taxes and social contributions assessed but unlikely to be collected,MIO_EUR,,,2026-07-21T11:00:00+0200
FR,France,1982,D995REC,Capital transfers from general government to relevant sectors representing taxes and social contributions assessed but unlikely to be collected,PC_GDP,,,2026-07-21T11:00:00+0200
FR,France,1982,P2,Intermediate consumption,MIO_EUR,,,2026-07-21T11:00:00+0200
FR,France,1982,P2,Intermediate consumption,PC_GDP,,,2026-07-21T11:00:00+0200
FR,France,1982,P51G,Gross fixed capital formation,MIO_EUR,,,2026-07-21T11:00:00+0200
FR,France,1982,P51G,Gross fixed capital formation,PC_GDP,,,2026-07-21T11:00:00+0200
FR,France,1982,TE,Total general government expenditure,MIO_EUR,,,2026-07-21T11:00:00+0200
FR,France,1982,TE,Total general government expenditure,PC_GDP,,,2026-07-21T11:00:00+0200
FR,France,1982,TR,Total general government revenue,MIO_EUR,,,2026-07-21T11:00:00+0200
FR,France,1982,TR,Total general government revenue,PC_GDP,,,2026-07-21T11:00:00+0200
FR,France,1983,B9,Net lending (+)/net borrowing (-),MIO_EUR,,,2026-07-21T11:00:00+0200
FR,France,1983,B9,Net lending (+)/net borrowing (-),PC_GDP,,,2026-07-21T11:00:00+0200
FR,France,1983,D1PAY,"Compensation of employees, expenditure",MIO_EUR,,,2026-07-21T11:00:00+0200
FR,France,1983,D1PAY,"Compensation of employees, expenditure",PC_GDP,,,2026-07-21T11:00:00+0200
FR,France,1983,D2REC,"Taxes on production and imports, revenue",MIO_EUR,,,2026-07-21T11:00:00+0200
FR,France,1983,D2REC,"Taxes on production and imports, revenue",PC_GDP,,,2026-07-21T11:00:00+0200
FR,France,1983,D3PAY,"Subsidies, expenditure",MIO_EUR,,,2026-07-21T11:00:00+0200
FR,France,1983,D3PAY,"Subsidies, expenditure",PC_GDP,,,2026-07-21T11:00:00+0200
FR,France,1983,D41PAY,"Interest, expenditure",MIO_EUR,,,2026-07-21T11:00:00+0200
FR,France,1983,D41PAY,"Interest, expenditure",PC_GDP,,,2026-07-21T11:00:00+0200
FR,France,1983,D5REC,"Current taxes on income, wealth, etc., revenue",MIO_EUR,,,2026-07-21T11:00:00+0200
FR,France,1983,D5REC,"Current taxes on income, wealth, etc., revenue",PC_GDP,,,2026-07-21T11:00:00+0200
FR,France,1983,D61REC,"Net social contributions, revenue",MIO_EUR,,,2026-07-21T11:00:00+0200
FR,France,1983,D61REC,"Net social contributions, revenue",PC_GDP,,,2026-07-21T11:00:00+0200
FR,France,1983,D62PAY,"Social benefits other than social transfers in kind, expenditure",MIO_EUR,,,2026-07-21T11:00:00+0200
FR,France,1983,D62PAY,"Social benefits other than social transfers in kind, expenditure",PC_GDP,,,2026-07-21T11:00:00+0200
FR,France,1983,D632PAY,"Social transfers in kind, purchased market production, expenditure",MIO_EUR,,,2026-07-21T11:00:00+0200
FR,France,1983,D632PAY,"Social transfers in kind, purchased market production, expenditure",PC_GDP,,,2026-07-21T11:00:00+0200
FR,France,1983,D91REC,"Capital taxes, revenue",MIO_EUR,,,2026-07-21T11:00:00+0200
FR,France,1983,D91REC,"Capital taxes, revenue",PC_GDP,,,2026-07-21T11:00:00+0200
FR,France,1983,D995REC,Capital transfers from general government to relevant sectors representing taxes and social contributions assessed but unlikely to be collected,MIO_EUR,,,2026-07-21T11:00:00+0200
FR,France,1983,D995REC,Capital transfers from general government to relevant sectors representing taxes and social contributions assessed but unlikely to be collected,PC_GDP,,,2026-07-21T11:00:00+0200
FR,France,1983,P2,Intermediate consumption,MIO_EUR,,,2026-07-21T11:00:00+0200
FR,France,1983,P2,Intermediate consumption,PC_GDP,,,2026-07-21T11:00:00+0200
FR,France,1983,P51G,Gross fixed capital formation,MIO_EUR,,,2026-07-21T11:00:00+0200
FR,France,1983,P51G,Gross fixed capital formation,PC_GDP,,,2026-07-21T11:00:00+0200
FR,France,1983,TE,Total general government expenditure,MIO_EUR,,,2026-07-21T11:00:00+0200
FR,France,1983,TE,Total general government expenditure,PC_GDP,,,2026-07-21T11:00:00+0200
FR,France,1983,TR,Total general government revenue,MIO_EUR,,,2026-07-21T11:00:00+0200
FR,France,1983,TR,Total general government revenue,PC_GDP,,,2026-07-21T11:00:00+0200
FR,France,1984,B9,Net lending (+)/net borrowing (-),MIO_EUR,,,2026-07-21T11:00:00+0200
FR,France,1984,B9,Net lending (+)/net borrowing (-),PC_GDP,,,2026-07-21T11:00:00+0200
FR,France,1984,D1PAY,"Compensation of employees, expenditure",MIO_EUR,,,2026-07-21T11:00:00+0200
FR,France,1984,D1PAY,"Compensation of employees, expenditure",PC_GDP,,,2026-07-21T11:00:00+0200
FR,France,1984,D2REC,"Taxes on production and imports, revenue",MIO_EUR,,,2026-07-21T11:00:00+0200
FR,France,1984,D2REC,"Taxes on production and imports, revenue",PC_GDP,,,2026-07-21T11:00:00+0200
FR,France,1984,D3PAY,"Subsidies, expenditure",MIO_EUR,,,2026-07-21T11:00:00+0200
FR,France,1984,D3PAY,"Subsidies, expenditure",PC_GDP,,,2026-07-21T11:00:00+0200
FR,France,1984,D41PAY,"Interest, expenditure",MIO_EUR,,,2026-07-21T11:00:00+0200
FR,France,1984,D41PAY,"Interest, expenditure",PC_GDP,,,2026-07-21T11:00:00+0200
FR,France,1984,D5REC,"Current taxes on income, wealth, etc., revenue",MIO_EUR,,,2026-07-21T11:00:00+0200
FR,France,1984,D5REC,"Current taxes on income, wealth, etc., revenue",PC_GDP,,,2026-07-21T11:00:00+0200
FR,France,1984,D61REC,"Net social contributions, revenue",MIO_EUR,,,2026-07-21T11:00:00+0200
FR,France,1984,D61REC,"Net social contributions, revenue",PC_GDP,,,2026-07-21T11:00:00+0200
FR,France,1984,D62PAY,"Social benefits other than social transfers in kind, expenditure",MIO_EUR,,,2026-07-21T11:00:00+0200
FR,France,1984,D62PAY,"Social benefits other than social transfers in kind, expenditure",PC_GDP,,,2026-07-21T11:00:00+0200
FR,France,1984,D632PAY,"Social transfers in kind, purchased market production, expenditure",MIO_EUR,,,2026-07-21T11:00:00+0200
FR,France,1984,D632PAY,"Social transfers in kind, purchased market production, expenditure",PC_GDP,,,2026-07-21T11:00:00+0200
FR,France,1984,D91REC,"Capital taxes, revenue",MIO_EUR,,,2026-07-21T11:00:00+0200
FR,France,1984,D91REC,"Capital taxes, revenue",PC_GDP,,,2026-07-21T11:00:00+0200
FR,France,1984,D995REC,Capital transfers from general government to relevant sectors representing taxes and social contributions assessed but unlikely to be collected,MIO_EUR,,,2026-07-21T11:00:00+0200
FR,France,1984,D995REC,Capital transfers from general government to relevant sectors representing taxes and social contributions assessed but unlikely to be collected,PC_GDP,,,2026-07-21T11:00:00+0200
FR,France,1984,P2,Intermediate consumption,MIO_EUR,,,2026-07-21T11:00:00+0200
FR,France,1984,P2,Intermediate consumption,PC_GDP,,,2026-07-21T11:00:00+0200
FR,France,1984,P51G,Gross fixed capital formation,MIO_EUR,,,2026-07-21T11:00:00+0200
FR,France,1984,P51G,Gross fixed capital formation,PC_GDP,,,2026-07-21T11:00:00+0200
FR,France,1984,TE,Total general government expenditure,MIO_EUR,,,2026-07-21T11:00:00+0200
FR,France,1984,TE,Total general government expenditure,PC_GDP,,,2026-07-21T11:00:00+0200
FR,France,1984,TR,Total general government revenue,MIO_EUR,,,2026-07-21T11:00:00+0200
FR,France,1984,TR,Total general government revenue,PC_GDP,,,2026-07-21T11:00:00+0200
FR,France,1985,B9,Net lending (+)/net borrowing (-),MIO_EUR,,,2026-07-21T11:00:00+0200
FR,France,1985,B9,Net lending (+)/net borrowing (-),PC_GDP,,,2026-07-21T11:00:00+0200
FR,France,1985,D1PAY,"Compensation of employees, expenditure",MIO_EUR,,,2026-07-21T11:00:00+0200
FR,France,1985,D1PAY,"Compensation of employees, expenditure",PC_GDP,,,2026-07-21T11:00:00+0200
FR,France,1985,D2REC,"Taxes on production and imports, revenue",MIO_EUR,,,2026-07-21T11:00:00+0200
FR,France,1985,D2REC,"Taxes on production and imports, revenue",PC_GDP,,,2026-07-21T11:00:00+0200
FR,France,1985,D3PAY,"Subsidies, expenditure",MIO_EUR,,,2026-07-21T11:00:00+0200
FR,France,1985,D3PAY,"Subsidies, expenditure",PC_GDP,,,2026-07-21T11:00:00+0200
FR,France,1985,D41PAY,"Interest, expenditure",MIO_EUR,,,2026-07-21T11:00:00+0200
FR,France,1985,D41PAY,"Interest, expenditure",PC_GDP,,,2026-07-21T11:00:00+0200
FR,France,1985,D5REC,"Current taxes on income, wealth, etc., revenue",MIO_EUR,,,2026-07-21T11:00:00+0200
FR,France,1985,D5REC,"Current taxes on income, wealth, etc., revenue",PC_GDP,,,2026-07-21T11:00:00+0200
FR,France,1985,D61REC,"Net social contributions, revenue",MIO_EUR,,,2026-07-21T11:00:00+0200
FR,France,1985,D61REC,"Net social contributions, revenue",PC_GDP,,,2026-07-21T11:00:00+0200
FR,France,1985,D62PAY,"Social benefits other than social transfers in kind, expenditure",MIO_EUR,,,2026-07-21T11:00:00+0200
FR,France,1985,D62PAY,"Social benefits other than social transfers in kind, expenditure",PC_GDP,,,2026-07-21T11:00:00+0200
FR,France,1985,D632PAY,"Social transfers in kind, purchased market production, expenditure",MIO_EUR,,,2026-07-21T11:00:00+0200
FR,France,1985,D632PAY,"Social transfers in kind, purchased market production, expenditure",PC_GDP,,,2026-07-21T11:00:00+0200
FR,France,1985,D91REC,"Capital taxes, revenue",MIO_EUR,,,2026-07-21T11:00:00+0200
FR,France,1985,D91REC,"Capital taxes, revenue",PC_GDP,,,2026-07-21T11:00:00+0200
FR,France,1985,D995REC,Capital transfers from general government to relevant sectors representing taxes and social contributions assessed but unlikely to be collected,MIO_EUR,,,2026-07-21T11:00:00+0200
FR,France,1985,D995REC,Capital transfers from general government to relevant sectors representing taxes and social contributions assessed but unlikely to be collected,PC_GDP,,,2026-07-21T11:00:00+0200
FR,France,1985,P2,Intermediate consumption,MIO_EUR,,,2026-07-21T11:00:00+0200
FR,France,1985,P2,Intermediate consumption,PC_GDP,,,2026-07-21T11:00:00+0200
FR,France,1985,P51G,Gross fixed capital formation,MIO_EUR,,,2026-07-21T11:00:00+0200
FR,France,1985,P51G,Gross fixed capital formation,PC_GDP,,,2026-07-21T11:00:00+0200
FR,France,1985,TE,Total general government expenditure,MIO_EUR,,,2026-07-21T11:00:00+0200
FR,France,1985,TE,Total general government expenditure,PC_GDP,,,2026-07-21T11:00:00+0200
FR,France,1985,TR,Total general government revenue,MIO_EUR,,,2026-07-21T11:00:00+0200
FR,France,1985,TR,Total general government revenue,PC_GDP,,,2026-07-21T11:00:00+0200
FR,France,1986,B9,Net lending (+)/net borrowing (-),MIO_EUR,,,2026-07-21T11:00:00+0200
FR,France,1986,B9,Net lending (+)/net borrowing (-),PC_GDP,,,2026-07-21T11:00:00+0200
FR,France,1986,D1PAY,"Compensation of employees, expenditure",MIO_EUR,,,2026-07-21T11:00:00+0200
FR,France,1986,D1PAY,"Compensation of employees, expenditure",PC_GDP,,,2026-07-21T11:00:00+0200
FR,France,1986,D2REC,"Taxes on production and imports, revenue",MIO_EUR,,,2026-07-21T11:00:00+0200
FR,France,1986,D2REC,"Taxes on production and imports, revenue",PC_GDP,,,2026-07-21T11:00:00+0200
FR,France,1986,D3PAY,"Subsidies, expenditure",MIO_EUR,,,2026-07-21T11:00:00+0200
FR,France,1986,D3PAY,"Subsidies, expenditure",PC_GDP,,,2026-07-21T11:00:00+0200
FR,France,1986,D41PAY,"Interest, expenditure",MIO_EUR,,,2026-07-21T11:00:00+0200
FR,France,1986,D41PAY,"Interest, expenditure",PC_GDP,,,2026-07-21T11:00:00+0200
FR,France,1986,D5REC,"Current taxes on income, wealth, etc., revenue",MIO_EUR,,,2026-07-21T11:00:00+0200
FR,France,1986,D5REC,"Current taxes on income, wealth, etc., revenue",PC_GDP,,,2026-07-21T11:00:00+0200
FR,France,1986,D61REC,"Net social contributions, revenue",MIO_EUR,,,2026-07-21T11:00:00+0200
FR,France,1986,D61REC,"Net social contributions, revenue",PC_GDP,,,2026-07-21T11:00:00+0200
FR,France,1986,D62PAY,"Social benefits other than social transfers in kind, expenditure",MIO_EUR,,,2026-07-21T11:00:00+0200
FR,France,1986,D62PAY,"Social benefits other than social transfers in kind, expenditure",PC_GDP,,,2026-07-21T11:00:00+0200
FR,France,1986,D632PAY,"Social transfers in kind, purchased market production, expenditure",MIO_EUR,,,2026-07-21T11:00:00+0200
FR,France,1986,D632PAY,"Social transfers in kind, purchased market production, expenditure",PC_GDP,,,2026-07-21T11:00:00+0200
FR,France,1986,D91REC,"Capital taxes, revenue",MIO_EUR,,,2026-07-21T11:00:00+0200
FR,France,1986,D91REC,"Capital taxes, revenue",PC_GDP,,,2026-07-21T11:00:00+0200
FR,France,1986,D995REC,Capital transfers from general government to relevant sectors representing taxes and social contributions assessed but unlikely to be collected,MIO_EUR,,,2026-07-21T11:00:00+0200
FR,France,1986,D995REC,Capital transfers from general government to relevant sectors representing taxes and social contributions assessed but unlikely to be collected,PC_GDP,,,2026-07-21T11:00:00+0200
FR,France,1986,P2,Intermediate consumption,MIO_EUR,,,2026-07-21T11:00:00+0200
FR,France,1986,P2,Intermediate consumption,PC_GDP,,,2026-07-21T11:00:00+0200
FR,France,1986,P51G,Gross fixed capital formation,MIO_EUR,,,2026-07-21T11:00:00+0200
FR,France,1986,P51G,Gross fixed capital formation,PC_GDP,,,2026-07-21T11:00:00+0200
FR,France,1986,TE,Total general government expenditure,MIO_EUR,,,2026-07-21T11:00:00+0200
FR,France,1986,TE,Total general government expenditure,PC_GDP,,,2026-07-21T11:00:00+0200
FR,France,1986,TR,Total general government revenue,MIO_EUR,,,2026-07-21T11:00:00+0200
FR,France,1986,TR,Total general government revenue,PC_GDP,,,2026-07-21T11:00:00+0200
FR,France,1987,B9,Net lending (+)/net borrowing (-),MIO_EUR,,,2026-07-21T11:00:00+0200
FR,France,1987,B9,Net lending (+)/net borrowing (-),PC_GDP,,,2026-07-21T11:00:00+0200
FR,France,1987,D1PAY,"Compensation of employees, expenditure",MIO_EUR,,,2026-07-21T11:00:00+0200
FR,France,1987,D1PAY,"Compensation of employees, expenditure",PC_GDP,,,2026-07-21T11:00:00+0200
FR,France,1987,D2REC,"Taxes on production and imports, revenue",MIO_EUR,,,2026-07-21T11:00:00+0200
FR,France,1987,D2REC,"Taxes on production and imports, revenue",PC_GDP,,,2026-07-21T11:00:00+0200
FR,France,1987,D3PAY,"Subsidies, expenditure",MIO_EUR,,,2026-07-21T11:00:00+0200
FR,France,1987,D3PAY,"Subsidies, expenditure",PC_GDP,,,2026-07-21T11:00:00+0200
FR,France,1987,D41PAY,"Interest, expenditure",MIO_EUR,,,2026-07-21T11:00:00+0200
FR,France,1987,D41PAY,"Interest, expenditure",PC_GDP,,,2026-07-21T11:00:00+0200
FR,France,1987,D5REC,"Current taxes on income, wealth, etc., revenue",MIO_EUR,,,2026-07-21T11:00:00+0200
FR,France,1987,D5REC,"Current taxes on income, wealth, etc., revenue",PC_GDP,,,2026-07-21T11:00:00+0200
FR,France,1987,D61REC,"Net social contributions, revenue",MIO_EUR,,,2026-07-21T11:00:00+0200
FR,France,1987,D61REC,"Net social contributions, revenue",PC_GDP,,,2026-07-21T11:00:00+0200
FR,France,1987,D62PAY,"Social benefits other than social transfers in kind, expenditure",MIO_EUR,,,2026-07-21T11:00:00+0200
FR,France,1987,D62PAY,"Social benefits other than social transfers in kind, expenditure",PC_GDP,,,2026-07-21T11:00:00+0200
FR,France,1987,D632PAY,"Social transfers in kind, purchased market production, expenditure",MIO_EUR,,,2026-07-21T11:00:00+0200
FR,France,1987,D632PAY,"Social transfers in kind, purchased market production, expenditure",PC_GDP,,,2026-07-21T11:00:00+0200
FR,France,1987,D91REC,"Capital taxes, revenue",MIO_EUR,,,2026-07-21T11:00:00+0200
FR,France,1987,D91REC,"Capital taxes, revenue",PC_GDP,,,2026-07-21T11:00:00+0200
FR,France,1987,D995REC,Capital transfers from general government to relevant sectors representing taxes and social contributions assessed but unlikely to be collected,MIO_EUR,,,2026-07-21T11:00:00+0200
FR,France,1987,D995REC,Capital transfers from general government to relevant sectors representing taxes and social contributions assessed but unlikely to be collected,PC_GDP,,,2026-07-21T11:00:00+0200
FR,France,1987,P2,Intermediate consumption,MIO_EUR,,,2026-07-21T11:00:00+0200
FR,France,1987,P2,Intermediate consumption,PC_GDP,,,2026-07-21T11:00:00+0200
FR,France,1987,P51G,Gross fixed capital formation,MIO_EUR,,,2026-07-21T11:00:00+0200
FR,France,1987,P51G,Gross fixed capital formation,PC_GDP,,,2026-07-21T11:00:00+0200
FR,France,1987,TE,Total general government expenditure,MIO_EUR,,,2026-07-21T11:00:00+0200
FR,France,1987,TE,Total general government expenditure,PC_GDP,,,2026-07-21T11:00:00+0200
FR,France,1987,TR,Total general government revenue,MIO_EUR,,,2026-07-21T11:00:00+0200
FR,France,1987,TR,Total general government revenue,PC_GDP,,,2026-07-21T11:00:00+0200
FR,France,1988,B9,Net lending (+)/net borrowing (-),MIO_EUR,,,2026-07-21T11:00:00+0200
FR,France,1988,B9,Net lending (+)/net borrowing (-),PC_GDP,,,2026-07-21T11:00:00+0200
FR,France,1988,D1PAY,"Compensation of employees, expenditure",MIO_EUR,,,2026-07-21T11:00:00+0200
FR,France,1988,D1PAY,"Compensation of employees, expenditure",PC_GDP,,,2026-07-21T11:00:00+0200
FR,France,1988,D2REC,"Taxes on production and imports, revenue",MIO_EUR,,,2026-07-21T11:00:00+0200
FR,France,1988,D2REC,"Taxes on production and imports, revenue",PC_GDP,,,2026-07-21T11:00:00+0200
FR,France,1988,D3PAY,"Subsidies, expenditure",MIO_EUR,,,2026-07-21T11:00:00+0200
FR,France,1988,D3PAY,"Subsidies, expenditure",PC_GDP,,,2026-07-21T11:00:00+0200
FR,France,1988,D41PAY,"Interest, expenditure",MIO_EUR,,,2026-07-21T11:00:00+0200
FR,France,1988,D41PAY,"Interest, expenditure",PC_GDP,,,2026-07-21T11:00:00+0200
FR,France,1988,D5REC,"Current taxes on income, wealth, etc., revenue",MIO_EUR,,,2026-07-21T11:00:00+0200
FR,France,1988,D5REC,"Current taxes on income, wealth, etc., revenue",PC_GDP,,,2026-07-21T11:00:00+0200
FR,France,1988,D61REC,"Net social contributions, revenue",MIO_EUR,,,2026-07-21T11:00:00+0200
FR,France,1988,D61REC,"Net social contributions, revenue",PC_GDP,,,2026-07-21T11:00:00+0200
FR,France,1988,D62PAY,"Social benefits other than social transfers in kind, expenditure",MIO_EUR,,,2026-07-21T11:00:00+0200
FR,France,1988,D62PAY,"Social benefits other than social transfers in kind, expenditure",PC_GDP,,,2026-07-21T11:00:00+0200
FR,France,1988,D632PAY,"Social transfers in kind, purchased market production, expenditure",MIO_EUR,,,2026-07-21T11:00:00+0200
FR,France,1988,D632PAY,"Social transfers in kind, purchased market production, expenditure",PC_GDP,,,2026-07-21T11:00:00+0200
FR,France,1988,D91REC,"Capital taxes, revenue",MIO_EUR,,,2026-07-21T11:00:00+0200
FR,France,1988,D91REC,"Capital taxes, revenue",PC_GDP,,,2026-07-21T11:00:00+0200
FR,France,1988,D995REC,Capital transfers from general government to relevant sectors representing taxes and social contributions assessed but unlikely to be collected,MIO_EUR,,,2026-07-21T11:00:00+0200
FR,France,1988,D995REC,Capital transfers from general government to relevant sectors representing taxes and social contributions assessed but unlikely to be collected,PC_GDP,,,2026-07-21T11:00:00+0200
FR,France,1988,P2,Intermediate consumption,MIO_EUR,,,2026-07-21T11:00:00+0200
FR,France,1988,P2,Intermediate consumption,PC_GDP,,,2026-07-21T11:00:00+0200
FR,France,1988,P51G,Gross fixed capital formation,MIO_EUR,,,2026-07-21T11:00:00+0200
FR,France,1988,P51G,Gross fixed capital formation,PC_GDP,,,2026-07-21T11:00:00+0200
FR,France,1988,TE,Total general government expenditure,MIO_EUR,,,2026-07-21T11:00:00+0200
FR,France,1988,TE,Total general government expenditure,PC_GDP,,,2026-07-21T11:00:00+0200
FR,France,1988,TR,Total general government revenue,MIO_EUR,,,2026-07-21T11:00:00+0200
FR,France,1988,TR,Total general government revenue,PC_GDP,,,2026-07-21T11:00:00+0200
FR,France,1989,B9,Net lending (+)/net borrowing (-),MIO_EUR,,,2026-07-21T11:00:00+0200
FR,France,1989,B9,Net lending (+)/net borrowing (-),PC_GDP,,,2026-07-21T11:00:00+0200
FR,France,1989,D1PAY,"Compensation of employees, expenditure",MIO_EUR,,,2026-07-21T11:00:00+0200
FR,France,1989,D1PAY,"Compensation of employees, expenditure",PC_GDP,,,2026-07-21T11:00:00+0200
FR,France,1989,D2REC,"Taxes on production and imports, revenue",MIO_EUR,,,2026-07-21T11:00:00+0200
FR,France,1989,D2REC,"Taxes on production and imports, revenue",PC_GDP,,,2026-07-21T11:00:00+0200
FR,France,1989,D3PAY,"Subsidies, expenditure",MIO_EUR,,,2026-07-21T11:00:00+0200
FR,France,1989,D3PAY,"Subsidies, expenditure",PC_GDP,,,2026-07-21T11:00:00+0200
FR,France,1989,D41PAY,"Interest, expenditure",MIO_EUR,,,2026-07-21T11:00:00+0200
FR,France,1989,D41PAY,"Interest, expenditure",PC_GDP,,,2026-07-21T11:00:00+0200
FR,France,1989,D5REC,"Current taxes on income, wealth, etc., revenue",MIO_EUR,,,2026-07-21T11:00:00+0200
FR,France,1989,D5REC,"Current taxes on income, wealth, etc., revenue",PC_GDP,,,2026-07-21T11:00:00+0200
FR,France,1989,D61REC,"Net social contributions, revenue",MIO_EUR,,,2026-07-21T11:00:00+0200
FR,France,1989,D61REC,"Net social contributions, revenue",PC_GDP,,,2026-07-21T11:00:00+0200
FR,France,1989,D62PAY,"Social benefits other than social transfers in kind, expenditure",MIO_EUR,,,2026-07-21T11:00:00+0200
FR,France,1989,D62PAY,"Social benefits other than social transfers in kind, expenditure",PC_GDP,,,2026-07-21T11:00:00+0200
FR,France,1989,D632PAY,"Social transfers in kind, purchased market production, expenditure",MIO_EUR,,,2026-07-21T11:00:00+0200
FR,France,1989,D632PAY,"Social transfers in kind, purchased market production, expenditure",PC_GDP,,,2026-07-21T11:00:00+0200
FR,France,1989,D91REC,"Capital taxes, revenue",MIO_EUR,,,2026-07-21T11:00:00+0200
FR,France,1989,D91REC,"Capital taxes, revenue",PC_GDP,,,2026-07-21T11:00:00+0200
FR,France,1989,D995REC,Capital transfers from general government to relevant sectors representing taxes and social contributions assessed but unlikely to be collected,MIO_EUR,,,2026-07-21T11:00:00+0200
FR,France,1989,D995REC,Capital transfers from general government to relevant sectors representing taxes and social contributions assessed but unlikely to be collected,PC_GDP,,,2026-07-21T11:00:00+0200
FR,France,1989,P2,Intermediate consumption,MIO_EUR,,,2026-07-21T11:00:00+0200
FR,France,1989,P2,Intermediate consumption,PC_GDP,,,2026-07-21T11:00:00+0200
FR,France,1989,P51G,Gross fixed capital formation,MIO_EUR,,,2026-07-21T11:00:00+0200
FR,France,1989,P51G,Gross fixed capital formation,PC_GDP,,,2026-07-21T11:00:00+0200
FR,France,1989,TE,Total general government expenditure,MIO_EUR,,,2026-07-21T11:00:00+0200
FR,France,1989,TE,Total general government expenditure,PC_GDP,,,2026-07-21T11:00:00+0200
FR,France,1989,TR,Total general government revenue,MIO_EUR,,,2026-07-21T11:00:00+0200
FR,France,1989,TR,Total general government revenue,PC_GDP,,,2026-07-21T11:00:00+0200
FR,France,1990,B9,Net lending (+)/net borrowing (-),MIO_EUR,,,2026-07-21T11:00:00+0200
FR,France,1990,B9,Net lending (+)/net borrowing (-),PC_GDP,,,2026-07-21T11:00:00+0200
FR,France,1990,D1PAY,"Compensation of employees, expenditure",MIO_EUR,,,2026-07-21T11:00:00+0200
FR,France,1990,D1PAY,"Compensation of employees, expenditure",PC_GDP,,,2026-07-21T11:00:00+0200
FR,France,1990,D2REC,"Taxes on production and imports, revenue",MIO_EUR,,,2026-07-21T11:00:00+0200
FR,France,1990,D2REC,"Taxes on production and imports, revenue",PC_GDP,,,2026-07-21T11:00:00+0200
FR,France,1990,D3PAY,"Subsidies, expenditure",MIO_EUR,,,2026-07-21T11:00:00+0200
FR,France,1990,D3PAY,"Subsidies, expenditure",PC_GDP,,,2026-07-21T11:00:00+0200
FR,France,1990,D41PAY,"Interest, expenditure",MIO_EUR,,,2026-07-21T11:00:00+0200
FR,France,1990,D41PAY,"Interest, expenditure",PC_GDP,,,2026-07-21T11:00:00+0200
FR,France,1990,D5REC,"Current taxes on income, wealth, etc., revenue",MIO_EUR,,,2026-07-21T11:00:00+0200
FR,France,1990,D5REC,"Current taxes on income, wealth, etc., revenue",PC_GDP,,,2026-07-21T11:00:00+0200
FR,France,1990,D61REC,"Net social contributions, revenue",MIO_EUR,,,2026-07-21T11:00:00+0200
FR,France,1990,D61REC,"Net social contributions, revenue",PC_GDP,,,2026-07-21T11:00:00+0200
FR,France,1990,D62PAY,"Social benefits other than social transfers in kind, expenditure",MIO_EUR,,,2026-07-21T11:00:00+0200
FR,France,1990,D62PAY,"Social benefits other than social transfers in kind, expenditure",PC_GDP,,,2026-07-21T11:00:00+0200
FR,France,1990,D632PAY,"Social transfers in kind, purchased market production, expenditure",MIO_EUR,,,2026-07-21T11:00:00+0200
FR,France,1990,D632PAY,"Social transfers in kind, purchased market production, expenditure",PC_GDP,,,2026-07-21T11:00:00+0200
FR,France,1990,D91REC,"Capital taxes, revenue",MIO_EUR,,,2026-07-21T11:00:00+0200
FR,France,1990,D91REC,"Capital taxes, revenue",PC_GDP,,,2026-07-21T11:00:00+0200
FR,France,1990,D995REC,Capital transfers from general government to relevant sectors representing taxes and social contributions assessed but unlikely to be collected,MIO_EUR,,,2026-07-21T11:00:00+0200
FR,France,1990,D995REC,Capital transfers from general government to relevant sectors representing taxes and social contributions assessed but unlikely to be collected,PC_GDP,,,2026-07-21T11:00:00+0200
FR,France,1990,P2,Intermediate consumption,MIO_EUR,,,2026-07-21T11:00:00+0200
FR,France,1990,P2,Intermediate consumption,PC_GDP,,,2026-07-21T11:00:00+0200
FR,France,1990,P51G,Gross fixed capital formation,MIO_EUR,,,2026-07-21T11:00:00+0200
FR,France,1990,P51G,Gross fixed capital formation,PC_GDP,,,2026-07-21T11:00:00+0200
FR,France,1990,TE,Total general government expenditure,MIO_EUR,,,2026-07-21T11:00:00+0200
FR,France,1990,TE,Total general government expenditure,PC_GDP,,,2026-07-21T11:00:00+0200
FR,France,1990,TR,Total general government revenue,MIO_EUR,,,2026-07-21T11:00:00+0200
FR,France,1990,TR,Total general government revenue,PC_GDP,,,2026-07-21T11:00:00+0200
FR,France,1991,B9,Net lending (+)/net borrowing (-),MIO_EUR,,,2026-07-21T11:00:00+0200
FR,France,1991,B9,Net lending (+)/net borrowing (-),PC_GDP,,,2026-07-21T11:00:00+0200
FR,France,1991,D1PAY,"Compensation of employees, expenditure",MIO_EUR,,,2026-07-21T11:00:00+0200
FR,France,1991,D1PAY,"Compensation of employees, expenditure",PC_GDP,,,2026-07-21T11:00:00+0200
FR,France,1991,D2REC,"Taxes on production and imports, revenue",MIO_EUR,,,2026-07-21T11:00:00+0200
FR,France,1991,D2REC,"Taxes on production and imports, revenue",PC_GDP,,,2026-07-21T11:00:00+0200
FR,France,1991,D3PAY,"Subsidies, expenditure",MIO_EUR,,,2026-07-21T11:00:00+0200
FR,France,1991,D3PAY,"Subsidies, expenditure",PC_GDP,,,2026-07-21T11:00:00+0200
FR,France,1991,D41PAY,"Interest, expenditure",MIO_EUR,,,2026-07-21T11:00:00+0200
FR,France,1991,D41PAY,"Interest, expenditure",PC_GDP,,,2026-07-21T11:00:00+0200
FR,France,1991,D5REC,"Current taxes on income, wealth, etc., revenue",MIO_EUR,,,2026-07-21T11:00:00+0200
FR,France,1991,D5REC,"Current taxes on income, wealth, etc., revenue",PC_GDP,,,2026-07-21T11:00:00+0200
FR,France,1991,D61REC,"Net social contributions, revenue",MIO_EUR,,,2026-07-21T11:00:00+0200
FR,France,1991,D61REC,"Net social contributions, revenue",PC_GDP,,,2026-07-21T11:00:00+0200
FR,France,1991,D62PAY,"Social benefits other than social transfers in kind, expenditure",MIO_EUR,,,2026-07-21T11:00:00+0200
FR,France,1991,D62PAY,"Social benefits other than social transfers in kind, expenditure",PC_GDP,,,2026-07-21T11:00:00+0200
FR,France,1991,D632PAY,"Social transfers in kind, purchased market production, expenditure",MIO_EUR,,,2026-07-21T11:00:00+0200
FR,France,1991,D632PAY,"Social transfers in kind, purchased market production, expenditure",PC_GDP,,,2026-07-21T11:00:00+0200
FR,France,1991,D91REC,"Capital taxes, revenue",MIO_EUR,,,2026-07-21T11:00:00+0200
FR,France,1991,D91REC,"Capital taxes, revenue",PC_GDP,,,2026-07-21T11:00:00+0200
FR,France,1991,D995REC,Capital transfers from general government to relevant sectors representing taxes and social contributions assessed but unlikely to be collected,MIO_EUR,,,2026-07-21T11:00:00+0200
FR,France,1991,D995REC,Capital transfers from general government to relevant sectors representing taxes and social contributions assessed but unlikely to be collected,PC_GDP,,,2026-07-21T11:00:00+0200
FR,France,1991,P2,Intermediate consumption,MIO_EUR,,,2026-07-21T11:00:00+0200
FR,France,1991,P2,Intermediate consumption,PC_GDP,,,2026-07-21T11:00:00+0200
FR,France,1991,P51G,Gross fixed capital formation,MIO_EUR,,,2026-07-21T11:00:00+0200
FR,France,1991,P51G,Gross fixed capital formation,PC_GDP,,,2026-07-21T11:00:00+0200
FR,France,1991,TE,Total general government expenditure,MIO_EUR,,,2026-07-21T11:00:00+0200
FR,France,1991,TE,Total general government expenditure,PC_GDP,,,2026-07-21T11:00:00+0200
FR,France,1991,TR,Total general government revenue,MIO_EUR,,,2026-07-21T11:00:00+0200
FR,France,1991,TR,Total general government revenue,PC_GDP,,,2026-07-21T11:00:00+0200
FR,France,1992,B9,Net lending (+)/net borrowing (-),MIO_EUR,,,2026-07-21T11:00:00+0200
FR,France,1992,B9,Net lending (+)/net borrowing (-),PC_GDP,,,2026-07-21T11:00:00+0200
FR,France,1992,D1PAY,"Compensation of employees, expenditure",MIO_EUR,,,2026-07-21T11:00:00+0200
FR,France,1992,D1PAY,"Compensation of employees, expenditure",PC_GDP,,,2026-07-21T11:00:00+0200
FR,France,1992,D2REC,"Taxes on production and imports, revenue",MIO_EUR,,,2026-07-21T11:00:00+0200
FR,France,1992,D2REC,"Taxes on production and imports, revenue",PC_GDP,,,2026-07-21T11:00:00+0200
FR,France,1992,D3PAY,"Subsidies, expenditure",MIO_EUR,,,2026-07-21T11:00:00+0200
FR,France,1992,D3PAY,"Subsidies, expenditure",PC_GDP,,,2026-07-21T11:00:00+0200
FR,France,1992,D41PAY,"Interest, expenditure",MIO_EUR,,,2026-07-21T11:00:00+0200
FR,France,1992,D41PAY,"Interest, expenditure",PC_GDP,,,2026-07-21T11:00:00+0200
FR,France,1992,D5REC,"Current taxes on income, wealth, etc., revenue",MIO_EUR,,,2026-07-21T11:00:00+0200
FR,France,1992,D5REC,"Current taxes on income, wealth, etc., revenue",PC_GDP,,,2026-07-21T11:00:00+0200
FR,France,1992,D61REC,"Net social contributions, revenue",MIO_EUR,,,2026-07-21T11:00:00+0200
FR,France,1992,D61REC,"Net social contributions, revenue",PC_GDP,,,2026-07-21T11:00:00+0200
FR,France,1992,D62PAY,"Social benefits other than social transfers in kind, expenditure",MIO_EUR,,,2026-07-21T11:00:00+0200
FR,France,1992,D62PAY,"Social benefits other than social transfers in kind, expenditure",PC_GDP,,,2026-07-21T11:00:00+0200
FR,France,1992,D632PAY,"Social transfers in kind, purchased market production, expenditure",MIO_EUR,,,2026-07-21T11:00:00+0200
FR,France,1992,D632PAY,"Social transfers in kind, purchased market production, expenditure",PC_GDP,,,2026-07-21T11:00:00+0200
FR,France,1992,D91REC,"Capital taxes, revenue",MIO_EUR,,,2026-07-21T11:00:00+0200
FR,France,1992,D91REC,"Capital taxes, revenue",PC_GDP,,,2026-07-21T11:00:00+0200
FR,France,1992,D995REC,Capital transfers from general government to relevant sectors representing taxes and social contributions assessed but unlikely to be collected,MIO_EUR,,,2026-07-21T11:00:00+0200
FR,France,1992,D995REC,Capital transfers from general government to relevant sectors representing taxes and social contributions assessed but unlikely to be collected,PC_GDP,,,2026-07-21T11:00:00+0200
FR,France,1992,P2,Intermediate consumption,MIO_EUR,,,2026-07-21T11:00:00+0200
FR,France,1992,P2,Intermediate consumption,PC_GDP,,,2026-07-21T11:00:00+0200
FR,France,1992,P51G,Gross fixed capital formation,MIO_EUR,,,2026-07-21T11:00:00+0200
FR,France,1992,P51G,Gross fixed capital formation,PC_GDP,,,2026-07-21T11:00:00+0200
FR,France,1992,TE,Total general government expenditure,MIO_EUR,,,2026-07-21T11:00:00+0200
FR,France,1992,TE,Total general government expenditure,PC_GDP,,,2026-07-21T11:00:00+0200
FR,France,1992,TR,Total general government revenue,MIO_EUR,,,2026-07-21T11:00:00+0200
FR,France,1992,TR,Total general government revenue,PC_GDP,,,2026-07-21T11:00:00+0200
FR,France,1993,B9,Net lending (+)/net borrowing (-),MIO_EUR,,,2026-07-21T11:00:00+0200
FR,France,1993,B9,Net lending (+)/net borrowing (-),PC_GDP,,,2026-07-21T11:00:00+0200
FR,France,1993,D1PAY,"Compensation of employees, expenditure",MIO_EUR,,,2026-07-21T11:00:00+0200
FR,France,1993,D1PAY,"Compensation of employees, expenditure",PC_GDP,,,2026-07-21T11:00:00+0200
FR,France,1993,D2REC,"Taxes on production and imports, revenue",MIO_EUR,,,2026-07-21T11:00:00+0200
FR,France,1993,D2REC,"Taxes on production and imports, revenue",PC_GDP,,,2026-07-21T11:00:00+0200
FR,France,1993,D3PAY,"Subsidies, expenditure",MIO_EUR,,,2026-07-21T11:00:00+0200
FR,France,1993,D3PAY,"Subsidies, expenditure",PC_GDP,,,2026-07-21T11:00:00+0200
FR,France,1993,D41PAY,"Interest, expenditure",MIO_EUR,,,2026-07-21T11:00:00+0200
FR,France,1993,D41PAY,"Interest, expenditure",PC_GDP,,,2026-07-21T11:00:00+0200
FR,France,1993,D5REC,"Current taxes on income, wealth, etc., revenue",MIO_EUR,,,2026-07-21T11:00:00+0200
FR,France,1993,D5REC,"Current taxes on income, wealth, etc., revenue",PC_GDP,,,2026-07-21T11:00:00+0200
FR,France,1993,D61REC,"Net social contributions, revenue",MIO_EUR,,,2026-07-21T11:00:00+0200
FR,France,1993,D61REC,"Net social contributions, revenue",PC_GDP,,,2026-07-21T11:00:00+0200
FR,France,1993,D62PAY,"Social benefits other than social transfers in kind, expenditure",MIO_EUR,,,2026-07-21T11:00:00+0200
FR,France,1993,D62PAY,"Social benefits other than social transfers in kind, expenditure",PC_GDP,,,2026-07-21T11:00:00+0200
FR,France,1993,D632PAY,"Social transfers in kind, purchased market production, expenditure",MIO_EUR,,,2026-07-21T11:00:00+0200
FR,France,1993,D632PAY,"Social transfers in kind, purchased market production, expenditure",PC_GDP,,,2026-07-21T11:00:00+0200
FR,France,1993,D91REC,"Capital taxes, revenue",MIO_EUR,,,2026-07-21T11:00:00+0200
FR,France,1993,D91REC,"Capital taxes, revenue",PC_GDP,,,2026-07-21T11:00:00+0200
FR,France,1993,D995REC,Capital transfers from general government to relevant sectors representing taxes and social contributions assessed but unlikely to be collected,MIO_EUR,,,2026-07-21T11:00:00+0200
FR,France,1993,D995REC,Capital transfers from general government to relevant sectors representing taxes and social contributions assessed but unlikely to be collected,PC_GDP,,,2026-07-21T11:00:00+0200
FR,France,1993,P2,Intermediate consumption,MIO_EUR,,,2026-07-21T11:00:00+0200
FR,France,1993,P2,Intermediate consumption,PC_GDP,,,2026-07-21T11:00:00+0200
FR,France,1993,P51G,Gross fixed capital formation,MIO_EUR,,,2026-07-21T11:00:00+0200
FR,France,1993,P51G,Gross fixed capital formation,PC_GDP,,,2026-07-21T11:00:00+0200
FR,France,1993,TE,Total general government expenditure,MIO_EUR,,,2026-07-21T11:00:00+0200
FR,France,1993,TE,Total general government expenditure,PC_GDP,,,2026-07-21T11:00:00+0200
FR,France,1993,TR,Total general government revenue,MIO_EUR,,,2026-07-21T11:00:00+0200
FR,France,1993,TR,Total general government revenue,PC_GDP,,,2026-07-21T11:00:00+0200
FR,France,1994,B9,Net lending (+)/net borrowing (-),MIO_EUR,,,2026-07-21T11:00:00+0200
FR,France,1994,B9,Net lending (+)/net borrowing (-),PC_GDP,,,2026-07-21T11:00:00+0200
FR,France,1994,D1PAY,"Compensation of employees, expenditure",MIO_EUR,,,2026-07-21T11:00:00+0200
FR,France,1994,D1PAY,"Compensation of employees, expenditure",PC_GDP,,,2026-07-21T11:00:00+0200
FR,France,1994,D2REC,"Taxes on production and imports, revenue",MIO_EUR,,,2026-07-21T11:00:00+0200
FR,France,1994,D2REC,"Taxes on production and imports, revenue",PC_GDP,,,2026-07-21T11:00:00+0200
FR,France,1994,D3PAY,"Subsidies, expenditure",MIO_EUR,,,2026-07-21T11:00:00+0200
FR,France,1994,D3PAY,"Subsidies, expenditure",PC_GDP,,,2026-07-21T11:00:00+0200
FR,France,1994,D41PAY,"Interest, expenditure",MIO_EUR,,,2026-07-21T11:00:00+0200
FR,France,1994,D41PAY,"Interest, expenditure",PC_GDP,,,2026-07-21T11:00:00+0200
FR,France,1994,D5REC,"Current taxes on income, wealth, etc., revenue",MIO_EUR,,,2026-07-21T11:00:00+0200
FR,France,1994,D5REC,"Current taxes on income, wealth, etc., revenue",PC_GDP,,,2026-07-21T11:00:00+0200
FR,France,1994,D61REC,"Net social contributions, revenue",MIO_EUR,,,2026-07-21T11:00:00+0200
FR,France,1994,D61REC,"Net social contributions, revenue",PC_GDP,,,2026-07-21T11:00:00+0200
FR,France,1994,D62PAY,"Social benefits other than social transfers in kind, expenditure",MIO_EUR,,,2026-07-21T11:00:00+0200
FR,France,1994,D62PAY,"Social benefits other than social transfers in kind, expenditure",PC_GDP,,,2026-07-21T11:00:00+0200
FR,France,1994,D632PAY,"Social transfers in kind, purchased market production, expenditure",MIO_EUR,,,2026-07-21T11:00:00+0200
FR,France,1994,D632PAY,"Social transfers in kind, purchased market production, expenditure",PC_GDP,,,2026-07-21T11:00:00+0200
FR,France,1994,D91REC,"Capital taxes, revenue",MIO_EUR,,,2026-07-21T11:00:00+0200
FR,France,1994,D91REC,"Capital taxes, revenue",PC_GDP,,,2026-07-21T11:00:00+0200
FR,France,1994,D995REC,Capital transfers from general government to relevant sectors representing taxes and social contributions assessed but unlikely to be collected,MIO_EUR,,,2026-07-21T11:00:00+0200
FR,France,1994,D995REC,Capital transfers from general government to relevant sectors representing taxes and social contributions assessed but unlikely to be collected,PC_GDP,,,2026-07-21T11:00:00+0200
FR,France,1994,P2,Intermediate consumption,MIO_EUR,,,2026-07-21T11:00:00+0200
FR,France,1994,P2,Intermediate consumption,PC_GDP,,,2026-07-21T11:00:00+0200
FR,France,1994,P51G,Gross fixed capital formation,MIO_EUR,,,2026-07-21T11:00:00+0200
FR,France,1994,P51G,Gross fixed capital formation,PC_GDP,,,2026-07-21T11:00:00+0200
FR,France,1994,TE,Total general government expenditure,MIO_EUR,,,2026-07-21T11:00:00+0200
FR,France,1994,TE,Total general government expenditure,PC_GDP,,,2026-07-21T11:00:00+0200
FR,France,1994,TR,Total general government revenue,MIO_EUR,,,2026-07-21T11:00:00+0200
FR,France,1994,TR,Total general government revenue,PC_GDP,,,2026-07-21T11:00:00+0200
FR,France,1995,B9,Net lending (+)/net borrowing (-),MIO_EUR,-62366.9,,2026-07-21T11:00:00+0200
FR,France,1995,B9,Net lending (+)/net borrowing (-),PC_GDP,-5.1,,2026-07-21T11:00:00+0200
FR,France,1995,D1PAY,"Compensation of employees, expenditure",MIO_EUR,164956.2,,2026-07-21T11:00:00+0200
FR,France,1995,D1PAY,"Compensation of employees, expenditure",PC_GDP,13.5,,2026-07-21T11:00:00+0200
FR,France,1995,D2REC,"Taxes on production and imports, revenue",MIO_EUR,192183.8,,2026-07-21T11:00:00+0200
FR,France,1995,D2REC,"Taxes on production and imports, revenue",PC_GDP,15.7,,2026-07-21T11:00:00+0200
FR,France,1995,D3PAY,"Subsidies, expenditure",MIO_EUR,18468.7,,2026-07-21T11:00:00+0200
FR,France,1995,D3PAY,"Subsidies, expenditure",PC_GDP,1.5,,2026-07-21T11:00:00+0200
FR,France,1995,D41PAY,"Interest, expenditure",MIO_EUR,42204.7,,2026-07-21T11:00:00+0200
FR,France,1995,D41PAY,"Interest, expenditure",PC_GDP,3.5,,2026-07-21T11:00:00+0200
FR,France,1995,D5REC,"Current taxes on income, wealth, etc., revenue",MIO_EUR,98329.6,,2026-07-21T11:00:00+0200
FR,France,1995,D5REC,"Current taxes on income, wealth, etc., revenue",PC_GDP,8.1,,2026-07-21T11:00:00+0200
FR,France,1995,D61REC,"Net social contributions, revenue",MIO_EUR,243760.9,,2026-07-21T11:00:00+0200
FR,France,1995,D61REC,"Net social contributions, revenue",PC_GDP,20,,2026-07-21T11:00:00+0200
FR,France,1995,D62PAY,"Social benefits other than social transfers in kind, expenditure",MIO_EUR,216216,,2026-07-21T11:00:00+0200
FR,France,1995,D62PAY,"Social benefits other than social transfers in kind, expenditure",PC_GDP,17.7,,2026-07-21T11:00:00+0200
FR,France,1995,D632PAY,"Social transfers in kind, purchased market production, expenditure",MIO_EUR,57295.6,,2026-07-21T11:00:00+0200
FR,France,1995,D632PAY,"Social transfers in kind, purchased market production, expenditure",PC_GDP,4.7,,2026-07-21T11:00:00+0200
FR,France,1995,D91REC,"Capital taxes, revenue",MIO_EUR,4283.5,,2026-07-21T11:00:00+0200
FR,France,1995,D91REC,"Capital taxes, revenue",PC_GDP,0.4,,2026-07-21T11:00:00+0200
FR,France,1995,D995REC,Capital transfers from general government to relevant sectors representing taxes and social contributions assessed but unlikely to be collected,MIO_EUR,2839.4,,2026-07-21T11:00:00+0200
FR,France,1995,D995REC,Capital transfers from general government to relevant sectors representing taxes and social contributions assessed but unlikely to be collected,PC_GDP,0.2,,2026-07-21T11:00:00+0200
FR,France,1995,P2,Intermediate consumption,MIO_EUR,66662,,2026-07-21T11:00:00+0200
FR,France,1995,P2,Intermediate consumption,PC_GDP,5.5,,2026-07-21T11:00:00+0200
FR,France,1995,P51G,Gross fixed capital formation,MIO_EUR,56574.4,,2026-07-21T11:00:00+0200
FR,France,1995,P51G,Gross fixed capital formation,PC_GDP,4.6,,2026-07-21T11:00:00+0200
FR,France,1995,TE,Total general government expenditure,MIO_EUR,683969.3,,2026-07-21T11:00:00+0200
FR,France,1995,TE,Total general government expenditure,PC_GDP,56.1,,2026-07-21T11:00:00+0200
FR,France,1995,TR,Total general government revenue,MIO_EUR,621602.4,,2026-07-21T11:00:00+0200
FR,France,1995,TR,Total general government revenue,PC_GDP,50.9,,2026-07-21T11:00:00+0200
FR,France,1996,B9,Net lending (+)/net borrowing (-),MIO_EUR,-49082.1,,2026-07-21T11:00:00+0200
FR,France,1996,B9,Net lending (+)/net borrowing (-),PC_GDP,-3.9,,2026-07-21T11:00:00+0200
FR,France,1996,D1PAY,"Compensation of employees, expenditure",MIO_EUR,172174.8,,2026-07-21T11:00:00+0200
FR,France,1996,D1PAY,"Compensation of employees, expenditure",PC_GDP,13.7,,2026-07-21T11:00:00+0200
FR,France,1996,D2REC,"Taxes on production and imports, revenue",MIO_EUR,205247.1,,2026-07-21T11:00:00+0200
FR,France,1996,D2REC,"Taxes on production and imports, revenue",PC_GDP,16.3,,2026-07-21T11:00:00+0200
FR,France,1996,D3PAY,"Subsidies, expenditure",MIO_EUR,19311.3,,2026-07-21T11:00:00+0200
FR,France,1996,D3PAY,"Subsidies, expenditure",PC_GDP,1.5,,2026-07-21T11:00:00+0200
FR,France,1996,D41PAY,"Interest, expenditure",MIO_EUR,45535.5,,2026-07-21T11:00:00+0200
FR,France,1996,D41PAY,"Interest, expenditure",PC_GDP,3.6,,2026-07-21T11:00:00+0200
FR,France,1996,D5REC,"Current taxes on income, wealth, etc., revenue",MIO_EUR,108196.2,,2026-07-21T11:00:00+0200
FR,France,1996,D5REC,"Current taxes on income, wealth, etc., revenue",PC_GDP,8.6,,2026-07-21T11:00:00+0200
FR,France,1996,D61REC,"Net social contributions, revenue",MIO_EUR,253535.5,,2026-07-21T11:00:00+0200
FR,France,1996,D61REC,"Net social contributions, revenue",PC_GDP,20.1,,2026-07-21T11:00:00+0200
FR,France,1996,D62PAY,"Social benefits other than social transfers in kind, expenditure",MIO_EUR,224349.6,,2026-07-21T11:00:00+0200
FR,France,1996,D62PAY,"Social benefits other than social transfers in kind, expenditure",PC_GDP,17.8,,2026-07-21T11:00:00+0200
FR,France,1996,D632PAY,"Social transfers in kind, purchased market production, expenditure",MIO_EUR,60500.8,,2026-07-21T11:00:00+0200
FR,France,1996,D632PAY,"Social transfers in kind, purchased market production, expenditure",PC_GDP,4.8,,2026-07-21T11:00:00+0200
FR,France,1996,D91REC,"Capital taxes, revenue",MIO_EUR,4891.6,,2026-07-21T11:00:00+0200
FR,France,1996,D91REC,"Capital taxes, revenue",PC_GDP,0.4,,2026-07-21T11:00:00+0200
FR,France,1996,D995REC,Capital transfers from general government to relevant sectors representing taxes and social contributions assessed but unlikely to be collected,MIO_EUR,2802.5,,2026-07-21T11:00:00+0200
FR,France,1996,D995REC,Capital transfers from general government to relevant sectors representing taxes and social contributions assessed but unlikely to be collected,PC_GDP,0.2,,2026-07-21T11:00:00+0200
FR,France,1996,P2,Intermediate consumption,MIO_EUR,71689,,2026-07-21T11:00:00+0200
FR,France,1996,P2,Intermediate consumption,PC_GDP,5.7,,2026-07-21T11:00:00+0200
FR,France,1996,P51G,Gross fixed capital formation,MIO_EUR,57601.6,,2026-07-21T11:00:00+0200
FR,France,1996,P51G,Gross fixed capital formation,PC_GDP,4.6,,2026-07-21T11:00:00+0200
FR,France,1996,TE,Total general government expenditure,MIO_EUR,705685.4,,2026-07-21T11:00:00+0200
FR,France,1996,TE,Total general government expenditure,PC_GDP,56,,2026-07-21T11:00:00+0200
FR,France,1996,TR,Total general government revenue,MIO_EUR,656603.3,,2026-07-21T11:00:00+0200
FR,France,1996,TR,Total general government revenue,PC_GDP,52.1,,2026-07-21T11:00:00+0200
FR,France,1997,B9,Net lending (+)/net borrowing (-),MIO_EUR,-47481.5,,2026-07-21T11:00:00+0200
FR,France,1997,B9,Net lending (+)/net borrowing (-),PC_GDP,-3.7,,2026-07-21T11:00:00+0200
FR,France,1997,D1PAY,"Compensation of employees, expenditure",MIO_EUR,173184.7,,2026-07-21T11:00:00+0200
FR,France,1997,D1PAY,"Compensation of employees, expenditure",PC_GDP,13.5,,2026-07-21T11:00:00+0200
FR,France,1997,D2REC,"Taxes on production and imports, revenue",MIO_EUR,208371.5,,2026-07-21T11:00:00+0200
FR,France,1997,D2REC,"Taxes on production and imports, revenue",PC_GDP,16.3,,2026-07-21T11:00:00+0200
FR,France,1997,D3PAY,"Subsidies, expenditure",MIO_EUR,18463,,2026-07-21T11:00:00+0200
FR,France,1997,D3PAY,"Subsidies, expenditure",PC_GDP,1.4,,2026-07-21T11:00:00+0200
FR,France,1997,D41PAY,"Interest, expenditure",MIO_EUR,45429,,2026-07-21T11:00:00+0200
FR,France,1997,D41PAY,"Interest, expenditure",PC_GDP,3.6,,2026-07-21T11:00:00+0200
FR,France,1997,D5REC,"Current taxes on income, wealth, etc., revenue",MIO_EUR,116778.4,,2026-07-21T11:00:00+0200
FR,France,1997,D5REC,"Current taxes on income, wealth, etc., revenue",PC_GDP,9.1,,2026-07-21T11:00:00+0200
FR,France,1997,D61REC,"Net social contributions, revenue",MIO_EUR,251202.9,,2026-07-21T11:00:00+0200
FR,France,1997,D61REC,"Net social contributions, revenue",PC_GDP,19.6,,2026-07-21T11:00:00+0200
FR,France,1997,D62PAY,"Social benefits other than social transfers in kind, expenditure",MIO_EUR,228450.8,,2026-07-21T11:00:00+0200
FR,France,1997,D62PAY,"Social benefits other than social transfers in kind, expenditure",PC_GDP,17.9,,2026-07-21T11:00:00+0200
FR,France,1997,D632PAY,"Social transfers in kind, purchased market production, expenditure",MIO_EUR,61862,,2026-07-21T11:00:00+0200
FR,France,1997,D632PAY,"Social transfers in kind, purchased market production, expenditure",PC_GDP,4.8,,2026-07-21T11:00:00+0200
FR,France,1997,D91REC,"Capital taxes, revenue",MIO_EUR,6045.1,,2026-07-21T11:00:00+0200
FR,France,1997,D91REC,"Capital taxes, revenue",PC_GDP,0.5,,2026-07-21T11:00:00+0200
FR,France,1997,D995REC,Capital transfers from general government to relevant sectors representing taxes and social contributions assessed but unlikely to be collected,MIO_EUR,2736.8,,2026-07-21T11:00:00+0200
FR,France,1997,D995REC,Capital transfers from general government to relevant sectors representing taxes and social contributions assessed but unlikely to be collected,PC_GDP,0.2,,2026-07-21T11:00:00+0200
FR,France,1997,P2,Intermediate consumption,MIO_EUR,73340.1,,2026-07-21T11:00:00+0200
FR,France,1997,P2,Intermediate consumption,PC_GDP,5.7,,2026-07-21T11:00:00+0200
FR,France,1997,P51G,Gross fixed capital formation,MIO_EUR,53678.8,,2026-07-21T11:00:00+0200
FR,France,1997,P51G,Gross fixed capital formation,PC_GDP,4.2,,2026-07-21T11:00:00+0200
FR,France,1997,TE,Total general government expenditure,MIO_EUR,710899.7,,2026-07-21T11:00:00+0200
FR,France,1997,TE,Total general government expenditure,PC_GDP,55.6,,2026-07-21T11:00:00+0200
FR,France,1997,TR,Total general government revenue,MIO_EUR,663418.3,,2026-07-21T11:00:00+0200
FR,France,1997,TR,Total general government revenue,PC_GDP,51.9,,2026-07-21T11:00:00+0200
FR,France,1998,B9,Net lending (+)/net borrowing (-),MIO_EUR,-31990.6,,2026-07-21T11:00:00+0200
FR,France,1998,B9,Net lending (+)/net borrowing (-),PC_GDP,-2.4,,2026-07-21T11:00:00+0200
FR,France,1998,D1PAY,"Compensation of employees, expenditure",MIO_EUR,178201.7,,2026-07-21T11:00:00+0200
FR,France,1998,D1PAY,"Compensation of employees, expenditure",PC_GDP,13.3,,2026-07-21T11:00:00+0200
FR,France,1998,D2REC,"Taxes on production and imports, revenue",MIO_EUR,216594.1,,2026-07-21T11:00:00+0200
FR,France,1998,D2REC,"Taxes on production and imports, revenue",PC_GDP,16.2,,2026-07-21T11:00:00+0200
FR,France,1998,D3PAY,"Subsidies, expenditure",MIO_EUR,18977.6,,2026-07-21T11:00:00+0200
FR,France,1998,D3PAY,"Subsidies, expenditure",PC_GDP,1.4,,2026-07-21T11:00:00+0200
FR,France,1998,D41PAY,"Interest, expenditure",MIO_EUR,45296.9,,2026-07-21T11:00:00+0200
FR,France,1998,D41PAY,"Interest, expenditure",PC_GDP,3.4,,2026-07-21T11:00:00+0200
FR,France,1998,D5REC,"Current taxes on income, wealth, etc., revenue",MIO_EUR,150697.2,,2026-07-21T11:00:00+0200
FR,France,1998,D5REC,"Current taxes on income, wealth, etc., revenue",PC_GDP,11.3,,2026-07-21T11:00:00+0200
FR,France,1998,D61REC,"Net social contributions, revenue",MIO_EUR,235271.1,,2026-07-21T11:00:00+0200
FR,France,1998,D61REC,"Net social contributions, revenue",PC_GDP,17.6,,2026-07-21T11:00:00+0200
FR,France,1998,D62PAY,"Social benefits other than social transfers in kind, expenditure",MIO_EUR,234112.9,,2026-07-21T11:00:00+0200
FR,France,1998,D62PAY,"Social benefits other than social transfers in kind, expenditure",PC_GDP,17.5,,2026-07-21T11:00:00+0200
FR,France,1998,D632PAY,"Social transfers in kind, purchased market production, expenditure",MIO_EUR,64592.7,,2026-07-21T11:00:00+0200
FR,France,1998,D632PAY,"Social transfers in kind, purchased market production, expenditure",PC_GDP,4.8,,2026-07-21T11:00:00+0200
FR,France,1998,D91REC,"Capital taxes, revenue",MIO_EUR,5558.5,,2026-07-21T11:00:00+0200
FR,France,1998,D91REC,"Capital taxes, revenue",PC_GDP,0.4,,2026-07-21T11:00:00+0200
FR,France,1998,D995REC,Capital transfers from general government to relevant sectors representing taxes and social contributions assessed but unlikely to be collected,MIO_EUR,2880.2,,2026-07-21T11:00:00+0200
FR,France,1998,D995REC,Capital transfers from general government to relevant sectors representing taxes and social contributions assessed but unlikely to be collected,PC_GDP,0.2,,2026-07-21T11:00:00+0200
FR,France,1998,P2,Intermediate consumption,MIO_EUR,68714.7,,2026-07-21T11:00:00+0200
FR,France,1998,P2,Intermediate consumption,PC_GDP,5.1,,2026-07-21T11:00:00+0200
FR,France,1998,P51G,Gross fixed capital formation,MIO_EUR,54305.2,,2026-07-21T11:00:00+0200
FR,France,1998,P51G,Gross fixed capital formation,PC_GDP,4.1,,2026-07-21T11:00:00+0200
FR,France,1998,TE,Total general government expenditure,MIO_EUR,722109.8,,2026-07-21T11:00:00+0200
FR,France,1998,TE,Total general government expenditure,PC_GDP,54,,2026-07-21T11:00:00+0200
FR,France,1998,TR,Total general government revenue,MIO_EUR,690119.1,,2026-07-21T11:00:00+0200
FR,France,1998,TR,Total general government revenue,PC_GDP,51.6,,2026-07-21T11:00:00+0200
FR,France,1999,B9,Net lending (+)/net borrowing (-),MIO_EUR,-21544.3,,2026-07-21T11:00:00+0200
FR,France,1999,B9,Net lending (+)/net borrowing (-),PC_GDP,-1.5,,2026-07-21T11:00:00+0200
FR,France,1999,D1PAY,"Compensation of employees, expenditure",MIO_EUR,186144.9,,2026-07-21T11:00:00+0200
FR,France,1999,D1PAY,"Compensation of employees, expenditure",PC_GDP,13.3,,2026-07-21T11:00:00+0200
FR,France,1999,D2REC,"Taxes on production and imports, revenue",MIO_EUR,225153.1,,2026-07-21T11:00:00+0200
FR,France,1999,D2REC,"Taxes on production and imports, revenue",PC_GDP,16.1,,2026-07-21T11:00:00+0200
FR,France,1999,D3PAY,"Subsidies, expenditure",MIO_EUR,19937.2,,2026-07-21T11:00:00+0200
FR,France,1999,D3PAY,"Subsidies, expenditure",PC_GDP,1.4,,2026-07-21T11:00:00+0200
FR,France,1999,D41PAY,"Interest, expenditure",MIO_EUR,42943.3,,2026-07-21T11:00:00+0200
FR,France,1999,D41PAY,"Interest, expenditure",PC_GDP,3.1,,2026-07-21T11:00:00+0200
FR,France,1999,D5REC,"Current taxes on income, wealth, etc., revenue",MIO_EUR,164811.9,,2026-07-21T11:00:00+0200
FR,France,1999,D5REC,"Current taxes on income, wealth, etc., revenue",PC_GDP,11.8,,2026-07-21T11:00:00+0200
FR,France,1999,D61REC,"Net social contributions, revenue",MIO_EUR,247809.9,,2026-07-21T11:00:00+0200
FR,France,1999,D61REC,"Net social contributions, revenue",PC_GDP,17.8,,2026-07-21T11:00:00+0200
FR,France,1999,D62PAY,"Social benefits other than social transfers in kind, expenditure",MIO_EUR,242066.1,,2026-07-21T11:00:00+0200
FR,France,1999,D62PAY,"Social benefits other than social transfers in kind, expenditure",PC_GDP,17.4,,2026-07-21T11:00:00+0200
FR,France,1999,D632PAY,"Social transfers in kind, purchased market production, expenditure",MIO_EUR,68151.8,,2026-07-21T11:00:00+0200
FR,France,1999,D632PAY,"Social transfers in kind, purchased market production, expenditure",PC_GDP,4.9,,2026-07-21T11:00:00+0200
FR,France,1999,D91REC,"Capital taxes, revenue",MIO_EUR,6563,,2026-07-21T11:00:00+0200
FR,France,1999,D91REC,"Capital taxes, revenue",PC_GDP,0.5,,2026-07-21T11:00:00+0200
FR,France,1999,D995REC,Capital transfers from general government to relevant sectors representing taxes and social contributions assessed but unlikely to be collected,MIO_EUR,3118.1,,2026-07-21T11:00:00+0200
FR,France,1999,D995REC,Capital transfers from general government to relevant sectors representing taxes and social contributions assessed but unlikely to be collected,PC_GDP,0.2,,2026-07-21T11:00:00+0200
FR,France,1999,P2,Intermediate consumption,MIO_EUR,70950.1,,2026-07-21T11:00:00+0200
FR,France,1999,P2,Intermediate consumption,PC_GDP,5.1,,2026-07-21T11:00:00+0200
FR,France,1999,P51G,Gross fixed capital formation,MIO_EUR,57567.2,,2026-07-21T11:00:00+0200
FR,France,1999,P51G,Gross fixed capital formation,PC_GDP,4.1,,2026-07-21T11:00:00+0200
FR,France,1999,TE,Total general government expenditure,MIO_EUR,748589,,2026-07-21T11:00:00+0200
FR,France,1999,TE,Total general government expenditure,PC_GDP,53.7,,2026-07-21T11:00:00+0200
FR,France,1999,TR,Total general government revenue,MIO_EUR,727044.7,,2026-07-21T11:00:00+0200
FR,France,1999,TR,Total general government revenue,PC_GDP,52.1,,2026-07-21T11:00:00+0200
FR,France,2000,B9,Net lending (+)/net borrowing (-),MIO_EUR,-19342.2,,2026-07-21T11:00:00+0200
FR,France,2000,B9,Net lending (+)/net borrowing (-),PC_GDP,-1.3,,2026-07-21T11:00:00+0200
FR,France,2000,D1PAY,"Compensation of employees, expenditure",MIO_EUR,194022.8,,2026-07-21T11:00:00+0200
FR,France,2000,D1PAY,"Compensation of employees, expenditure",PC_GDP,13.2,,2026-07-21T11:00:00+0200
FR,France,2000,D2REC,"Taxes on production and imports, revenue",MIO_EUR,228692.1,,2026-07-21T11:00:00+0200
FR,France,2000,D2REC,"Taxes on production and imports, revenue",PC_GDP,15.5,,2026-07-21T11:00:00+0200
FR,France,2000,D3PAY,"Subsidies, expenditure",MIO_EUR,19764.8,,2026-07-21T11:00:00+0200
FR,France,2000,D3PAY,"Subsidies, expenditure",PC_GDP,1.3,,2026-07-21T11:00:00+0200
FR,France,2000,D41PAY,"Interest, expenditure",MIO_EUR,43605.9,,2026-07-21T11:00:00+0200
FR,France,2000,D41PAY,"Interest, expenditure",PC_GDP,3,,2026-07-21T11:00:00+0200
FR,France,2000,D5REC,"Current taxes on income, wealth, etc., revenue",MIO_EUR,174235,,2026-07-21T11:00:00+0200
FR,France,2000,D5REC,"Current taxes on income, wealth, etc., revenue",PC_GDP,11.8,,2026-07-21T11:00:00+0200
FR,France,2000,D61REC,"Net social contributions, revenue",MIO_EUR,257748.4,,2026-07-21T11:00:00+0200
FR,France,2000,D61REC,"Net social contributions, revenue",PC_GDP,17.5,,2026-07-21T11:00:00+0200
FR,France,2000,D62PAY,"Social benefits other than social transfers in kind, expenditure",MIO_EUR,247651.8,,2026-07-21T11:00:00+0200
FR,France,2000,D62PAY,"Social benefits other than social transfers in kind, expenditure",PC_GDP,16.8,,2026-07-21T11:00:00+0200
FR,France,2000,D632PAY,"Social transfers in kind, purchased market production, expenditure",MIO_EUR,71525.9,,2026-07-21T11:00:00+0200
FR,France,2000,D632PAY,"Social transfers in kind, purchased market production, expenditure",PC_GDP,4.9,,2026-07-21T11:00:00+0200
FR,France,2000,D91REC,"Capital taxes, revenue",MIO_EUR,6907,,2026-07-21T11:00:00+0200
FR,France,2000,D91REC,"Capital taxes, revenue",PC_GDP,0.5,,2026-07-21T11:00:00+0200
FR,France,2000,D995REC,Capital transfers from general government to relevant sectors representing taxes and social contributions assessed but unlikely to be collected,MIO_EUR,3204.6,,2026-07-21T11:00:00+0200
FR,France,2000,D995REC,Capital transfers from general government to relevant sectors representing taxes and social contributions assessed but unlikely to be collected,PC_GDP,0.2,,2026-07-21T11:00:00+0200
FR,France,2000,P2,Intermediate consumption,MIO_EUR,75842.5,,2026-07-21T11:00:00+0200
FR,France,2000,P2,Intermediate consumption,PC_GDP,5.1,,2026-07-21T11:00:00+0200
FR,France,2000,P51G,Gross fixed capital formation,MIO_EUR,63078.3,,2026-07-21T11:00:00+0200
FR,France,2000,P51G,Gross fixed capital formation,PC_GDP,4.3,,2026-07-21T11:00:00+0200
FR,France,2000,TE,Total general government expenditure,MIO_EUR,775348.7,,2026-07-21T11:00:00+0200
FR,France,2000,TE,Total general government expenditure,PC_GDP,52.6,,2026-07-21T11:00:00+0200
FR,France,2000,TR,Total general government revenue,MIO_EUR,756006.5,,2026-07-21T11:00:00+0200
FR,France,2000,TR,Total general government revenue,PC_GDP,51.3,,2026-07-21T11:00:00+0200
FR,France,2001,B9,Net lending (+)/net borrowing (-),MIO_EUR,-21686.6,,2026-07-21T11:00:00+0200
FR,France,2001,B9,Net lending (+)/net borrowing (-),PC_GDP,-1.4,,2026-07-21T11:00:00+0200
FR,France,2001,D1PAY,"Compensation of employees, expenditure",MIO_EUR,200052.2,,2026-07-21T11:00:00+0200
FR,France,2001,D1PAY,"Compensation of employees, expenditure",PC_GDP,13.1,,2026-07-21T11:00:00+0200
FR,France,2001,D2REC,"Taxes on production and imports, revenue",MIO_EUR,231405.8,,2026-07-21T11:00:00+0200
FR,France,2001,D2REC,"Taxes on production and imports, revenue",PC_GDP,15.1,,2026-07-21T11:00:00+0200
FR,France,2001,D3PAY,"Subsidies, expenditure",MIO_EUR,21984.4,,2026-07-21T11:00:00+0200
FR,France,2001,D3PAY,"Subsidies, expenditure",PC_GDP,1.4,,2026-07-21T11:00:00+0200
FR,France,2001,D41PAY,"Interest, expenditure",MIO_EUR,46706.4,,2026-07-21T11:00:00+0200
FR,France,2001,D41PAY,"Interest, expenditure",PC_GDP,3.1,,2026-07-21T11:00:00+0200
FR,France,2001,D5REC,"Current taxes on income, wealth, etc., revenue",MIO_EUR,185318.6,,2026-07-21T11:00:00+0200
FR,France,2001,D5REC,"Current taxes on income, wealth, etc., revenue",PC_GDP,12.1,,2026-07-21T11:00:00+0200
FR,France,2001,D61REC,"Net social contributions, revenue",MIO_EUR,267826,,2026-07-21T11:00:00+0200
FR,France,2001,D61REC,"Net social contributions, revenue",PC_GDP,17.5,,2026-07-21T11:00:00+0200
FR,France,2001,D62PAY,"Social benefits other than social transfers in kind, expenditure",MIO_EUR,258920.7,,2026-07-21T11:00:00+0200
FR,France,2001,D62PAY,"Social benefits other than social transfers in kind, expenditure",PC_GDP,16.9,,2026-07-21T11:00:00+0200
FR,France,2001,D632PAY,"Social transfers in kind, purchased market production, expenditure",MIO_EUR,75946.4,,2026-07-21T11:00:00+0200
FR,France,2001,D632PAY,"Social transfers in kind, purchased market production, expenditure",PC_GDP,5,,2026-07-21T11:00:00+0200
FR,France,2001,D91REC,"Capital taxes, revenue",MIO_EUR,7314,,2026-07-21T11:00:00+0200
FR,France,2001,D91REC,"Capital taxes, revenue",PC_GDP,0.5,,2026-07-21T11:00:00+0200
FR,France,2001,D995REC,Capital transfers from general government to relevant sectors representing taxes and social contributions assessed but unlikely to be collected,MIO_EUR,3322.1,,2026-07-21T11:00:00+0200
FR,France,2001,D995REC,Capital transfers from general government to relevant sectors representing taxes and social contributions assessed but unlikely to be collected,PC_GDP,0.2,,2026-07-21T11:00:00+0200
FR,France,2001,P2,Intermediate consumption,MIO_EUR,75891.6,,2026-07-21T11:00:00+0200
FR,France,2001,P2,Intermediate consumption,PC_GDP,5,,2026-07-21T11:00:00+0200
FR,France,2001,P51G,Gross fixed capital formation,MIO_EUR,64216.2,,2026-07-21T11:00:00+0200
FR,France,2001,P51G,Gross fixed capital formation,PC_GDP,4.2,,2026-07-21T11:00:00+0200
FR,France,2001,TE,Total general government expenditure,MIO_EUR,808225.6,,2026-07-21T11:00:00+0200
FR,France,2001,TE,Total general government expenditure,PC_GDP,52.8,,2026-07-21T11:00:00+0200
FR,France,2001,TR,Total general government revenue,MIO_EUR,786539,,2026-07-21T11:00:00+0200
FR,France,2001,TR,Total general government revenue,PC_GDP,51.4,,2026-07-21T11:00:00+0200
FR,France,2002,B9,Net lending (+)/net borrowing (-),MIO_EUR,-50120.9,,2026-07-21T11:00:00+0200
FR,France,2002,B9,Net lending (+)/net borrowing (-),PC_GDP,-3.2,,2026-07-21T11:00:00+0200
FR,France,2002,D1PAY,"Compensation of employees, expenditure",MIO_EUR,209169.6,,2026-07-21T11:00:00+0200
FR,France,2002,D1PAY,"Compensation of employees, expenditure",PC_GDP,13.3,,2026-07-21T11:00:00+0200
FR,France,2002,D2REC,"Taxes on production and imports, revenue",MIO_EUR,239331.1,,2026-07-21T11:00:00+0200
FR,France,2002,D2REC,"Taxes on production and imports, revenue",PC_GDP,15.2,,2026-07-21T11:00:00+0200
FR,France,2002,D3PAY,"Subsidies, expenditure",MIO_EUR,25182.3,,2026-07-21T11:00:00+0200
FR,France,2002,D3PAY,"Subsidies, expenditure",PC_GDP,1.6,,2026-07-21T11:00:00+0200
FR,France,2002,D41PAY,"Interest, expenditure",MIO_EUR,47793.5,,2026-07-21T11:00:00+0200
FR,France,2002,D41PAY,"Interest, expenditure",PC_GDP,3,,2026-07-21T11:00:00+0200
FR,France,2002,D5REC,"Current taxes on income, wealth, etc., revenue",MIO_EUR,178105.5,,2026-07-21T11:00:00+0200
FR,France,2002,D5REC,"Current taxes on income, wealth, etc., revenue",PC_GDP,11.3,,2026-07-21T11:00:00+0200
FR,France,2002,D61REC,"Net social contributions, revenue",MIO_EUR,278112.7,,2026-07-21T11:00:00+0200
FR,France,2002,D61REC,"Net social contributions, revenue",PC_GDP,17.6,,2026-07-21T11:00:00+0200
FR,France,2002,D62PAY,"Social benefits other than social transfers in kind, expenditure",MIO_EUR,271758.1,,2026-07-21T11:00:00+0200
FR,France,2002,D62PAY,"Social benefits other than social transfers in kind, expenditure",PC_GDP,17.2,,2026-07-21T11:00:00+0200
FR,France,2002,D632PAY,"Social transfers in kind, purchased market production, expenditure",MIO_EUR,82036.4,,2026-07-21T11:00:00+0200
FR,France,2002,D632PAY,"Social transfers in kind, purchased market production, expenditure",PC_GDP,5.2,,2026-07-21T11:00:00+0200
FR,France,2002,D91REC,"Capital taxes, revenue",MIO_EUR,7152,,2026-07-21T11:00:00+0200
FR,France,2002,D91REC,"Capital taxes, revenue",PC_GDP,0.5,,2026-07-21T11:00:00+0200
FR,France,2002,D995REC,Capital transfers from general government to relevant sectors representing taxes and social contributions assessed but unlikely to be collected,MIO_EUR,3241.8,,2026-07-21T11:00:00+0200
FR,France,2002,D995REC,Capital transfers from general government to relevant sectors representing taxes and social contributions assessed but unlikely to be collected,PC_GDP,0.2,,2026-07-21T11:00:00+0200
FR,France,2002,P2,Intermediate consumption,MIO_EUR,81426.7,,2026-07-21T11:00:00+0200
FR,France,2002,P2,Intermediate consumption,PC_GDP,5.2,,2026-07-21T11:00:00+0200
FR,France,2002,P51G,Gross fixed capital formation,MIO_EUR,64688,,2026-07-21T11:00:00+0200
FR,France,2002,P51G,Gross fixed capital formation,PC_GDP,4.1,,2026-07-21T11:00:00+0200
FR,France,2002,TE,Total general government expenditure,MIO_EUR,851107.4,,2026-07-21T11:00:00+0200
FR,France,2002,TE,Total general government expenditure,PC_GDP,53.9,,2026-07-21T11:00:00+0200
FR,France,2002,TR,Total general government revenue,MIO_EUR,800986.5,,2026-07-21T11:00:00+0200
FR,France,2002,TR,Total general government revenue,PC_GDP,50.7,,2026-07-21T11:00:00+0200
FR,France,2003,B9,Net lending (+)/net borrowing (-),MIO_EUR,-66317,,2026-07-21T11:00:00+0200
FR,France,2003,B9,Net lending (+)/net borrowing (-),PC_GDP,-4.1,,2026-07-21T11:00:00+0200
FR,France,2003,D1PAY,"Compensation of employees, expenditure",MIO_EUR,216534,,2026-07-21T11:00:00+0200
FR,France,2003,D1PAY,"Compensation of employees, expenditure",PC_GDP,13.3,,2026-07-21T11:00:00+0200
FR,France,2003,D2REC,"Taxes on production and imports, revenue",MIO_EUR,244883.1,,2026-07-21T11:00:00+0200
FR,France,2003,D2REC,"Taxes on production and imports, revenue",PC_GDP,15.1,,2026-07-21T11:00:00+0200
FR,France,2003,D3PAY,"Subsidies, expenditure",MIO_EUR,25000.5,,2026-07-21T11:00:00+0200
FR,France,2003,D3PAY,"Subsidies, expenditure",PC_GDP,1.5,,2026-07-21T11:00:00+0200
FR,France,2003,D41PAY,"Interest, expenditure",MIO_EUR,46658.1,,2026-07-21T11:00:00+0200
FR,France,2003,D41PAY,"Interest, expenditure",PC_GDP,2.9,,2026-07-21T11:00:00+0200
FR,France,2003,D5REC,"Current taxes on income, wealth, etc., revenue",MIO_EUR,177645.5,,2026-07-21T11:00:00+0200
FR,France,2003,D5REC,"Current taxes on income, wealth, etc., revenue",PC_GDP,11,,2026-07-21T11:00:00+0200
FR,France,2003,D61REC,"Net social contributions, revenue",MIO_EUR,290185.5,,2026-07-21T11:00:00+0200
FR,France,2003,D61REC,"Net social contributions, revenue",PC_GDP,17.9,,2026-07-21T11:00:00+0200
FR,France,2003,D62PAY,"Social benefits other than social transfers in kind, expenditure",MIO_EUR,282799.8,,2026-07-21T11:00:00+0200
FR,France,2003,D62PAY,"Social benefits other than social transfers in kind, expenditure",PC_GDP,17.4,,2026-07-21T11:00:00+0200
FR,France,2003,D632PAY,"Social transfers in kind, purchased market production, expenditure",MIO_EUR,88983.8,,2026-07-21T11:00:00+0200
FR,France,2003,D632PAY,"Social transfers in kind, purchased market production, expenditure",PC_GDP,5.5,,2026-07-21T11:00:00+0200
FR,France,2003,D91REC,"Capital taxes, revenue",MIO_EUR,7374,,2026-07-21T11:00:00+0200
FR,France,2003,D91REC,"Capital taxes, revenue",PC_GDP,0.5,,2026-07-21T11:00:00+0200
FR,France,2003,D995REC,Capital transfers from general government to relevant sectors representing taxes and social contributions assessed but unlikely to be collected,MIO_EUR,3281.4,,2026-07-21T11:00:00+0200
FR,France,2003,D995REC,Capital transfers from general government to relevant sectors representing taxes and social contributions assessed but unlikely to be collected,PC_GDP,0.2,,2026-07-21T11:00:00+0200
FR,France,2003,P2,Intermediate consumption,MIO_EUR,82143.8,,2026-07-21T11:00:00+0200
FR,France,2003,P2,Intermediate consumption,PC_GDP,5.1,,2026-07-21T11:00:00+0200
FR,France,2003,P51G,Gross fixed capital formation,MIO_EUR,69162.3,,2026-07-21T11:00:00+0200
FR,France,2003,P51G,Gross fixed capital formation,PC_GDP,4.3,,2026-07-21T11:00:00+0200
FR,France,2003,TE,Total general government expenditure,MIO_EUR,881785.6,,2026-07-21T11:00:00+0200
FR,France,2003,TE,Total general government expenditure,PC_GDP,54.4,,2026-07-21T11:00:00+0200
FR,France,2003,TR,Total general government revenue,MIO_EUR,815468.6,,2026-07-21T11:00:00+0200
FR,France,2003,TR,Total general government revenue,PC_GDP,50.3,,2026-07-21T11:00:00+0200
FR,France,2004,B9,Net lending (+)/net borrowing (-),MIO_EUR,-60299.8,,2026-07-21T11:00:00+0200
FR,France,2004,B9,Net lending (+)/net borrowing (-),PC_GDP,-3.6,,2026-07-21T11:00:00+0200
FR,France,2004,D1PAY,"Compensation of employees, expenditure",MIO_EUR,221353.9,,2026-07-21T11:00:00+0200
FR,France,2004,D1PAY,"Compensation of employees, expenditure",PC_GDP,13.1,,2026-07-21T11:00:00+0200
FR,France,2004,D2REC,"Taxes on production and imports, revenue",MIO_EUR,258891.9,,2026-07-21T11:00:00+0200
FR,France,2004,D2REC,"Taxes on production and imports, revenue",PC_GDP,15.3,,2026-07-21T11:00:00+0200
FR,France,2004,D3PAY,"Subsidies, expenditure",MIO_EUR,24295.9,,2026-07-21T11:00:00+0200
FR,France,2004,D3PAY,"Subsidies, expenditure",PC_GDP,1.4,,2026-07-21T11:00:00+0200
FR,France,2004,D41PAY,"Interest, expenditure",MIO_EUR,47510.6,,2026-07-21T11:00:00+0200
FR,France,2004,D41PAY,"Interest, expenditure",PC_GDP,2.8,,2026-07-21T11:00:00+0200
FR,France,2004,D5REC,"Current taxes on income, wealth, etc., revenue",MIO_EUR,187956.7,,2026-07-21T11:00:00+0200
FR,France,2004,D5REC,"Current taxes on income, wealth, etc., revenue",PC_GDP,11.1,,2026-07-21T11:00:00+0200
FR,France,2004,D61REC,"Net social contributions, revenue",MIO_EUR,299102,,2026-07-21T11:00:00+0200
FR,France,2004,D61REC,"Net social contributions, revenue",PC_GDP,17.6,,2026-07-21T11:00:00+0200
FR,France,2004,D62PAY,"Social benefits other than social transfers in kind, expenditure",MIO_EUR,295514,,2026-07-21T11:00:00+0200
FR,France,2004,D62PAY,"Social benefits other than social transfers in kind, expenditure",PC_GDP,17.4,,2026-07-21T11:00:00+0200
FR,France,2004,D632PAY,"Social transfers in kind, purchased market production, expenditure",MIO_EUR,94549.9,,2026-07-21T11:00:00+0200
FR,France,2004,D632PAY,"Social transfers in kind, purchased market production, expenditure",PC_GDP,5.6,,2026-07-21T11:00:00+0200
FR,France,2004,D91REC,"Capital taxes, revenue",MIO_EUR,8610,,2026-07-21T11:00:00+0200
FR,France,2004,D91REC,"Capital taxes, revenue",PC_GDP,0.5,,2026-07-21T11:00:00+0200
FR,France,2004,D995REC,Capital transfers from general government to relevant sectors representing taxes and social contributions assessed but unlikely to be collected,MIO_EUR,3413.7,,2026-07-21T11:00:00+0200
FR,France,2004,D995REC,Capital transfers from general government to relevant sectors representing taxes and social contributions assessed but unlikely to be collected,PC_GDP,0.2,,2026-07-21T11:00:00+0200
FR,France,2004,P2,Intermediate consumption,MIO_EUR,86776.6,,2026-07-21T11:00:00+0200
FR,France,2004,P2,Intermediate consumption,PC_GDP,5.1,,2026-07-21T11:00:00+0200
FR,France,2004,P51G,Gross fixed capital formation,MIO_EUR,73616.1,,2026-07-21T11:00:00+0200
FR,France,2004,P51G,Gross fixed capital formation,PC_GDP,4.3,,2026-07-21T11:00:00+0200
FR,France,2004,TE,Total general government expenditure,MIO_EUR,915906.4,,2026-07-21T11:00:00+0200
FR,France,2004,TE,Total general government expenditure,PC_GDP,54,,2026-07-21T11:00:00+0200
FR,France,2004,TR,Total general government revenue,MIO_EUR,855606.6,,2026-07-21T11:00:00+0200
FR,France,2004,TR,Total general government revenue,PC_GDP,50.4,,2026-07-21T11:00:00+0200
FR,France,2005,B9,Net lending (+)/net borrowing (-),MIO_EUR,-61801.4,,2026-07-21T11:00:00+0200
FR,France,2005,B9,Net lending (+)/net borrowing (-),PC_GDP,-3.5,,2026-07-21T11:00:00+0200
FR,France,2005,D1PAY,"Compensation of employees, expenditure",MIO_EUR,229824.1,,2026-07-21T11:00:00+0200
FR,France,2005,D1PAY,"Compensation of employees, expenditure",PC_GDP,13,,2026-07-21T11:00:00+0200
FR,France,2005,D2REC,"Taxes on production and imports, revenue",MIO_EUR,270940.5,,2026-07-21T11:00:00+0200
FR,France,2005,D2REC,"Taxes on production and imports, revenue",PC_GDP,15.4,,2026-07-21T11:00:00+0200
FR,France,2005,D3PAY,"Subsidies, expenditure",MIO_EUR,24117.8,,2026-07-21T11:00:00+0200
FR,France,2005,D3PAY,"Subsidies, expenditure",PC_GDP,1.4,,2026-07-21T11:00:00+0200
FR,France,2005,D41PAY,"Interest, expenditure",MIO_EUR,47845.1,,2026-07-21T11:00:00+0200
FR,France,2005,D41PAY,"Interest, expenditure",PC_GDP,2.7,,2026-07-21T11:00:00+0200
FR,France,2005,D5REC,"Current taxes on income, wealth, etc., revenue",MIO_EUR,198857.9,,2026-07-21T11:00:00+0200
FR,France,2005,D5REC,"Current taxes on income, wealth, etc., revenue",PC_GDP,11.3,,2026-07-21T11:00:00+0200
FR,France,2005,D61REC,"Net social contributions, revenue",MIO_EUR,310698.6,,2026-07-21T11:00:00+0200
FR,France,2005,D61REC,"Net social contributions, revenue",PC_GDP,17.6,,2026-07-21T11:00:00+0200
FR,France,2005,D62PAY,"Social benefits other than social transfers in kind, expenditure",MIO_EUR,308724.3,,2026-07-21T11:00:00+0200
FR,France,2005,D62PAY,"Social benefits other than social transfers in kind, expenditure",PC_GDP,17.5,,2026-07-21T11:00:00+0200
FR,France,2005,D632PAY,"Social transfers in kind, purchased market production, expenditure",MIO_EUR,98365.2,,2026-07-21T11:00:00+0200
FR,France,2005,D632PAY,"Social transfers in kind, purchased market production, expenditure",PC_GDP,5.6,,2026-07-21T11:00:00+0200
FR,France,2005,D91REC,"Capital taxes, revenue",MIO_EUR,9006,,2026-07-21T11:00:00+0200
FR,France,2005,D91REC,"Capital taxes, revenue",PC_GDP,0.5,,2026-07-21T11:00:00+0200
FR,France,2005,D995REC,Capital transfers from general government to relevant sectors representing taxes and social contributions assessed but unlikely to be collected,MIO_EUR,3697.7,,2026-07-21T11:00:00+0200
FR,France,2005,D995REC,Capital transfers from general government to relevant sectors representing taxes and social contributions assessed but unlikely to be collected,PC_GDP,0.2,,2026-07-21T11:00:00+0200
FR,France,2005,P2,Intermediate consumption,MIO_EUR,90454,,2026-07-21T11:00:00+0200
FR,France,2005,P2,Intermediate consumption,PC_GDP,5.1,,2026-07-21T11:00:00+0200
FR,France,2005,P51G,Gross fixed capital formation,MIO_EUR,78385,,2026-07-21T11:00:00+0200
FR,France,2005,P51G,Gross fixed capital formation,PC_GDP,4.4,,2026-07-21T11:00:00+0200
FR,France,2005,TE,Total general government expenditure,MIO_EUR,956142.5,,2026-07-21T11:00:00+0200
FR,France,2005,TE,Total general government expenditure,PC_GDP,54.3,,2026-07-21T11:00:00+0200
FR,France,2005,TR,Total general government revenue,MIO_EUR,894341.1,,2026-07-21T11:00:00+0200
FR,France,2005,TR,Total general government revenue,PC_GDP,50.8,,2026-07-21T11:00:00+0200
FR,France,2006,B9,Net lending (+)/net borrowing (-),MIO_EUR,-49062.6,,2026-07-21T11:00:00+0200
FR,France,2006,B9,Net lending (+)/net borrowing (-),PC_GDP,-2.7,,2026-07-21T11:00:00+0200
FR,France,2006,D1PAY,"Compensation of employees, expenditure",MIO_EUR,235441.8,,2026-07-21T11:00:00+0200
FR,France,2006,D1PAY,"Compensation of employees, expenditure",PC_GDP,12.8,,2026-07-21T11:00:00+0200
FR,France,2006,D2REC,"Taxes on production and imports, revenue",MIO_EUR,281529,,2026-07-21T11:00:00+0200
FR,France,2006,D2REC,"Taxes on production and imports, revenue",PC_GDP,15.3,,2026-07-21T11:00:00+0200
FR,France,2006,D3PAY,"Subsidies, expenditure",MIO_EUR,25294.3,,2026-07-21T11:00:00+0200
FR,France,2006,D3PAY,"Subsidies, expenditure",PC_GDP,1.4,,2026-07-21T11:00:00+0200
FR,France,2006,D41PAY,"Interest, expenditure",MIO_EUR,48060.1,,2026-07-21T11:00:00+0200
FR,France,2006,D41PAY,"Interest, expenditure",PC_GDP,2.6,,2026-07-21T11:00:00+0200
FR,France,2006,D5REC,"Current taxes on income, wealth, etc., revenue",MIO_EUR,217141.5,,2026-07-21T11:00:00+0200
FR,France,2006,D5REC,"Current taxes on income, wealth, etc., revenue",PC_GDP,11.8,,2026-07-21T11:00:00+0200
FR,France,2006,D61REC,"Net social contributions, revenue",MIO_EUR,327204.4,,2026-07-21T11:00:00+0200
FR,France,2006,D61REC,"Net social contributions, revenue",PC_GDP,17.7,,2026-07-21T11:00:00+0200
FR,France,2006,D62PAY,"Social benefits other than social transfers in kind, expenditure",MIO_EUR,323955.4,,2026-07-21T11:00:00+0200
FR,France,2006,D62PAY,"Social benefits other than social transfers in kind, expenditure",PC_GDP,17.5,,2026-07-21T11:00:00+0200
FR,France,2006,D632PAY,"Social transfers in kind, purchased market production, expenditure",MIO_EUR,102975.6,,2026-07-21T11:00:00+0200
FR,France,2006,D632PAY,"Social transfers in kind, purchased market production, expenditure",PC_GDP,5.6,,2026-07-21T11:00:00+0200
FR,France,2006,D91REC,"Capital taxes, revenue",MIO_EUR,8346,,2026-07-21T11:00:00+0200
FR,France,2006,D91REC,"Capital taxes, revenue",PC_GDP,0.5,,2026-07-21T11:00:00+0200
FR,France,2006,D995REC,Capital transfers from general government to relevant sectors representing taxes and social contributions assessed but unlikely to be collected,MIO_EUR,3697.9,,2026-07-21T11:00:00+0200
FR,France,2006,D995REC,Capital transfers from general government to relevant sectors representing taxes and social contributions assessed but unlikely to be collected,PC_GDP,0.2,,2026-07-21T11:00:00+0200
FR,France,2006,P2,Intermediate consumption,MIO_EUR,92857.1,,2026-07-21T11:00:00+0200
FR,France,2006,P2,Intermediate consumption,PC_GDP,5,,2026-07-21T11:00:00+0200
FR,France,2006,P51G,Gross fixed capital formation,MIO_EUR,80877.4,,2026-07-21T11:00:00+0200
FR,France,2006,P51G,Gross fixed capital formation,PC_GDP,4.4,,2026-07-21T11:00:00+0200
FR,France,2006,TE,Total general government expenditure,MIO_EUR,992240.8,,2026-07-21T11:00:00+0200
FR,France,2006,TE,Total general government expenditure,PC_GDP,53.8,,2026-07-21T11:00:00+0200
FR,France,2006,TR,Total general government revenue,MIO_EUR,943178.2,,2026-07-21T11:00:00+0200
FR,France,2006,TR,Total general government revenue,PC_GDP,51.1,,2026-07-21T11:00:00+0200
FR,France,2007,B9,Net lending (+)/net borrowing (-),MIO_EUR,-57935.7,,2026-07-21T11:00:00+0200
FR,France,2007,B9,Net lending (+)/net borrowing (-),PC_GDP,-3,,2026-07-21T11:00:00+0200
FR,France,2007,D1PAY,"Compensation of employees, expenditure",MIO_EUR,242883.8,,2026-07-21T11:00:00+0200
FR,France,2007,D1PAY,"Compensation of employees, expenditure",PC_GDP,12.5,,2026-07-21T11:00:00+0200
FR,France,2007,D2REC,"Taxes on production and imports, revenue",MIO_EUR,291869.9,,2026-07-21T11:00:00+0200
FR,France,2007,D2REC,"Taxes on production and imports, revenue",PC_GDP,15.1,,2026-07-21T11:00:00+0200
FR,France,2007,D3PAY,"Subsidies, expenditure",MIO_EUR,28471.8,,2026-07-21T11:00:00+0200
FR,France,2007,D3PAY,"Subsidies, expenditure",PC_GDP,1.5,,2026-07-21T11:00:00+0200
FR,France,2007,D41PAY,"Interest, expenditure",MIO_EUR,52095.2,,2026-07-21T11:00:00+0200
FR,France,2007,D41PAY,"Interest, expenditure",PC_GDP,2.7,,2026-07-21T11:00:00+0200
FR,France,2007,D5REC,"Current taxes on income, wealth, etc., revenue",MIO_EUR,226017.1,,2026-07-21T11:00:00+0200
FR,France,2007,D5REC,"Current taxes on income, wealth, etc., revenue",PC_GDP,11.7,,2026-07-21T11:00:00+0200
FR,France,2007,D61REC,"Net social contributions, revenue",MIO_EUR,339562.2,,2026-07-21T11:00:00+0200
FR,France,2007,D61REC,"Net social contributions, revenue",PC_GDP,17.5,,2026-07-21T11:00:00+0200
FR,France,2007,D62PAY,"Social benefits other than social transfers in kind, expenditure",MIO_EUR,338128.1,,2026-07-21T11:00:00+0200
FR,France,2007,D62PAY,"Social benefits other than social transfers in kind, expenditure",PC_GDP,17.4,,2026-07-21T11:00:00+0200
FR,France,2007,D632PAY,"Social transfers in kind, purchased market production, expenditure",MIO_EUR,108628,,2026-07-21T11:00:00+0200
FR,France,2007,D632PAY,"Social transfers in kind, purchased market production, expenditure",PC_GDP,5.6,,2026-07-21T11:00:00+0200
FR,France,2007,D91REC,"Capital taxes, revenue",MIO_EUR,8910,,2026-07-21T11:00:00+0200
FR,France,2007,D91REC,"Capital taxes, revenue",PC_GDP,0.5,,2026-07-21T11:00:00+0200
FR,France,2007,D995REC,Capital transfers from general government to relevant sectors representing taxes and social contributions assessed but unlikely to be collected,MIO_EUR,4675.3,,2026-07-21T11:00:00+0200
FR,France,2007,D995REC,Capital transfers from general government to relevant sectors representing taxes and social contributions assessed but unlikely to be collected,PC_GDP,0.2,,2026-07-21T11:00:00+0200
FR,France,2007,P2,Intermediate consumption,MIO_EUR,95007.4,,2026-07-21T11:00:00+0200
FR,France,2007,P2,Intermediate consumption,PC_GDP,4.9,,2026-07-21T11:00:00+0200
FR,France,2007,P51G,Gross fixed capital formation,MIO_EUR,84819.9,,2026-07-21T11:00:00+0200
FR,France,2007,P51G,Gross fixed capital formation,PC_GDP,4.4,,2026-07-21T11:00:00+0200
FR,France,2007,TE,Total general government expenditure,MIO_EUR,1039287.6,,2026-07-21T11:00:00+0200
FR,France,2007,TE,Total general government expenditure,PC_GDP,53.6,,2026-07-21T11:00:00+0200
FR,France,2007,TR,Total general government revenue,MIO_EUR,981351.9,,2026-07-21T11:00:00+0200
FR,France,2007,TR,Total general government revenue,PC_GDP,50.6,,2026-07-21T11:00:00+0200
FR,France,2008,B9,Net lending (+)/net borrowing (-),MIO_EUR,-69690.1,,2026-07-21T11:00:00+0200
FR,France,2008,B9,Net lending (+)/net borrowing (-),PC_GDP,-3.5,,2026-07-21T11:00:00+0200
FR,France,2008,D1PAY,"Compensation of employees, expenditure",MIO_EUR,249274,,2026-07-21T11:00:00+0200
FR,France,2008,D1PAY,"Compensation of employees, expenditure",PC_GDP,12.5,,2026-07-21T11:00:00+0200
FR,France,2008,D2REC,"Taxes on production and imports, revenue",MIO_EUR,295200,,2026-07-21T11:00:00+0200
FR,France,2008,D2REC,"Taxes on production and imports, revenue",PC_GDP,14.8,,2026-07-21T11:00:00+0200
FR,France,2008,D3PAY,"Subsidies, expenditure",MIO_EUR,29702.7,,2026-07-21T11:00:00+0200
FR,France,2008,D3PAY,"Subsidies, expenditure",PC_GDP,1.5,,2026-07-21T11:00:00+0200
FR,France,2008,D41PAY,"Interest, expenditure",MIO_EUR,57169.3,,2026-07-21T11:00:00+0200
FR,France,2008,D41PAY,"Interest, expenditure",PC_GDP,2.9,,2026-07-21T11:00:00+0200
FR,France,2008,D5REC,"Current taxes on income, wealth, etc., revenue",MIO_EUR,235552,,2026-07-21T11:00:00+0200
FR,France,2008,D5REC,"Current taxes on income, wealth, etc., revenue",PC_GDP,11.8,,2026-07-21T11:00:00+0200
FR,France,2008,D61REC,"Net social contributions, revenue",MIO_EUR,349010.7,,2026-07-21T11:00:00+0200
FR,France,2008,D61REC,"Net social contributions, revenue",PC_GDP,17.5,,2026-07-21T11:00:00+0200
FR,France,2008,D62PAY,"Social benefits other than social transfers in kind, expenditure",MIO_EUR,349719.2,,2026-07-21T11:00:00+0200
FR,France,2008,D62PAY,"Social benefits other than social transfers in kind, expenditure",PC_GDP,17.6,,2026-07-21T11:00:00+0200
FR,France,2008,D632PAY,"Social transfers in kind, purchased market production, expenditure",MIO_EUR,112567.1,,2026-07-21T11:00:00+0200
FR,France,2008,D632PAY,"Social transfers in kind, purchased market production, expenditure",PC_GDP,5.7,,2026-07-21T11:00:00+0200
FR,France,2008,D91REC,"Capital taxes, revenue",MIO_EUR,7894,,2026-07-21T11:00:00+0200
FR,France,2008,D91REC,"Capital taxes, revenue",PC_GDP,0.4,,2026-07-21T11:00:00+0200
FR,France,2008,D995REC,Capital transfers from general government to relevant sectors representing taxes and social contributions assessed but unlikely to be collected,MIO_EUR,4842.8,,2026-07-21T11:00:00+0200
FR,France,2008,D995REC,Capital transfers from general government to relevant sectors representing taxes and social contributions assessed but unlikely to be collected,PC_GDP,0.2,,2026-07-21T11:00:00+0200
FR,France,2008,P2,Intermediate consumption,MIO_EUR,97783.4,,2026-07-21T11:00:00+0200
FR,France,2008,P2,Intermediate consumption,PC_GDP,4.9,,2026-07-21T11:00:00+0200
FR,France,2008,P51G,Gross fixed capital formation,MIO_EUR,88409.2,,2026-07-21T11:00:00+0200
FR,France,2008,P51G,Gross fixed capital formation,PC_GDP,4.4,,2026-07-21T11:00:00+0200
FR,France,2008,TE,Total general government expenditure,MIO_EUR,1080220.5,,2026-07-21T11:00:00+0200
FR,France,2008,TE,Total general government expenditure,PC_GDP,54.3,,2026-07-21T11:00:00+0200
FR,France,2008,TR,Total general government revenue,MIO_EUR,1010530.4,,2026-07-21T11:00:00+0200
FR,France,2008,TR,Total general government revenue,PC_GDP,50.8,,2026-07-21T11:00:00+0200
FR,France,2009,B9,Net lending (+)/net borrowing (-),MIO_EUR,-142833.9,,2026-07-21T11:00:00+0200
FR,France,2009,B9,Net lending (+)/net borrowing (-),PC_GDP,-7.4,,2026-07-21T11:00:00+0200
FR,France,2009,D1PAY,"Compensation of employees, expenditure",MIO_EUR,257817.1,,2026-07-21T11:00:00+0200
FR,France,2009,D1PAY,"Compensation of employees, expenditure",PC_GDP,13.3,,2026-07-21T11:00:00+0200
FR,France,2009,D2REC,"Taxes on production and imports, revenue",MIO_EUR,290867.1,,2026-07-21T11:00:00+0200
FR,France,2009,D2REC,"Taxes on production and imports, revenue",PC_GDP,15,,2026-07-21T11:00:00+0200
FR,France,2009,D3PAY,"Subsidies, expenditure",MIO_EUR,33047.6,,2026-07-21T11:00:00+0200
FR,France,2009,D3PAY,"Subsidies, expenditure",PC_GDP,1.7,,2026-07-21T11:00:00+0200
FR,France,2009,D41PAY,"Interest, expenditure",MIO_EUR,49281.5,,2026-07-21T11:00:00+0200
FR,France,2009,D41PAY,"Interest, expenditure",PC_GDP,2.5,,2026-07-21T11:00:00+0200
FR,France,2009,D5REC,"Current taxes on income, wealth, etc., revenue",MIO_EUR,205223.4,,2026-07-21T11:00:00+0200
FR,France,2009,D5REC,"Current taxes on income, wealth, etc., revenue",PC_GDP,10.6,,2026-07-21T11:00:00+0200
FR,France,2009,D61REC,"Net social contributions, revenue",MIO_EUR,352606.7,,2026-07-21T11:00:00+0200
FR,France,2009,D61REC,"Net social contributions, revenue",PC_GDP,18.2,,2026-07-21T11:00:00+0200
FR,France,2009,D62PAY,"Social benefits other than social transfers in kind, expenditure",MIO_EUR,369634.3,,2026-07-21T11:00:00+0200
FR,France,2009,D62PAY,"Social benefits other than social transfers in kind, expenditure",PC_GDP,19.1,,2026-07-21T11:00:00+0200
FR,France,2009,D632PAY,"Social transfers in kind, purchased market production, expenditure",MIO_EUR,117050.9,,2026-07-21T11:00:00+0200
FR,France,2009,D632PAY,"Social transfers in kind, purchased market production, expenditure",PC_GDP,6,,2026-07-21T11:00:00+0200
FR,France,2009,D91REC,"Capital taxes, revenue",MIO_EUR,7462,,2026-07-21T11:00:00+0200
FR,France,2009,D91REC,"Capital taxes, revenue",PC_GDP,0.4,,2026-07-21T11:00:00+0200
FR,France,2009,D995REC,Capital transfers from general government to relevant sectors representing taxes and social contributions assessed but unlikely to be collected,MIO_EUR,4539.1,,2026-07-21T11:00:00+0200
FR,France,2009,D995REC,Capital transfers from general government to relevant sectors representing taxes and social contributions assessed but unlikely to be collected,PC_GDP,0.2,,2026-07-21T11:00:00+0200
FR,France,2009,P2,Intermediate consumption,MIO_EUR,103869.5,,2026-07-21T11:00:00+0200
FR,France,2009,P2,Intermediate consumption,PC_GDP,5.4,,2026-07-21T11:00:00+0200
FR,France,2009,P51G,Gross fixed capital formation,MIO_EUR,93430.2,,2026-07-21T11:00:00+0200
FR,France,2009,P51G,Gross fixed capital formation,PC_GDP,4.8,,2026-07-21T11:00:00+0200
FR,France,2009,TE,Total general government expenditure,MIO_EUR,1122607.3,,2026-07-21T11:00:00+0200
FR,France,2009,TE,Total general government expenditure,PC_GDP,58,,2026-07-21T11:00:00+0200
FR,France,2009,TR,Total general government revenue,MIO_EUR,979773.4,,2026-07-21T11:00:00+0200
FR,France,2009,TR,Total general government revenue,PC_GDP,50.6,,2026-07-21T11:00:00+0200
FR,France,2010,B9,Net lending (+)/net borrowing (-),MIO_EUR,-142760.5,,2026-07-21T11:00:00+0200
FR,France,2010,B9,Net lending (+)/net borrowing (-),PC_GDP,-7.2,,2026-07-21T11:00:00+0200
FR,France,2010,D1PAY,"Compensation of employees, expenditure",MIO_EUR,262535.5,,2026-07-21T11:00:00+0200
FR,France,2010,D1PAY,"Compensation of employees, expenditure",PC_GDP,13.2,,2026-07-21T11:00:00+0200
FR,France,2010,D2REC,"Taxes on production and imports, revenue",MIO_EUR,294785.1,,2026-07-21T11:00:00+0200
FR,France,2010,D2REC,"Taxes on production and imports, revenue",PC_GDP,14.8,,2026-07-21T11:00:00+0200
FR,France,2010,D3PAY,"Subsidies, expenditure",MIO_EUR,34832,,2026-07-21T11:00:00+0200
FR,France,2010,D3PAY,"Subsidies, expenditure",PC_GDP,1.7,,2026-07-21T11:00:00+0200
FR,France,2010,D41PAY,"Interest, expenditure",MIO_EUR,50707.9,,2026-07-21T11:00:00+0200
FR,France,2010,D41PAY,"Interest, expenditure",PC_GDP,2.5,,2026-07-21T11:00:00+0200
FR,France,2010,D5REC,"Current taxes on income, wealth, etc., revenue",MIO_EUR,222097.9,,2026-07-21T11:00:00+0200
FR,France,2010,D5REC,"Current taxes on income, wealth, etc., revenue",PC_GDP,11.1,,2026-07-21T11:00:00+0200
FR,France,2010,D61REC,"Net social contributions, revenue",MIO_EUR,360249,,2026-07-21T11:00:00+0200
FR,France,2010,D61REC,"Net social contributions, revenue",PC_GDP,18,,2026-07-21T11:00:00+0200
FR,France,2010,D62PAY,"Social benefits other than social transfers in kind, expenditure",MIO_EUR,381066.8,,2026-07-21T11:00:00+0200
FR,France,2010,D62PAY,"Social benefits other than social transfers in kind, expenditure",PC_GDP,19.1,,2026-07-21T11:00:00+0200
FR,France,2010,D632PAY,"Social transfers in kind, purchased market production, expenditure",MIO_EUR,120866.1,,2026-07-21T11:00:00+0200
FR,France,2010,D632PAY,"Social transfers in kind, purchased market production, expenditure",PC_GDP,6.1,,2026-07-21T11:00:00+0200
FR,France,2010,D91REC,"Capital taxes, revenue",MIO_EUR,7738,,2026-07-21T11:00:00+0200
FR,France,2010,D91REC,"Capital taxes, revenue",PC_GDP,0.4,,2026-07-21T11:00:00+0200
FR,France,2010,D995REC,Capital transfers from general government to relevant sectors representing taxes and social contributions assessed but unlikely to be collected,MIO_EUR,4775.9,,2026-07-21T11:00:00+0200
FR,France,2010,D995REC,Capital transfers from general government to relevant sectors representing taxes and social contributions assessed but unlikely to be collected,PC_GDP,0.2,,2026-07-21T11:00:00+0200
FR,France,2010,P2,Intermediate consumption,MIO_EUR,107406.3,,2026-07-21T11:00:00+0200
FR,France,2010,P2,Intermediate consumption,PC_GDP,5.4,,2026-07-21T11:00:00+0200
FR,France,2010,P51G,Gross fixed capital formation,MIO_EUR,95757.4,,2026-07-21T11:00:00+0200
FR,France,2010,P51G,Gross fixed capital formation,PC_GDP,4.8,,2026-07-21T11:00:00+0200
FR,France,2010,TE,Total general government expenditure,MIO_EUR,1151961.8,,2026-07-21T11:00:00+0200
FR,France,2010,TE,Total general government expenditure,PC_GDP,57.7,,2026-07-21T11:00:00+0200
FR,France,2010,TR,Total general government revenue,MIO_EUR,1009201.3,,2026-07-21T11:00:00+0200
FR,France,2010,TR,Total general government revenue,PC_GDP,50.6,,2026-07-21T11:00:00+0200
FR,France,2011,B9,Net lending (+)/net borrowing (-),MIO_EUR,-109385.5,,2026-07-21T11:00:00+0200
FR,France,2011,B9,Net lending (+)/net borrowing (-),PC_GDP,-5.3,,2026-07-21T11:00:00+0200
FR,France,2011,D1PAY,"Compensation of employees, expenditure",MIO_EUR,268478.4,,2026-07-21T11:00:00+0200
FR,France,2011,D1PAY,"Compensation of employees, expenditure",PC_GDP,13,,2026-07-21T11:00:00+0200
FR,France,2011,D2REC,"Taxes on production and imports, revenue",MIO_EUR,312121.1,,2026-07-21T11:00:00+0200
FR,France,2011,D2REC,"Taxes on production and imports, revenue",PC_GDP,15.1,,2026-07-21T11:00:00+0200
FR,France,2011,D3PAY,"Subsidies, expenditure",MIO_EUR,33352.9,,2026-07-21T11:00:00+0200
FR,France,2011,D3PAY,"Subsidies, expenditure",PC_GDP,1.6,,2026-07-21T11:00:00+0200
FR,France,2011,D41PAY,"Interest, expenditure",MIO_EUR,55995.7,,2026-07-21T11:00:00+0200
FR,France,2011,D41PAY,"Interest, expenditure",PC_GDP,2.7,,2026-07-21T11:00:00+0200
FR,France,2011,D5REC,"Current taxes on income, wealth, etc., revenue",MIO_EUR,239776.7,,2026-07-21T11:00:00+0200
FR,France,2011,D5REC,"Current taxes on income, wealth, etc., revenue",PC_GDP,11.6,,2026-07-21T11:00:00+0200
FR,France,2011,D61REC,"Net social contributions, revenue",MIO_EUR,374641.1,,2026-07-21T11:00:00+0200
FR,France,2011,D61REC,"Net social contributions, revenue",PC_GDP,18.2,,2026-07-21T11:00:00+0200
FR,France,2011,D62PAY,"Social benefits other than social transfers in kind, expenditure",MIO_EUR,392506.4,,2026-07-21T11:00:00+0200
FR,France,2011,D62PAY,"Social benefits other than social transfers in kind, expenditure",PC_GDP,19,,2026-07-21T11:00:00+0200
FR,France,2011,D632PAY,"Social transfers in kind, purchased market production, expenditure",MIO_EUR,123766,,2026-07-21T11:00:00+0200
FR,France,2011,D632PAY,"Social transfers in kind, purchased market production, expenditure",PC_GDP,6,,2026-07-21T11:00:00+0200
FR,France,2011,D91REC,"Capital taxes, revenue",MIO_EUR,10440.6,,2026-07-21T11:00:00+0200
FR,France,2011,D91REC,"Capital taxes, revenue",PC_GDP,0.5,,2026-07-21T11:00:00+0200
FR,France,2011,D995REC,Capital transfers from general government to relevant sectors representing taxes and social contributions assessed but unlikely to be collected,MIO_EUR,5056.1,,2026-07-21T11:00:00+0200
FR,France,2011,D995REC,Capital transfers from general government to relevant sectors representing taxes and social contributions assessed but unlikely to be collected,PC_GDP,0.2,,2026-07-21T11:00:00+0200
FR,France,2011,P2,Intermediate consumption,MIO_EUR,108819,,2026-07-21T11:00:00+0200
FR,France,2011,P2,Intermediate consumption,PC_GDP,5.3,,2026-07-21T11:00:00+0200
FR,France,2011,P51G,Gross fixed capital formation,MIO_EUR,92643.7,,2026-07-21T11:00:00+0200
FR,France,2011,P51G,Gross fixed capital formation,PC_GDP,4.5,,2026-07-21T11:00:00+0200
FR,France,2011,TE,Total general government expenditure,MIO_EUR,1175704.7,,2026-07-21T11:00:00+0200
FR,France,2011,TE,Total general government expenditure,PC_GDP,57,,2026-07-21T11:00:00+0200
FR,France,2011,TR,Total general government revenue,MIO_EUR,1066319.2,,2026-07-21T11:00:00+0200
FR,France,2011,TR,Total general government revenue,PC_GDP,51.7,,2026-07-21T11:00:00+0200
FR,France,2012,B9,Net lending (+)/net borrowing (-),MIO_EUR,-107987.2,,2026-07-21T11:00:00+0200
FR,France,2012,B9,Net lending (+)/net borrowing (-),PC_GDP,-5.2,,2026-07-21T11:00:00+0200
FR,France,2012,D1PAY,"Compensation of employees, expenditure",MIO_EUR,272609,,2026-07-21T11:00:00+0200
FR,France,2012,D1PAY,"Compensation of employees, expenditure",PC_GDP,13.1,,2026-07-21T11:00:00+0200
FR,France,2012,D2REC,"Taxes on production and imports, revenue",MIO_EUR,321263.1,,2026-07-21T11:00:00+0200
FR,France,2012,D2REC,"Taxes on production and imports, revenue",PC_GDP,15.4,,2026-07-21T11:00:00+0200
FR,France,2012,D3PAY,"Subsidies, expenditure",MIO_EUR,34805.8,,2026-07-21T11:00:00+0200
FR,France,2012,D3PAY,"Subsidies, expenditure",PC_GDP,1.7,,2026-07-21T11:00:00+0200
FR,France,2012,D41PAY,"Interest, expenditure",MIO_EUR,54940.8,,2026-07-21T11:00:00+0200
FR,France,2012,D41PAY,"Interest, expenditure",PC_GDP,2.6,,2026-07-21T11:00:00+0200
FR,France,2012,D5REC,"Current taxes on income, wealth, etc., revenue",MIO_EUR,258710.5,,2026-07-21T11:00:00+0200
FR,France,2012,D5REC,"Current taxes on income, wealth, etc., revenue",PC_GDP,12.4,,2026-07-21T11:00:00+0200
FR,France,2012,D61REC,"Net social contributions, revenue",MIO_EUR,385601.6,,2026-07-21T11:00:00+0200
FR,France,2012,D61REC,"Net social contributions, revenue",PC_GDP,18.5,,2026-07-21T11:00:00+0200
FR,France,2012,D62PAY,"Social benefits other than social transfers in kind, expenditure",MIO_EUR,406488.5,,2026-07-21T11:00:00+0200
FR,France,2012,D62PAY,"Social benefits other than social transfers in kind, expenditure",PC_GDP,19.5,,2026-07-21T11:00:00+0200
FR,France,2012,D632PAY,"Social transfers in kind, purchased market production, expenditure",MIO_EUR,127270.8,,2026-07-21T11:00:00+0200
FR,France,2012,D632PAY,"Social transfers in kind, purchased market production, expenditure",PC_GDP,6.1,,2026-07-21T11:00:00+0200
FR,France,2012,D91REC,"Capital taxes, revenue",MIO_EUR,9726,,2026-07-21T11:00:00+0200
FR,France,2012,D91REC,"Capital taxes, revenue",PC_GDP,0.5,,2026-07-21T11:00:00+0200
FR,France,2012,D995REC,Capital transfers from general government to relevant sectors representing taxes and social contributions assessed but unlikely to be collected,MIO_EUR,5314.1,,2026-07-21T11:00:00+0200
FR,France,2012,D995REC,Capital transfers from general government to relevant sectors representing taxes and social contributions assessed but unlikely to be collected,PC_GDP,0.3,,2026-07-21T11:00:00+0200
FR,France,2012,P2,Intermediate consumption,MIO_EUR,111816.2,,2026-07-21T11:00:00+0200
FR,France,2012,P2,Intermediate consumption,PC_GDP,5.4,,2026-07-21T11:00:00+0200
FR,France,2012,P51G,Gross fixed capital formation,MIO_EUR,95102.9,,2026-07-21T11:00:00+0200
FR,France,2012,P51G,Gross fixed capital formation,PC_GDP,4.6,,2026-07-21T11:00:00+0200
FR,France,2012,TE,Total general government expenditure,MIO_EUR,1208953.1,,2026-07-21T11:00:00+0200
FR,France,2012,TE,Total general government expenditure,PC_GDP,57.9,,2026-07-21T11:00:00+0200
FR,France,2012,TR,Total general government revenue,MIO_EUR,1100965.9,,2026-07-21T11:00:00+0200
FR,France,2012,TR,Total general government revenue,PC_GDP,52.7,,2026-07-21T11:00:00+0200
FR,France,2013,B9,Net lending (+)/net borrowing (-),MIO_EUR,-104711.8,,2026-07-21T11:00:00+0200
FR,France,2013,B9,Net lending (+)/net borrowing (-),PC_GDP,-4.9,,2026-07-21T11:00:00+0200
FR,France,2013,D1PAY,"Compensation of employees, expenditure",MIO_EUR,278079.4,,2026-07-21T11:00:00+0200
FR,France,2013,D1PAY,"Compensation of employees, expenditure",PC_GDP,13.1,,2026-07-21T11:00:00+0200
FR,France,2013,D2REC,"Taxes on production and imports, revenue",MIO_EUR,330661,,2026-07-21T11:00:00+0200
FR,France,2013,D2REC,"Taxes on production and imports, revenue",PC_GDP,15.6,,2026-07-21T11:00:00+0200
FR,France,2013,D3PAY,"Subsidies, expenditure",MIO_EUR,46579.2,,2026-07-21T11:00:00+0200
FR,France,2013,D3PAY,"Subsidies, expenditure",PC_GDP,2.2,,2026-07-21T11:00:00+0200
FR,France,2013,D41PAY,"Interest, expenditure",MIO_EUR,49426,,2026-07-21T11:00:00+0200
FR,France,2013,D41PAY,"Interest, expenditure",PC_GDP,2.3,,2026-07-21T11:00:00+0200
FR,France,2013,D5REC,"Current taxes on income, wealth, etc., revenue",MIO_EUR,270639.6,,2026-07-21T11:00:00+0200
FR,France,2013,D5REC,"Current taxes on income, wealth, etc., revenue",PC_GDP,12.8,,2026-07-21T11:00:00+0200
FR,France,2013,D61REC,"Net social contributions, revenue",MIO_EUR,397355.2,,2026-07-21T11:00:00+0200
FR,France,2013,D61REC,"Net social contributions, revenue",PC_GDP,18.7,,2026-07-21T11:00:00+0200
FR,France,2013,D62PAY,"Social benefits other than social transfers in kind, expenditure",MIO_EUR,418605.5,,2026-07-21T11:00:00+0200
FR,France,2013,D62PAY,"Social benefits other than social transfers in kind, expenditure",PC_GDP,19.7,,2026-07-21T11:00:00+0200
FR,France,2013,D632PAY,"Social transfers in kind, purchased market production, expenditure",MIO_EUR,130227.9,,2026-07-21T11:00:00+0200
FR,France,2013,D632PAY,"Social transfers in kind, purchased market production, expenditure",PC_GDP,6.1,,2026-07-21T11:00:00+0200
FR,France,2013,D91REC,"Capital taxes, revenue",MIO_EUR,10573,,2026-07-21T11:00:00+0200
FR,France,2013,D91REC,"Capital taxes, revenue",PC_GDP,0.5,,2026-07-21T11:00:00+0200
FR,France,2013,D995REC,Capital transfers from general government to relevant sectors representing taxes and social contributions assessed but unlikely to be collected,MIO_EUR,5879,,2026-07-21T11:00:00+0200
FR,France,2013,D995REC,Capital transfers from general government to relevant sectors representing taxes and social contributions assessed but unlikely to be collected,PC_GDP,0.3,,2026-07-21T11:00:00+0200
FR,France,2013,P2,Intermediate consumption,MIO_EUR,114110.9,,2026-07-21T11:00:00+0200
FR,France,2013,P2,Intermediate consumption,PC_GDP,5.4,,2026-07-21T11:00:00+0200
FR,France,2013,P51G,Gross fixed capital formation,MIO_EUR,96995.1,,2026-07-21T11:00:00+0200
FR,France,2013,P51G,Gross fixed capital formation,PC_GDP,4.6,,2026-07-21T11:00:00+0200
FR,France,2013,TE,Total general government expenditure,MIO_EUR,1242358,,2026-07-21T11:00:00+0200
FR,France,2013,TE,Total general government expenditure,PC_GDP,58.6,,2026-07-21T11:00:00+0200
FR,France,2013,TR,Total general government revenue,MIO_EUR,1137646.2,,2026-07-21T11:00:00+0200
FR,France,2013,TR,Total general government revenue,PC_GDP,53.7,,2026-07-21T11:00:00+0200
FR,France,2014,B9,Net lending (+)/net borrowing (-),MIO_EUR,-98504,,2026-07-21T11:00:00+0200
FR,France,2014,B9,Net lending (+)/net borrowing (-),PC_GDP,-4.6,,2026-07-21T11:00:00+0200
FR,France,2014,D1PAY,"Compensation of employees, expenditure",MIO_EUR,282943.7,,2026-07-21T11:00:00+0200
FR,France,2014,D1PAY,"Compensation of employees, expenditure",PC_GDP,13.1,,2026-07-21T11:00:00+0200
FR,France,2014,D2REC,"Taxes on production and imports, revenue",MIO_EUR,338980,,2026-07-21T11:00:00+0200
FR,France,2014,D2REC,"Taxes on production and imports, revenue",PC_GDP,15.7,,2026-07-21T11:00:00+0200
FR,France,2014,D3PAY,"Subsidies, expenditure",MIO_EUR,53555.7,,2026-07-21T11:00:00+0200
FR,France,2014,D3PAY,"Subsidies, expenditure",PC_GDP,2.5,,2026-07-21T11:00:00+0200
FR,France,2014,D41PAY,"Interest, expenditure",MIO_EUR,47315.8,,2026-07-21T11:00:00+0200
FR,France,2014,D41PAY,"Interest, expenditure",PC_GDP,2.2,,2026-07-21T11:00:00+0200
FR,France,2014,D5REC,"Current taxes on income, wealth, etc., revenue",MIO_EUR,272458.1,,2026-07-21T11:00:00+0200
FR,France,2014,D5REC,"Current taxes on income, wealth, etc., revenue",PC_GDP,12.7,,2026-07-21T11:00:00+0200
FR,France,2014,D61REC,"Net social contributions, revenue",MIO_EUR,407236.8,,2026-07-21T11:00:00+0200
FR,France,2014,D61REC,"Net social contributions, revenue",PC_GDP,18.9,,2026-07-21T11:00:00+0200
FR,France,2014,D62PAY,"Social benefits other than social transfers in kind, expenditure",MIO_EUR,427027.4,,2026-07-21T11:00:00+0200
FR,France,2014,D62PAY,"Social benefits other than social transfers in kind, expenditure",PC_GDP,19.8,,2026-07-21T11:00:00+0200
FR,France,2014,D632PAY,"Social transfers in kind, purchased market production, expenditure",MIO_EUR,134107.6,,2026-07-21T11:00:00+0200
FR,France,2014,D632PAY,"Social transfers in kind, purchased market production, expenditure",PC_GDP,6.2,,2026-07-21T11:00:00+0200
FR,France,2014,D91REC,"Capital taxes, revenue",MIO_EUR,10495,,2026-07-21T11:00:00+0200
FR,France,2014,D91REC,"Capital taxes, revenue",PC_GDP,0.5,,2026-07-21T11:00:00+0200
FR,France,2014,D995REC,Capital transfers from general government to relevant sectors representing taxes and social contributions assessed but unlikely to be collected,MIO_EUR,5792,,2026-07-21T11:00:00+0200
FR,France,2014,D995REC,Capital transfers from general government to relevant sectors representing taxes and social contributions assessed but unlikely to be collected,PC_GDP,0.3,,2026-07-21T11:00:00+0200
FR,France,2014,P2,Intermediate consumption,MIO_EUR,113863.5,,2026-07-21T11:00:00+0200
FR,France,2014,P2,Intermediate consumption,PC_GDP,5.3,,2026-07-21T11:00:00+0200
FR,France,2014,P51G,Gross fixed capital formation,MIO_EUR,91773.2,,2026-07-21T11:00:00+0200
FR,France,2014,P51G,Gross fixed capital formation,PC_GDP,4.3,,2026-07-21T11:00:00+0200
FR,France,2014,TE,Total general government expenditure,MIO_EUR,1257649.1,,2026-07-21T11:00:00+0200
FR,France,2014,TE,Total general government expenditure,PC_GDP,58.4,,2026-07-21T11:00:00+0200
FR,France,2014,TR,Total general government revenue,MIO_EUR,1159145.1,,2026-07-21T11:00:00+0200
FR,France,2014,TR,Total general government revenue,PC_GDP,53.8,,2026-07-21T11:00:00+0200
FR,France,2015,B9,Net lending (+)/net borrowing (-),MIO_EUR,-85681,,2026-07-21T11:00:00+0200
FR,France,2015,B9,Net lending (+)/net borrowing (-),PC_GDP,-3.9,,2026-07-21T11:00:00+0200
FR,France,2015,D1PAY,"Compensation of employees, expenditure",MIO_EUR,285115.5,,2026-07-21T11:00:00+0200
FR,France,2015,D1PAY,"Compensation of employees, expenditure",PC_GDP,13,,2026-07-21T11:00:00+0200
FR,France,2015,D2REC,"Taxes on production and imports, revenue",MIO_EUR,349757,,2026-07-21T11:00:00+0200
FR,France,2015,D2REC,"Taxes on production and imports, revenue",PC_GDP,15.9,,2026-07-21T11:00:00+0200
FR,France,2015,D3PAY,"Subsidies, expenditure",MIO_EUR,55295.5,,2026-07-21T11:00:00+0200
FR,France,2015,D3PAY,"Subsidies, expenditure",PC_GDP,2.5,,2026-07-21T11:00:00+0200
FR,France,2015,D41PAY,"Interest, expenditure",MIO_EUR,44707.4,,2026-07-21T11:00:00+0200
FR,France,2015,D41PAY,"Interest, expenditure",PC_GDP,2,,2026-07-21T11:00:00+0200
FR,France,2015,D5REC,"Current taxes on income, wealth, etc., revenue",MIO_EUR,278541.6,,2026-07-21T11:00:00+0200
FR,France,2015,D5REC,"Current taxes on income, wealth, etc., revenue",PC_GDP,12.7,,2026-07-21T11:00:00+0200
FR,France,2015,D61REC,"Net social contributions, revenue",MIO_EUR,411491.5,,2026-07-21T11:00:00+0200
FR,France,2015,D61REC,"Net social contributions, revenue",PC_GDP,18.7,,2026-07-21T11:00:00+0200
FR,France,2015,D62PAY,"Social benefits other than social transfers in kind, expenditure",MIO_EUR,433874.9,,2026-07-21T11:00:00+0200
FR,France,2015,D62PAY,"Social benefits other than social transfers in kind, expenditure",PC_GDP,19.7,,2026-07-21T11:00:00+0200
FR,France,2015,D632PAY,"Social transfers in kind, purchased market production, expenditure",MIO_EUR,136175.2,,2026-07-21T11:00:00+0200
FR,France,2015,D632PAY,"Social transfers in kind, purchased market production, expenditure",PC_GDP,6.2,,2026-07-21T11:00:00+0200
FR,France,2015,D91REC,"Capital taxes, revenue",MIO_EUR,12477,,2026-07-21T11:00:00+0200
FR,France,2015,D91REC,"Capital taxes, revenue",PC_GDP,0.6,,2026-07-21T11:00:00+0200
FR,France,2015,D995REC,Capital transfers from general government to relevant sectors representing taxes and social contributions assessed but unlikely to be collected,MIO_EUR,5897,,2026-07-21T11:00:00+0200
FR,France,2015,D995REC,Capital transfers from general government to relevant sectors representing taxes and social contributions assessed but unlikely to be collected,PC_GDP,0.3,,2026-07-21T11:00:00+0200
FR,France,2015,P2,Intermediate consumption,MIO_EUR,115582.8,,2026-07-21T11:00:00+0200
FR,France,2015,P2,Intermediate consumption,PC_GDP,5.3,,2026-07-21T11:00:00+0200
FR,France,2015,P51G,Gross fixed capital formation,MIO_EUR,86767.6,,2026-07-21T11:00:00+0200
FR,France,2015,P51G,Gross fixed capital formation,PC_GDP,3.9,,2026-07-21T11:00:00+0200
FR,France,2015,TE,Total general government expenditure,MIO_EUR,1268007.8,,2026-07-21T11:00:00+0200
FR,France,2015,TE,Total general government expenditure,PC_GDP,57.6,,2026-07-21T11:00:00+0200
FR,France,2015,TR,Total general government revenue,MIO_EUR,1182326.8,,2026-07-21T11:00:00+0200
FR,France,2015,TR,Total general government revenue,PC_GDP,53.7,,2026-07-21T11:00:00+0200
FR,France,2016,B9,Net lending (+)/net borrowing (-),MIO_EUR,-84025.2,,2026-07-21T11:00:00+0200
FR,France,2016,B9,Net lending (+)/net borrowing (-),PC_GDP,-3.8,,2026-07-21T11:00:00+0200
FR,France,2016,D1PAY,"Compensation of employees, expenditure",MIO_EUR,287660.1,,2026-07-21T11:00:00+0200
FR,France,2016,D1PAY,"Compensation of employees, expenditure",PC_GDP,12.9,,2026-07-21T11:00:00+0200
FR,France,2016,D2REC,"Taxes on production and imports, revenue",MIO_EUR,358248,,2026-07-21T11:00:00+0200
FR,France,2016,D2REC,"Taxes on production and imports, revenue",PC_GDP,16.1,,2026-07-21T11:00:00+0200
FR,France,2016,D3PAY,"Subsidies, expenditure",MIO_EUR,54603,,2026-07-21T11:00:00+0200
FR,France,2016,D3PAY,"Subsidies, expenditure",PC_GDP,2.4,,2026-07-21T11:00:00+0200
FR,France,2016,D41PAY,"Interest, expenditure",MIO_EUR,42430.7,,2026-07-21T11:00:00+0200
FR,France,2016,D41PAY,"Interest, expenditure",PC_GDP,1.9,,2026-07-21T11:00:00+0200
FR,France,2016,D5REC,"Current taxes on income, wealth, etc., revenue",MIO_EUR,278587.2,,2026-07-21T11:00:00+0200
FR,France,2016,D5REC,"Current taxes on income, wealth, etc., revenue",PC_GDP,12.5,,2026-07-21T11:00:00+0200
FR,France,2016,D61REC,"Net social contributions, revenue",MIO_EUR,416522.8,,2026-07-21T11:00:00+0200
FR,France,2016,D61REC,"Net social contributions, revenue",PC_GDP,18.7,,2026-07-21T11:00:00+0200
FR,France,2016,D62PAY,"Social benefits other than social transfers in kind, expenditure",MIO_EUR,440517.1,,2026-07-21T11:00:00+0200
FR,France,2016,D62PAY,"Social benefits other than social transfers in kind, expenditure",PC_GDP,19.7,,2026-07-21T11:00:00+0200
FR,France,2016,D632PAY,"Social transfers in kind, purchased market production, expenditure",MIO_EUR,139712.8,,2026-07-21T11:00:00+0200
FR,France,2016,D632PAY,"Social transfers in kind, purchased market production, expenditure",PC_GDP,6.3,,2026-07-21T11:00:00+0200
FR,France,2016,D91REC,"Capital taxes, revenue",MIO_EUR,12712,,2026-07-21T11:00:00+0200
FR,France,2016,D91REC,"Capital taxes, revenue",PC_GDP,0.6,,2026-07-21T11:00:00+0200
FR,France,2016,D995REC,Capital transfers from general government to relevant sectors representing taxes and social contributions assessed but unlikely to be collected,MIO_EUR,5580,,2026-07-21T11:00:00+0200
FR,France,2016,D995REC,Capital transfers from general government to relevant sectors representing taxes and social contributions assessed but unlikely to be collected,PC_GDP,0.3,,2026-07-21T11:00:00+0200
FR,France,2016,P2,Intermediate consumption,MIO_EUR,116204,,2026-07-21T11:00:00+0200
FR,France,2016,P2,Intermediate consumption,PC_GDP,5.2,,2026-07-21T11:00:00+0200
FR,France,2016,P51G,Gross fixed capital formation,MIO_EUR,87524.3,,2026-07-21T11:00:00+0200
FR,France,2016,P51G,Gross fixed capital formation,PC_GDP,3.9,,2026-07-21T11:00:00+0200
FR,France,2016,TE,Total general government expenditure,MIO_EUR,1280648.1,,2026-07-21T11:00:00+0200
FR,France,2016,TE,Total general government expenditure,PC_GDP,57.4,,2026-07-21T11:00:00+0200
FR,France,2016,TR,Total general government revenue,MIO_EUR,1196622.9,,2026-07-21T11:00:00+0200
FR,France,2016,TR,Total general government revenue,PC_GDP,53.6,,2026-07-21T11:00:00+0200
FR,France,2017,B9,Net lending (+)/net borrowing (-),MIO_EUR,-77057.7,,2026-07-21T11:00:00+0200
FR,France,2017,B9,Net lending (+)/net borrowing (-),PC_GDP,-3.4,,2026-07-21T11:00:00+0200
FR,France,2017,D1PAY,"Compensation of employees, expenditure",MIO_EUR,294836,,2026-07-21T11:00:00+0200
FR,France,2017,D1PAY,"Compensation of employees, expenditure",PC_GDP,12.9,,2026-07-21T11:00:00+0200
FR,France,2017,D2REC,"Taxes on production and imports, revenue",MIO_EUR,374586,,2026-07-21T11:00:00+0200
FR,France,2017,D2REC,"Taxes on production and imports, revenue",PC_GDP,16.3,,2026-07-21T11:00:00+0200
FR,France,2017,D3PAY,"Subsidies, expenditure",MIO_EUR,59586.9,,2026-07-21T11:00:00+0200
FR,France,2017,D3PAY,"Subsidies, expenditure",PC_GDP,2.6,,2026-07-21T11:00:00+0200
FR,France,2017,D41PAY,"Interest, expenditure",MIO_EUR,41020.1,,2026-07-21T11:00:00+0200
FR,France,2017,D41PAY,"Interest, expenditure",PC_GDP,1.8,,2026-07-21T11:00:00+0200
FR,France,2017,D5REC,"Current taxes on income, wealth, etc., revenue",MIO_EUR,293923.8,,2026-07-21T11:00:00+0200
FR,France,2017,D5REC,"Current taxes on income, wealth, etc., revenue",PC_GDP,12.8,,2026-07-21T11:00:00+0200
FR,France,2017,D61REC,"Net social contributions, revenue",MIO_EUR,429075.1,,2026-07-21T11:00:00+0200
FR,France,2017,D61REC,"Net social contributions, revenue",PC_GDP,18.7,,2026-07-21T11:00:00+0200
FR,France,2017,D62PAY,"Social benefits other than social transfers in kind, expenditure",MIO_EUR,447707.1,,2026-07-21T11:00:00+0200
FR,France,2017,D62PAY,"Social benefits other than social transfers in kind, expenditure",PC_GDP,19.5,,2026-07-21T11:00:00+0200
FR,France,2017,D632PAY,"Social transfers in kind, purchased market production, expenditure",MIO_EUR,145512.3,,2026-07-21T11:00:00+0200
FR,France,2017,D632PAY,"Social transfers in kind, purchased market production, expenditure",PC_GDP,6.3,,2026-07-21T11:00:00+0200
FR,France,2017,D91REC,"Capital taxes, revenue",MIO_EUR,14527,,2026-07-21T11:00:00+0200
FR,France,2017,D91REC,"Capital taxes, revenue",PC_GDP,0.6,,2026-07-21T11:00:00+0200
FR,France,2017,D995REC,Capital transfers from general government to relevant sectors representing taxes and social contributions assessed but unlikely to be collected,MIO_EUR,5615,,2026-07-21T11:00:00+0200
FR,France,2017,D995REC,Capital transfers from general government to relevant sectors representing taxes and social contributions assessed but unlikely to be collected,PC_GDP,0.2,,2026-07-21T11:00:00+0200
FR,France,2017,P2,Intermediate consumption,MIO_EUR,120636,,2026-07-21T11:00:00+0200
FR,France,2017,P2,Intermediate consumption,PC_GDP,5.3,,2026-07-21T11:00:00+0200
FR,France,2017,P51G,Gross fixed capital formation,MIO_EUR,88158.1,,2026-07-21T11:00:00+0200
FR,France,2017,P51G,Gross fixed capital formation,PC_GDP,3.8,,2026-07-21T11:00:00+0200
FR,France,2017,TE,Total general government expenditure,MIO_EUR,1321444.6,,2026-07-21T11:00:00+0200
FR,France,2017,TE,Total general government expenditure,PC_GDP,57.7,,2026-07-21T11:00:00+0200
FR,France,2017,TR,Total general government revenue,MIO_EUR,1244386.9,,2026-07-21T11:00:00+0200
FR,France,2017,TR,Total general government revenue,PC_GDP,54.3,,2026-07-21T11:00:00+0200
FR,France,2018,B9,Net lending (+)/net borrowing (-),MIO_EUR,-54616.2,,2026-07-21T11:00:00+0200
FR,France,2018,B9,Net lending (+)/net borrowing (-),PC_GDP,-2.3,,2026-07-21T11:00:00+0200
FR,France,2018,D1PAY,"Compensation of employees, expenditure",MIO_EUR,296685.1,,2026-07-21T11:00:00+0200
FR,France,2018,D1PAY,"Compensation of employees, expenditure",PC_GDP,12.6,,2026-07-21T11:00:00+0200
FR,France,2018,D2REC,"Taxes on production and imports, revenue",MIO_EUR,389537,,2026-07-21T11:00:00+0200
FR,France,2018,D2REC,"Taxes on production and imports, revenue",PC_GDP,16.5,,2026-07-21T11:00:00+0200
FR,France,2018,D3PAY,"Subsidies, expenditure",MIO_EUR,55760.1,,2026-07-21T11:00:00+0200
FR,France,2018,D3PAY,"Subsidies, expenditure",PC_GDP,2.4,,2026-07-21T11:00:00+0200
FR,France,2018,D41PAY,"Interest, expenditure",MIO_EUR,41660.6,,2026-07-21T11:00:00+0200
FR,France,2018,D41PAY,"Interest, expenditure",PC_GDP,1.8,,2026-07-21T11:00:00+0200
FR,France,2018,D5REC,"Current taxes on income, wealth, etc., revenue",MIO_EUR,311460.4,,2026-07-21T11:00:00+0200
FR,France,2018,D5REC,"Current taxes on income, wealth, etc., revenue",PC_GDP,13.2,,2026-07-21T11:00:00+0200
FR,France,2018,D61REC,"Net social contributions, revenue",MIO_EUR,422987.3,,2026-07-21T11:00:00+0200
FR,France,2018,D61REC,"Net social contributions, revenue",PC_GDP,18,,2026-07-21T11:00:00+0200
FR,France,2018,D62PAY,"Social benefits other than social transfers in kind, expenditure",MIO_EUR,457155.3,,2026-07-21T11:00:00+0200
FR,France,2018,D62PAY,"Social benefits other than social transfers in kind, expenditure",PC_GDP,19.4,,2026-07-21T11:00:00+0200
FR,France,2018,D632PAY,"Social transfers in kind, purchased market production, expenditure",MIO_EUR,146972.7,,2026-07-21T11:00:00+0200
FR,France,2018,D632PAY,"Social transfers in kind, purchased market production, expenditure",PC_GDP,6.2,,2026-07-21T11:00:00+0200
FR,France,2018,D91REC,"Capital taxes, revenue",MIO_EUR,14583,,2026-07-21T11:00:00+0200
FR,France,2018,D91REC,"Capital taxes, revenue",PC_GDP,0.6,,2026-07-21T11:00:00+0200
FR,France,2018,D995REC,Capital transfers from general government to relevant sectors representing taxes and social contributions assessed but unlikely to be collected,MIO_EUR,5464,,2026-07-21T11:00:00+0200
FR,France,2018,D995REC,Capital transfers from general government to relevant sectors representing taxes and social contributions assessed but unlikely to be collected,PC_GDP,0.2,,2026-07-21T11:00:00+0200
FR,France,2018,P2,Intermediate consumption,MIO_EUR,122878,,2026-07-21T11:00:00+0200
FR,France,2018,P2,Intermediate consumption,PC_GDP,5.2,,2026-07-21T11:00:00+0200
FR,France,2018,P51G,Gross fixed capital formation,MIO_EUR,92182.1,,2026-07-21T11:00:00+0200
FR,France,2018,P51G,Gross fixed capital formation,PC_GDP,3.9,,2026-07-21T11:00:00+0200
FR,France,2018,TE,Total general government expenditure,MIO_EUR,1327632.3,,2026-07-21T11:00:00+0200
FR,France,2018,TE,Total general government expenditure,PC_GDP,56.4,,2026-07-21T11:00:00+0200
FR,France,2018,TR,Total general government revenue,MIO_EUR,1273016.1,,2026-07-21T11:00:00+0200
FR,France,2018,TR,Total general government revenue,PC_GDP,54,,2026-07-21T11:00:00+0200
FR,France,2019,B9,Net lending (+)/net borrowing (-),MIO_EUR,-58225.5,,2026-07-21T11:00:00+0200
FR,France,2019,B9,Net lending (+)/net borrowing (-),PC_GDP,-2.4,,2026-07-21T11:00:00+0200
FR,France,2019,D1PAY,"Compensation of employees, expenditure",MIO_EUR,300632,,2026-07-21T11:00:00+0200
FR,France,2019,D1PAY,"Compensation of employees, expenditure",PC_GDP,12.4,,2026-07-21T11:00:00+0200
FR,France,2019,D2REC,"Taxes on production and imports, revenue",MIO_EUR,409021,,2026-07-21T11:00:00+0200
FR,France,2019,D2REC,"Taxes on production and imports, revenue",PC_GDP,16.8,,2026-07-21T11:00:00+0200
FR,France,2019,D3PAY,"Subsidies, expenditure",MIO_EUR,40616,,2026-07-21T11:00:00+0200
FR,France,2019,D3PAY,"Subsidies, expenditure",PC_GDP,1.7,,2026-07-21T11:00:00+0200
FR,France,2019,D41PAY,"Interest, expenditure",MIO_EUR,36868.2,,2026-07-21T11:00:00+0200
FR,France,2019,D41PAY,"Interest, expenditure",PC_GDP,1.5,,2026-07-21T11:00:00+0200
FR,France,2019,D5REC,"Current taxes on income, wealth, etc., revenue",MIO_EUR,318194,,2026-07-21T11:00:00+0200
FR,France,2019,D5REC,"Current taxes on income, wealth, etc., revenue",PC_GDP,13.1,,2026-07-21T11:00:00+0200
FR,France,2019,D61REC,"Net social contributions, revenue",MIO_EUR,406074,,2026-07-21T11:00:00+0200
FR,France,2019,D61REC,"Net social contributions, revenue",PC_GDP,16.7,,2026-07-21T11:00:00+0200
FR,France,2019,D62PAY,"Social benefits other than social transfers in kind, expenditure",MIO_EUR,470560.4,,2026-07-21T11:00:00+0200
FR,France,2019,D62PAY,"Social benefits other than social transfers in kind, expenditure",PC_GDP,19.3,,2026-07-21T11:00:00+0200
FR,France,2019,D632PAY,"Social transfers in kind, purchased market production, expenditure",MIO_EUR,149581.6,,2026-07-21T11:00:00+0200
FR,France,2019,D632PAY,"Social transfers in kind, purchased market production, expenditure",PC_GDP,6.2,,2026-07-21T11:00:00+0200
FR,France,2019,D91REC,"Capital taxes, revenue",MIO_EUR,15478,,2026-07-21T11:00:00+0200
FR,France,2019,D91REC,"Capital taxes, revenue",PC_GDP,0.6,,2026-07-21T11:00:00+0200
FR,France,2019,D995REC,Capital transfers from general government to relevant sectors representing taxes and social contributions assessed but unlikely to be collected,MIO_EUR,3907,,2026-07-21T11:00:00+0200
FR,France,2019,D995REC,Capital transfers from general government to relevant sectors representing taxes and social contributions assessed but unlikely to be collected,PC_GDP,0.2,,2026-07-21T11:00:00+0200
FR,France,2019,P2,Intermediate consumption,MIO_EUR,126711.6,,2026-07-21T11:00:00+0200
FR,France,2019,P2,Intermediate consumption,PC_GDP,5.2,,2026-07-21T11:00:00+0200
FR,France,2019,P51G,Gross fixed capital formation,MIO_EUR,101069.3,,2026-07-21T11:00:00+0200
FR,France,2019,P51G,Gross fixed capital formation,PC_GDP,4.2,,2026-07-21T11:00:00+0200
FR,France,2019,TE,Total general government expenditure,MIO_EUR,1346154.7,,2026-07-21T11:00:00+0200
FR,France,2019,TE,Total general government expenditure,PC_GDP,55.3,,2026-07-21T11:00:00+0200
FR,France,2019,TR,Total general government revenue,MIO_EUR,1287929.2,,2026-07-21T11:00:00+0200
FR,France,2019,TR,Total general government revenue,PC_GDP,53,,2026-07-21T11:00:00+0200
FR,France,2020,B9,Net lending (+)/net borrowing (-),MIO_EUR,-207084.4,,2026-07-21T11:00:00+0200
FR,France,2020,B9,Net lending (+)/net borrowing (-),PC_GDP,-8.9,,2026-07-21T11:00:00+0200
FR,France,2020,D1PAY,"Compensation of employees, expenditure",MIO_EUR,307596,,2026-07-21T11:00:00+0200
FR,France,2020,D1PAY,"Compensation of employees, expenditure",PC_GDP,13.3,,2026-07-21T11:00:00+0200
FR,France,2020,D2REC,"Taxes on production and imports, revenue",MIO_EUR,390305,,2026-07-21T11:00:00+0200
FR,France,2020,D2REC,"Taxes on production and imports, revenue",PC_GDP,16.8,,2026-07-21T11:00:00+0200
FR,France,2020,D3PAY,"Subsidies, expenditure",MIO_EUR,70065,,2026-07-21T11:00:00+0200
FR,France,2020,D3PAY,"Subsidies, expenditure",PC_GDP,3,,2026-07-21T11:00:00+0200
FR,France,2020,D41PAY,"Interest, expenditure",MIO_EUR,29724.1,,2026-07-21T11:00:00+0200
FR,France,2020,D41PAY,"Interest, expenditure",PC_GDP,1.3,,2026-07-21T11:00:00+0200
FR,France,2020,D5REC,"Current taxes on income, wealth, etc., revenue",MIO_EUR,306198,,2026-07-21T11:00:00+0200
FR,France,2020,D5REC,"Current taxes on income, wealth, etc., revenue",PC_GDP,13.2,,2026-07-21T11:00:00+0200
FR,France,2020,D61REC,"Net social contributions, revenue",MIO_EUR,390712,,2026-07-21T11:00:00+0200
FR,France,2020,D61REC,"Net social contributions, revenue",PC_GDP,16.9,,2026-07-21T11:00:00+0200
FR,France,2020,D62PAY,"Social benefits other than social transfers in kind, expenditure",MIO_EUR,517837.5,,2026-07-21T11:00:00+0200
FR,France,2020,D62PAY,"Social benefits other than social transfers in kind, expenditure",PC_GDP,22.3,,2026-07-21T11:00:00+0200
FR,France,2020,D632PAY,"Social transfers in kind, purchased market production, expenditure",MIO_EUR,150582.5,,2026-07-21T11:00:00+0200
FR,France,2020,D632PAY,"Social transfers in kind, purchased market production, expenditure",PC_GDP,6.5,,2026-07-21T11:00:00+0200
FR,France,2020,D91REC,"Capital taxes, revenue",MIO_EUR,15365,,2026-07-21T11:00:00+0200
FR,France,2020,D91REC,"Capital taxes, revenue",PC_GDP,0.7,,2026-07-21T11:00:00+0200
FR,France,2020,D995REC,Capital transfers from general government to relevant sectors representing taxes and social contributions assessed but unlikely to be collected,MIO_EUR,9775,,2026-07-21T11:00:00+0200
FR,France,2020,D995REC,Capital transfers from general government to relevant sectors representing taxes and social contributions assessed but unlikely to be collected,PC_GDP,0.4,,2026-07-21T11:00:00+0200
FR,France,2020,P2,Intermediate consumption,MIO_EUR,126408.9,,2026-07-21T11:00:00+0200
FR,France,2020,P2,Intermediate consumption,PC_GDP,5.5,,2026-07-21T11:00:00+0200
FR,France,2020,P51G,Gross fixed capital formation,MIO_EUR,96265,,2026-07-21T11:00:00+0200
FR,France,2020,P51G,Gross fixed capital formation,PC_GDP,4.2,,2026-07-21T11:00:00+0200
FR,France,2020,TE,Total general government expenditure,MIO_EUR,1430357,,2026-07-21T11:00:00+0200
FR,France,2020,TE,Total general government expenditure,PC_GDP,61.7,,2026-07-21T11:00:00+0200
FR,France,2020,TR,Total general government revenue,MIO_EUR,1223272.6,,2026-07-21T11:00:00+0200
FR,France,2020,TR,Total general government revenue,PC_GDP,52.8,,2026-07-21T11:00:00+0200
FR,France,2021,B9,Net lending (+)/net borrowing (-),MIO_EUR,-165149.3,,2026-07-21T11:00:00+0200
FR,France,2021,B9,Net lending (+)/net borrowing (-),PC_GDP,-6.6,,2026-07-21T11:00:00+0200
FR,France,2021,D1PAY,"Compensation of employees, expenditure",MIO_EUR,317140,,2026-07-21T11:00:00+0200
FR,France,2021,D1PAY,"Compensation of employees, expenditure",PC_GDP,12.6,,2026-07-21T11:00:00+0200
FR,France,2021,D2REC,"Taxes on production and imports, revenue",MIO_EUR,416396,,2026-07-21T11:00:00+0200
FR,France,2021,D2REC,"Taxes on production and imports, revenue",PC_GDP,16.6,,2026-07-21T11:00:00+0200
FR,France,2021,D3PAY,"Subsidies, expenditure",MIO_EUR,77268,,2026-07-21T11:00:00+0200
FR,France,2021,D3PAY,"Subsidies, expenditure",PC_GDP,3.1,,2026-07-21T11:00:00+0200
FR,France,2021,D41PAY,"Interest, expenditure",MIO_EUR,34799.9,,2026-07-21T11:00:00+0200
FR,France,2021,D41PAY,"Interest, expenditure",PC_GDP,1.4,,2026-07-21T11:00:00+0200
FR,France,2021,D5REC,"Current taxes on income, wealth, etc., revenue",MIO_EUR,324072,,2026-07-21T11:00:00+0200
FR,France,2021,D5REC,"Current taxes on income, wealth, etc., revenue",PC_GDP,12.9,,2026-07-21T11:00:00+0200
FR,France,2021,D61REC,"Net social contributions, revenue",MIO_EUR,417675,,2026-07-21T11:00:00+0200
FR,France,2021,D61REC,"Net social contributions, revenue",PC_GDP,16.7,,2026-07-21T11:00:00+0200
FR,France,2021,D62PAY,"Social benefits other than social transfers in kind, expenditure",MIO_EUR,505925.1,,2026-07-21T11:00:00+0200
FR,France,2021,D62PAY,"Social benefits other than social transfers in kind, expenditure",PC_GDP,20.2,,2026-07-21T11:00:00+0200
FR,France,2021,D632PAY,"Social transfers in kind, purchased market production, expenditure",MIO_EUR,173273.9,,2026-07-21T11:00:00+0200
FR,France,2021,D632PAY,"Social transfers in kind, purchased market production, expenditure",PC_GDP,6.9,,2026-07-21T11:00:00+0200
FR,France,2021,D91REC,"Capital taxes, revenue",MIO_EUR,19054,,2026-07-21T11:00:00+0200
FR,France,2021,D91REC,"Capital taxes, revenue",PC_GDP,0.8,,2026-07-21T11:00:00+0200
FR,France,2021,D995REC,Capital transfers from general government to relevant sectors representing taxes and social contributions assessed but unlikely to be collected,MIO_EUR,6730,,2026-07-21T11:00:00+0200
FR,France,2021,D995REC,Capital transfers from general government to relevant sectors representing taxes and social contributions assessed but unlikely to be collected,PC_GDP,0.3,,2026-07-21T11:00:00+0200
FR,France,2021,P2,Intermediate consumption,MIO_EUR,136081.3,,2026-07-21T11:00:00+0200
FR,France,2021,P2,Intermediate consumption,PC_GDP,5.4,,2026-07-21T11:00:00+0200
FR,France,2021,P51G,Gross fixed capital formation,MIO_EUR,102159.2,,2026-07-21T11:00:00+0200
FR,France,2021,P51G,Gross fixed capital formation,PC_GDP,4.1,,2026-07-21T11:00:00+0200
FR,France,2021,TE,Total general government expenditure,MIO_EUR,1491381.1,,2026-07-21T11:00:00+0200
FR,France,2021,TE,Total general government expenditure,PC_GDP,59.5,,2026-07-21T11:00:00+0200
FR,France,2021,TR,Total general government revenue,MIO_EUR,1326231.8,,2026-07-21T11:00:00+0200
FR,France,2021,TR,Total general government revenue,PC_GDP,52.9,,2026-07-21T11:00:00+0200
FR,France,2022,B9,Net lending (+)/net borrowing (-),MIO_EUR,-125895.8,,2026-07-21T11:00:00+0200
FR,France,2022,B9,Net lending (+)/net borrowing (-),PC_GDP,-4.7,,2026-07-21T11:00:00+0200
FR,France,2022,D1PAY,"Compensation of employees, expenditure",MIO_EUR,331171,,2026-07-21T11:00:00+0200
FR,France,2022,D1PAY,"Compensation of employees, expenditure",PC_GDP,12.5,,2026-07-21T11:00:00+0200
FR,France,2022,D2REC,"Taxes on production and imports, revenue",MIO_EUR,441914,,2026-07-21T11:00:00+0200
FR,France,2022,D2REC,"Taxes on production and imports, revenue",PC_GDP,16.7,,2026-07-21T11:00:00+0200
FR,France,2022,D3PAY,"Subsidies, expenditure",MIO_EUR,74016,,2026-07-21T11:00:00+0200
FR,France,2022,D3PAY,"Subsidies, expenditure",PC_GDP,2.8,,2026-07-21T11:00:00+0200
FR,France,2022,D41PAY,"Interest, expenditure",MIO_EUR,50934,,2026-07-21T11:00:00+0200
FR,France,2022,D41PAY,"Interest, expenditure",PC_GDP,1.9,,2026-07-21T11:00:00+0200
FR,France,2022,D5REC,"Current taxes on income, wealth, etc., revenue",MIO_EUR,358908,,2026-07-21T11:00:00+0200
FR,France,2022,D5REC,"Current taxes on income, wealth, etc., revenue",PC_GDP,13.5,,2026-07-21T11:00:00+0200
FR,France,2022,D61REC,"Net social contributions, revenue",MIO_EUR,442269,,2026-07-21T11:00:00+0200
FR,France,2022,D61REC,"Net social contributions, revenue",PC_GDP,16.7,,2026-07-21T11:00:00+0200
FR,France,2022,D62PAY,"Social benefits other than social transfers in kind, expenditure",MIO_EUR,510034,,2026-07-21T11:00:00+0200
FR,France,2022,D62PAY,"Social benefits other than social transfers in kind, expenditure",PC_GDP,19.2,,2026-07-21T11:00:00+0200
FR,France,2022,D632PAY,"Social transfers in kind, purchased market production, expenditure",MIO_EUR,175858,,2026-07-21T11:00:00+0200
FR,France,2022,D632PAY,"Social transfers in kind, purchased market production, expenditure",PC_GDP,6.6,,2026-07-21T11:00:00+0200
FR,France,2022,D91REC,"Capital taxes, revenue",MIO_EUR,18981,,2026-07-21T11:00:00+0200
FR,France,2022,D91REC,"Capital taxes, revenue",PC_GDP,0.7,,2026-07-21T11:00:00+0200
FR,France,2022,D995REC,Capital transfers from general government to relevant sectors representing taxes and social contributions assessed but unlikely to be collected,MIO_EUR,4264,,2026-07-21T11:00:00+0200
FR,France,2022,D995REC,Capital transfers from general government to relevant sectors representing taxes and social contributions assessed but unlikely to be collected,PC_GDP,0.2,,2026-07-21T11:00:00+0200
FR,France,2022,P2,Intermediate consumption,MIO_EUR,145878.9,,2026-07-21T11:00:00+0200
FR,France,2022,P2,Intermediate consumption,PC_GDP,5.5,,2026-07-21T11:00:00+0200
FR,France,2022,P51G,Gross fixed capital formation,MIO_EUR,110215.5,,2026-07-21T11:00:00+0200
FR,France,2022,P51G,Gross fixed capital formation,PC_GDP,4.2,,2026-07-21T11:00:00+0200
FR,France,2022,TE,Total general government expenditure,MIO_EUR,1550331.4,,2026-07-21T11:00:00+0200
FR,France,2022,TE,Total general government expenditure,PC_GDP,58.4,,2026-07-21T11:00:00+0200
FR,France,2022,TR,Total general government revenue,MIO_EUR,1424435.6,,2026-07-21T11:00:00+0200
FR,France,2022,TR,Total general government revenue,PC_GDP,53.7,,2026-07-21T11:00:00+0200
FR,France,2023,B9,Net lending (+)/net borrowing (-),MIO_EUR,-151920.3,,2026-07-21T11:00:00+0200
FR,France,2023,B9,Net lending (+)/net borrowing (-),PC_GDP,-5.4,,2026-07-21T11:00:00+0200
FR,France,2023,D1PAY,"Compensation of employees, expenditure",MIO_EUR,346343,,2026-07-21T11:00:00+0200
FR,France,2023,D1PAY,"Compensation of employees, expenditure",PC_GDP,12.2,,2026-07-21T11:00:00+0200
FR,France,2023,D2REC,"Taxes on production and imports, revenue",MIO_EUR,446907,,2026-07-21T11:00:00+0200
FR,France,2023,D2REC,"Taxes on production and imports, revenue",PC_GDP,15.8,,2026-07-21T11:00:00+0200
FR,France,2023,D3PAY,"Subsidies, expenditure",MIO_EUR,70504,,2026-07-21T11:00:00+0200
FR,France,2023,D3PAY,"Subsidies, expenditure",PC_GDP,2.5,,2026-07-21T11:00:00+0200
FR,France,2023,D41PAY,"Interest, expenditure",MIO_EUR,53409.9,,2026-07-21T11:00:00+0200
FR,France,2023,D41PAY,"Interest, expenditure",PC_GDP,1.9,,2026-07-21T11:00:00+0200
FR,France,2023,D5REC,"Current taxes on income, wealth, etc., revenue",MIO_EUR,357244,,2026-07-21T11:00:00+0200
FR,France,2023,D5REC,"Current taxes on income, wealth, etc., revenue",PC_GDP,12.6,,2026-07-21T11:00:00+0200
FR,France,2023,D61REC,"Net social contributions, revenue",MIO_EUR,462828,,2026-07-21T11:00:00+0200
FR,France,2023,D61REC,"Net social contributions, revenue",PC_GDP,16.3,,2026-07-21T11:00:00+0200
FR,France,2023,D62PAY,"Social benefits other than social transfers in kind, expenditure",MIO_EUR,530907.6,,2026-07-21T11:00:00+0200
FR,France,2023,D62PAY,"Social benefits other than social transfers in kind, expenditure",PC_GDP,18.7,,2026-07-21T11:00:00+0200
FR,France,2023,D632PAY,"Social transfers in kind, purchased market production, expenditure",MIO_EUR,178135.4,,2026-07-21T11:00:00+0200
FR,France,2023,D632PAY,"Social transfers in kind, purchased market production, expenditure",PC_GDP,6.3,,2026-07-21T11:00:00+0200
FR,France,2023,D91REC,"Capital taxes, revenue",MIO_EUR,21404,,2026-07-21T11:00:00+0200
FR,France,2023,D91REC,"Capital taxes, revenue",PC_GDP,0.8,,2026-07-21T11:00:00+0200
FR,France,2023,D995REC,Capital transfers from general government to relevant sectors representing taxes and social contributions assessed but unlikely to be collected,MIO_EUR,4433,,2026-07-21T11:00:00+0200
FR,France,2023,D995REC,Capital transfers from general government to relevant sectors representing taxes and social contributions assessed but unlikely to be collected,PC_GDP,0.2,,2026-07-21T11:00:00+0200
FR,France,2023,P2,Intermediate consumption,MIO_EUR,157548,,2026-07-21T11:00:00+0200
FR,France,2023,P2,Intermediate consumption,PC_GDP,5.6,,2026-07-21T11:00:00+0200
FR,France,2023,P51G,Gross fixed capital formation,MIO_EUR,119799,,2026-07-21T11:00:00+0200
FR,France,2023,P51G,Gross fixed capital formation,PC_GDP,4.2,,2026-07-21T11:00:00+0200
FR,France,2023,TE,Total general government expenditure,MIO_EUR,1608270.8,,2026-07-21T11:00:00+0200
FR,France,2023,TE,Total general government expenditure,PC_GDP,56.8,,2026-07-21T11:00:00+0200
FR,France,2023,TR,Total general government revenue,MIO_EUR,1456350.5,,2026-07-21T11:00:00+0200
FR,France,2023,TR,Total general government revenue,PC_GDP,51.4,,2026-07-21T11:00:00+0200
FR,France,2024,B9,Net lending (+)/net borrowing (-),MIO_EUR,-169118.1,,2026-07-21T11:00:00+0200
FR,France,2024,B9,Net lending (+)/net borrowing (-),PC_GDP,-5.8,,2026-07-21T11:00:00+0200
FR,France,2024,D1PAY,"Compensation of employees, expenditure",MIO_EUR,363038,,2026-07-21T11:00:00+0200
FR,France,2024,D1PAY,"Compensation of employees, expenditure",PC_GDP,12.4,,2026-07-21T11:00:00+0200
FR,France,2024,D2REC,"Taxes on production and imports, revenue",MIO_EUR,456133,,2026-07-21T11:00:00+0200
FR,France,2024,D2REC,"Taxes on production and imports, revenue",PC_GDP,15.5,,2026-07-21T11:00:00+0200
FR,France,2024,D3PAY,"Subsidies, expenditure",MIO_EUR,57467,,2026-07-21T11:00:00+0200
FR,France,2024,D3PAY,"Subsidies, expenditure",PC_GDP,2,,2026-07-21T11:00:00+0200
FR,France,2024,D41PAY,"Interest, expenditure",MIO_EUR,60130.9,,2026-07-21T11:00:00+0200
FR,France,2024,D41PAY,"Interest, expenditure",PC_GDP,2,,2026-07-21T11:00:00+0200
FR,France,2024,D5REC,"Current taxes on income, wealth, etc., revenue",MIO_EUR,365683,,2026-07-21T11:00:00+0200
FR,France,2024,D5REC,"Current taxes on income, wealth, etc., revenue",PC_GDP,12.5,,2026-07-21T11:00:00+0200
FR,France,2024,D61REC,"Net social contributions, revenue",MIO_EUR,483631,,2026-07-21T11:00:00+0200
FR,France,2024,D61REC,"Net social contributions, revenue",PC_GDP,16.5,,2026-07-21T11:00:00+0200
FR,France,2024,D62PAY,"Social benefits other than social transfers in kind, expenditure",MIO_EUR,563685.3,,2026-07-21T11:00:00+0200
FR,France,2024,D62PAY,"Social benefits other than social transfers in kind, expenditure",PC_GDP,19.2,,2026-07-21T11:00:00+0200
FR,France,2024,D632PAY,"Social transfers in kind, purchased market production, expenditure",MIO_EUR,183733.7,,2026-07-21T11:00:00+0200
FR,France,2024,D632PAY,"Social transfers in kind, purchased market production, expenditure",PC_GDP,6.3,,2026-07-21T11:00:00+0200
FR,France,2024,D91REC,"Capital taxes, revenue",MIO_EUR,21470,,2026-07-21T11:00:00+0200
FR,France,2024,D91REC,"Capital taxes, revenue",PC_GDP,0.7,,2026-07-21T11:00:00+0200
FR,France,2024,D995REC,Capital transfers from general government to relevant sectors representing taxes and social contributions assessed but unlikely to be collected,MIO_EUR,4627,,2026-07-21T11:00:00+0200
FR,France,2024,D995REC,Capital transfers from general government to relevant sectors representing taxes and social contributions assessed but unlikely to be collected,PC_GDP,0.2,,2026-07-21T11:00:00+0200
FR,France,2024,P2,Intermediate consumption,MIO_EUR,162408.5,,2026-07-21T11:00:00+0200
FR,France,2024,P2,Intermediate consumption,PC_GDP,5.5,,2026-07-21T11:00:00+0200
FR,France,2024,P51G,Gross fixed capital formation,MIO_EUR,127529.8,,2026-07-21T11:00:00+0200
FR,France,2024,P51G,Gross fixed capital formation,PC_GDP,4.3,,2026-07-21T11:00:00+0200
FR,France,2024,TE,Total general government expenditure,MIO_EUR,1672708.2,,2026-07-21T11:00:00+0200
FR,France,2024,TE,Total general government expenditure,PC_GDP,57,,2026-07-21T11:00:00+0200
FR,France,2024,TR,Total general government revenue,MIO_EUR,1503590.1,,2026-07-21T11:00:00+0200
FR,France,2024,TR,Total general government revenue,PC_GDP,51.2,,2026-07-21T11:00:00+0200
FR,France,2025,B9,Net lending (+)/net borrowing (-),MIO_EUR,-152511.1,,2026-07-21T11:00:00+0200
FR,France,2025,B9,Net lending (+)/net borrowing (-),PC_GDP,-5.1,,2026-07-21T11:00:00+0200
FR,France,2025,D1PAY,"Compensation of employees, expenditure",MIO_EUR,370016,,2026-07-21T11:00:00+0200
FR,France,2025,D1PAY,"Compensation of employees, expenditure",PC_GDP,12.4,,2026-07-21T11:00:00+0200
FR,France,2025,D2REC,"Taxes on production and imports, revenue",MIO_EUR,470392,,2026-07-21T11:00:00+0200
FR,France,2025,D2REC,"Taxes on production and imports, revenue",PC_GDP,15.7,,2026-07-21T11:00:00+0200
FR,France,2025,D3PAY,"Subsidies, expenditure",MIO_EUR,56516,,2026-07-21T11:00:00+0200
FR,France,2025,D3PAY,"Subsidies, expenditure",PC_GDP,1.9,,2026-07-21T11:00:00+0200
FR,France,2025,D41PAY,"Interest, expenditure",MIO_EUR,66635.9,,2026-07-21T11:00:00+0200
FR,France,2025,D41PAY,"Interest, expenditure",PC_GDP,2.2,,2026-07-21T11:00:00+0200
FR,France,2025,D5REC,"Current taxes on income, wealth, etc., revenue",MIO_EUR,389922,,2026-07-21T11:00:00+0200
FR,France,2025,D5REC,"Current taxes on income, wealth, etc., revenue",PC_GDP,13,,2026-07-21T11:00:00+0200
FR,France,2025,D61REC,"Net social contributions, revenue",MIO_EUR,498736,,2026-07-21T11:00:00+0200
FR,France,2025,D61REC,"Net social contributions, revenue",PC_GDP,16.7,,2026-07-21T11:00:00+0200
FR,France,2025,D62PAY,"Social benefits other than social transfers in kind, expenditure",MIO_EUR,579542.3,,2026-07-21T11:00:00+0200
FR,France,2025,D62PAY,"Social benefits other than social transfers in kind, expenditure",PC_GDP,19.4,,2026-07-21T11:00:00+0200
FR,France,2025,D632PAY,"Social transfers in kind, purchased market production, expenditure",MIO_EUR,191496.7,,2026-07-21T11:00:00+0200
FR,France,2025,D632PAY,"Social transfers in kind, purchased market production, expenditure",PC_GDP,6.4,,2026-07-21T11:00:00+0200
FR,France,2025,D91REC,"Capital taxes, revenue",MIO_EUR,21681,,2026-07-21T11:00:00+0200
FR,France,2025,D91REC,"Capital taxes, revenue",PC_GDP,0.7,,2026-07-21T11:00:00+0200
FR,France,2025,D995REC,Capital transfers from general government to relevant sectors representing taxes and social contributions assessed but unlikely to be collected,MIO_EUR,6675,,2026-07-21T11:00:00+0200
FR,France,2025,D995REC,Capital transfers from general government to relevant sectors representing taxes and social contributions assessed but unlikely to be collected,PC_GDP,0.2,,2026-07-21T11:00:00+0200
FR,France,2025,P2,Intermediate consumption,MIO_EUR,162994.5,,2026-07-21T11:00:00+0200
FR,France,2025,P2,Intermediate consumption,PC_GDP,5.4,,2026-07-21T11:00:00+0200
FR,France,2025,P51G,Gross fixed capital formation,MIO_EUR,131648.8,,2026-07-21T11:00:00+0200
FR,France,2025,P51G,Gross fixed capital formation,PC_GDP,4.4,,2026-07-21T11:00:00+0200
FR,France,2025,TE,Total general government expenditure,MIO_EUR,1714137.2,,2026-07-21T11:00:00+0200
FR,France,2025,TE,Total general government expenditure,PC_GDP,57.2,,2026-07-21T11:00:00+0200
FR,France,2025,TR,Total general government revenue,MIO_EUR,1561626.1,,2026-07-21T11:00:00+0200
FR,France,2025,TR,Total general government revenue,PC_GDP,52.1,,2026-07-21T11:00:00+0200
IT,Italy,1975,B9,Net lending (+)/net borrowing (-),MIO_EUR,,,2026-07-21T11:00:00+0200
IT,Italy,1975,B9,Net lending (+)/net borrowing (-),PC_GDP,,,2026-07-21T11:00:00+0200
IT,Italy,1975,D1PAY,"Compensation of employees, expenditure",MIO_EUR,,,2026-07-21T11:00:00+0200
IT,Italy,1975,D1PAY,"Compensation of employees, expenditure",PC_GDP,,,2026-07-21T11:00:00+0200
IT,Italy,1975,D2REC,"Taxes on production and imports, revenue",MIO_EUR,,,2026-07-21T11:00:00+0200
IT,Italy,1975,D2REC,"Taxes on production and imports, revenue",PC_GDP,,,2026-07-21T11:00:00+0200
IT,Italy,1975,D3PAY,"Subsidies, expenditure",MIO_EUR,,,2026-07-21T11:00:00+0200
IT,Italy,1975,D3PAY,"Subsidies, expenditure",PC_GDP,,,2026-07-21T11:00:00+0200
IT,Italy,1975,D41PAY,"Interest, expenditure",MIO_EUR,,,2026-07-21T11:00:00+0200
IT,Italy,1975,D41PAY,"Interest, expenditure",PC_GDP,,,2026-07-21T11:00:00+0200
IT,Italy,1975,D5REC,"Current taxes on income, wealth, etc., revenue",MIO_EUR,,,2026-07-21T11:00:00+0200
IT,Italy,1975,D5REC,"Current taxes on income, wealth, etc., revenue",PC_GDP,,,2026-07-21T11:00:00+0200
IT,Italy,1975,D61REC,"Net social contributions, revenue",MIO_EUR,,,2026-07-21T11:00:00+0200
IT,Italy,1975,D61REC,"Net social contributions, revenue",PC_GDP,,,2026-07-21T11:00:00+0200
IT,Italy,1975,D62PAY,"Social benefits other than social transfers in kind, expenditure",MIO_EUR,,,2026-07-21T11:00:00+0200
IT,Italy,1975,D62PAY,"Social benefits other than social transfers in kind, expenditure",PC_GDP,,,2026-07-21T11:00:00+0200
IT,Italy,1975,D632PAY,"Social transfers in kind, purchased market production, expenditure",MIO_EUR,,,2026-07-21T11:00:00+0200
IT,Italy,1975,D632PAY,"Social transfers in kind, purchased market production, expenditure",PC_GDP,,,2026-07-21T11:00:00+0200
IT,Italy,1975,D91REC,"Capital taxes, revenue",MIO_EUR,,,2026-07-21T11:00:00+0200
IT,Italy,1975,D91REC,"Capital taxes, revenue",PC_GDP,,,2026-07-21T11:00:00+0200
IT,Italy,1975,D995REC,Capital transfers from general government to relevant sectors representing taxes and social contributions assessed but unlikely to be collected,MIO_EUR,,,2026-07-21T11:00:00+0200
IT,Italy,1975,D995REC,Capital transfers from general government to relevant sectors representing taxes and social contributions assessed but unlikely to be collected,PC_GDP,,,2026-07-21T11:00:00+0200
IT,Italy,1975,P2,Intermediate consumption,MIO_EUR,,,2026-07-21T11:00:00+0200
IT,Italy,1975,P2,Intermediate consumption,PC_GDP,,,2026-07-21T11:00:00+0200
IT,Italy,1975,P51G,Gross fixed capital formation,MIO_EUR,,,2026-07-21T11:00:00+0200
IT,Italy,1975,P51G,Gross fixed capital formation,PC_GDP,,,2026-07-21T11:00:00+0200
IT,Italy,1975,TE,Total general government expenditure,MIO_EUR,,,2026-07-21T11:00:00+0200
IT,Italy,1975,TE,Total general government expenditure,PC_GDP,,,2026-07-21T11:00:00+0200
IT,Italy,1975,TR,Total general government revenue,MIO_EUR,,,2026-07-21T11:00:00+0200
IT,Italy,1975,TR,Total general government revenue,PC_GDP,,,2026-07-21T11:00:00+0200
IT,Italy,1976,B9,Net lending (+)/net borrowing (-),MIO_EUR,,,2026-07-21T11:00:00+0200
IT,Italy,1976,B9,Net lending (+)/net borrowing (-),PC_GDP,,,2026-07-21T11:00:00+0200
IT,Italy,1976,D1PAY,"Compensation of employees, expenditure",MIO_EUR,,,2026-07-21T11:00:00+0200
IT,Italy,1976,D1PAY,"Compensation of employees, expenditure",PC_GDP,,,2026-07-21T11:00:00+0200
IT,Italy,1976,D2REC,"Taxes on production and imports, revenue",MIO_EUR,,,2026-07-21T11:00:00+0200
IT,Italy,1976,D2REC,"Taxes on production and imports, revenue",PC_GDP,,,2026-07-21T11:00:00+0200
IT,Italy,1976,D3PAY,"Subsidies, expenditure",MIO_EUR,,,2026-07-21T11:00:00+0200
IT,Italy,1976,D3PAY,"Subsidies, expenditure",PC_GDP,,,2026-07-21T11:00:00+0200
IT,Italy,1976,D41PAY,"Interest, expenditure",MIO_EUR,,,2026-07-21T11:00:00+0200
IT,Italy,1976,D41PAY,"Interest, expenditure",PC_GDP,,,2026-07-21T11:00:00+0200
IT,Italy,1976,D5REC,"Current taxes on income, wealth, etc., revenue",MIO_EUR,,,2026-07-21T11:00:00+0200
IT,Italy,1976,D5REC,"Current taxes on income, wealth, etc., revenue",PC_GDP,,,2026-07-21T11:00:00+0200
IT,Italy,1976,D61REC,"Net social contributions, revenue",MIO_EUR,,,2026-07-21T11:00:00+0200
IT,Italy,1976,D61REC,"Net social contributions, revenue",PC_GDP,,,2026-07-21T11:00:00+0200
IT,Italy,1976,D62PAY,"Social benefits other than social transfers in kind, expenditure",MIO_EUR,,,2026-07-21T11:00:00+0200
IT,Italy,1976,D62PAY,"Social benefits other than social transfers in kind, expenditure",PC_GDP,,,2026-07-21T11:00:00+0200
IT,Italy,1976,D632PAY,"Social transfers in kind, purchased market production, expenditure",MIO_EUR,,,2026-07-21T11:00:00+0200
IT,Italy,1976,D632PAY,"Social transfers in kind, purchased market production, expenditure",PC_GDP,,,2026-07-21T11:00:00+0200
IT,Italy,1976,D91REC,"Capital taxes, revenue",MIO_EUR,,,2026-07-21T11:00:00+0200
IT,Italy,1976,D91REC,"Capital taxes, revenue",PC_GDP,,,2026-07-21T11:00:00+0200
IT,Italy,1976,D995REC,Capital transfers from general government to relevant sectors representing taxes and social contributions assessed but unlikely to be collected,MIO_EUR,,,2026-07-21T11:00:00+0200
IT,Italy,1976,D995REC,Capital transfers from general government to relevant sectors representing taxes and social contributions assessed but unlikely to be collected,PC_GDP,,,2026-07-21T11:00:00+0200
IT,Italy,1976,P2,Intermediate consumption,MIO_EUR,,,2026-07-21T11:00:00+0200
IT,Italy,1976,P2,Intermediate consumption,PC_GDP,,,2026-07-21T11:00:00+0200
IT,Italy,1976,P51G,Gross fixed capital formation,MIO_EUR,,,2026-07-21T11:00:00+0200
IT,Italy,1976,P51G,Gross fixed capital formation,PC_GDP,,,2026-07-21T11:00:00+0200
IT,Italy,1976,TE,Total general government expenditure,MIO_EUR,,,2026-07-21T11:00:00+0200
IT,Italy,1976,TE,Total general government expenditure,PC_GDP,,,2026-07-21T11:00:00+0200
IT,Italy,1976,TR,Total general government revenue,MIO_EUR,,,2026-07-21T11:00:00+0200
IT,Italy,1976,TR,Total general government revenue,PC_GDP,,,2026-07-21T11:00:00+0200
IT,Italy,1977,B9,Net lending (+)/net borrowing (-),MIO_EUR,,,2026-07-21T11:00:00+0200
IT,Italy,1977,B9,Net lending (+)/net borrowing (-),PC_GDP,,,2026-07-21T11:00:00+0200
IT,Italy,1977,D1PAY,"Compensation of employees, expenditure",MIO_EUR,,,2026-07-21T11:00:00+0200
IT,Italy,1977,D1PAY,"Compensation of employees, expenditure",PC_GDP,,,2026-07-21T11:00:00+0200
IT,Italy,1977,D2REC,"Taxes on production and imports, revenue",MIO_EUR,,,2026-07-21T11:00:00+0200
IT,Italy,1977,D2REC,"Taxes on production and imports, revenue",PC_GDP,,,2026-07-21T11:00:00+0200
IT,Italy,1977,D3PAY,"Subsidies, expenditure",MIO_EUR,,,2026-07-21T11:00:00+0200
IT,Italy,1977,D3PAY,"Subsidies, expenditure",PC_GDP,,,2026-07-21T11:00:00+0200
IT,Italy,1977,D41PAY,"Interest, expenditure",MIO_EUR,,,2026-07-21T11:00:00+0200
IT,Italy,1977,D41PAY,"Interest, expenditure",PC_GDP,,,2026-07-21T11:00:00+0200
IT,Italy,1977,D5REC,"Current taxes on income, wealth, etc., revenue",MIO_EUR,,,2026-07-21T11:00:00+0200
IT,Italy,1977,D5REC,"Current taxes on income, wealth, etc., revenue",PC_GDP,,,2026-07-21T11:00:00+0200
IT,Italy,1977,D61REC,"Net social contributions, revenue",MIO_EUR,,,2026-07-21T11:00:00+0200
IT,Italy,1977,D61REC,"Net social contributions, revenue",PC_GDP,,,2026-07-21T11:00:00+0200
IT,Italy,1977,D62PAY,"Social benefits other than social transfers in kind, expenditure",MIO_EUR,,,2026-07-21T11:00:00+0200
IT,Italy,1977,D62PAY,"Social benefits other than social transfers in kind, expenditure",PC_GDP,,,2026-07-21T11:00:00+0200
IT,Italy,1977,D632PAY,"Social transfers in kind, purchased market production, expenditure",MIO_EUR,,,2026-07-21T11:00:00+0200
IT,Italy,1977,D632PAY,"Social transfers in kind, purchased market production, expenditure",PC_GDP,,,2026-07-21T11:00:00+0200
IT,Italy,1977,D91REC,"Capital taxes, revenue",MIO_EUR,,,2026-07-21T11:00:00+0200
IT,Italy,1977,D91REC,"Capital taxes, revenue",PC_GDP,,,2026-07-21T11:00:00+0200
IT,Italy,1977,D995REC,Capital transfers from general government to relevant sectors representing taxes and social contributions assessed but unlikely to be collected,MIO_EUR,,,2026-07-21T11:00:00+0200
IT,Italy,1977,D995REC,Capital transfers from general government to relevant sectors representing taxes and social contributions assessed but unlikely to be collected,PC_GDP,,,2026-07-21T11:00:00+0200
IT,Italy,1977,P2,Intermediate consumption,MIO_EUR,,,2026-07-21T11:00:00+0200
IT,Italy,1977,P2,Intermediate consumption,PC_GDP,,,2026-07-21T11:00:00+0200
IT,Italy,1977,P51G,Gross fixed capital formation,MIO_EUR,,,2026-07-21T11:00:00+0200
IT,Italy,1977,P51G,Gross fixed capital formation,PC_GDP,,,2026-07-21T11:00:00+0200
IT,Italy,1977,TE,Total general government expenditure,MIO_EUR,,,2026-07-21T11:00:00+0200
IT,Italy,1977,TE,Total general government expenditure,PC_GDP,,,2026-07-21T11:00:00+0200
IT,Italy,1977,TR,Total general government revenue,MIO_EUR,,,2026-07-21T11:00:00+0200
IT,Italy,1977,TR,Total general government revenue,PC_GDP,,,2026-07-21T11:00:00+0200
IT,Italy,1978,B9,Net lending (+)/net borrowing (-),MIO_EUR,,,2026-07-21T11:00:00+0200
IT,Italy,1978,B9,Net lending (+)/net borrowing (-),PC_GDP,,,2026-07-21T11:00:00+0200
IT,Italy,1978,D1PAY,"Compensation of employees, expenditure",MIO_EUR,,,2026-07-21T11:00:00+0200
IT,Italy,1978,D1PAY,"Compensation of employees, expenditure",PC_GDP,,,2026-07-21T11:00:00+0200
IT,Italy,1978,D2REC,"Taxes on production and imports, revenue",MIO_EUR,,,2026-07-21T11:00:00+0200
IT,Italy,1978,D2REC,"Taxes on production and imports, revenue",PC_GDP,,,2026-07-21T11:00:00+0200
IT,Italy,1978,D3PAY,"Subsidies, expenditure",MIO_EUR,,,2026-07-21T11:00:00+0200
IT,Italy,1978,D3PAY,"Subsidies, expenditure",PC_GDP,,,2026-07-21T11:00:00+0200
IT,Italy,1978,D41PAY,"Interest, expenditure",MIO_EUR,,,2026-07-21T11:00:00+0200
IT,Italy,1978,D41PAY,"Interest, expenditure",PC_GDP,,,2026-07-21T11:00:00+0200
IT,Italy,1978,D5REC,"Current taxes on income, wealth, etc., revenue",MIO_EUR,,,2026-07-21T11:00:00+0200
IT,Italy,1978,D5REC,"Current taxes on income, wealth, etc., revenue",PC_GDP,,,2026-07-21T11:00:00+0200
IT,Italy,1978,D61REC,"Net social contributions, revenue",MIO_EUR,,,2026-07-21T11:00:00+0200
IT,Italy,1978,D61REC,"Net social contributions, revenue",PC_GDP,,,2026-07-21T11:00:00+0200
IT,Italy,1978,D62PAY,"Social benefits other than social transfers in kind, expenditure",MIO_EUR,,,2026-07-21T11:00:00+0200
IT,Italy,1978,D62PAY,"Social benefits other than social transfers in kind, expenditure",PC_GDP,,,2026-07-21T11:00:00+0200
IT,Italy,1978,D632PAY,"Social transfers in kind, purchased market production, expenditure",MIO_EUR,,,2026-07-21T11:00:00+0200
IT,Italy,1978,D632PAY,"Social transfers in kind, purchased market production, expenditure",PC_GDP,,,2026-07-21T11:00:00+0200
IT,Italy,1978,D91REC,"Capital taxes, revenue",MIO_EUR,,,2026-07-21T11:00:00+0200
IT,Italy,1978,D91REC,"Capital taxes, revenue",PC_GDP,,,2026-07-21T11:00:00+0200
IT,Italy,1978,D995REC,Capital transfers from general government to relevant sectors representing taxes and social contributions assessed but unlikely to be collected,MIO_EUR,,,2026-07-21T11:00:00+0200
IT,Italy,1978,D995REC,Capital transfers from general government to relevant sectors representing taxes and social contributions assessed but unlikely to be collected,PC_GDP,,,2026-07-21T11:00:00+0200
IT,Italy,1978,P2,Intermediate consumption,MIO_EUR,,,2026-07-21T11:00:00+0200
IT,Italy,1978,P2,Intermediate consumption,PC_GDP,,,2026-07-21T11:00:00+0200
IT,Italy,1978,P51G,Gross fixed capital formation,MIO_EUR,,,2026-07-21T11:00:00+0200
IT,Italy,1978,P51G,Gross fixed capital formation,PC_GDP,,,2026-07-21T11:00:00+0200
IT,Italy,1978,TE,Total general government expenditure,MIO_EUR,,,2026-07-21T11:00:00+0200
IT,Italy,1978,TE,Total general government expenditure,PC_GDP,,,2026-07-21T11:00:00+0200
IT,Italy,1978,TR,Total general government revenue,MIO_EUR,,,2026-07-21T11:00:00+0200
IT,Italy,1978,TR,Total general government revenue,PC_GDP,,,2026-07-21T11:00:00+0200
IT,Italy,1979,B9,Net lending (+)/net borrowing (-),MIO_EUR,,,2026-07-21T11:00:00+0200
IT,Italy,1979,B9,Net lending (+)/net borrowing (-),PC_GDP,,,2026-07-21T11:00:00+0200
IT,Italy,1979,D1PAY,"Compensation of employees, expenditure",MIO_EUR,,,2026-07-21T11:00:00+0200
IT,Italy,1979,D1PAY,"Compensation of employees, expenditure",PC_GDP,,,2026-07-21T11:00:00+0200
IT,Italy,1979,D2REC,"Taxes on production and imports, revenue",MIO_EUR,,,2026-07-21T11:00:00+0200
IT,Italy,1979,D2REC,"Taxes on production and imports, revenue",PC_GDP,,,2026-07-21T11:00:00+0200
IT,Italy,1979,D3PAY,"Subsidies, expenditure",MIO_EUR,,,2026-07-21T11:00:00+0200
IT,Italy,1979,D3PAY,"Subsidies, expenditure",PC_GDP,,,2026-07-21T11:00:00+0200
IT,Italy,1979,D41PAY,"Interest, expenditure",MIO_EUR,,,2026-07-21T11:00:00+0200
IT,Italy,1979,D41PAY,"Interest, expenditure",PC_GDP,,,2026-07-21T11:00:00+0200
IT,Italy,1979,D5REC,"Current taxes on income, wealth, etc., revenue",MIO_EUR,,,2026-07-21T11:00:00+0200
IT,Italy,1979,D5REC,"Current taxes on income, wealth, etc., revenue",PC_GDP,,,2026-07-21T11:00:00+0200
IT,Italy,1979,D61REC,"Net social contributions, revenue",MIO_EUR,,,2026-07-21T11:00:00+0200
IT,Italy,1979,D61REC,"Net social contributions, revenue",PC_GDP,,,2026-07-21T11:00:00+0200
IT,Italy,1979,D62PAY,"Social benefits other than social transfers in kind, expenditure",MIO_EUR,,,2026-07-21T11:00:00+0200
IT,Italy,1979,D62PAY,"Social benefits other than social transfers in kind, expenditure",PC_GDP,,,2026-07-21T11:00:00+0200
IT,Italy,1979,D632PAY,"Social transfers in kind, purchased market production, expenditure",MIO_EUR,,,2026-07-21T11:00:00+0200
IT,Italy,1979,D632PAY,"Social transfers in kind, purchased market production, expenditure",PC_GDP,,,2026-07-21T11:00:00+0200
IT,Italy,1979,D91REC,"Capital taxes, revenue",MIO_EUR,,,2026-07-21T11:00:00+0200
IT,Italy,1979,D91REC,"Capital taxes, revenue",PC_GDP,,,2026-07-21T11:00:00+0200
IT,Italy,1979,D995REC,Capital transfers from general government to relevant sectors representing taxes and social contributions assessed but unlikely to be collected,MIO_EUR,,,2026-07-21T11:00:00+0200
IT,Italy,1979,D995REC,Capital transfers from general government to relevant sectors representing taxes and social contributions assessed but unlikely to be collected,PC_GDP,,,2026-07-21T11:00:00+0200
IT,Italy,1979,P2,Intermediate consumption,MIO_EUR,,,2026-07-21T11:00:00+0200
IT,Italy,1979,P2,Intermediate consumption,PC_GDP,,,2026-07-21T11:00:00+0200
IT,Italy,1979,P51G,Gross fixed capital formation,MIO_EUR,,,2026-07-21T11:00:00+0200
IT,Italy,1979,P51G,Gross fixed capital formation,PC_GDP,,,2026-07-21T11:00:00+0200
IT,Italy,1979,TE,Total general government expenditure,MIO_EUR,,,2026-07-21T11:00:00+0200
IT,Italy,1979,TE,Total general government expenditure,PC_GDP,,,2026-07-21T11:00:00+0200
IT,Italy,1979,TR,Total general government revenue,MIO_EUR,,,2026-07-21T11:00:00+0200
IT,Italy,1979,TR,Total general government revenue,PC_GDP,,,2026-07-21T11:00:00+0200
IT,Italy,1980,B9,Net lending (+)/net borrowing (-),MIO_EUR,,,2026-07-21T11:00:00+0200
IT,Italy,1980,B9,Net lending (+)/net borrowing (-),PC_GDP,,,2026-07-21T11:00:00+0200
IT,Italy,1980,D1PAY,"Compensation of employees, expenditure",MIO_EUR,,,2026-07-21T11:00:00+0200
IT,Italy,1980,D1PAY,"Compensation of employees, expenditure",PC_GDP,,,2026-07-21T11:00:00+0200
IT,Italy,1980,D2REC,"Taxes on production and imports, revenue",MIO_EUR,,,2026-07-21T11:00:00+0200
IT,Italy,1980,D2REC,"Taxes on production and imports, revenue",PC_GDP,,,2026-07-21T11:00:00+0200
IT,Italy,1980,D3PAY,"Subsidies, expenditure",MIO_EUR,,,2026-07-21T11:00:00+0200
IT,Italy,1980,D3PAY,"Subsidies, expenditure",PC_GDP,,,2026-07-21T11:00:00+0200
IT,Italy,1980,D41PAY,"Interest, expenditure",MIO_EUR,,,2026-07-21T11:00:00+0200
IT,Italy,1980,D41PAY,"Interest, expenditure",PC_GDP,,,2026-07-21T11:00:00+0200
IT,Italy,1980,D5REC,"Current taxes on income, wealth, etc., revenue",MIO_EUR,,,2026-07-21T11:00:00+0200
IT,Italy,1980,D5REC,"Current taxes on income, wealth, etc., revenue",PC_GDP,,,2026-07-21T11:00:00+0200
IT,Italy,1980,D61REC,"Net social contributions, revenue",MIO_EUR,,,2026-07-21T11:00:00+0200
IT,Italy,1980,D61REC,"Net social contributions, revenue",PC_GDP,,,2026-07-21T11:00:00+0200
IT,Italy,1980,D62PAY,"Social benefits other than social transfers in kind, expenditure",MIO_EUR,,,2026-07-21T11:00:00+0200
IT,Italy,1980,D62PAY,"Social benefits other than social transfers in kind, expenditure",PC_GDP,,,2026-07-21T11:00:00+0200
IT,Italy,1980,D632PAY,"Social transfers in kind, purchased market production, expenditure",MIO_EUR,,,2026-07-21T11:00:00+0200
IT,Italy,1980,D632PAY,"Social transfers in kind, purchased market production, expenditure",PC_GDP,,,2026-07-21T11:00:00+0200
IT,Italy,1980,D91REC,"Capital taxes, revenue",MIO_EUR,,,2026-07-21T11:00:00+0200
IT,Italy,1980,D91REC,"Capital taxes, revenue",PC_GDP,,,2026-07-21T11:00:00+0200
IT,Italy,1980,D995REC,Capital transfers from general government to relevant sectors representing taxes and social contributions assessed but unlikely to be collected,MIO_EUR,,,2026-07-21T11:00:00+0200
IT,Italy,1980,D995REC,Capital transfers from general government to relevant sectors representing taxes and social contributions assessed but unlikely to be collected,PC_GDP,,,2026-07-21T11:00:00+0200
IT,Italy,1980,P2,Intermediate consumption,MIO_EUR,,,2026-07-21T11:00:00+0200
IT,Italy,1980,P2,Intermediate consumption,PC_GDP,,,2026-07-21T11:00:00+0200
IT,Italy,1980,P51G,Gross fixed capital formation,MIO_EUR,,,2026-07-21T11:00:00+0200
IT,Italy,1980,P51G,Gross fixed capital formation,PC_GDP,,,2026-07-21T11:00:00+0200
IT,Italy,1980,TE,Total general government expenditure,MIO_EUR,,,2026-07-21T11:00:00+0200
IT,Italy,1980,TE,Total general government expenditure,PC_GDP,,,2026-07-21T11:00:00+0200
IT,Italy,1980,TR,Total general government revenue,MIO_EUR,,,2026-07-21T11:00:00+0200
IT,Italy,1980,TR,Total general government revenue,PC_GDP,,,2026-07-21T11:00:00+0200
IT,Italy,1981,B9,Net lending (+)/net borrowing (-),MIO_EUR,,,2026-07-21T11:00:00+0200
IT,Italy,1981,B9,Net lending (+)/net borrowing (-),PC_GDP,,,2026-07-21T11:00:00+0200
IT,Italy,1981,D1PAY,"Compensation of employees, expenditure",MIO_EUR,,,2026-07-21T11:00:00+0200
IT,Italy,1981,D1PAY,"Compensation of employees, expenditure",PC_GDP,,,2026-07-21T11:00:00+0200
IT,Italy,1981,D2REC,"Taxes on production and imports, revenue",MIO_EUR,,,2026-07-21T11:00:00+0200
IT,Italy,1981,D2REC,"Taxes on production and imports, revenue",PC_GDP,,,2026-07-21T11:00:00+0200
IT,Italy,1981,D3PAY,"Subsidies, expenditure",MIO_EUR,,,2026-07-21T11:00:00+0200
IT,Italy,1981,D3PAY,"Subsidies, expenditure",PC_GDP,,,2026-07-21T11:00:00+0200
IT,Italy,1981,D41PAY,"Interest, expenditure",MIO_EUR,,,2026-07-21T11:00:00+0200
IT,Italy,1981,D41PAY,"Interest, expenditure",PC_GDP,,,2026-07-21T11:00:00+0200
IT,Italy,1981,D5REC,"Current taxes on income, wealth, etc., revenue",MIO_EUR,,,2026-07-21T11:00:00+0200
IT,Italy,1981,D5REC,"Current taxes on income, wealth, etc., revenue",PC_GDP,,,2026-07-21T11:00:00+0200
IT,Italy,1981,D61REC,"Net social contributions, revenue",MIO_EUR,,,2026-07-21T11:00:00+0200
IT,Italy,1981,D61REC,"Net social contributions, revenue",PC_GDP,,,2026-07-21T11:00:00+0200
IT,Italy,1981,D62PAY,"Social benefits other than social transfers in kind, expenditure",MIO_EUR,,,2026-07-21T11:00:00+0200
IT,Italy,1981,D62PAY,"Social benefits other than social transfers in kind, expenditure",PC_GDP,,,2026-07-21T11:00:00+0200
IT,Italy,1981,D632PAY,"Social transfers in kind, purchased market production, expenditure",MIO_EUR,,,2026-07-21T11:00:00+0200
IT,Italy,1981,D632PAY,"Social transfers in kind, purchased market production, expenditure",PC_GDP,,,2026-07-21T11:00:00+0200
IT,Italy,1981,D91REC,"Capital taxes, revenue",MIO_EUR,,,2026-07-21T11:00:00+0200
IT,Italy,1981,D91REC,"Capital taxes, revenue",PC_GDP,,,2026-07-21T11:00:00+0200
IT,Italy,1981,D995REC,Capital transfers from general government to relevant sectors representing taxes and social contributions assessed but unlikely to be collected,MIO_EUR,,,2026-07-21T11:00:00+0200
IT,Italy,1981,D995REC,Capital transfers from general government to relevant sectors representing taxes and social contributions assessed but unlikely to be collected,PC_GDP,,,2026-07-21T11:00:00+0200
IT,Italy,1981,P2,Intermediate consumption,MIO_EUR,,,2026-07-21T11:00:00+0200
IT,Italy,1981,P2,Intermediate consumption,PC_GDP,,,2026-07-21T11:00:00+0200
IT,Italy,1981,P51G,Gross fixed capital formation,MIO_EUR,,,2026-07-21T11:00:00+0200
IT,Italy,1981,P51G,Gross fixed capital formation,PC_GDP,,,2026-07-21T11:00:00+0200
IT,Italy,1981,TE,Total general government expenditure,MIO_EUR,,,2026-07-21T11:00:00+0200
IT,Italy,1981,TE,Total general government expenditure,PC_GDP,,,2026-07-21T11:00:00+0200
IT,Italy,1981,TR,Total general government revenue,MIO_EUR,,,2026-07-21T11:00:00+0200
IT,Italy,1981,TR,Total general government revenue,PC_GDP,,,2026-07-21T11:00:00+0200
IT,Italy,1982,B9,Net lending (+)/net borrowing (-),MIO_EUR,,,2026-07-21T11:00:00+0200
IT,Italy,1982,B9,Net lending (+)/net borrowing (-),PC_GDP,,,2026-07-21T11:00:00+0200
IT,Italy,1982,D1PAY,"Compensation of employees, expenditure",MIO_EUR,,,2026-07-21T11:00:00+0200
IT,Italy,1982,D1PAY,"Compensation of employees, expenditure",PC_GDP,,,2026-07-21T11:00:00+0200
IT,Italy,1982,D2REC,"Taxes on production and imports, revenue",MIO_EUR,,,2026-07-21T11:00:00+0200
IT,Italy,1982,D2REC,"Taxes on production and imports, revenue",PC_GDP,,,2026-07-21T11:00:00+0200
IT,Italy,1982,D3PAY,"Subsidies, expenditure",MIO_EUR,,,2026-07-21T11:00:00+0200
IT,Italy,1982,D3PAY,"Subsidies, expenditure",PC_GDP,,,2026-07-21T11:00:00+0200
IT,Italy,1982,D41PAY,"Interest, expenditure",MIO_EUR,,,2026-07-21T11:00:00+0200
IT,Italy,1982,D41PAY,"Interest, expenditure",PC_GDP,,,2026-07-21T11:00:00+0200
IT,Italy,1982,D5REC,"Current taxes on income, wealth, etc., revenue",MIO_EUR,,,2026-07-21T11:00:00+0200
IT,Italy,1982,D5REC,"Current taxes on income, wealth, etc., revenue",PC_GDP,,,2026-07-21T11:00:00+0200
IT,Italy,1982,D61REC,"Net social contributions, revenue",MIO_EUR,,,2026-07-21T11:00:00+0200
IT,Italy,1982,D61REC,"Net social contributions, revenue",PC_GDP,,,2026-07-21T11:00:00+0200
IT,Italy,1982,D62PAY,"Social benefits other than social transfers in kind, expenditure",MIO_EUR,,,2026-07-21T11:00:00+0200
IT,Italy,1982,D62PAY,"Social benefits other than social transfers in kind, expenditure",PC_GDP,,,2026-07-21T11:00:00+0200
IT,Italy,1982,D632PAY,"Social transfers in kind, purchased market production, expenditure",MIO_EUR,,,2026-07-21T11:00:00+0200
IT,Italy,1982,D632PAY,"Social transfers in kind, purchased market production, expenditure",PC_GDP,,,2026-07-21T11:00:00+0200
IT,Italy,1982,D91REC,"Capital taxes, revenue",MIO_EUR,,,2026-07-21T11:00:00+0200
IT,Italy,1982,D91REC,"Capital taxes, revenue",PC_GDP,,,2026-07-21T11:00:00+0200
IT,Italy,1982,D995REC,Capital transfers from general government to relevant sectors representing taxes and social contributions assessed but unlikely to be collected,MIO_EUR,,,2026-07-21T11:00:00+0200
IT,Italy,1982,D995REC,Capital transfers from general government to relevant sectors representing taxes and social contributions assessed but unlikely to be collected,PC_GDP,,,2026-07-21T11:00:00+0200
IT,Italy,1982,P2,Intermediate consumption,MIO_EUR,,,2026-07-21T11:00:00+0200
IT,Italy,1982,P2,Intermediate consumption,PC_GDP,,,2026-07-21T11:00:00+0200
IT,Italy,1982,P51G,Gross fixed capital formation,MIO_EUR,,,2026-07-21T11:00:00+0200
IT,Italy,1982,P51G,Gross fixed capital formation,PC_GDP,,,2026-07-21T11:00:00+0200
IT,Italy,1982,TE,Total general government expenditure,MIO_EUR,,,2026-07-21T11:00:00+0200
IT,Italy,1982,TE,Total general government expenditure,PC_GDP,,,2026-07-21T11:00:00+0200
IT,Italy,1982,TR,Total general government revenue,MIO_EUR,,,2026-07-21T11:00:00+0200
IT,Italy,1982,TR,Total general government revenue,PC_GDP,,,2026-07-21T11:00:00+0200
IT,Italy,1983,B9,Net lending (+)/net borrowing (-),MIO_EUR,,,2026-07-21T11:00:00+0200
IT,Italy,1983,B9,Net lending (+)/net borrowing (-),PC_GDP,,,2026-07-21T11:00:00+0200
IT,Italy,1983,D1PAY,"Compensation of employees, expenditure",MIO_EUR,,,2026-07-21T11:00:00+0200
IT,Italy,1983,D1PAY,"Compensation of employees, expenditure",PC_GDP,,,2026-07-21T11:00:00+0200
IT,Italy,1983,D2REC,"Taxes on production and imports, revenue",MIO_EUR,,,2026-07-21T11:00:00+0200
IT,Italy,1983,D2REC,"Taxes on production and imports, revenue",PC_GDP,,,2026-07-21T11:00:00+0200
IT,Italy,1983,D3PAY,"Subsidies, expenditure",MIO_EUR,,,2026-07-21T11:00:00+0200
IT,Italy,1983,D3PAY,"Subsidies, expenditure",PC_GDP,,,2026-07-21T11:00:00+0200
IT,Italy,1983,D41PAY,"Interest, expenditure",MIO_EUR,,,2026-07-21T11:00:00+0200
IT,Italy,1983,D41PAY,"Interest, expenditure",PC_GDP,,,2026-07-21T11:00:00+0200
IT,Italy,1983,D5REC,"Current taxes on income, wealth, etc., revenue",MIO_EUR,,,2026-07-21T11:00:00+0200
IT,Italy,1983,D5REC,"Current taxes on income, wealth, etc., revenue",PC_GDP,,,2026-07-21T11:00:00+0200
IT,Italy,1983,D61REC,"Net social contributions, revenue",MIO_EUR,,,2026-07-21T11:00:00+0200
IT,Italy,1983,D61REC,"Net social contributions, revenue",PC_GDP,,,2026-07-21T11:00:00+0200
IT,Italy,1983,D62PAY,"Social benefits other than social transfers in kind, expenditure",MIO_EUR,,,2026-07-21T11:00:00+0200
IT,Italy,1983,D62PAY,"Social benefits other than social transfers in kind, expenditure",PC_GDP,,,2026-07-21T11:00:00+0200
IT,Italy,1983,D632PAY,"Social transfers in kind, purchased market production, expenditure",MIO_EUR,,,2026-07-21T11:00:00+0200
IT,Italy,1983,D632PAY,"Social transfers in kind, purchased market production, expenditure",PC_GDP,,,2026-07-21T11:00:00+0200
IT,Italy,1983,D91REC,"Capital taxes, revenue",MIO_EUR,,,2026-07-21T11:00:00+0200
IT,Italy,1983,D91REC,"Capital taxes, revenue",PC_GDP,,,2026-07-21T11:00:00+0200
IT,Italy,1983,D995REC,Capital transfers from general government to relevant sectors representing taxes and social contributions assessed but unlikely to be collected,MIO_EUR,,,2026-07-21T11:00:00+0200
IT,Italy,1983,D995REC,Capital transfers from general government to relevant sectors representing taxes and social contributions assessed but unlikely to be collected,PC_GDP,,,2026-07-21T11:00:00+0200
IT,Italy,1983,P2,Intermediate consumption,MIO_EUR,,,2026-07-21T11:00:00+0200
IT,Italy,1983,P2,Intermediate consumption,PC_GDP,,,2026-07-21T11:00:00+0200
IT,Italy,1983,P51G,Gross fixed capital formation,MIO_EUR,,,2026-07-21T11:00:00+0200
IT,Italy,1983,P51G,Gross fixed capital formation,PC_GDP,,,2026-07-21T11:00:00+0200
IT,Italy,1983,TE,Total general government expenditure,MIO_EUR,,,2026-07-21T11:00:00+0200
IT,Italy,1983,TE,Total general government expenditure,PC_GDP,,,2026-07-21T11:00:00+0200
IT,Italy,1983,TR,Total general government revenue,MIO_EUR,,,2026-07-21T11:00:00+0200
IT,Italy,1983,TR,Total general government revenue,PC_GDP,,,2026-07-21T11:00:00+0200
IT,Italy,1984,B9,Net lending (+)/net borrowing (-),MIO_EUR,,,2026-07-21T11:00:00+0200
IT,Italy,1984,B9,Net lending (+)/net borrowing (-),PC_GDP,,,2026-07-21T11:00:00+0200
IT,Italy,1984,D1PAY,"Compensation of employees, expenditure",MIO_EUR,,,2026-07-21T11:00:00+0200
IT,Italy,1984,D1PAY,"Compensation of employees, expenditure",PC_GDP,,,2026-07-21T11:00:00+0200
IT,Italy,1984,D2REC,"Taxes on production and imports, revenue",MIO_EUR,,,2026-07-21T11:00:00+0200
IT,Italy,1984,D2REC,"Taxes on production and imports, revenue",PC_GDP,,,2026-07-21T11:00:00+0200
IT,Italy,1984,D3PAY,"Subsidies, expenditure",MIO_EUR,,,2026-07-21T11:00:00+0200
IT,Italy,1984,D3PAY,"Subsidies, expenditure",PC_GDP,,,2026-07-21T11:00:00+0200
IT,Italy,1984,D41PAY,"Interest, expenditure",MIO_EUR,,,2026-07-21T11:00:00+0200
IT,Italy,1984,D41PAY,"Interest, expenditure",PC_GDP,,,2026-07-21T11:00:00+0200
IT,Italy,1984,D5REC,"Current taxes on income, wealth, etc., revenue",MIO_EUR,,,2026-07-21T11:00:00+0200
IT,Italy,1984,D5REC,"Current taxes on income, wealth, etc., revenue",PC_GDP,,,2026-07-21T11:00:00+0200
IT,Italy,1984,D61REC,"Net social contributions, revenue",MIO_EUR,,,2026-07-21T11:00:00+0200
IT,Italy,1984,D61REC,"Net social contributions, revenue",PC_GDP,,,2026-07-21T11:00:00+0200
IT,Italy,1984,D62PAY,"Social benefits other than social transfers in kind, expenditure",MIO_EUR,,,2026-07-21T11:00:00+0200
IT,Italy,1984,D62PAY,"Social benefits other than social transfers in kind, expenditure",PC_GDP,,,2026-07-21T11:00:00+0200
IT,Italy,1984,D632PAY,"Social transfers in kind, purchased market production, expenditure",MIO_EUR,,,2026-07-21T11:00:00+0200
IT,Italy,1984,D632PAY,"Social transfers in kind, purchased market production, expenditure",PC_GDP,,,2026-07-21T11:00:00+0200
IT,Italy,1984,D91REC,"Capital taxes, revenue",MIO_EUR,,,2026-07-21T11:00:00+0200
IT,Italy,1984,D91REC,"Capital taxes, revenue",PC_GDP,,,2026-07-21T11:00:00+0200
IT,Italy,1984,D995REC,Capital transfers from general government to relevant sectors representing taxes and social contributions assessed but unlikely to be collected,MIO_EUR,,,2026-07-21T11:00:00+0200
IT,Italy,1984,D995REC,Capital transfers from general government to relevant sectors representing taxes and social contributions assessed but unlikely to be collected,PC_GDP,,,2026-07-21T11:00:00+0200
IT,Italy,1984,P2,Intermediate consumption,MIO_EUR,,,2026-07-21T11:00:00+0200
IT,Italy,1984,P2,Intermediate consumption,PC_GDP,,,2026-07-21T11:00:00+0200
IT,Italy,1984,P51G,Gross fixed capital formation,MIO_EUR,,,2026-07-21T11:00:00+0200
IT,Italy,1984,P51G,Gross fixed capital formation,PC_GDP,,,2026-07-21T11:00:00+0200
IT,Italy,1984,TE,Total general government expenditure,MIO_EUR,,,2026-07-21T11:00:00+0200
IT,Italy,1984,TE,Total general government expenditure,PC_GDP,,,2026-07-21T11:00:00+0200
IT,Italy,1984,TR,Total general government revenue,MIO_EUR,,,2026-07-21T11:00:00+0200
IT,Italy,1984,TR,Total general government revenue,PC_GDP,,,2026-07-21T11:00:00+0200
IT,Italy,1985,B9,Net lending (+)/net borrowing (-),MIO_EUR,,,2026-07-21T11:00:00+0200
IT,Italy,1985,B9,Net lending (+)/net borrowing (-),PC_GDP,,,2026-07-21T11:00:00+0200
IT,Italy,1985,D1PAY,"Compensation of employees, expenditure",MIO_EUR,,,2026-07-21T11:00:00+0200
IT,Italy,1985,D1PAY,"Compensation of employees, expenditure",PC_GDP,,,2026-07-21T11:00:00+0200
IT,Italy,1985,D2REC,"Taxes on production and imports, revenue",MIO_EUR,,,2026-07-21T11:00:00+0200
IT,Italy,1985,D2REC,"Taxes on production and imports, revenue",PC_GDP,,,2026-07-21T11:00:00+0200
IT,Italy,1985,D3PAY,"Subsidies, expenditure",MIO_EUR,,,2026-07-21T11:00:00+0200
IT,Italy,1985,D3PAY,"Subsidies, expenditure",PC_GDP,,,2026-07-21T11:00:00+0200
IT,Italy,1985,D41PAY,"Interest, expenditure",MIO_EUR,,,2026-07-21T11:00:00+0200
IT,Italy,1985,D41PAY,"Interest, expenditure",PC_GDP,,,2026-07-21T11:00:00+0200
IT,Italy,1985,D5REC,"Current taxes on income, wealth, etc., revenue",MIO_EUR,,,2026-07-21T11:00:00+0200
IT,Italy,1985,D5REC,"Current taxes on income, wealth, etc., revenue",PC_GDP,,,2026-07-21T11:00:00+0200
IT,Italy,1985,D61REC,"Net social contributions, revenue",MIO_EUR,,,2026-07-21T11:00:00+0200
IT,Italy,1985,D61REC,"Net social contributions, revenue",PC_GDP,,,2026-07-21T11:00:00+0200
IT,Italy,1985,D62PAY,"Social benefits other than social transfers in kind, expenditure",MIO_EUR,,,2026-07-21T11:00:00+0200
IT,Italy,1985,D62PAY,"Social benefits other than social transfers in kind, expenditure",PC_GDP,,,2026-07-21T11:00:00+0200
IT,Italy,1985,D632PAY,"Social transfers in kind, purchased market production, expenditure",MIO_EUR,,,2026-07-21T11:00:00+0200
IT,Italy,1985,D632PAY,"Social transfers in kind, purchased market production, expenditure",PC_GDP,,,2026-07-21T11:00:00+0200
IT,Italy,1985,D91REC,"Capital taxes, revenue",MIO_EUR,,,2026-07-21T11:00:00+0200
IT,Italy,1985,D91REC,"Capital taxes, revenue",PC_GDP,,,2026-07-21T11:00:00+0200
IT,Italy,1985,D995REC,Capital transfers from general government to relevant sectors representing taxes and social contributions assessed but unlikely to be collected,MIO_EUR,,,2026-07-21T11:00:00+0200
IT,Italy,1985,D995REC,Capital transfers from general government to relevant sectors representing taxes and social contributions assessed but unlikely to be collected,PC_GDP,,,2026-07-21T11:00:00+0200
IT,Italy,1985,P2,Intermediate consumption,MIO_EUR,,,2026-07-21T11:00:00+0200
IT,Italy,1985,P2,Intermediate consumption,PC_GDP,,,2026-07-21T11:00:00+0200
IT,Italy,1985,P51G,Gross fixed capital formation,MIO_EUR,,,2026-07-21T11:00:00+0200
IT,Italy,1985,P51G,Gross fixed capital formation,PC_GDP,,,2026-07-21T11:00:00+0200
IT,Italy,1985,TE,Total general government expenditure,MIO_EUR,,,2026-07-21T11:00:00+0200
IT,Italy,1985,TE,Total general government expenditure,PC_GDP,,,2026-07-21T11:00:00+0200
IT,Italy,1985,TR,Total general government revenue,MIO_EUR,,,2026-07-21T11:00:00+0200
IT,Italy,1985,TR,Total general government revenue,PC_GDP,,,2026-07-21T11:00:00+0200
IT,Italy,1986,B9,Net lending (+)/net borrowing (-),MIO_EUR,,,2026-07-21T11:00:00+0200
IT,Italy,1986,B9,Net lending (+)/net borrowing (-),PC_GDP,,,2026-07-21T11:00:00+0200
IT,Italy,1986,D1PAY,"Compensation of employees, expenditure",MIO_EUR,,,2026-07-21T11:00:00+0200
IT,Italy,1986,D1PAY,"Compensation of employees, expenditure",PC_GDP,,,2026-07-21T11:00:00+0200
IT,Italy,1986,D2REC,"Taxes on production and imports, revenue",MIO_EUR,,,2026-07-21T11:00:00+0200
IT,Italy,1986,D2REC,"Taxes on production and imports, revenue",PC_GDP,,,2026-07-21T11:00:00+0200
IT,Italy,1986,D3PAY,"Subsidies, expenditure",MIO_EUR,,,2026-07-21T11:00:00+0200
IT,Italy,1986,D3PAY,"Subsidies, expenditure",PC_GDP,,,2026-07-21T11:00:00+0200
IT,Italy,1986,D41PAY,"Interest, expenditure",MIO_EUR,,,2026-07-21T11:00:00+0200
IT,Italy,1986,D41PAY,"Interest, expenditure",PC_GDP,,,2026-07-21T11:00:00+0200
IT,Italy,1986,D5REC,"Current taxes on income, wealth, etc., revenue",MIO_EUR,,,2026-07-21T11:00:00+0200
IT,Italy,1986,D5REC,"Current taxes on income, wealth, etc., revenue",PC_GDP,,,2026-07-21T11:00:00+0200
IT,Italy,1986,D61REC,"Net social contributions, revenue",MIO_EUR,,,2026-07-21T11:00:00+0200
IT,Italy,1986,D61REC,"Net social contributions, revenue",PC_GDP,,,2026-07-21T11:00:00+0200
IT,Italy,1986,D62PAY,"Social benefits other than social transfers in kind, expenditure",MIO_EUR,,,2026-07-21T11:00:00+0200
IT,Italy,1986,D62PAY,"Social benefits other than social transfers in kind, expenditure",PC_GDP,,,2026-07-21T11:00:00+0200
IT,Italy,1986,D632PAY,"Social transfers in kind, purchased market production, expenditure",MIO_EUR,,,2026-07-21T11:00:00+0200
IT,Italy,1986,D632PAY,"Social transfers in kind, purchased market production, expenditure",PC_GDP,,,2026-07-21T11:00:00+0200
IT,Italy,1986,D91REC,"Capital taxes, revenue",MIO_EUR,,,2026-07-21T11:00:00+0200
IT,Italy,1986,D91REC,"Capital taxes, revenue",PC_GDP,,,2026-07-21T11:00:00+0200
IT,Italy,1986,D995REC,Capital transfers from general government to relevant sectors representing taxes and social contributions assessed but unlikely to be collected,MIO_EUR,,,2026-07-21T11:00:00+0200
IT,Italy,1986,D995REC,Capital transfers from general government to relevant sectors representing taxes and social contributions assessed but unlikely to be collected,PC_GDP,,,2026-07-21T11:00:00+0200
IT,Italy,1986,P2,Intermediate consumption,MIO_EUR,,,2026-07-21T11:00:00+0200
IT,Italy,1986,P2,Intermediate consumption,PC_GDP,,,2026-07-21T11:00:00+0200
IT,Italy,1986,P51G,Gross fixed capital formation,MIO_EUR,,,2026-07-21T11:00:00+0200
IT,Italy,1986,P51G,Gross fixed capital formation,PC_GDP,,,2026-07-21T11:00:00+0200
IT,Italy,1986,TE,Total general government expenditure,MIO_EUR,,,2026-07-21T11:00:00+0200
IT,Italy,1986,TE,Total general government expenditure,PC_GDP,,,2026-07-21T11:00:00+0200
IT,Italy,1986,TR,Total general government revenue,MIO_EUR,,,2026-07-21T11:00:00+0200
IT,Italy,1986,TR,Total general government revenue,PC_GDP,,,2026-07-21T11:00:00+0200
IT,Italy,1987,B9,Net lending (+)/net borrowing (-),MIO_EUR,,,2026-07-21T11:00:00+0200
IT,Italy,1987,B9,Net lending (+)/net borrowing (-),PC_GDP,,,2026-07-21T11:00:00+0200
IT,Italy,1987,D1PAY,"Compensation of employees, expenditure",MIO_EUR,,,2026-07-21T11:00:00+0200
IT,Italy,1987,D1PAY,"Compensation of employees, expenditure",PC_GDP,,,2026-07-21T11:00:00+0200
IT,Italy,1987,D2REC,"Taxes on production and imports, revenue",MIO_EUR,,,2026-07-21T11:00:00+0200
IT,Italy,1987,D2REC,"Taxes on production and imports, revenue",PC_GDP,,,2026-07-21T11:00:00+0200
IT,Italy,1987,D3PAY,"Subsidies, expenditure",MIO_EUR,,,2026-07-21T11:00:00+0200
IT,Italy,1987,D3PAY,"Subsidies, expenditure",PC_GDP,,,2026-07-21T11:00:00+0200
IT,Italy,1987,D41PAY,"Interest, expenditure",MIO_EUR,,,2026-07-21T11:00:00+0200
IT,Italy,1987,D41PAY,"Interest, expenditure",PC_GDP,,,2026-07-21T11:00:00+0200
IT,Italy,1987,D5REC,"Current taxes on income, wealth, etc., revenue",MIO_EUR,,,2026-07-21T11:00:00+0200
IT,Italy,1987,D5REC,"Current taxes on income, wealth, etc., revenue",PC_GDP,,,2026-07-21T11:00:00+0200
IT,Italy,1987,D61REC,"Net social contributions, revenue",MIO_EUR,,,2026-07-21T11:00:00+0200
IT,Italy,1987,D61REC,"Net social contributions, revenue",PC_GDP,,,2026-07-21T11:00:00+0200
IT,Italy,1987,D62PAY,"Social benefits other than social transfers in kind, expenditure",MIO_EUR,,,2026-07-21T11:00:00+0200
IT,Italy,1987,D62PAY,"Social benefits other than social transfers in kind, expenditure",PC_GDP,,,2026-07-21T11:00:00+0200
IT,Italy,1987,D632PAY,"Social transfers in kind, purchased market production, expenditure",MIO_EUR,,,2026-07-21T11:00:00+0200
IT,Italy,1987,D632PAY,"Social transfers in kind, purchased market production, expenditure",PC_GDP,,,2026-07-21T11:00:00+0200
IT,Italy,1987,D91REC,"Capital taxes, revenue",MIO_EUR,,,2026-07-21T11:00:00+0200
IT,Italy,1987,D91REC,"Capital taxes, revenue",PC_GDP,,,2026-07-21T11:00:00+0200
IT,Italy,1987,D995REC,Capital transfers from general government to relevant sectors representing taxes and social contributions assessed but unlikely to be collected,MIO_EUR,,,2026-07-21T11:00:00+0200
IT,Italy,1987,D995REC,Capital transfers from general government to relevant sectors representing taxes and social contributions assessed but unlikely to be collected,PC_GDP,,,2026-07-21T11:00:00+0200
IT,Italy,1987,P2,Intermediate consumption,MIO_EUR,,,2026-07-21T11:00:00+0200
IT,Italy,1987,P2,Intermediate consumption,PC_GDP,,,2026-07-21T11:00:00+0200
IT,Italy,1987,P51G,Gross fixed capital formation,MIO_EUR,,,2026-07-21T11:00:00+0200
IT,Italy,1987,P51G,Gross fixed capital formation,PC_GDP,,,2026-07-21T11:00:00+0200
IT,Italy,1987,TE,Total general government expenditure,MIO_EUR,,,2026-07-21T11:00:00+0200
IT,Italy,1987,TE,Total general government expenditure,PC_GDP,,,2026-07-21T11:00:00+0200
IT,Italy,1987,TR,Total general government revenue,MIO_EUR,,,2026-07-21T11:00:00+0200
IT,Italy,1987,TR,Total general government revenue,PC_GDP,,,2026-07-21T11:00:00+0200
IT,Italy,1988,B9,Net lending (+)/net borrowing (-),MIO_EUR,,,2026-07-21T11:00:00+0200
IT,Italy,1988,B9,Net lending (+)/net borrowing (-),PC_GDP,,,2026-07-21T11:00:00+0200
IT,Italy,1988,D1PAY,"Compensation of employees, expenditure",MIO_EUR,,,2026-07-21T11:00:00+0200
IT,Italy,1988,D1PAY,"Compensation of employees, expenditure",PC_GDP,,,2026-07-21T11:00:00+0200
IT,Italy,1988,D2REC,"Taxes on production and imports, revenue",MIO_EUR,,,2026-07-21T11:00:00+0200
IT,Italy,1988,D2REC,"Taxes on production and imports, revenue",PC_GDP,,,2026-07-21T11:00:00+0200
IT,Italy,1988,D3PAY,"Subsidies, expenditure",MIO_EUR,,,2026-07-21T11:00:00+0200
IT,Italy,1988,D3PAY,"Subsidies, expenditure",PC_GDP,,,2026-07-21T11:00:00+0200
IT,Italy,1988,D41PAY,"Interest, expenditure",MIO_EUR,,,2026-07-21T11:00:00+0200
IT,Italy,1988,D41PAY,"Interest, expenditure",PC_GDP,,,2026-07-21T11:00:00+0200
IT,Italy,1988,D5REC,"Current taxes on income, wealth, etc., revenue",MIO_EUR,,,2026-07-21T11:00:00+0200
IT,Italy,1988,D5REC,"Current taxes on income, wealth, etc., revenue",PC_GDP,,,2026-07-21T11:00:00+0200
IT,Italy,1988,D61REC,"Net social contributions, revenue",MIO_EUR,,,2026-07-21T11:00:00+0200
IT,Italy,1988,D61REC,"Net social contributions, revenue",PC_GDP,,,2026-07-21T11:00:00+0200
IT,Italy,1988,D62PAY,"Social benefits other than social transfers in kind, expenditure",MIO_EUR,,,2026-07-21T11:00:00+0200
IT,Italy,1988,D62PAY,"Social benefits other than social transfers in kind, expenditure",PC_GDP,,,2026-07-21T11:00:00+0200
IT,Italy,1988,D632PAY,"Social transfers in kind, purchased market production, expenditure",MIO_EUR,,,2026-07-21T11:00:00+0200
IT,Italy,1988,D632PAY,"Social transfers in kind, purchased market production, expenditure",PC_GDP,,,2026-07-21T11:00:00+0200
IT,Italy,1988,D91REC,"Capital taxes, revenue",MIO_EUR,,,2026-07-21T11:00:00+0200
IT,Italy,1988,D91REC,"Capital taxes, revenue",PC_GDP,,,2026-07-21T11:00:00+0200
IT,Italy,1988,D995REC,Capital transfers from general government to relevant sectors representing taxes and social contributions assessed but unlikely to be collected,MIO_EUR,,,2026-07-21T11:00:00+0200
IT,Italy,1988,D995REC,Capital transfers from general government to relevant sectors representing taxes and social contributions assessed but unlikely to be collected,PC_GDP,,,2026-07-21T11:00:00+0200
IT,Italy,1988,P2,Intermediate consumption,MIO_EUR,,,2026-07-21T11:00:00+0200
IT,Italy,1988,P2,Intermediate consumption,PC_GDP,,,2026-07-21T11:00:00+0200
IT,Italy,1988,P51G,Gross fixed capital formation,MIO_EUR,,,2026-07-21T11:00:00+0200
IT,Italy,1988,P51G,Gross fixed capital formation,PC_GDP,,,2026-07-21T11:00:00+0200
IT,Italy,1988,TE,Total general government expenditure,MIO_EUR,,,2026-07-21T11:00:00+0200
IT,Italy,1988,TE,Total general government expenditure,PC_GDP,,,2026-07-21T11:00:00+0200
IT,Italy,1988,TR,Total general government revenue,MIO_EUR,,,2026-07-21T11:00:00+0200
IT,Italy,1988,TR,Total general government revenue,PC_GDP,,,2026-07-21T11:00:00+0200
IT,Italy,1989,B9,Net lending (+)/net borrowing (-),MIO_EUR,,,2026-07-21T11:00:00+0200
IT,Italy,1989,B9,Net lending (+)/net borrowing (-),PC_GDP,,,2026-07-21T11:00:00+0200
IT,Italy,1989,D1PAY,"Compensation of employees, expenditure",MIO_EUR,,,2026-07-21T11:00:00+0200
IT,Italy,1989,D1PAY,"Compensation of employees, expenditure",PC_GDP,,,2026-07-21T11:00:00+0200
IT,Italy,1989,D2REC,"Taxes on production and imports, revenue",MIO_EUR,,,2026-07-21T11:00:00+0200
IT,Italy,1989,D2REC,"Taxes on production and imports, revenue",PC_GDP,,,2026-07-21T11:00:00+0200
IT,Italy,1989,D3PAY,"Subsidies, expenditure",MIO_EUR,,,2026-07-21T11:00:00+0200
IT,Italy,1989,D3PAY,"Subsidies, expenditure",PC_GDP,,,2026-07-21T11:00:00+0200
IT,Italy,1989,D41PAY,"Interest, expenditure",MIO_EUR,,,2026-07-21T11:00:00+0200
IT,Italy,1989,D41PAY,"Interest, expenditure",PC_GDP,,,2026-07-21T11:00:00+0200
IT,Italy,1989,D5REC,"Current taxes on income, wealth, etc., revenue",MIO_EUR,,,2026-07-21T11:00:00+0200
IT,Italy,1989,D5REC,"Current taxes on income, wealth, etc., revenue",PC_GDP,,,2026-07-21T11:00:00+0200
IT,Italy,1989,D61REC,"Net social contributions, revenue",MIO_EUR,,,2026-07-21T11:00:00+0200
IT,Italy,1989,D61REC,"Net social contributions, revenue",PC_GDP,,,2026-07-21T11:00:00+0200
IT,Italy,1989,D62PAY,"Social benefits other than social transfers in kind, expenditure",MIO_EUR,,,2026-07-21T11:00:00+0200
IT,Italy,1989,D62PAY,"Social benefits other than social transfers in kind, expenditure",PC_GDP,,,2026-07-21T11:00:00+0200
IT,Italy,1989,D632PAY,"Social transfers in kind, purchased market production, expenditure",MIO_EUR,,,2026-07-21T11:00:00+0200
IT,Italy,1989,D632PAY,"Social transfers in kind, purchased market production, expenditure",PC_GDP,,,2026-07-21T11:00:00+0200
IT,Italy,1989,D91REC,"Capital taxes, revenue",MIO_EUR,,,2026-07-21T11:00:00+0200
IT,Italy,1989,D91REC,"Capital taxes, revenue",PC_GDP,,,2026-07-21T11:00:00+0200
IT,Italy,1989,D995REC,Capital transfers from general government to relevant sectors representing taxes and social contributions assessed but unlikely to be collected,MIO_EUR,,,2026-07-21T11:00:00+0200
IT,Italy,1989,D995REC,Capital transfers from general government to relevant sectors representing taxes and social contributions assessed but unlikely to be collected,PC_GDP,,,2026-07-21T11:00:00+0200
IT,Italy,1989,P2,Intermediate consumption,MIO_EUR,,,2026-07-21T11:00:00+0200
IT,Italy,1989,P2,Intermediate consumption,PC_GDP,,,2026-07-21T11:00:00+0200
IT,Italy,1989,P51G,Gross fixed capital formation,MIO_EUR,,,2026-07-21T11:00:00+0200
IT,Italy,1989,P51G,Gross fixed capital formation,PC_GDP,,,2026-07-21T11:00:00+0200
IT,Italy,1989,TE,Total general government expenditure,MIO_EUR,,,2026-07-21T11:00:00+0200
IT,Italy,1989,TE,Total general government expenditure,PC_GDP,,,2026-07-21T11:00:00+0200
IT,Italy,1989,TR,Total general government revenue,MIO_EUR,,,2026-07-21T11:00:00+0200
IT,Italy,1989,TR,Total general government revenue,PC_GDP,,,2026-07-21T11:00:00+0200
IT,Italy,1990,B9,Net lending (+)/net borrowing (-),MIO_EUR,,,2026-07-21T11:00:00+0200
IT,Italy,1990,B9,Net lending (+)/net borrowing (-),PC_GDP,,,2026-07-21T11:00:00+0200
IT,Italy,1990,D1PAY,"Compensation of employees, expenditure",MIO_EUR,,,2026-07-21T11:00:00+0200
IT,Italy,1990,D1PAY,"Compensation of employees, expenditure",PC_GDP,,,2026-07-21T11:00:00+0200
IT,Italy,1990,D2REC,"Taxes on production and imports, revenue",MIO_EUR,,,2026-07-21T11:00:00+0200
IT,Italy,1990,D2REC,"Taxes on production and imports, revenue",PC_GDP,,,2026-07-21T11:00:00+0200
IT,Italy,1990,D3PAY,"Subsidies, expenditure",MIO_EUR,,,2026-07-21T11:00:00+0200
IT,Italy,1990,D3PAY,"Subsidies, expenditure",PC_GDP,,,2026-07-21T11:00:00+0200
IT,Italy,1990,D41PAY,"Interest, expenditure",MIO_EUR,,,2026-07-21T11:00:00+0200
IT,Italy,1990,D41PAY,"Interest, expenditure",PC_GDP,,,2026-07-21T11:00:00+0200
IT,Italy,1990,D5REC,"Current taxes on income, wealth, etc., revenue",MIO_EUR,,,2026-07-21T11:00:00+0200
IT,Italy,1990,D5REC,"Current taxes on income, wealth, etc., revenue",PC_GDP,,,2026-07-21T11:00:00+0200
IT,Italy,1990,D61REC,"Net social contributions, revenue",MIO_EUR,,,2026-07-21T11:00:00+0200
IT,Italy,1990,D61REC,"Net social contributions, revenue",PC_GDP,,,2026-07-21T11:00:00+0200
IT,Italy,1990,D62PAY,"Social benefits other than social transfers in kind, expenditure",MIO_EUR,,,2026-07-21T11:00:00+0200
IT,Italy,1990,D62PAY,"Social benefits other than social transfers in kind, expenditure",PC_GDP,,,2026-07-21T11:00:00+0200
IT,Italy,1990,D632PAY,"Social transfers in kind, purchased market production, expenditure",MIO_EUR,,,2026-07-21T11:00:00+0200
IT,Italy,1990,D632PAY,"Social transfers in kind, purchased market production, expenditure",PC_GDP,,,2026-07-21T11:00:00+0200
IT,Italy,1990,D91REC,"Capital taxes, revenue",MIO_EUR,,,2026-07-21T11:00:00+0200
IT,Italy,1990,D91REC,"Capital taxes, revenue",PC_GDP,,,2026-07-21T11:00:00+0200
IT,Italy,1990,D995REC,Capital transfers from general government to relevant sectors representing taxes and social contributions assessed but unlikely to be collected,MIO_EUR,,,2026-07-21T11:00:00+0200
IT,Italy,1990,D995REC,Capital transfers from general government to relevant sectors representing taxes and social contributions assessed but unlikely to be collected,PC_GDP,,,2026-07-21T11:00:00+0200
IT,Italy,1990,P2,Intermediate consumption,MIO_EUR,,,2026-07-21T11:00:00+0200
IT,Italy,1990,P2,Intermediate consumption,PC_GDP,,,2026-07-21T11:00:00+0200
IT,Italy,1990,P51G,Gross fixed capital formation,MIO_EUR,,,2026-07-21T11:00:00+0200
IT,Italy,1990,P51G,Gross fixed capital formation,PC_GDP,,,2026-07-21T11:00:00+0200
IT,Italy,1990,TE,Total general government expenditure,MIO_EUR,,,2026-07-21T11:00:00+0200
IT,Italy,1990,TE,Total general government expenditure,PC_GDP,,,2026-07-21T11:00:00+0200
IT,Italy,1990,TR,Total general government revenue,MIO_EUR,,,2026-07-21T11:00:00+0200
IT,Italy,1990,TR,Total general government revenue,PC_GDP,,,2026-07-21T11:00:00+0200
IT,Italy,1991,B9,Net lending (+)/net borrowing (-),MIO_EUR,,,2026-07-21T11:00:00+0200
IT,Italy,1991,B9,Net lending (+)/net borrowing (-),PC_GDP,,,2026-07-21T11:00:00+0200
IT,Italy,1991,D1PAY,"Compensation of employees, expenditure",MIO_EUR,,,2026-07-21T11:00:00+0200
IT,Italy,1991,D1PAY,"Compensation of employees, expenditure",PC_GDP,,,2026-07-21T11:00:00+0200
IT,Italy,1991,D2REC,"Taxes on production and imports, revenue",MIO_EUR,,,2026-07-21T11:00:00+0200
IT,Italy,1991,D2REC,"Taxes on production and imports, revenue",PC_GDP,,,2026-07-21T11:00:00+0200
IT,Italy,1991,D3PAY,"Subsidies, expenditure",MIO_EUR,,,2026-07-21T11:00:00+0200
IT,Italy,1991,D3PAY,"Subsidies, expenditure",PC_GDP,,,2026-07-21T11:00:00+0200
IT,Italy,1991,D41PAY,"Interest, expenditure",MIO_EUR,,,2026-07-21T11:00:00+0200
IT,Italy,1991,D41PAY,"Interest, expenditure",PC_GDP,,,2026-07-21T11:00:00+0200
IT,Italy,1991,D5REC,"Current taxes on income, wealth, etc., revenue",MIO_EUR,,,2026-07-21T11:00:00+0200
IT,Italy,1991,D5REC,"Current taxes on income, wealth, etc., revenue",PC_GDP,,,2026-07-21T11:00:00+0200
IT,Italy,1991,D61REC,"Net social contributions, revenue",MIO_EUR,,,2026-07-21T11:00:00+0200
IT,Italy,1991,D61REC,"Net social contributions, revenue",PC_GDP,,,2026-07-21T11:00:00+0200
IT,Italy,1991,D62PAY,"Social benefits other than social transfers in kind, expenditure",MIO_EUR,,,2026-07-21T11:00:00+0200
IT,Italy,1991,D62PAY,"Social benefits other than social transfers in kind, expenditure",PC_GDP,,,2026-07-21T11:00:00+0200
IT,Italy,1991,D632PAY,"Social transfers in kind, purchased market production, expenditure",MIO_EUR,,,2026-07-21T11:00:00+0200
IT,Italy,1991,D632PAY,"Social transfers in kind, purchased market production, expenditure",PC_GDP,,,2026-07-21T11:00:00+0200
IT,Italy,1991,D91REC,"Capital taxes, revenue",MIO_EUR,,,2026-07-21T11:00:00+0200
IT,Italy,1991,D91REC,"Capital taxes, revenue",PC_GDP,,,2026-07-21T11:00:00+0200
IT,Italy,1991,D995REC,Capital transfers from general government to relevant sectors representing taxes and social contributions assessed but unlikely to be collected,MIO_EUR,,,2026-07-21T11:00:00+0200
IT,Italy,1991,D995REC,Capital transfers from general government to relevant sectors representing taxes and social contributions assessed but unlikely to be collected,PC_GDP,,,2026-07-21T11:00:00+0200
IT,Italy,1991,P2,Intermediate consumption,MIO_EUR,,,2026-07-21T11:00:00+0200
IT,Italy,1991,P2,Intermediate consumption,PC_GDP,,,2026-07-21T11:00:00+0200
IT,Italy,1991,P51G,Gross fixed capital formation,MIO_EUR,,,2026-07-21T11:00:00+0200
IT,Italy,1991,P51G,Gross fixed capital formation,PC_GDP,,,2026-07-21T11:00:00+0200
IT,Italy,1991,TE,Total general government expenditure,MIO_EUR,,,2026-07-21T11:00:00+0200
IT,Italy,1991,TE,Total general government expenditure,PC_GDP,,,2026-07-21T11:00:00+0200
IT,Italy,1991,TR,Total general government revenue,MIO_EUR,,,2026-07-21T11:00:00+0200
IT,Italy,1991,TR,Total general government revenue,PC_GDP,,,2026-07-21T11:00:00+0200
IT,Italy,1992,B9,Net lending (+)/net borrowing (-),MIO_EUR,,,2026-07-21T11:00:00+0200
IT,Italy,1992,B9,Net lending (+)/net borrowing (-),PC_GDP,,,2026-07-21T11:00:00+0200
IT,Italy,1992,D1PAY,"Compensation of employees, expenditure",MIO_EUR,,,2026-07-21T11:00:00+0200
IT,Italy,1992,D1PAY,"Compensation of employees, expenditure",PC_GDP,,,2026-07-21T11:00:00+0200
IT,Italy,1992,D2REC,"Taxes on production and imports, revenue",MIO_EUR,,,2026-07-21T11:00:00+0200
IT,Italy,1992,D2REC,"Taxes on production and imports, revenue",PC_GDP,,,2026-07-21T11:00:00+0200
IT,Italy,1992,D3PAY,"Subsidies, expenditure",MIO_EUR,,,2026-07-21T11:00:00+0200
IT,Italy,1992,D3PAY,"Subsidies, expenditure",PC_GDP,,,2026-07-21T11:00:00+0200
IT,Italy,1992,D41PAY,"Interest, expenditure",MIO_EUR,,,2026-07-21T11:00:00+0200
IT,Italy,1992,D41PAY,"Interest, expenditure",PC_GDP,,,2026-07-21T11:00:00+0200
IT,Italy,1992,D5REC,"Current taxes on income, wealth, etc., revenue",MIO_EUR,,,2026-07-21T11:00:00+0200
IT,Italy,1992,D5REC,"Current taxes on income, wealth, etc., revenue",PC_GDP,,,2026-07-21T11:00:00+0200
IT,Italy,1992,D61REC,"Net social contributions, revenue",MIO_EUR,,,2026-07-21T11:00:00+0200
IT,Italy,1992,D61REC,"Net social contributions, revenue",PC_GDP,,,2026-07-21T11:00:00+0200
IT,Italy,1992,D62PAY,"Social benefits other than social transfers in kind, expenditure",MIO_EUR,,,2026-07-21T11:00:00+0200
IT,Italy,1992,D62PAY,"Social benefits other than social transfers in kind, expenditure",PC_GDP,,,2026-07-21T11:00:00+0200
IT,Italy,1992,D632PAY,"Social transfers in kind, purchased market production, expenditure",MIO_EUR,,,2026-07-21T11:00:00+0200
IT,Italy,1992,D632PAY,"Social transfers in kind, purchased market production, expenditure",PC_GDP,,,2026-07-21T11:00:00+0200
IT,Italy,1992,D91REC,"Capital taxes, revenue",MIO_EUR,,,2026-07-21T11:00:00+0200
IT,Italy,1992,D91REC,"Capital taxes, revenue",PC_GDP,,,2026-07-21T11:00:00+0200
IT,Italy,1992,D995REC,Capital transfers from general government to relevant sectors representing taxes and social contributions assessed but unlikely to be collected,MIO_EUR,,,2026-07-21T11:00:00+0200
IT,Italy,1992,D995REC,Capital transfers from general government to relevant sectors representing taxes and social contributions assessed but unlikely to be collected,PC_GDP,,,2026-07-21T11:00:00+0200
IT,Italy,1992,P2,Intermediate consumption,MIO_EUR,,,2026-07-21T11:00:00+0200
IT,Italy,1992,P2,Intermediate consumption,PC_GDP,,,2026-07-21T11:00:00+0200
IT,Italy,1992,P51G,Gross fixed capital formation,MIO_EUR,,,2026-07-21T11:00:00+0200
IT,Italy,1992,P51G,Gross fixed capital formation,PC_GDP,,,2026-07-21T11:00:00+0200
IT,Italy,1992,TE,Total general government expenditure,MIO_EUR,,,2026-07-21T11:00:00+0200
IT,Italy,1992,TE,Total general government expenditure,PC_GDP,,,2026-07-21T11:00:00+0200
IT,Italy,1992,TR,Total general government revenue,MIO_EUR,,,2026-07-21T11:00:00+0200
IT,Italy,1992,TR,Total general government revenue,PC_GDP,,,2026-07-21T11:00:00+0200
IT,Italy,1993,B9,Net lending (+)/net borrowing (-),MIO_EUR,,,2026-07-21T11:00:00+0200
IT,Italy,1993,B9,Net lending (+)/net borrowing (-),PC_GDP,,,2026-07-21T11:00:00+0200
IT,Italy,1993,D1PAY,"Compensation of employees, expenditure",MIO_EUR,,,2026-07-21T11:00:00+0200
IT,Italy,1993,D1PAY,"Compensation of employees, expenditure",PC_GDP,,,2026-07-21T11:00:00+0200
IT,Italy,1993,D2REC,"Taxes on production and imports, revenue",MIO_EUR,,,2026-07-21T11:00:00+0200
IT,Italy,1993,D2REC,"Taxes on production and imports, revenue",PC_GDP,,,2026-07-21T11:00:00+0200
IT,Italy,1993,D3PAY,"Subsidies, expenditure",MIO_EUR,,,2026-07-21T11:00:00+0200
IT,Italy,1993,D3PAY,"Subsidies, expenditure",PC_GDP,,,2026-07-21T11:00:00+0200
IT,Italy,1993,D41PAY,"Interest, expenditure",MIO_EUR,,,2026-07-21T11:00:00+0200
IT,Italy,1993,D41PAY,"Interest, expenditure",PC_GDP,,,2026-07-21T11:00:00+0200
IT,Italy,1993,D5REC,"Current taxes on income, wealth, etc., revenue",MIO_EUR,,,2026-07-21T11:00:00+0200
IT,Italy,1993,D5REC,"Current taxes on income, wealth, etc., revenue",PC_GDP,,,2026-07-21T11:00:00+0200
IT,Italy,1993,D61REC,"Net social contributions, revenue",MIO_EUR,,,2026-07-21T11:00:00+0200
IT,Italy,1993,D61REC,"Net social contributions, revenue",PC_GDP,,,2026-07-21T11:00:00+0200
IT,Italy,1993,D62PAY,"Social benefits other than social transfers in kind, expenditure",MIO_EUR,,,2026-07-21T11:00:00+0200
IT,Italy,1993,D62PAY,"Social benefits other than social transfers in kind, expenditure",PC_GDP,,,2026-07-21T11:00:00+0200
IT,Italy,1993,D632PAY,"Social transfers in kind, purchased market production, expenditure",MIO_EUR,,,2026-07-21T11:00:00+0200
IT,Italy,1993,D632PAY,"Social transfers in kind, purchased market production, expenditure",PC_GDP,,,2026-07-21T11:00:00+0200
IT,Italy,1993,D91REC,"Capital taxes, revenue",MIO_EUR,,,2026-07-21T11:00:00+0200
IT,Italy,1993,D91REC,"Capital taxes, revenue",PC_GDP,,,2026-07-21T11:00:00+0200
IT,Italy,1993,D995REC,Capital transfers from general government to relevant sectors representing taxes and social contributions assessed but unlikely to be collected,MIO_EUR,,,2026-07-21T11:00:00+0200
IT,Italy,1993,D995REC,Capital transfers from general government to relevant sectors representing taxes and social contributions assessed but unlikely to be collected,PC_GDP,,,2026-07-21T11:00:00+0200
IT,Italy,1993,P2,Intermediate consumption,MIO_EUR,,,2026-07-21T11:00:00+0200
IT,Italy,1993,P2,Intermediate consumption,PC_GDP,,,2026-07-21T11:00:00+0200
IT,Italy,1993,P51G,Gross fixed capital formation,MIO_EUR,,,2026-07-21T11:00:00+0200
IT,Italy,1993,P51G,Gross fixed capital formation,PC_GDP,,,2026-07-21T11:00:00+0200
IT,Italy,1993,TE,Total general government expenditure,MIO_EUR,,,2026-07-21T11:00:00+0200
IT,Italy,1993,TE,Total general government expenditure,PC_GDP,,,2026-07-21T11:00:00+0200
IT,Italy,1993,TR,Total general government revenue,MIO_EUR,,,2026-07-21T11:00:00+0200
IT,Italy,1993,TR,Total general government revenue,PC_GDP,,,2026-07-21T11:00:00+0200
IT,Italy,1994,B9,Net lending (+)/net borrowing (-),MIO_EUR,,,2026-07-21T11:00:00+0200
IT,Italy,1994,B9,Net lending (+)/net borrowing (-),PC_GDP,,,2026-07-21T11:00:00+0200
IT,Italy,1994,D1PAY,"Compensation of employees, expenditure",MIO_EUR,,,2026-07-21T11:00:00+0200
IT,Italy,1994,D1PAY,"Compensation of employees, expenditure",PC_GDP,,,2026-07-21T11:00:00+0200
IT,Italy,1994,D2REC,"Taxes on production and imports, revenue",MIO_EUR,,,2026-07-21T11:00:00+0200
IT,Italy,1994,D2REC,"Taxes on production and imports, revenue",PC_GDP,,,2026-07-21T11:00:00+0200
IT,Italy,1994,D3PAY,"Subsidies, expenditure",MIO_EUR,,,2026-07-21T11:00:00+0200
IT,Italy,1994,D3PAY,"Subsidies, expenditure",PC_GDP,,,2026-07-21T11:00:00+0200
IT,Italy,1994,D41PAY,"Interest, expenditure",MIO_EUR,,,2026-07-21T11:00:00+0200
IT,Italy,1994,D41PAY,"Interest, expenditure",PC_GDP,,,2026-07-21T11:00:00+0200
IT,Italy,1994,D5REC,"Current taxes on income, wealth, etc., revenue",MIO_EUR,,,2026-07-21T11:00:00+0200
IT,Italy,1994,D5REC,"Current taxes on income, wealth, etc., revenue",PC_GDP,,,2026-07-21T11:00:00+0200
IT,Italy,1994,D61REC,"Net social contributions, revenue",MIO_EUR,,,2026-07-21T11:00:00+0200
IT,Italy,1994,D61REC,"Net social contributions, revenue",PC_GDP,,,2026-07-21T11:00:00+0200
IT,Italy,1994,D62PAY,"Social benefits other than social transfers in kind, expenditure",MIO_EUR,,,2026-07-21T11:00:00+0200
IT,Italy,1994,D62PAY,"Social benefits other than social transfers in kind, expenditure",PC_GDP,,,2026-07-21T11:00:00+0200
IT,Italy,1994,D632PAY,"Social transfers in kind, purchased market production, expenditure",MIO_EUR,,,2026-07-21T11:00:00+0200
IT,Italy,1994,D632PAY,"Social transfers in kind, purchased market production, expenditure",PC_GDP,,,2026-07-21T11:00:00+0200
IT,Italy,1994,D91REC,"Capital taxes, revenue",MIO_EUR,,,2026-07-21T11:00:00+0200
IT,Italy,1994,D91REC,"Capital taxes, revenue",PC_GDP,,,2026-07-21T11:00:00+0200
IT,Italy,1994,D995REC,Capital transfers from general government to relevant sectors representing taxes and social contributions assessed but unlikely to be collected,MIO_EUR,,,2026-07-21T11:00:00+0200
IT,Italy,1994,D995REC,Capital transfers from general government to relevant sectors representing taxes and social contributions assessed but unlikely to be collected,PC_GDP,,,2026-07-21T11:00:00+0200
IT,Italy,1994,P2,Intermediate consumption,MIO_EUR,,,2026-07-21T11:00:00+0200
IT,Italy,1994,P2,Intermediate consumption,PC_GDP,,,2026-07-21T11:00:00+0200
IT,Italy,1994,P51G,Gross fixed capital formation,MIO_EUR,,,2026-07-21T11:00:00+0200
IT,Italy,1994,P51G,Gross fixed capital formation,PC_GDP,,,2026-07-21T11:00:00+0200
IT,Italy,1994,TE,Total general government expenditure,MIO_EUR,,,2026-07-21T11:00:00+0200
IT,Italy,1994,TE,Total general government expenditure,PC_GDP,,,2026-07-21T11:00:00+0200
IT,Italy,1994,TR,Total general government revenue,MIO_EUR,,,2026-07-21T11:00:00+0200
IT,Italy,1994,TR,Total general government revenue,PC_GDP,,,2026-07-21T11:00:00+0200
IT,Italy,1995,B9,Net lending (+)/net borrowing (-),MIO_EUR,-64813.4,,2026-07-21T11:00:00+0200
IT,Italy,1995,B9,Net lending (+)/net borrowing (-),PC_GDP,-7.2,,2026-07-21T11:00:00+0200
IT,Italy,1995,D1PAY,"Compensation of employees, expenditure",MIO_EUR,94339.1,,2026-07-21T11:00:00+0200
IT,Italy,1995,D1PAY,"Compensation of employees, expenditure",PC_GDP,10.5,,2026-07-21T11:00:00+0200
IT,Italy,1995,D2REC,"Taxes on production and imports, revenue",MIO_EUR,105195.1,,2026-07-21T11:00:00+0200
IT,Italy,1995,D2REC,"Taxes on production and imports, revenue",PC_GDP,11.7,,2026-07-21T11:00:00+0200
IT,Italy,1995,D3PAY,"Subsidies, expenditure",MIO_EUR,15778.2,,2026-07-21T11:00:00+0200
IT,Italy,1995,D3PAY,"Subsidies, expenditure",PC_GDP,1.8,,2026-07-21T11:00:00+0200
IT,Italy,1995,D41PAY,"Interest, expenditure",MIO_EUR,99784.8,,2026-07-21T11:00:00+0200
IT,Italy,1995,D41PAY,"Interest, expenditure",PC_GDP,11.1,,2026-07-21T11:00:00+0200
IT,Italy,1995,D5REC,"Current taxes on income, wealth, etc., revenue",MIO_EUR,124563.8,,2026-07-21T11:00:00+0200
IT,Italy,1995,D5REC,"Current taxes on income, wealth, etc., revenue",PC_GDP,13.8,,2026-07-21T11:00:00+0200
IT,Italy,1995,D61REC,"Net social contributions, revenue",MIO_EUR,126003.6,,2026-07-21T11:00:00+0200
IT,Italy,1995,D61REC,"Net social contributions, revenue",PC_GDP,14,,2026-07-21T11:00:00+0200
IT,Italy,1995,D62PAY,"Social benefits other than social transfers in kind, expenditure",MIO_EUR,140078.4,,2026-07-21T11:00:00+0200
IT,Italy,1995,D62PAY,"Social benefits other than social transfers in kind, expenditure",PC_GDP,15.6,,2026-07-21T11:00:00+0200
IT,Italy,1995,D632PAY,"Social transfers in kind, purchased market production, expenditure",MIO_EUR,16739.9,,2026-07-21T11:00:00+0200
IT,Italy,1995,D632PAY,"Social transfers in kind, purchased market production, expenditure",PC_GDP,1.9,,2026-07-21T11:00:00+0200
IT,Italy,1995,D91REC,"Capital taxes, revenue",MIO_EUR,4794.9,,2026-07-21T11:00:00+0200
IT,Italy,1995,D91REC,"Capital taxes, revenue",PC_GDP,0.5,,2026-07-21T11:00:00+0200
IT,Italy,1995,D995REC,Capital transfers from general government to relevant sectors representing taxes and social contributions assessed but unlikely to be collected,MIO_EUR,,m,2026-07-21T11:00:00+0200
IT,Italy,1995,D995REC,Capital transfers from general government to relevant sectors representing taxes and social contributions assessed but unlikely to be collected,PC_GDP,,m,2026-07-21T11:00:00+0200
IT,Italy,1995,P2,Intermediate consumption,MIO_EUR,40854.4,,2026-07-21T11:00:00+0200
IT,Italy,1995,P2,Intermediate consumption,PC_GDP,4.5,,2026-07-21T11:00:00+0200
IT,Italy,1995,P51G,Gross fixed capital formation,MIO_EUR,22847.4,,2026-07-21T11:00:00+0200
IT,Italy,1995,P51G,Gross fixed capital formation,PC_GDP,2.5,,2026-07-21T11:00:00+0200
IT,Italy,1995,TE,Total general government expenditure,MIO_EUR,463212,,2026-07-21T11:00:00+0200
IT,Italy,1995,TE,Total general government expenditure,PC_GDP,51.4,,2026-07-21T11:00:00+0200
IT,Italy,1995,TR,Total general government revenue,MIO_EUR,398398.6,,2026-07-21T11:00:00+0200
IT,Italy,1995,TR,Total general government revenue,PC_GDP,44.2,,2026-07-21T11:00:00+0200
IT,Italy,1996,B9,Net lending (+)/net borrowing (-),MIO_EUR,-68436.1,,2026-07-21T11:00:00+0200
IT,Italy,1996,B9,Net lending (+)/net borrowing (-),PC_GDP,-6.6,,2026-07-21T11:00:00+0200
IT,Italy,1996,D1PAY,"Compensation of employees, expenditure",MIO_EUR,111911.7,,2026-07-21T11:00:00+0200
IT,Italy,1996,D1PAY,"Compensation of employees, expenditure",PC_GDP,10.8,,2026-07-21T11:00:00+0200
IT,Italy,1996,D2REC,"Taxes on production and imports, revenue",MIO_EUR,119370.3,,2026-07-21T11:00:00+0200
IT,Italy,1996,D2REC,"Taxes on production and imports, revenue",PC_GDP,11.5,,2026-07-21T11:00:00+0200
IT,Italy,1996,D3PAY,"Subsidies, expenditure",MIO_EUR,17046.3,,2026-07-21T11:00:00+0200
IT,Italy,1996,D3PAY,"Subsidies, expenditure",PC_GDP,1.6,,2026-07-21T11:00:00+0200
IT,Italy,1996,D41PAY,"Interest, expenditure",MIO_EUR,114231.6,,2026-07-21T11:00:00+0200
IT,Italy,1996,D41PAY,"Interest, expenditure",PC_GDP,11,,2026-07-21T11:00:00+0200
IT,Italy,1996,D5REC,"Current taxes on income, wealth, etc., revenue",MIO_EUR,149571.5,,2026-07-21T11:00:00+0200
IT,Italy,1996,D5REC,"Current taxes on income, wealth, etc., revenue",PC_GDP,14.4,,2026-07-21T11:00:00+0200
IT,Italy,1996,D61REC,"Net social contributions, revenue",MIO_EUR,148314.2,,2026-07-21T11:00:00+0200
IT,Italy,1996,D61REC,"Net social contributions, revenue",PC_GDP,14.3,,2026-07-21T11:00:00+0200
IT,Italy,1996,D62PAY,"Social benefits other than social transfers in kind, expenditure",MIO_EUR,163832.4,,2026-07-21T11:00:00+0200
IT,Italy,1996,D62PAY,"Social benefits other than social transfers in kind, expenditure",PC_GDP,15.8,,2026-07-21T11:00:00+0200
IT,Italy,1996,D632PAY,"Social transfers in kind, purchased market production, expenditure",MIO_EUR,19500.5,,2026-07-21T11:00:00+0200
IT,Italy,1996,D632PAY,"Social transfers in kind, purchased market production, expenditure",PC_GDP,1.9,,2026-07-21T11:00:00+0200
IT,Italy,1996,D91REC,"Capital taxes, revenue",MIO_EUR,2846.6,,2026-07-21T11:00:00+0200
IT,Italy,1996,D91REC,"Capital taxes, revenue",PC_GDP,0.3,,2026-07-21T11:00:00+0200
IT,Italy,1996,D995REC,Capital transfers from general government to relevant sectors representing taxes and social contributions assessed but unlikely to be collected,MIO_EUR,,m,2026-07-21T11:00:00+0200
IT,Italy,1996,D995REC,Capital transfers from general government to relevant sectors representing taxes and social contributions assessed but unlikely to be collected,PC_GDP,,m,2026-07-21T11:00:00+0200
IT,Italy,1996,P2,Intermediate consumption,MIO_EUR,46719.6,,2026-07-21T11:00:00+0200
IT,Italy,1996,P2,Intermediate consumption,PC_GDP,4.5,,2026-07-21T11:00:00+0200
IT,Italy,1996,P51G,Gross fixed capital formation,MIO_EUR,27238.8,,2026-07-21T11:00:00+0200
IT,Italy,1996,P51G,Gross fixed capital formation,PC_GDP,2.6,,2026-07-21T11:00:00+0200
IT,Italy,1996,TE,Total general government expenditure,MIO_EUR,531779.2,,2026-07-21T11:00:00+0200
IT,Italy,1996,TE,Total general government expenditure,PC_GDP,51.3,,2026-07-21T11:00:00+0200
IT,Italy,1996,TR,Total general government revenue,MIO_EUR,463343,,2026-07-21T11:00:00+0200
IT,Italy,1996,TR,Total general government revenue,PC_GDP,44.7,,2026-07-21T11:00:00+0200
IT,Italy,1997,B9,Net lending (+)/net borrowing (-),MIO_EUR,-32754.9,,2026-07-21T11:00:00+0200
IT,Italy,1997,B9,Net lending (+)/net borrowing (-),PC_GDP,-3,,2026-07-21T11:00:00+0200
IT,Italy,1997,D1PAY,"Compensation of employees, expenditure",MIO_EUR,120729.4,,2026-07-21T11:00:00+0200
IT,Italy,1997,D1PAY,"Compensation of employees, expenditure",PC_GDP,11,,2026-07-21T11:00:00+0200
IT,Italy,1997,D2REC,"Taxes on production and imports, revenue",MIO_EUR,131684.8,,2026-07-21T11:00:00+0200
IT,Italy,1997,D2REC,"Taxes on production and imports, revenue",PC_GDP,12,,2026-07-21T11:00:00+0200
IT,Italy,1997,D3PAY,"Subsidies, expenditure",MIO_EUR,14864.5,,2026-07-21T11:00:00+0200
IT,Italy,1997,D3PAY,"Subsidies, expenditure",PC_GDP,1.4,,2026-07-21T11:00:00+0200
IT,Italy,1997,D41PAY,"Interest, expenditure",MIO_EUR,100226.6,,2026-07-21T11:00:00+0200
IT,Italy,1997,D41PAY,"Interest, expenditure",PC_GDP,9.1,,2026-07-21T11:00:00+0200
IT,Italy,1997,D5REC,"Current taxes on income, wealth, etc., revenue",MIO_EUR,166369.6,,2026-07-21T11:00:00+0200
IT,Italy,1997,D5REC,"Current taxes on income, wealth, etc., revenue",PC_GDP,15.1,,2026-07-21T11:00:00+0200
IT,Italy,1997,D61REC,"Net social contributions, revenue",MIO_EUR,157996.5,,2026-07-21T11:00:00+0200
IT,Italy,1997,D61REC,"Net social contributions, revenue",PC_GDP,14.4,,2026-07-21T11:00:00+0200
IT,Italy,1997,D62PAY,"Social benefits other than social transfers in kind, expenditure",MIO_EUR,178410,,2026-07-21T11:00:00+0200
IT,Italy,1997,D62PAY,"Social benefits other than social transfers in kind, expenditure",PC_GDP,16.2,,2026-07-21T11:00:00+0200
IT,Italy,1997,D632PAY,"Social transfers in kind, purchased market production, expenditure",MIO_EUR,20877.1,,2026-07-21T11:00:00+0200
IT,Italy,1997,D632PAY,"Social transfers in kind, purchased market production, expenditure",PC_GDP,1.9,,2026-07-21T11:00:00+0200
IT,Italy,1997,D91REC,"Capital taxes, revenue",MIO_EUR,7247.1,,2026-07-21T11:00:00+0200
IT,Italy,1997,D91REC,"Capital taxes, revenue",PC_GDP,0.7,,2026-07-21T11:00:00+0200
IT,Italy,1997,D995REC,Capital transfers from general government to relevant sectors representing taxes and social contributions assessed but unlikely to be collected,MIO_EUR,,m,2026-07-21T11:00:00+0200
IT,Italy,1997,D995REC,Capital transfers from general government to relevant sectors representing taxes and social contributions assessed but unlikely to be collected,PC_GDP,,m,2026-07-21T11:00:00+0200
IT,Italy,1997,P2,Intermediate consumption,MIO_EUR,49388.7,,2026-07-21T11:00:00+0200
IT,Italy,1997,P2,Intermediate consumption,PC_GDP,4.5,,2026-07-21T11:00:00+0200
IT,Italy,1997,P51G,Gross fixed capital formation,MIO_EUR,29057.6,,2026-07-21T11:00:00+0200
IT,Italy,1997,P51G,Gross fixed capital formation,PC_GDP,2.6,,2026-07-21T11:00:00+0200
IT,Italy,1997,TE,Total general government expenditure,MIO_EUR,542100.6,,2026-07-21T11:00:00+0200
IT,Italy,1997,TE,Total general government expenditure,PC_GDP,49.3,,2026-07-21T11:00:00+0200
IT,Italy,1997,TR,Total general government revenue,MIO_EUR,509345.7,,2026-07-21T11:00:00+0200
IT,Italy,1997,TR,Total general government revenue,PC_GDP,46.3,,2026-07-21T11:00:00+0200
IT,Italy,1998,B9,Net lending (+)/net borrowing (-),MIO_EUR,-33947.7,,2026-07-21T11:00:00+0200
IT,Italy,1998,B9,Net lending (+)/net borrowing (-),PC_GDP,-3,,2026-07-21T11:00:00+0200
IT,Italy,1998,D1PAY,"Compensation of employees, expenditure",MIO_EUR,115390.5,,2026-07-21T11:00:00+0200
IT,Italy,1998,D1PAY,"Compensation of employees, expenditure",PC_GDP,10.1,,2026-07-21T11:00:00+0200
IT,Italy,1998,D2REC,"Taxes on production and imports, revenue",MIO_EUR,167913.4,,2026-07-21T11:00:00+0200
IT,Italy,1998,D2REC,"Taxes on production and imports, revenue",PC_GDP,14.8,,2026-07-21T11:00:00+0200
IT,Italy,1998,D3PAY,"Subsidies, expenditure",MIO_EUR,15304.7,,2026-07-21T11:00:00+0200
IT,Italy,1998,D3PAY,"Subsidies, expenditure",PC_GDP,1.3,,2026-07-21T11:00:00+0200
IT,Italy,1998,D41PAY,"Interest, expenditure",MIO_EUR,89043.8,,2026-07-21T11:00:00+0200
IT,Italy,1998,D41PAY,"Interest, expenditure",PC_GDP,7.8,,2026-07-21T11:00:00+0200
IT,Italy,1998,D5REC,"Current taxes on income, wealth, etc., revenue",MIO_EUR,155160,,2026-07-21T11:00:00+0200
IT,Italy,1998,D5REC,"Current taxes on income, wealth, etc., revenue",PC_GDP,13.6,,2026-07-21T11:00:00+0200
IT,Italy,1998,D61REC,"Net social contributions, revenue",MIO_EUR,137894.8,,2026-07-21T11:00:00+0200
IT,Italy,1998,D61REC,"Net social contributions, revenue",PC_GDP,12.1,,2026-07-21T11:00:00+0200
IT,Italy,1998,D62PAY,"Social benefits other than social transfers in kind, expenditure",MIO_EUR,181260.6,,2026-07-21T11:00:00+0200
IT,Italy,1998,D62PAY,"Social benefits other than social transfers in kind, expenditure",PC_GDP,15.9,,2026-07-21T11:00:00+0200
IT,Italy,1998,D632PAY,"Social transfers in kind, purchased market production, expenditure",MIO_EUR,21846.8,,2026-07-21T11:00:00+0200
IT,Italy,1998,D632PAY,"Social transfers in kind, purchased market production, expenditure",PC_GDP,1.9,,2026-07-21T11:00:00+0200
IT,Italy,1998,D91REC,"Capital taxes, revenue",MIO_EUR,4108.4,,2026-07-21T11:00:00+0200
IT,Italy,1998,D91REC,"Capital taxes, revenue",PC_GDP,0.4,,2026-07-21T11:00:00+0200
IT,Italy,1998,D995REC,Capital transfers from general government to relevant sectors representing taxes and social contributions assessed but unlikely to be collected,MIO_EUR,,m,2026-07-21T11:00:00+0200
IT,Italy,1998,D995REC,Capital transfers from general government to relevant sectors representing taxes and social contributions assessed but unlikely to be collected,PC_GDP,,m,2026-07-21T11:00:00+0200
IT,Italy,1998,P2,Intermediate consumption,MIO_EUR,52560.8,,2026-07-21T11:00:00+0200
IT,Italy,1998,P2,Intermediate consumption,PC_GDP,4.6,,2026-07-21T11:00:00+0200
IT,Italy,1998,P51G,Gross fixed capital formation,MIO_EUR,31106.5,,2026-07-21T11:00:00+0200
IT,Italy,1998,P51G,Gross fixed capital formation,PC_GDP,2.7,,2026-07-21T11:00:00+0200
IT,Italy,1998,TE,Total general government expenditure,MIO_EUR,545772.2,,2026-07-21T11:00:00+0200
IT,Italy,1998,TE,Total general government expenditure,PC_GDP,48,,2026-07-21T11:00:00+0200
IT,Italy,1998,TR,Total general government revenue,MIO_EUR,511824.5,,2026-07-21T11:00:00+0200
IT,Italy,1998,TR,Total general government revenue,PC_GDP,45,,2026-07-21T11:00:00+0200
IT,Italy,1999,B9,Net lending (+)/net borrowing (-),MIO_EUR,-20898,,2026-07-21T11:00:00+0200
IT,Italy,1999,B9,Net lending (+)/net borrowing (-),PC_GDP,-1.8,,2026-07-21T11:00:00+0200
IT,Italy,1999,D1PAY,"Compensation of employees, expenditure",MIO_EUR,118991,,2026-07-21T11:00:00+0200
IT,Italy,1999,D1PAY,"Compensation of employees, expenditure",PC_GDP,10.1,,2026-07-21T11:00:00+0200
IT,Italy,1999,D2REC,"Taxes on production and imports, revenue",MIO_EUR,170780,,2026-07-21T11:00:00+0200
IT,Italy,1999,D2REC,"Taxes on production and imports, revenue",PC_GDP,14.5,,2026-07-21T11:00:00+0200
IT,Italy,1999,D3PAY,"Subsidies, expenditure",MIO_EUR,14946,,2026-07-21T11:00:00+0200
IT,Italy,1999,D3PAY,"Subsidies, expenditure",PC_GDP,1.3,,2026-07-21T11:00:00+0200
IT,Italy,1999,D41PAY,"Interest, expenditure",MIO_EUR,74997,,2026-07-21T11:00:00+0200
IT,Italy,1999,D41PAY,"Interest, expenditure",PC_GDP,6.4,,2026-07-21T11:00:00+0200
IT,Italy,1999,D5REC,"Current taxes on income, wealth, etc., revenue",MIO_EUR,168082,,2026-07-21T11:00:00+0200
IT,Italy,1999,D5REC,"Current taxes on income, wealth, etc., revenue",PC_GDP,14.3,,2026-07-21T11:00:00+0200
IT,Italy,1999,D61REC,"Net social contributions, revenue",MIO_EUR,142783,,2026-07-21T11:00:00+0200
IT,Italy,1999,D61REC,"Net social contributions, revenue",PC_GDP,12.1,,2026-07-21T11:00:00+0200
IT,Italy,1999,D62PAY,"Social benefits other than social transfers in kind, expenditure",MIO_EUR,190424,,2026-07-21T11:00:00+0200
IT,Italy,1999,D62PAY,"Social benefits other than social transfers in kind, expenditure",PC_GDP,16.2,,2026-07-21T11:00:00+0200
IT,Italy,1999,D632PAY,"Social transfers in kind, purchased market production, expenditure",MIO_EUR,24042,,2026-07-21T11:00:00+0200
IT,Italy,1999,D632PAY,"Social transfers in kind, purchased market production, expenditure",PC_GDP,2,,2026-07-21T11:00:00+0200
IT,Italy,1999,D91REC,"Capital taxes, revenue",MIO_EUR,1252,,2026-07-21T11:00:00+0200
IT,Italy,1999,D91REC,"Capital taxes, revenue",PC_GDP,0.1,,2026-07-21T11:00:00+0200
IT,Italy,1999,D995REC,Capital transfers from general government to relevant sectors representing taxes and social contributions assessed but unlikely to be collected,MIO_EUR,,m,2026-07-21T11:00:00+0200
IT,Italy,1999,D995REC,Capital transfers from general government to relevant sectors representing taxes and social contributions assessed but unlikely to be collected,PC_GDP,,m,2026-07-21T11:00:00+0200
IT,Italy,1999,P2,Intermediate consumption,MIO_EUR,55244,,2026-07-21T11:00:00+0200
IT,Italy,1999,P2,Intermediate consumption,PC_GDP,4.7,,2026-07-21T11:00:00+0200
IT,Italy,1999,P51G,Gross fixed capital formation,MIO_EUR,33526,,2026-07-21T11:00:00+0200
IT,Italy,1999,P51G,Gross fixed capital formation,PC_GDP,2.8,,2026-07-21T11:00:00+0200
IT,Italy,1999,TE,Total general government expenditure,MIO_EUR,554351,,2026-07-21T11:00:00+0200
IT,Italy,1999,TE,Total general government expenditure,PC_GDP,47.1,,2026-07-21T11:00:00+0200
IT,Italy,1999,TR,Total general government revenue,MIO_EUR,533453,,2026-07-21T11:00:00+0200
IT,Italy,1999,TR,Total general government revenue,PC_GDP,45.3,,2026-07-21T11:00:00+0200
IT,Italy,2000,B9,Net lending (+)/net borrowing (-),MIO_EUR,-30124,,2026-07-21T11:00:00+0200
IT,Italy,2000,B9,Net lending (+)/net borrowing (-),PC_GDP,-2.4,,2026-07-21T11:00:00+0200
IT,Italy,2000,D1PAY,"Compensation of employees, expenditure",MIO_EUR,124628,,2026-07-21T11:00:00+0200
IT,Italy,2000,D1PAY,"Compensation of employees, expenditure",PC_GDP,10,,2026-07-21T11:00:00+0200
IT,Italy,2000,D2REC,"Taxes on production and imports, revenue",MIO_EUR,178425,,2026-07-21T11:00:00+0200
IT,Italy,2000,D2REC,"Taxes on production and imports, revenue",PC_GDP,14.3,,2026-07-21T11:00:00+0200
IT,Italy,2000,D3PAY,"Subsidies, expenditure",MIO_EUR,16420,,2026-07-21T11:00:00+0200
IT,Italy,2000,D3PAY,"Subsidies, expenditure",PC_GDP,1.3,,2026-07-21T11:00:00+0200
IT,Italy,2000,D41PAY,"Interest, expenditure",MIO_EUR,75961,,2026-07-21T11:00:00+0200
IT,Italy,2000,D41PAY,"Interest, expenditure",PC_GDP,6.1,,2026-07-21T11:00:00+0200
IT,Italy,2000,D5REC,"Current taxes on income, wealth, etc., revenue",MIO_EUR,171067,,2026-07-21T11:00:00+0200
IT,Italy,2000,D5REC,"Current taxes on income, wealth, etc., revenue",PC_GDP,13.7,,2026-07-21T11:00:00+0200
IT,Italy,2000,D61REC,"Net social contributions, revenue",MIO_EUR,145872,,2026-07-21T11:00:00+0200
IT,Italy,2000,D61REC,"Net social contributions, revenue",PC_GDP,11.7,,2026-07-21T11:00:00+0200
IT,Italy,2000,D62PAY,"Social benefits other than social transfers in kind, expenditure",MIO_EUR,195723,,2026-07-21T11:00:00+0200
IT,Italy,2000,D62PAY,"Social benefits other than social transfers in kind, expenditure",PC_GDP,15.7,,2026-07-21T11:00:00+0200
IT,Italy,2000,D632PAY,"Social transfers in kind, purchased market production, expenditure",MIO_EUR,27939,,2026-07-21T11:00:00+0200
IT,Italy,2000,D632PAY,"Social transfers in kind, purchased market production, expenditure",PC_GDP,2.2,,2026-07-21T11:00:00+0200
IT,Italy,2000,D91REC,"Capital taxes, revenue",MIO_EUR,1090,,2026-07-21T11:00:00+0200
IT,Italy,2000,D91REC,"Capital taxes, revenue",PC_GDP,0.1,,2026-07-21T11:00:00+0200
IT,Italy,2000,D995REC,Capital transfers from general government to relevant sectors representing taxes and social contributions assessed but unlikely to be collected,MIO_EUR,,m,2026-07-21T11:00:00+0200
IT,Italy,2000,D995REC,Capital transfers from general government to relevant sectors representing taxes and social contributions assessed but unlikely to be collected,PC_GDP,,m,2026-07-21T11:00:00+0200
IT,Italy,2000,P2,Intermediate consumption,MIO_EUR,59207,,2026-07-21T11:00:00+0200
IT,Italy,2000,P2,Intermediate consumption,PC_GDP,4.8,,2026-07-21T11:00:00+0200
IT,Italy,2000,P51G,Gross fixed capital formation,MIO_EUR,34605,,2026-07-21T11:00:00+0200
IT,Italy,2000,P51G,Gross fixed capital formation,PC_GDP,2.8,,2026-07-21T11:00:00+0200
IT,Italy,2000,TE,Total general government expenditure,MIO_EUR,577169,,2026-07-21T11:00:00+0200
IT,Italy,2000,TE,Total general government expenditure,PC_GDP,46.4,,2026-07-21T11:00:00+0200
IT,Italy,2000,TR,Total general government revenue,MIO_EUR,547045,,2026-07-21T11:00:00+0200
IT,Italy,2000,TR,Total general government revenue,PC_GDP,43.9,,2026-07-21T11:00:00+0200
IT,Italy,2001,B9,Net lending (+)/net borrowing (-),MIO_EUR,-41625,,2026-07-21T11:00:00+0200
IT,Italy,2001,B9,Net lending (+)/net borrowing (-),PC_GDP,-3.2,,2026-07-21T11:00:00+0200
IT,Italy,2001,D1PAY,"Compensation of employees, expenditure",MIO_EUR,133455,,2026-07-21T11:00:00+0200
IT,Italy,2001,D1PAY,"Compensation of employees, expenditure",PC_GDP,10.2,,2026-07-21T11:00:00+0200
IT,Italy,2001,D2REC,"Taxes on production and imports, revenue",MIO_EUR,182701,,2026-07-21T11:00:00+0200
IT,Italy,2001,D2REC,"Taxes on production and imports, revenue",PC_GDP,14,,2026-07-21T11:00:00+0200
IT,Italy,2001,D3PAY,"Subsidies, expenditure",MIO_EUR,19014,,2026-07-21T11:00:00+0200
IT,Italy,2001,D3PAY,"Subsidies, expenditure",PC_GDP,1.5,,2026-07-21T11:00:00+0200
IT,Italy,2001,D41PAY,"Interest, expenditure",MIO_EUR,79082,,2026-07-21T11:00:00+0200
IT,Italy,2001,D41PAY,"Interest, expenditure",PC_GDP,6,,2026-07-21T11:00:00+0200
IT,Italy,2001,D5REC,"Current taxes on income, wealth, etc., revenue",MIO_EUR,183261,,2026-07-21T11:00:00+0200
IT,Italy,2001,D5REC,"Current taxes on income, wealth, etc., revenue",PC_GDP,14,,2026-07-21T11:00:00+0200
IT,Italy,2001,D61REC,"Net social contributions, revenue",MIO_EUR,154011,,2026-07-21T11:00:00+0200
IT,Italy,2001,D61REC,"Net social contributions, revenue",PC_GDP,11.8,,2026-07-21T11:00:00+0200
IT,Italy,2001,D62PAY,"Social benefits other than social transfers in kind, expenditure",MIO_EUR,203108,,2026-07-21T11:00:00+0200
IT,Italy,2001,D62PAY,"Social benefits other than social transfers in kind, expenditure",PC_GDP,15.5,,2026-07-21T11:00:00+0200
IT,Italy,2001,D632PAY,"Social transfers in kind, purchased market production, expenditure",MIO_EUR,32080,,2026-07-21T11:00:00+0200
IT,Italy,2001,D632PAY,"Social transfers in kind, purchased market production, expenditure",PC_GDP,2.5,,2026-07-21T11:00:00+0200
IT,Italy,2001,D91REC,"Capital taxes, revenue",MIO_EUR,1048,,2026-07-21T11:00:00+0200
IT,Italy,2001,D91REC,"Capital taxes, revenue",PC_GDP,0.1,,2026-07-21T11:00:00+0200
IT,Italy,2001,D995REC,Capital transfers from general government to relevant sectors representing taxes and social contributions assessed but unlikely to be collected,MIO_EUR,,m,2026-07-21T11:00:00+0200
IT,Italy,2001,D995REC,Capital transfers from general government to relevant sectors representing taxes and social contributions assessed but unlikely to be collected,PC_GDP,,m,2026-07-21T11:00:00+0200
IT,Italy,2001,P2,Intermediate consumption,MIO_EUR,65969,,2026-07-21T11:00:00+0200
IT,Italy,2001,P2,Intermediate consumption,PC_GDP,5,,2026-07-21T11:00:00+0200
IT,Italy,2001,P51G,Gross fixed capital formation,MIO_EUR,38680,,2026-07-21T11:00:00+0200
IT,Italy,2001,P51G,Gross fixed capital formation,PC_GDP,3,,2026-07-21T11:00:00+0200
IT,Italy,2001,TE,Total general government expenditure,MIO_EUR,616778,,2026-07-21T11:00:00+0200
IT,Italy,2001,TE,Total general government expenditure,PC_GDP,47.1,,2026-07-21T11:00:00+0200
IT,Italy,2001,TR,Total general government revenue,MIO_EUR,575153,,2026-07-21T11:00:00+0200
IT,Italy,2001,TR,Total general government revenue,PC_GDP,44,,2026-07-21T11:00:00+0200
IT,Italy,2002,B9,Net lending (+)/net borrowing (-),MIO_EUR,-39036,,2026-07-21T11:00:00+0200
IT,Italy,2002,B9,Net lending (+)/net borrowing (-),PC_GDP,-2.9,,2026-07-21T11:00:00+0200
IT,Italy,2002,D1PAY,"Compensation of employees, expenditure",MIO_EUR,139186,,2026-07-21T11:00:00+0200
IT,Italy,2002,D1PAY,"Compensation of employees, expenditure",PC_GDP,10.3,,2026-07-21T11:00:00+0200
IT,Italy,2002,D2REC,"Taxes on production and imports, revenue",MIO_EUR,190078,,2026-07-21T11:00:00+0200
IT,Italy,2002,D2REC,"Taxes on production and imports, revenue",PC_GDP,14,,2026-07-21T11:00:00+0200
IT,Italy,2002,D3PAY,"Subsidies, expenditure",MIO_EUR,19072,,2026-07-21T11:00:00+0200
IT,Italy,2002,D3PAY,"Subsidies, expenditure",PC_GDP,1.4,,2026-07-21T11:00:00+0200
IT,Italy,2002,D41PAY,"Interest, expenditure",MIO_EUR,73477,,2026-07-21T11:00:00+0200
IT,Italy,2002,D41PAY,"Interest, expenditure",PC_GDP,5.4,,2026-07-21T11:00:00+0200
IT,Italy,2002,D5REC,"Current taxes on income, wealth, etc., revenue",MIO_EUR,180544,,2026-07-21T11:00:00+0200
IT,Italy,2002,D5REC,"Current taxes on income, wealth, etc., revenue",PC_GDP,13.3,,2026-07-21T11:00:00+0200
IT,Italy,2002,D61REC,"Net social contributions, revenue",MIO_EUR,161691,,2026-07-21T11:00:00+0200
IT,Italy,2002,D61REC,"Net social contributions, revenue",PC_GDP,11.9,,2026-07-21T11:00:00+0200
IT,Italy,2002,D62PAY,"Social benefits other than social transfers in kind, expenditure",MIO_EUR,214278,,2026-07-21T11:00:00+0200
IT,Italy,2002,D62PAY,"Social benefits other than social transfers in kind, expenditure",PC_GDP,15.8,,2026-07-21T11:00:00+0200
IT,Italy,2002,D632PAY,"Social transfers in kind, purchased market production, expenditure",MIO_EUR,34151,,2026-07-21T11:00:00+0200
IT,Italy,2002,D632PAY,"Social transfers in kind, purchased market production, expenditure",PC_GDP,2.5,,2026-07-21T11:00:00+0200
IT,Italy,2002,D91REC,"Capital taxes, revenue",MIO_EUR,2975,,2026-07-21T11:00:00+0200
IT,Italy,2002,D91REC,"Capital taxes, revenue",PC_GDP,0.2,,2026-07-21T11:00:00+0200
IT,Italy,2002,D995REC,Capital transfers from general government to relevant sectors representing taxes and social contributions assessed but unlikely to be collected,MIO_EUR,,m,2026-07-21T11:00:00+0200
IT,Italy,2002,D995REC,Capital transfers from general government to relevant sectors representing taxes and social contributions assessed but unlikely to be collected,PC_GDP,,m,2026-07-21T11:00:00+0200
IT,Italy,2002,P2,Intermediate consumption,MIO_EUR,67681,,2026-07-21T11:00:00+0200
IT,Italy,2002,P2,Intermediate consumption,PC_GDP,5,,2026-07-21T11:00:00+0200
IT,Italy,2002,P51G,Gross fixed capital formation,MIO_EUR,33102,,2026-07-21T11:00:00+0200
IT,Italy,2002,P51G,Gross fixed capital formation,PC_GDP,2.4,,2026-07-21T11:00:00+0200
IT,Italy,2002,TE,Total general government expenditure,MIO_EUR,630226,,2026-07-21T11:00:00+0200
IT,Italy,2002,TE,Total general government expenditure,PC_GDP,46.5,,2026-07-21T11:00:00+0200
IT,Italy,2002,TR,Total general government revenue,MIO_EUR,591190,,2026-07-21T11:00:00+0200
IT,Italy,2002,TR,Total general government revenue,PC_GDP,43.6,,2026-07-21T11:00:00+0200
IT,Italy,2003,B9,Net lending (+)/net borrowing (-),MIO_EUR,-45147,,2026-07-21T11:00:00+0200
IT,Italy,2003,B9,Net lending (+)/net borrowing (-),PC_GDP,-3.2,,2026-07-21T11:00:00+0200
IT,Italy,2003,D1PAY,"Compensation of employees, expenditure",MIO_EUR,146548,,2026-07-21T11:00:00+0200
IT,Italy,2003,D1PAY,"Compensation of employees, expenditure",PC_GDP,10.5,,2026-07-21T11:00:00+0200
IT,Italy,2003,D2REC,"Taxes on production and imports, revenue",MIO_EUR,190737,,2026-07-21T11:00:00+0200
IT,Italy,2003,D2REC,"Taxes on production and imports, revenue",PC_GDP,13.6,,2026-07-21T11:00:00+0200
IT,Italy,2003,D3PAY,"Subsidies, expenditure",MIO_EUR,18563,,2026-07-21T11:00:00+0200
IT,Italy,2003,D3PAY,"Subsidies, expenditure",PC_GDP,1.3,,2026-07-21T11:00:00+0200
IT,Italy,2003,D41PAY,"Interest, expenditure",MIO_EUR,69138,,2026-07-21T11:00:00+0200
IT,Italy,2003,D41PAY,"Interest, expenditure",PC_GDP,4.9,,2026-07-21T11:00:00+0200
IT,Italy,2003,D5REC,"Current taxes on income, wealth, etc., revenue",MIO_EUR,178472,,2026-07-21T11:00:00+0200
IT,Italy,2003,D5REC,"Current taxes on income, wealth, etc., revenue",PC_GDP,12.8,,2026-07-21T11:00:00+0200
IT,Italy,2003,D61REC,"Net social contributions, revenue",MIO_EUR,168733,,2026-07-21T11:00:00+0200
IT,Italy,2003,D61REC,"Net social contributions, revenue",PC_GDP,12.1,,2026-07-21T11:00:00+0200
IT,Italy,2003,D62PAY,"Social benefits other than social transfers in kind, expenditure",MIO_EUR,224365,,2026-07-21T11:00:00+0200
IT,Italy,2003,D62PAY,"Social benefits other than social transfers in kind, expenditure",PC_GDP,16,,2026-07-21T11:00:00+0200
IT,Italy,2003,D632PAY,"Social transfers in kind, purchased market production, expenditure",MIO_EUR,35266,,2026-07-21T11:00:00+0200
IT,Italy,2003,D632PAY,"Social transfers in kind, purchased market production, expenditure",PC_GDP,2.5,,2026-07-21T11:00:00+0200
IT,Italy,2003,D91REC,"Capital taxes, revenue",MIO_EUR,17925,,2026-07-21T11:00:00+0200
IT,Italy,2003,D91REC,"Capital taxes, revenue",PC_GDP,1.3,,2026-07-21T11:00:00+0200
IT,Italy,2003,D995REC,Capital transfers from general government to relevant sectors representing taxes and social contributions assessed but unlikely to be collected,MIO_EUR,,m,2026-07-21T11:00:00+0200
IT,Italy,2003,D995REC,Capital transfers from general government to relevant sectors representing taxes and social contributions assessed but unlikely to be collected,PC_GDP,,m,2026-07-21T11:00:00+0200
IT,Italy,2003,P2,Intermediate consumption,MIO_EUR,71080,,2026-07-21T11:00:00+0200
IT,Italy,2003,P2,Intermediate consumption,PC_GDP,5.1,,2026-07-21T11:00:00+0200
IT,Italy,2003,P51G,Gross fixed capital formation,MIO_EUR,42394,,2026-07-21T11:00:00+0200
IT,Italy,2003,P51G,Gross fixed capital formation,PC_GDP,3,,2026-07-21T11:00:00+0200
IT,Italy,2003,TE,Total general government expenditure,MIO_EUR,657271,,2026-07-21T11:00:00+0200
IT,Italy,2003,TE,Total general government expenditure,PC_GDP,47,,2026-07-21T11:00:00+0200
IT,Italy,2003,TR,Total general government revenue,MIO_EUR,612124,,2026-07-21T11:00:00+0200
IT,Italy,2003,TR,Total general government revenue,PC_GDP,43.7,,2026-07-21T11:00:00+0200
IT,Italy,2004,B9,Net lending (+)/net borrowing (-),MIO_EUR,-50438,,2026-07-21T11:00:00+0200
IT,Italy,2004,B9,Net lending (+)/net borrowing (-),PC_GDP,-3.5,,2026-07-21T11:00:00+0200
IT,Italy,2004,D1PAY,"Compensation of employees, expenditure",MIO_EUR,151834,,2026-07-21T11:00:00+0200
IT,Italy,2004,D1PAY,"Compensation of employees, expenditure",PC_GDP,10.4,,2026-07-21T11:00:00+0200
IT,Italy,2004,D2REC,"Taxes on production and imports, revenue",MIO_EUR,199155,,2026-07-21T11:00:00+0200
IT,Italy,2004,D2REC,"Taxes on production and imports, revenue",PC_GDP,13.7,,2026-07-21T11:00:00+0200
IT,Italy,2004,D3PAY,"Subsidies, expenditure",MIO_EUR,16890,,2026-07-21T11:00:00+0200
IT,Italy,2004,D3PAY,"Subsidies, expenditure",PC_GDP,1.2,,2026-07-21T11:00:00+0200
IT,Italy,2004,D41PAY,"Interest, expenditure",MIO_EUR,66749,,2026-07-21T11:00:00+0200
IT,Italy,2004,D41PAY,"Interest, expenditure",PC_GDP,4.6,,2026-07-21T11:00:00+0200
IT,Italy,2004,D5REC,"Current taxes on income, wealth, etc., revenue",MIO_EUR,185289,,2026-07-21T11:00:00+0200
IT,Italy,2004,D5REC,"Current taxes on income, wealth, etc., revenue",PC_GDP,12.7,,2026-07-21T11:00:00+0200
IT,Italy,2004,D61REC,"Net social contributions, revenue",MIO_EUR,176713,,2026-07-21T11:00:00+0200
IT,Italy,2004,D61REC,"Net social contributions, revenue",PC_GDP,12.1,,2026-07-21T11:00:00+0200
IT,Italy,2004,D62PAY,"Social benefits other than social transfers in kind, expenditure",MIO_EUR,234595,,2026-07-21T11:00:00+0200
IT,Italy,2004,D62PAY,"Social benefits other than social transfers in kind, expenditure",PC_GDP,16.1,,2026-07-21T11:00:00+0200
IT,Italy,2004,D632PAY,"Social transfers in kind, purchased market production, expenditure",MIO_EUR,38417,,2026-07-21T11:00:00+0200
IT,Italy,2004,D632PAY,"Social transfers in kind, purchased market production, expenditure",PC_GDP,2.6,,2026-07-21T11:00:00+0200
IT,Italy,2004,D91REC,"Capital taxes, revenue",MIO_EUR,8372,,2026-07-21T11:00:00+0200
IT,Italy,2004,D91REC,"Capital taxes, revenue",PC_GDP,0.6,,2026-07-21T11:00:00+0200
IT,Italy,2004,D995REC,Capital transfers from general government to relevant sectors representing taxes and social contributions assessed but unlikely to be collected,MIO_EUR,,m,2026-07-21T11:00:00+0200
IT,Italy,2004,D995REC,Capital transfers from general government to relevant sectors representing taxes and social contributions assessed but unlikely to be collected,PC_GDP,,m,2026-07-21T11:00:00+0200
IT,Italy,2004,P2,Intermediate consumption,MIO_EUR,75169,,2026-07-21T11:00:00+0200
IT,Italy,2004,P2,Intermediate consumption,PC_GDP,5.2,,2026-07-21T11:00:00+0200
IT,Italy,2004,P51G,Gross fixed capital formation,MIO_EUR,45373,,2026-07-21T11:00:00+0200
IT,Italy,2004,P51G,Gross fixed capital formation,PC_GDP,3.1,,2026-07-21T11:00:00+0200
IT,Italy,2004,TE,Total general government expenditure,MIO_EUR,680101,,2026-07-21T11:00:00+0200
IT,Italy,2004,TE,Total general government expenditure,PC_GDP,46.7,,2026-07-21T11:00:00+0200
IT,Italy,2004,TR,Total general government revenue,MIO_EUR,629663,,2026-07-21T11:00:00+0200
IT,Italy,2004,TR,Total general government revenue,PC_GDP,43.2,,2026-07-21T11:00:00+0200
IT,Italy,2005,B9,Net lending (+)/net borrowing (-),MIO_EUR,-61440,,2026-07-21T11:00:00+0200
IT,Italy,2005,B9,Net lending (+)/net borrowing (-),PC_GDP,-4.1,,2026-07-21T11:00:00+0200
IT,Italy,2005,D1PAY,"Compensation of employees, expenditure",MIO_EUR,158331,,2026-07-21T11:00:00+0200
IT,Italy,2005,D1PAY,"Compensation of employees, expenditure",PC_GDP,10.6,,2026-07-21T11:00:00+0200
IT,Italy,2005,D2REC,"Taxes on production and imports, revenue",MIO_EUR,208059,,2026-07-21T11:00:00+0200
IT,Italy,2005,D2REC,"Taxes on production and imports, revenue",PC_GDP,13.9,,2026-07-21T11:00:00+0200
IT,Italy,2005,D3PAY,"Subsidies, expenditure",MIO_EUR,15830,,2026-07-21T11:00:00+0200
IT,Italy,2005,D3PAY,"Subsidies, expenditure",PC_GDP,1.1,,2026-07-21T11:00:00+0200
IT,Italy,2005,D41PAY,"Interest, expenditure",MIO_EUR,67224,,2026-07-21T11:00:00+0200
IT,Italy,2005,D41PAY,"Interest, expenditure",PC_GDP,4.5,,2026-07-21T11:00:00+0200
IT,Italy,2005,D5REC,"Current taxes on income, wealth, etc., revenue",MIO_EUR,191001,,2026-07-21T11:00:00+0200
IT,Italy,2005,D5REC,"Current taxes on income, wealth, etc., revenue",PC_GDP,12.7,,2026-07-21T11:00:00+0200
IT,Italy,2005,D61REC,"Net social contributions, revenue",MIO_EUR,182056,,2026-07-21T11:00:00+0200
IT,Italy,2005,D61REC,"Net social contributions, revenue",PC_GDP,12.1,,2026-07-21T11:00:00+0200
IT,Italy,2005,D62PAY,"Social benefits other than social transfers in kind, expenditure",MIO_EUR,242245,,2026-07-21T11:00:00+0200
IT,Italy,2005,D62PAY,"Social benefits other than social transfers in kind, expenditure",PC_GDP,16.2,,2026-07-21T11:00:00+0200
IT,Italy,2005,D632PAY,"Social transfers in kind, purchased market production, expenditure",MIO_EUR,40717,,2026-07-21T11:00:00+0200
IT,Italy,2005,D632PAY,"Social transfers in kind, purchased market production, expenditure",PC_GDP,2.7,,2026-07-21T11:00:00+0200
IT,Italy,2005,D91REC,"Capital taxes, revenue",MIO_EUR,1870,,2026-07-21T11:00:00+0200
IT,Italy,2005,D91REC,"Capital taxes, revenue",PC_GDP,0.1,,2026-07-21T11:00:00+0200
IT,Italy,2005,D995REC,Capital transfers from general government to relevant sectors representing taxes and social contributions assessed but unlikely to be collected,MIO_EUR,,m,2026-07-21T11:00:00+0200
IT,Italy,2005,D995REC,Capital transfers from general government to relevant sectors representing taxes and social contributions assessed but unlikely to be collected,PC_GDP,,m,2026-07-21T11:00:00+0200
IT,Italy,2005,P2,Intermediate consumption,MIO_EUR,79737,,2026-07-21T11:00:00+0200
IT,Italy,2005,P2,Intermediate consumption,PC_GDP,5.3,,2026-07-21T11:00:00+0200
IT,Italy,2005,P51G,Gross fixed capital formation,MIO_EUR,47123,,2026-07-21T11:00:00+0200
IT,Italy,2005,P51G,Gross fixed capital formation,PC_GDP,3.1,,2026-07-21T11:00:00+0200
IT,Italy,2005,TE,Total general government expenditure,MIO_EUR,705365,,2026-07-21T11:00:00+0200
IT,Italy,2005,TE,Total general government expenditure,PC_GDP,47.1,,2026-07-21T11:00:00+0200
IT,Italy,2005,TR,Total general government revenue,MIO_EUR,643925,,2026-07-21T11:00:00+0200
IT,Italy,2005,TR,Total general government revenue,PC_GDP,43,,2026-07-21T11:00:00+0200
IT,Italy,2006,B9,Net lending (+)/net borrowing (-),MIO_EUR,-56240,,2026-07-21T11:00:00+0200
IT,Italy,2006,B9,Net lending (+)/net borrowing (-),PC_GDP,-3.6,,2026-07-21T11:00:00+0200
IT,Italy,2006,D1PAY,"Compensation of employees, expenditure",MIO_EUR,165646,,2026-07-21T11:00:00+0200
IT,Italy,2006,D1PAY,"Compensation of employees, expenditure",PC_GDP,10.6,,2026-07-21T11:00:00+0200
IT,Italy,2006,D2REC,"Taxes on production and imports, revenue",MIO_EUR,224967,,2026-07-21T11:00:00+0200
IT,Italy,2006,D2REC,"Taxes on production and imports, revenue",PC_GDP,14.4,,2026-07-21T11:00:00+0200
IT,Italy,2006,D3PAY,"Subsidies, expenditure",MIO_EUR,17258,,2026-07-21T11:00:00+0200
IT,Italy,2006,D3PAY,"Subsidies, expenditure",PC_GDP,1.1,,2026-07-21T11:00:00+0200
IT,Italy,2006,D41PAY,"Interest, expenditure",MIO_EUR,68871,,2026-07-21T11:00:00+0200
IT,Italy,2006,D41PAY,"Interest, expenditure",PC_GDP,4.4,,2026-07-21T11:00:00+0200
IT,Italy,2006,D5REC,"Current taxes on income, wealth, etc., revenue",MIO_EUR,213472,,2026-07-21T11:00:00+0200
IT,Italy,2006,D5REC,"Current taxes on income, wealth, etc., revenue",PC_GDP,13.7,,2026-07-21T11:00:00+0200
IT,Italy,2006,D61REC,"Net social contributions, revenue",MIO_EUR,184419,,2026-07-21T11:00:00+0200
IT,Italy,2006,D61REC,"Net social contributions, revenue",PC_GDP,11.8,,2026-07-21T11:00:00+0200
IT,Italy,2006,D62PAY,"Social benefits other than social transfers in kind, expenditure",MIO_EUR,252104,,2026-07-21T11:00:00+0200
IT,Italy,2006,D62PAY,"Social benefits other than social transfers in kind, expenditure",PC_GDP,16.2,,2026-07-21T11:00:00+0200
IT,Italy,2006,D632PAY,"Social transfers in kind, purchased market production, expenditure",MIO_EUR,41802,,2026-07-21T11:00:00+0200
IT,Italy,2006,D632PAY,"Social transfers in kind, purchased market production, expenditure",PC_GDP,2.7,,2026-07-21T11:00:00+0200
IT,Italy,2006,D91REC,"Capital taxes, revenue",MIO_EUR,225,,2026-07-21T11:00:00+0200
IT,Italy,2006,D91REC,"Capital taxes, revenue",PC_GDP,0,,2026-07-21T11:00:00+0200
IT,Italy,2006,D995REC,Capital transfers from general government to relevant sectors representing taxes and social contributions assessed but unlikely to be collected,MIO_EUR,,m,2026-07-21T11:00:00+0200
IT,Italy,2006,D995REC,Capital transfers from general government to relevant sectors representing taxes and social contributions assessed but unlikely to be collected,PC_GDP,,m,2026-07-21T11:00:00+0200
IT,Italy,2006,P2,Intermediate consumption,MIO_EUR,78337,,2026-07-21T11:00:00+0200
IT,Italy,2006,P2,Intermediate consumption,PC_GDP,5,,2026-07-21T11:00:00+0200
IT,Italy,2006,P51G,Gross fixed capital formation,MIO_EUR,48847,,2026-07-21T11:00:00+0200
IT,Italy,2006,P51G,Gross fixed capital formation,PC_GDP,3.1,,2026-07-21T11:00:00+0200
IT,Italy,2006,TE,Total general government expenditure,MIO_EUR,741870,,2026-07-21T11:00:00+0200
IT,Italy,2006,TE,Total general government expenditure,PC_GDP,47.6,,2026-07-21T11:00:00+0200
IT,Italy,2006,TR,Total general government revenue,MIO_EUR,685630,,2026-07-21T11:00:00+0200
IT,Italy,2006,TR,Total general government revenue,PC_GDP,44,,2026-07-21T11:00:00+0200
IT,Italy,2007,B9,Net lending (+)/net borrowing (-),MIO_EUR,-21503,,2026-07-21T11:00:00+0200
IT,Italy,2007,B9,Net lending (+)/net borrowing (-),PC_GDP,-1.3,,2026-07-21T11:00:00+0200
IT,Italy,2007,D1PAY,"Compensation of employees, expenditure",MIO_EUR,166272,,2026-07-21T11:00:00+0200
IT,Italy,2007,D1PAY,"Compensation of employees, expenditure",PC_GDP,10.3,,2026-07-21T11:00:00+0200
IT,Italy,2007,D2REC,"Taxes on production and imports, revenue",MIO_EUR,232258,,2026-07-21T11:00:00+0200
IT,Italy,2007,D2REC,"Taxes on production and imports, revenue",PC_GDP,14.3,,2026-07-21T11:00:00+0200
IT,Italy,2007,D3PAY,"Subsidies, expenditure",MIO_EUR,17492,,2026-07-21T11:00:00+0200
IT,Italy,2007,D3PAY,"Subsidies, expenditure",PC_GDP,1.1,,2026-07-21T11:00:00+0200
IT,Italy,2007,D41PAY,"Interest, expenditure",MIO_EUR,76677,,2026-07-21T11:00:00+0200
IT,Italy,2007,D41PAY,"Interest, expenditure",PC_GDP,4.7,,2026-07-21T11:00:00+0200
IT,Italy,2007,D5REC,"Current taxes on income, wealth, etc., revenue",MIO_EUR,233507,,2026-07-21T11:00:00+0200
IT,Italy,2007,D5REC,"Current taxes on income, wealth, etc., revenue",PC_GDP,14.4,,2026-07-21T11:00:00+0200
IT,Italy,2007,D61REC,"Net social contributions, revenue",MIO_EUR,203167,,2026-07-21T11:00:00+0200
IT,Italy,2007,D61REC,"Net social contributions, revenue",PC_GDP,12.5,,2026-07-21T11:00:00+0200
IT,Italy,2007,D62PAY,"Social benefits other than social transfers in kind, expenditure",MIO_EUR,264407,,2026-07-21T11:00:00+0200
IT,Italy,2007,D62PAY,"Social benefits other than social transfers in kind, expenditure",PC_GDP,16.3,,2026-07-21T11:00:00+0200
IT,Italy,2007,D632PAY,"Social transfers in kind, purchased market production, expenditure",MIO_EUR,42429,,2026-07-21T11:00:00+0200
IT,Italy,2007,D632PAY,"Social transfers in kind, purchased market production, expenditure",PC_GDP,2.6,,2026-07-21T11:00:00+0200
IT,Italy,2007,D91REC,"Capital taxes, revenue",MIO_EUR,299,,2026-07-21T11:00:00+0200
IT,Italy,2007,D91REC,"Capital taxes, revenue",PC_GDP,0,,2026-07-21T11:00:00+0200
IT,Italy,2007,D995REC,Capital transfers from general government to relevant sectors representing taxes and social contributions assessed but unlikely to be collected,MIO_EUR,,m,2026-07-21T11:00:00+0200
IT,Italy,2007,D995REC,Capital transfers from general government to relevant sectors representing taxes and social contributions assessed but unlikely to be collected,PC_GDP,,m,2026-07-21T11:00:00+0200
IT,Italy,2007,P2,Intermediate consumption,MIO_EUR,81702,,2026-07-21T11:00:00+0200
IT,Italy,2007,P2,Intermediate consumption,PC_GDP,5,,2026-07-21T11:00:00+0200
IT,Italy,2007,P51G,Gross fixed capital formation,MIO_EUR,50752,,2026-07-21T11:00:00+0200
IT,Italy,2007,P51G,Gross fixed capital formation,PC_GDP,3.1,,2026-07-21T11:00:00+0200
IT,Italy,2007,TE,Total general government expenditure,MIO_EUR,755725,,2026-07-21T11:00:00+0200
IT,Italy,2007,TE,Total general government expenditure,PC_GDP,46.6,,2026-07-21T11:00:00+0200
IT,Italy,2007,TR,Total general government revenue,MIO_EUR,734222,,2026-07-21T11:00:00+0200
IT,Italy,2007,TR,Total general government revenue,PC_GDP,45.3,,2026-07-21T11:00:00+0200
IT,Italy,2008,B9,Net lending (+)/net borrowing (-),MIO_EUR,-42473,,2026-07-21T11:00:00+0200
IT,Italy,2008,B9,Net lending (+)/net borrowing (-),PC_GDP,-2.6,,2026-07-21T11:00:00+0200
IT,Italy,2008,D1PAY,"Compensation of employees, expenditure",MIO_EUR,172179,,2026-07-21T11:00:00+0200
IT,Italy,2008,D1PAY,"Compensation of employees, expenditure",PC_GDP,10.5,,2026-07-21T11:00:00+0200
IT,Italy,2008,D2REC,"Taxes on production and imports, revenue",MIO_EUR,222498,,2026-07-21T11:00:00+0200
IT,Italy,2008,D2REC,"Taxes on production and imports, revenue",PC_GDP,13.5,,2026-07-21T11:00:00+0200
IT,Italy,2008,D3PAY,"Subsidies, expenditure",MIO_EUR,17925,,2026-07-21T11:00:00+0200
IT,Italy,2008,D3PAY,"Subsidies, expenditure",PC_GDP,1.1,,2026-07-21T11:00:00+0200
IT,Italy,2008,D41PAY,"Interest, expenditure",MIO_EUR,80678,,2026-07-21T11:00:00+0200
IT,Italy,2008,D41PAY,"Interest, expenditure",PC_GDP,4.9,,2026-07-21T11:00:00+0200
IT,Italy,2008,D5REC,"Current taxes on income, wealth, etc., revenue",MIO_EUR,239880,,2026-07-21T11:00:00+0200
IT,Italy,2008,D5REC,"Current taxes on income, wealth, etc., revenue",PC_GDP,14.6,,2026-07-21T11:00:00+0200
IT,Italy,2008,D61REC,"Net social contributions, revenue",MIO_EUR,213021,,2026-07-21T11:00:00+0200
IT,Italy,2008,D61REC,"Net social contributions, revenue",PC_GDP,13,,2026-07-21T11:00:00+0200
IT,Italy,2008,D62PAY,"Social benefits other than social transfers in kind, expenditure",MIO_EUR,277270,,2026-07-21T11:00:00+0200
IT,Italy,2008,D62PAY,"Social benefits other than social transfers in kind, expenditure",PC_GDP,16.9,,2026-07-21T11:00:00+0200
IT,Italy,2008,D632PAY,"Social transfers in kind, purchased market production, expenditure",MIO_EUR,43291,,2026-07-21T11:00:00+0200
IT,Italy,2008,D632PAY,"Social transfers in kind, purchased market production, expenditure",PC_GDP,2.6,,2026-07-21T11:00:00+0200
IT,Italy,2008,D91REC,"Capital taxes, revenue",MIO_EUR,487,,2026-07-21T11:00:00+0200
IT,Italy,2008,D91REC,"Capital taxes, revenue",PC_GDP,0,,2026-07-21T11:00:00+0200
IT,Italy,2008,D995REC,Capital transfers from general government to relevant sectors representing taxes and social contributions assessed but unlikely to be collected,MIO_EUR,,m,2026-07-21T11:00:00+0200
IT,Italy,2008,D995REC,Capital transfers from general government to relevant sectors representing taxes and social contributions assessed but unlikely to be collected,PC_GDP,,m,2026-07-21T11:00:00+0200
IT,Italy,2008,P2,Intermediate consumption,MIO_EUR,86381,,2026-07-21T11:00:00+0200
IT,Italy,2008,P2,Intermediate consumption,PC_GDP,5.3,,2026-07-21T11:00:00+0200
IT,Italy,2008,P51G,Gross fixed capital formation,MIO_EUR,51494,,2026-07-21T11:00:00+0200
IT,Italy,2008,P51G,Gross fixed capital formation,PC_GDP,3.1,,2026-07-21T11:00:00+0200
IT,Italy,2008,TE,Total general government expenditure,MIO_EUR,784890,,2026-07-21T11:00:00+0200
IT,Italy,2008,TE,Total general government expenditure,PC_GDP,47.8,,2026-07-21T11:00:00+0200
IT,Italy,2008,TR,Total general government revenue,MIO_EUR,742417,,2026-07-21T11:00:00+0200
IT,Italy,2008,TR,Total general government revenue,PC_GDP,45.2,,2026-07-21T11:00:00+0200
IT,Italy,2009,B9,Net lending (+)/net borrowing (-),MIO_EUR,-80101,,2026-07-21T11:00:00+0200
IT,Italy,2009,B9,Net lending (+)/net borrowing (-),PC_GDP,-5.1,,2026-07-21T11:00:00+0200
IT,Italy,2009,D1PAY,"Compensation of employees, expenditure",MIO_EUR,173456,,2026-07-21T11:00:00+0200
IT,Italy,2009,D1PAY,"Compensation of employees, expenditure",PC_GDP,10.9,,2026-07-21T11:00:00+0200
IT,Italy,2009,D2REC,"Taxes on production and imports, revenue",MIO_EUR,214317,,2026-07-21T11:00:00+0200
IT,Italy,2009,D2REC,"Taxes on production and imports, revenue",PC_GDP,13.5,,2026-07-21T11:00:00+0200
IT,Italy,2009,D3PAY,"Subsidies, expenditure",MIO_EUR,21479,,2026-07-21T11:00:00+0200
IT,Italy,2009,D3PAY,"Subsidies, expenditure",PC_GDP,1.4,,2026-07-21T11:00:00+0200
IT,Italy,2009,D41PAY,"Interest, expenditure",MIO_EUR,69499,,2026-07-21T11:00:00+0200
IT,Italy,2009,D41PAY,"Interest, expenditure",PC_GDP,4.4,,2026-07-21T11:00:00+0200
IT,Italy,2009,D5REC,"Current taxes on income, wealth, etc., revenue",MIO_EUR,222527,,2026-07-21T11:00:00+0200
IT,Italy,2009,D5REC,"Current taxes on income, wealth, etc., revenue",PC_GDP,14,,2026-07-21T11:00:00+0200
IT,Italy,2009,D61REC,"Net social contributions, revenue",MIO_EUR,212155,,2026-07-21T11:00:00+0200
IT,Italy,2009,D61REC,"Net social contributions, revenue",PC_GDP,13.4,,2026-07-21T11:00:00+0200
IT,Italy,2009,D62PAY,"Social benefits other than social transfers in kind, expenditure",MIO_EUR,291627,,2026-07-21T11:00:00+0200
IT,Italy,2009,D62PAY,"Social benefits other than social transfers in kind, expenditure",PC_GDP,18.4,,2026-07-21T11:00:00+0200
IT,Italy,2009,D632PAY,"Social transfers in kind, purchased market production, expenditure",MIO_EUR,45574,,2026-07-21T11:00:00+0200
IT,Italy,2009,D632PAY,"Social transfers in kind, purchased market production, expenditure",PC_GDP,2.9,,2026-07-21T11:00:00+0200
IT,Italy,2009,D91REC,"Capital taxes, revenue",MIO_EUR,12256,,2026-07-21T11:00:00+0200
IT,Italy,2009,D91REC,"Capital taxes, revenue",PC_GDP,0.8,,2026-07-21T11:00:00+0200
IT,Italy,2009,D995REC,Capital transfers from general government to relevant sectors representing taxes and social contributions assessed but unlikely to be collected,MIO_EUR,,m,2026-07-21T11:00:00+0200
IT,Italy,2009,D995REC,Capital transfers from general government to relevant sectors representing taxes and social contributions assessed but unlikely to be collected,PC_GDP,,m,2026-07-21T11:00:00+0200
IT,Italy,2009,P2,Intermediate consumption,MIO_EUR,89208,,2026-07-21T11:00:00+0200
IT,Italy,2009,P2,Intermediate consumption,PC_GDP,5.6,,2026-07-21T11:00:00+0200
IT,Italy,2009,P51G,Gross fixed capital formation,MIO_EUR,57351,,2026-07-21T11:00:00+0200
IT,Italy,2009,P51G,Gross fixed capital formation,PC_GDP,3.6,,2026-07-21T11:00:00+0200
IT,Italy,2009,TE,Total general government expenditure,MIO_EUR,808728,,2026-07-21T11:00:00+0200
IT,Italy,2009,TE,Total general government expenditure,PC_GDP,51.1,,2026-07-21T11:00:00+0200
IT,Italy,2009,TR,Total general government revenue,MIO_EUR,728627,,2026-07-21T11:00:00+0200
IT,Italy,2009,TR,Total general government revenue,PC_GDP,46,,2026-07-21T11:00:00+0200
IT,Italy,2010,B9,Net lending (+)/net borrowing (-),MIO_EUR,-67329,,2026-07-21T11:00:00+0200
IT,Italy,2010,B9,Net lending (+)/net borrowing (-),PC_GDP,-4.2,,2026-07-21T11:00:00+0200
IT,Italy,2010,D1PAY,"Compensation of employees, expenditure",MIO_EUR,174667,,2026-07-21T11:00:00+0200
IT,Italy,2010,D1PAY,"Compensation of employees, expenditure",PC_GDP,10.8,,2026-07-21T11:00:00+0200
IT,Italy,2010,D2REC,"Taxes on production and imports, revenue",MIO_EUR,225694,,2026-07-21T11:00:00+0200
IT,Italy,2010,D2REC,"Taxes on production and imports, revenue",PC_GDP,13.9,,2026-07-21T11:00:00+0200
IT,Italy,2010,D3PAY,"Subsidies, expenditure",MIO_EUR,22845,,2026-07-21T11:00:00+0200
IT,Italy,2010,D3PAY,"Subsidies, expenditure",PC_GDP,1.4,,2026-07-21T11:00:00+0200
IT,Italy,2010,D41PAY,"Interest, expenditure",MIO_EUR,68857,,2026-07-21T11:00:00+0200
IT,Italy,2010,D41PAY,"Interest, expenditure",PC_GDP,4.3,,2026-07-21T11:00:00+0200
IT,Italy,2010,D5REC,"Current taxes on income, wealth, etc., revenue",MIO_EUR,226675,,2026-07-21T11:00:00+0200
IT,Italy,2010,D5REC,"Current taxes on income, wealth, etc., revenue",PC_GDP,14,,2026-07-21T11:00:00+0200
IT,Italy,2010,D61REC,"Net social contributions, revenue",MIO_EUR,213718,,2026-07-21T11:00:00+0200
IT,Italy,2010,D61REC,"Net social contributions, revenue",PC_GDP,13.2,,2026-07-21T11:00:00+0200
IT,Italy,2010,D62PAY,"Social benefits other than social transfers in kind, expenditure",MIO_EUR,298695,,2026-07-21T11:00:00+0200
IT,Italy,2010,D62PAY,"Social benefits other than social transfers in kind, expenditure",PC_GDP,18.5,,2026-07-21T11:00:00+0200
IT,Italy,2010,D632PAY,"Social transfers in kind, purchased market production, expenditure",MIO_EUR,46385,,2026-07-21T11:00:00+0200
IT,Italy,2010,D632PAY,"Social transfers in kind, purchased market production, expenditure",PC_GDP,2.9,,2026-07-21T11:00:00+0200
IT,Italy,2010,D91REC,"Capital taxes, revenue",MIO_EUR,3517,,2026-07-21T11:00:00+0200
IT,Italy,2010,D91REC,"Capital taxes, revenue",PC_GDP,0.2,,2026-07-21T11:00:00+0200
IT,Italy,2010,D995REC,Capital transfers from general government to relevant sectors representing taxes and social contributions assessed but unlikely to be collected,MIO_EUR,,m,2026-07-21T11:00:00+0200
IT,Italy,2010,D995REC,Capital transfers from general government to relevant sectors representing taxes and social contributions assessed but unlikely to be collected,PC_GDP,,m,2026-07-21T11:00:00+0200
IT,Italy,2010,P2,Intermediate consumption,MIO_EUR,90782,,2026-07-21T11:00:00+0200
IT,Italy,2010,P2,Intermediate consumption,PC_GDP,5.6,,2026-07-21T11:00:00+0200
IT,Italy,2010,P51G,Gross fixed capital formation,MIO_EUR,49425,,2026-07-21T11:00:00+0200
IT,Italy,2010,P51G,Gross fixed capital formation,PC_GDP,3.1,,2026-07-21T11:00:00+0200
IT,Italy,2010,TE,Total general government expenditure,MIO_EUR,805717,,2026-07-21T11:00:00+0200
IT,Italy,2010,TE,Total general government expenditure,PC_GDP,49.8,,2026-07-21T11:00:00+0200
IT,Italy,2010,TR,Total general government revenue,MIO_EUR,738388,,2026-07-21T11:00:00+0200
IT,Italy,2010,TR,Total general government revenue,PC_GDP,45.6,,2026-07-21T11:00:00+0200
IT,Italy,2011,B9,Net lending (+)/net borrowing (-),MIO_EUR,-58412,,2026-07-21T11:00:00+0200
IT,Italy,2011,B9,Net lending (+)/net borrowing (-),PC_GDP,-3.5,,2026-07-21T11:00:00+0200
IT,Italy,2011,D1PAY,"Compensation of employees, expenditure",MIO_EUR,171964,,2026-07-21T11:00:00+0200
IT,Italy,2011,D1PAY,"Compensation of employees, expenditure",PC_GDP,10.4,,2026-07-21T11:00:00+0200
IT,Italy,2011,D2REC,"Taxes on production and imports, revenue",MIO_EUR,233151,,2026-07-21T11:00:00+0200
IT,Italy,2011,D2REC,"Taxes on production and imports, revenue",PC_GDP,14.1,,2026-07-21T11:00:00+0200
IT,Italy,2011,D3PAY,"Subsidies, expenditure",MIO_EUR,23448,,2026-07-21T11:00:00+0200
IT,Italy,2011,D3PAY,"Subsidies, expenditure",PC_GDP,1.4,,2026-07-21T11:00:00+0200
IT,Italy,2011,D41PAY,"Interest, expenditure",MIO_EUR,76566,,2026-07-21T11:00:00+0200
IT,Italy,2011,D41PAY,"Interest, expenditure",PC_GDP,4.6,,2026-07-21T11:00:00+0200
IT,Italy,2011,D5REC,"Current taxes on income, wealth, etc., revenue",MIO_EUR,226997,,2026-07-21T11:00:00+0200
IT,Italy,2011,D5REC,"Current taxes on income, wealth, etc., revenue",PC_GDP,13.7,,2026-07-21T11:00:00+0200
IT,Italy,2011,D61REC,"Net social contributions, revenue",MIO_EUR,216407,,2026-07-21T11:00:00+0200
IT,Italy,2011,D61REC,"Net social contributions, revenue",PC_GDP,13.1,,2026-07-21T11:00:00+0200
IT,Italy,2011,D62PAY,"Social benefits other than social transfers in kind, expenditure",MIO_EUR,304478,,2026-07-21T11:00:00+0200
IT,Italy,2011,D62PAY,"Social benefits other than social transfers in kind, expenditure",PC_GDP,18.4,,2026-07-21T11:00:00+0200
IT,Italy,2011,D632PAY,"Social transfers in kind, purchased market production, expenditure",MIO_EUR,44774,,2026-07-21T11:00:00+0200
IT,Italy,2011,D632PAY,"Social transfers in kind, purchased market production, expenditure",PC_GDP,2.7,,2026-07-21T11:00:00+0200
IT,Italy,2011,D91REC,"Capital taxes, revenue",MIO_EUR,6986,,2026-07-21T11:00:00+0200
IT,Italy,2011,D91REC,"Capital taxes, revenue",PC_GDP,0.4,,2026-07-21T11:00:00+0200
IT,Italy,2011,D995REC,Capital transfers from general government to relevant sectors representing taxes and social contributions assessed but unlikely to be collected,MIO_EUR,,m,2026-07-21T11:00:00+0200
IT,Italy,2011,D995REC,Capital transfers from general government to relevant sectors representing taxes and social contributions assessed but unlikely to be collected,PC_GDP,,m,2026-07-21T11:00:00+0200
IT,Italy,2011,P2,Intermediate consumption,MIO_EUR,90903,,2026-07-21T11:00:00+0200
IT,Italy,2011,P2,Intermediate consumption,PC_GDP,5.5,,2026-07-21T11:00:00+0200
IT,Italy,2011,P51G,Gross fixed capital formation,MIO_EUR,47416,,2026-07-21T11:00:00+0200
IT,Italy,2011,P51G,Gross fixed capital formation,PC_GDP,2.9,,2026-07-21T11:00:00+0200
IT,Italy,2011,TE,Total general government expenditure,MIO_EUR,812549,,2026-07-21T11:00:00+0200
IT,Italy,2011,TE,Total general government expenditure,PC_GDP,49,,2026-07-21T11:00:00+0200
IT,Italy,2011,TR,Total general government revenue,MIO_EUR,754137,,2026-07-21T11:00:00+0200
IT,Italy,2011,TR,Total general government revenue,PC_GDP,45.5,,2026-07-21T11:00:00+0200
IT,Italy,2012,B9,Net lending (+)/net borrowing (-),MIO_EUR,-48750,,2026-07-21T11:00:00+0200
IT,Italy,2012,B9,Net lending (+)/net borrowing (-),PC_GDP,-3,,2026-07-21T11:00:00+0200
IT,Italy,2012,D1PAY,"Compensation of employees, expenditure",MIO_EUR,168598,,2026-07-21T11:00:00+0200
IT,Italy,2012,D1PAY,"Compensation of employees, expenditure",PC_GDP,10.3,,2026-07-21T11:00:00+0200
IT,Italy,2012,D2REC,"Taxes on production and imports, revenue",MIO_EUR,247794,,2026-07-21T11:00:00+0200
IT,Italy,2012,D2REC,"Taxes on production and imports, revenue",PC_GDP,15.2,,2026-07-21T11:00:00+0200
IT,Italy,2012,D3PAY,"Subsidies, expenditure",MIO_EUR,25648,,2026-07-21T11:00:00+0200
IT,Italy,2012,D3PAY,"Subsidies, expenditure",PC_GDP,1.6,,2026-07-21T11:00:00+0200
IT,Italy,2012,D41PAY,"Interest, expenditure",MIO_EUR,83582,,2026-07-21T11:00:00+0200
IT,Italy,2012,D41PAY,"Interest, expenditure",PC_GDP,5.1,,2026-07-21T11:00:00+0200
IT,Italy,2012,D5REC,"Current taxes on income, wealth, etc., revenue",MIO_EUR,239767,,2026-07-21T11:00:00+0200
IT,Italy,2012,D5REC,"Current taxes on income, wealth, etc., revenue",PC_GDP,14.7,,2026-07-21T11:00:00+0200
IT,Italy,2012,D61REC,"Net social contributions, revenue",MIO_EUR,215906,,2026-07-21T11:00:00+0200
IT,Italy,2012,D61REC,"Net social contributions, revenue",PC_GDP,13.2,,2026-07-21T11:00:00+0200
IT,Italy,2012,D62PAY,"Social benefits other than social transfers in kind, expenditure",MIO_EUR,311748,,2026-07-21T11:00:00+0200
IT,Italy,2012,D62PAY,"Social benefits other than social transfers in kind, expenditure",PC_GDP,19.1,,2026-07-21T11:00:00+0200
IT,Italy,2012,D632PAY,"Social transfers in kind, purchased market production, expenditure",MIO_EUR,43268,,2026-07-21T11:00:00+0200
IT,Italy,2012,D632PAY,"Social transfers in kind, purchased market production, expenditure",PC_GDP,2.6,,2026-07-21T11:00:00+0200
IT,Italy,2012,D91REC,"Capital taxes, revenue",MIO_EUR,1528,,2026-07-21T11:00:00+0200
IT,Italy,2012,D91REC,"Capital taxes, revenue",PC_GDP,0.1,,2026-07-21T11:00:00+0200
IT,Italy,2012,D995REC,Capital transfers from general government to relevant sectors representing taxes and social contributions assessed but unlikely to be collected,MIO_EUR,,m,2026-07-21T11:00:00+0200
IT,Italy,2012,D995REC,Capital transfers from general government to relevant sectors representing taxes and social contributions assessed but unlikely to be collected,PC_GDP,,m,2026-07-21T11:00:00+0200
IT,Italy,2012,P2,Intermediate consumption,MIO_EUR,91538,,2026-07-21T11:00:00+0200
IT,Italy,2012,P2,Intermediate consumption,PC_GDP,5.6,,2026-07-21T11:00:00+0200
IT,Italy,2012,P51G,Gross fixed capital formation,MIO_EUR,42859,,2026-07-21T11:00:00+0200
IT,Italy,2012,P51G,Gross fixed capital formation,PC_GDP,2.6,,2026-07-21T11:00:00+0200
IT,Italy,2012,TE,Total general government expenditure,MIO_EUR,824301,,2026-07-21T11:00:00+0200
IT,Italy,2012,TE,Total general government expenditure,PC_GDP,50.5,,2026-07-21T11:00:00+0200
IT,Italy,2012,TR,Total general government revenue,MIO_EUR,775551,,2026-07-21T11:00:00+0200
IT,Italy,2012,TR,Total general government revenue,PC_GDP,47.5,,2026-07-21T11:00:00+0200
IT,Italy,2013,B9,Net lending (+)/net borrowing (-),MIO_EUR,-46604,,2026-07-21T11:00:00+0200
IT,Italy,2013,B9,Net lending (+)/net borrowing (-),PC_GDP,-2.9,,2026-07-21T11:00:00+0200
IT,Italy,2013,D1PAY,"Compensation of employees, expenditure",MIO_EUR,167452,,2026-07-21T11:00:00+0200
IT,Italy,2013,D1PAY,"Compensation of employees, expenditure",PC_GDP,10.3,,2026-07-21T11:00:00+0200
IT,Italy,2013,D2REC,"Taxes on production and imports, revenue",MIO_EUR,242256,,2026-07-21T11:00:00+0200
IT,Italy,2013,D2REC,"Taxes on production and imports, revenue",PC_GDP,14.9,,2026-07-21T11:00:00+0200
IT,Italy,2013,D3PAY,"Subsidies, expenditure",MIO_EUR,27240,,2026-07-21T11:00:00+0200
IT,Italy,2013,D3PAY,"Subsidies, expenditure",PC_GDP,1.7,,2026-07-21T11:00:00+0200
IT,Italy,2013,D41PAY,"Interest, expenditure",MIO_EUR,77659,,2026-07-21T11:00:00+0200
IT,Italy,2013,D41PAY,"Interest, expenditure",PC_GDP,4.8,,2026-07-21T11:00:00+0200
IT,Italy,2013,D5REC,"Current taxes on income, wealth, etc., revenue",MIO_EUR,241037,,2026-07-21T11:00:00+0200
IT,Italy,2013,D5REC,"Current taxes on income, wealth, etc., revenue",PC_GDP,14.9,,2026-07-21T11:00:00+0200
IT,Italy,2013,D61REC,"Net social contributions, revenue",MIO_EUR,215394,,2026-07-21T11:00:00+0200
IT,Italy,2013,D61REC,"Net social contributions, revenue",PC_GDP,13.3,,2026-07-21T11:00:00+0200
IT,Italy,2013,D62PAY,"Social benefits other than social transfers in kind, expenditure",MIO_EUR,319978,,2026-07-21T11:00:00+0200
IT,Italy,2013,D62PAY,"Social benefits other than social transfers in kind, expenditure",PC_GDP,19.7,,2026-07-21T11:00:00+0200
IT,Italy,2013,D632PAY,"Social transfers in kind, purchased market production, expenditure",MIO_EUR,43363,,2026-07-21T11:00:00+0200
IT,Italy,2013,D632PAY,"Social transfers in kind, purchased market production, expenditure",PC_GDP,2.7,,2026-07-21T11:00:00+0200
IT,Italy,2013,D91REC,"Capital taxes, revenue",MIO_EUR,4154,,2026-07-21T11:00:00+0200
IT,Italy,2013,D91REC,"Capital taxes, revenue",PC_GDP,0.3,,2026-07-21T11:00:00+0200
IT,Italy,2013,D995REC,Capital transfers from general government to relevant sectors representing taxes and social contributions assessed but unlikely to be collected,MIO_EUR,,m,2026-07-21T11:00:00+0200
IT,Italy,2013,D995REC,Capital transfers from general government to relevant sectors representing taxes and social contributions assessed but unlikely to be collected,PC_GDP,,m,2026-07-21T11:00:00+0200
IT,Italy,2013,P2,Intermediate consumption,MIO_EUR,92708,,2026-07-21T11:00:00+0200
IT,Italy,2013,P2,Intermediate consumption,PC_GDP,5.7,,2026-07-21T11:00:00+0200
IT,Italy,2013,P51G,Gross fixed capital formation,MIO_EUR,40367,,2026-07-21T11:00:00+0200
IT,Italy,2013,P51G,Gross fixed capital formation,PC_GDP,2.5,,2026-07-21T11:00:00+0200
IT,Italy,2013,TE,Total general government expenditure,MIO_EUR,825233,,2026-07-21T11:00:00+0200
IT,Italy,2013,TE,Total general government expenditure,PC_GDP,50.9,,2026-07-21T11:00:00+0200
IT,Italy,2013,TR,Total general government revenue,MIO_EUR,778629,,2026-07-21T11:00:00+0200
IT,Italy,2013,TR,Total general government revenue,PC_GDP,48,,2026-07-21T11:00:00+0200
IT,Italy,2014,B9,Net lending (+)/net borrowing (-),MIO_EUR,-46107,,2026-07-21T11:00:00+0200
IT,Italy,2014,B9,Net lending (+)/net borrowing (-),PC_GDP,-2.8,,2026-07-21T11:00:00+0200
IT,Italy,2014,D1PAY,"Compensation of employees, expenditure",MIO_EUR,165827,,2026-07-21T11:00:00+0200
IT,Italy,2014,D1PAY,"Compensation of employees, expenditure",PC_GDP,10.1,,2026-07-21T11:00:00+0200
IT,Italy,2014,D2REC,"Taxes on production and imports, revenue",MIO_EUR,252293,,2026-07-21T11:00:00+0200
IT,Italy,2014,D2REC,"Taxes on production and imports, revenue",PC_GDP,15.4,,2026-07-21T11:00:00+0200
IT,Italy,2014,D3PAY,"Subsidies, expenditure",MIO_EUR,30459,,2026-07-21T11:00:00+0200
IT,Italy,2014,D3PAY,"Subsidies, expenditure",PC_GDP,1.9,,2026-07-21T11:00:00+0200
IT,Italy,2014,D41PAY,"Interest, expenditure",MIO_EUR,74442,,2026-07-21T11:00:00+0200
IT,Italy,2014,D41PAY,"Interest, expenditure",PC_GDP,4.6,,2026-07-21T11:00:00+0200
IT,Italy,2014,D5REC,"Current taxes on income, wealth, etc., revenue",MIO_EUR,237168,,2026-07-21T11:00:00+0200
IT,Italy,2014,D5REC,"Current taxes on income, wealth, etc., revenue",PC_GDP,14.5,,2026-07-21T11:00:00+0200
IT,Italy,2014,D61REC,"Net social contributions, revenue",MIO_EUR,214429,,2026-07-21T11:00:00+0200
IT,Italy,2014,D61REC,"Net social contributions, revenue",PC_GDP,13.1,,2026-07-21T11:00:00+0200
IT,Italy,2014,D62PAY,"Social benefits other than social transfers in kind, expenditure",MIO_EUR,327010,,2026-07-21T11:00:00+0200
IT,Italy,2014,D62PAY,"Social benefits other than social transfers in kind, expenditure",PC_GDP,20,,2026-07-21T11:00:00+0200
IT,Italy,2014,D632PAY,"Social transfers in kind, purchased market production, expenditure",MIO_EUR,44308,,2026-07-21T11:00:00+0200
IT,Italy,2014,D632PAY,"Social transfers in kind, purchased market production, expenditure",PC_GDP,2.7,,2026-07-21T11:00:00+0200
IT,Italy,2014,D91REC,"Capital taxes, revenue",MIO_EUR,1583,,2026-07-21T11:00:00+0200
IT,Italy,2014,D91REC,"Capital taxes, revenue",PC_GDP,0.1,,2026-07-21T11:00:00+0200
IT,Italy,2014,D995REC,Capital transfers from general government to relevant sectors representing taxes and social contributions assessed but unlikely to be collected,MIO_EUR,,m,2026-07-21T11:00:00+0200
IT,Italy,2014,D995REC,Capital transfers from general government to relevant sectors representing taxes and social contributions assessed but unlikely to be collected,PC_GDP,,m,2026-07-21T11:00:00+0200
IT,Italy,2014,P2,Intermediate consumption,MIO_EUR,91867,,2026-07-21T11:00:00+0200
IT,Italy,2014,P2,Intermediate consumption,PC_GDP,5.6,,2026-07-21T11:00:00+0200
IT,Italy,2014,P51G,Gross fixed capital formation,MIO_EUR,37617,,2026-07-21T11:00:00+0200
IT,Italy,2014,P51G,Gross fixed capital formation,PC_GDP,2.3,,2026-07-21T11:00:00+0200
IT,Italy,2014,TE,Total general government expenditure,MIO_EUR,829632,,2026-07-21T11:00:00+0200
IT,Italy,2014,TE,Total general government expenditure,PC_GDP,50.7,,2026-07-21T11:00:00+0200
IT,Italy,2014,TR,Total general government revenue,MIO_EUR,783525,,2026-07-21T11:00:00+0200
IT,Italy,2014,TR,Total general government revenue,PC_GDP,47.9,,2026-07-21T11:00:00+0200
IT,Italy,2015,B9,Net lending (+)/net borrowing (-),MIO_EUR,-40902,,2026-07-21T11:00:00+0200
IT,Italy,2015,B9,Net lending (+)/net borrowing (-),PC_GDP,-2.5,,2026-07-21T11:00:00+0200
IT,Italy,2015,D1PAY,"Compensation of employees, expenditure",MIO_EUR,164604,,2026-07-21T11:00:00+0200
IT,Italy,2015,D1PAY,"Compensation of employees, expenditure",PC_GDP,9.9,,2026-07-21T11:00:00+0200
IT,Italy,2015,D2REC,"Taxes on production and imports, revenue",MIO_EUR,250287,,2026-07-21T11:00:00+0200
IT,Italy,2015,D2REC,"Taxes on production and imports, revenue",PC_GDP,15,,2026-07-21T11:00:00+0200
IT,Italy,2015,D3PAY,"Subsidies, expenditure",MIO_EUR,28657,,2026-07-21T11:00:00+0200
IT,Italy,2015,D3PAY,"Subsidies, expenditure",PC_GDP,1.7,,2026-07-21T11:00:00+0200
IT,Italy,2015,D41PAY,"Interest, expenditure",MIO_EUR,68116,,2026-07-21T11:00:00+0200
IT,Italy,2015,D41PAY,"Interest, expenditure",PC_GDP,4.1,,2026-07-21T11:00:00+0200
IT,Italy,2015,D5REC,"Current taxes on income, wealth, etc., revenue",MIO_EUR,242566,,2026-07-21T11:00:00+0200
IT,Italy,2015,D5REC,"Current taxes on income, wealth, etc., revenue",PC_GDP,14.6,,2026-07-21T11:00:00+0200
IT,Italy,2015,D61REC,"Net social contributions, revenue",MIO_EUR,219171,,2026-07-21T11:00:00+0200
IT,Italy,2015,D61REC,"Net social contributions, revenue",PC_GDP,13.2,,2026-07-21T11:00:00+0200
IT,Italy,2015,D62PAY,"Social benefits other than social transfers in kind, expenditure",MIO_EUR,332924,,2026-07-21T11:00:00+0200
IT,Italy,2015,D62PAY,"Social benefits other than social transfers in kind, expenditure",PC_GDP,20,,2026-07-21T11:00:00+0200
IT,Italy,2015,D632PAY,"Social transfers in kind, purchased market production, expenditure",MIO_EUR,43837,,2026-07-21T11:00:00+0200
IT,Italy,2015,D632PAY,"Social transfers in kind, purchased market production, expenditure",PC_GDP,2.6,,2026-07-21T11:00:00+0200
IT,Italy,2015,D91REC,"Capital taxes, revenue",MIO_EUR,1214,,2026-07-21T11:00:00+0200
IT,Italy,2015,D91REC,"Capital taxes, revenue",PC_GDP,0.1,,2026-07-21T11:00:00+0200
IT,Italy,2015,D995REC,Capital transfers from general government to relevant sectors representing taxes and social contributions assessed but unlikely to be collected,MIO_EUR,,m,2026-07-21T11:00:00+0200
IT,Italy,2015,D995REC,Capital transfers from general government to relevant sectors representing taxes and social contributions assessed but unlikely to be collected,PC_GDP,,m,2026-07-21T11:00:00+0200
IT,Italy,2015,P2,Intermediate consumption,MIO_EUR,93266,,2026-07-21T11:00:00+0200
IT,Italy,2015,P2,Intermediate consumption,PC_GDP,5.6,,2026-07-21T11:00:00+0200
IT,Italy,2015,P51G,Gross fixed capital formation,MIO_EUR,40168,,2026-07-21T11:00:00+0200
IT,Italy,2015,P51G,Gross fixed capital formation,PC_GDP,2.4,,2026-07-21T11:00:00+0200
IT,Italy,2015,TE,Total general government expenditure,MIO_EUR,835694,,2026-07-21T11:00:00+0200
IT,Italy,2015,TE,Total general government expenditure,PC_GDP,50.2,,2026-07-21T11:00:00+0200
IT,Italy,2015,TR,Total general government revenue,MIO_EUR,794792,,2026-07-21T11:00:00+0200
IT,Italy,2015,TR,Total general government revenue,PC_GDP,47.8,,2026-07-21T11:00:00+0200
IT,Italy,2016,B9,Net lending (+)/net borrowing (-),MIO_EUR,-40996,,2026-07-21T11:00:00+0200
IT,Italy,2016,B9,Net lending (+)/net borrowing (-),PC_GDP,-2.4,,2026-07-21T11:00:00+0200
IT,Italy,2016,D1PAY,"Compensation of employees, expenditure",MIO_EUR,167286,,2026-07-21T11:00:00+0200
IT,Italy,2016,D1PAY,"Compensation of employees, expenditure",PC_GDP,9.8,,2026-07-21T11:00:00+0200
IT,Italy,2016,D2REC,"Taxes on production and imports, revenue",MIO_EUR,245147,,2026-07-21T11:00:00+0200
IT,Italy,2016,D2REC,"Taxes on production and imports, revenue",PC_GDP,14.4,,2026-07-21T11:00:00+0200
IT,Italy,2016,D3PAY,"Subsidies, expenditure",MIO_EUR,30334,,2026-07-21T11:00:00+0200
IT,Italy,2016,D3PAY,"Subsidies, expenditure",PC_GDP,1.8,,2026-07-21T11:00:00+0200
IT,Italy,2016,D41PAY,"Interest, expenditure",MIO_EUR,66258,,2026-07-21T11:00:00+0200
IT,Italy,2016,D41PAY,"Interest, expenditure",PC_GDP,3.9,,2026-07-21T11:00:00+0200
IT,Italy,2016,D5REC,"Current taxes on income, wealth, etc., revenue",MIO_EUR,247425,,2026-07-21T11:00:00+0200
IT,Italy,2016,D5REC,"Current taxes on income, wealth, etc., revenue",PC_GDP,14.5,,2026-07-21T11:00:00+0200
IT,Italy,2016,D61REC,"Net social contributions, revenue",MIO_EUR,220752,,2026-07-21T11:00:00+0200
IT,Italy,2016,D61REC,"Net social contributions, revenue",PC_GDP,12.9,,2026-07-21T11:00:00+0200
IT,Italy,2016,D62PAY,"Social benefits other than social transfers in kind, expenditure",MIO_EUR,336370,,2026-07-21T11:00:00+0200
IT,Italy,2016,D62PAY,"Social benefits other than social transfers in kind, expenditure",PC_GDP,19.7,,2026-07-21T11:00:00+0200
IT,Italy,2016,D632PAY,"Social transfers in kind, purchased market production, expenditure",MIO_EUR,44329,,2026-07-21T11:00:00+0200
IT,Italy,2016,D632PAY,"Social transfers in kind, purchased market production, expenditure",PC_GDP,2.6,,2026-07-21T11:00:00+0200
IT,Italy,2016,D91REC,"Capital taxes, revenue",MIO_EUR,5360,,2026-07-21T11:00:00+0200
IT,Italy,2016,D91REC,"Capital taxes, revenue",PC_GDP,0.3,,2026-07-21T11:00:00+0200
IT,Italy,2016,D995REC,Capital transfers from general government to relevant sectors representing taxes and social contributions assessed but unlikely to be collected,MIO_EUR,,m,2026-07-21T11:00:00+0200
IT,Italy,2016,D995REC,Capital transfers from general government to relevant sectors representing taxes and social contributions assessed but unlikely to be collected,PC_GDP,,m,2026-07-21T11:00:00+0200
IT,Italy,2016,P2,Intermediate consumption,MIO_EUR,96900,,2026-07-21T11:00:00+0200
IT,Italy,2016,P2,Intermediate consumption,PC_GDP,5.7,,2026-07-21T11:00:00+0200
IT,Italy,2016,P51G,Gross fixed capital formation,MIO_EUR,38582,,2026-07-21T11:00:00+0200
IT,Italy,2016,P51G,Gross fixed capital formation,PC_GDP,2.3,,2026-07-21T11:00:00+0200
IT,Italy,2016,TE,Total general government expenditure,MIO_EUR,835037,,2026-07-21T11:00:00+0200
IT,Italy,2016,TE,Total general government expenditure,PC_GDP,49,,2026-07-21T11:00:00+0200
IT,Italy,2016,TR,Total general government revenue,MIO_EUR,794041,,2026-07-21T11:00:00+0200
IT,Italy,2016,TR,Total general government revenue,PC_GDP,46.6,,2026-07-21T11:00:00+0200
IT,Italy,2017,B9,Net lending (+)/net borrowing (-),MIO_EUR,-43767,,2026-07-21T11:00:00+0200
IT,Italy,2017,B9,Net lending (+)/net borrowing (-),PC_GDP,-2.5,,2026-07-21T11:00:00+0200
IT,Italy,2017,D1PAY,"Compensation of employees, expenditure",MIO_EUR,168952,,2026-07-21T11:00:00+0200
IT,Italy,2017,D1PAY,"Compensation of employees, expenditure",PC_GDP,9.7,,2026-07-21T11:00:00+0200
IT,Italy,2017,D2REC,"Taxes on production and imports, revenue",MIO_EUR,250821,,2026-07-21T11:00:00+0200
IT,Italy,2017,D2REC,"Taxes on production and imports, revenue",PC_GDP,14.4,,2026-07-21T11:00:00+0200
IT,Italy,2017,D3PAY,"Subsidies, expenditure",MIO_EUR,28585,,2026-07-21T11:00:00+0200
IT,Italy,2017,D3PAY,"Subsidies, expenditure",PC_GDP,1.6,,2026-07-21T11:00:00+0200
IT,Italy,2017,D41PAY,"Interest, expenditure",MIO_EUR,65333,,2026-07-21T11:00:00+0200
IT,Italy,2017,D41PAY,"Interest, expenditure",PC_GDP,3.7,,2026-07-21T11:00:00+0200
IT,Italy,2017,D5REC,"Current taxes on income, wealth, etc., revenue",MIO_EUR,250161,,2026-07-21T11:00:00+0200
IT,Italy,2017,D5REC,"Current taxes on income, wealth, etc., revenue",PC_GDP,14.3,,2026-07-21T11:00:00+0200
IT,Italy,2017,D61REC,"Net social contributions, revenue",MIO_EUR,225992,,2026-07-21T11:00:00+0200
IT,Italy,2017,D61REC,"Net social contributions, revenue",PC_GDP,13,,2026-07-21T11:00:00+0200
IT,Italy,2017,D62PAY,"Social benefits other than social transfers in kind, expenditure",MIO_EUR,341404,,2026-07-21T11:00:00+0200
IT,Italy,2017,D62PAY,"Social benefits other than social transfers in kind, expenditure",PC_GDP,19.6,,2026-07-21T11:00:00+0200
IT,Italy,2017,D632PAY,"Social transfers in kind, purchased market production, expenditure",MIO_EUR,45245,,2026-07-21T11:00:00+0200
IT,Italy,2017,D632PAY,"Social transfers in kind, purchased market production, expenditure",PC_GDP,2.6,,2026-07-21T11:00:00+0200
IT,Italy,2017,D91REC,"Capital taxes, revenue",MIO_EUR,2325,,2026-07-21T11:00:00+0200
IT,Italy,2017,D91REC,"Capital taxes, revenue",PC_GDP,0.1,,2026-07-21T11:00:00+0200
IT,Italy,2017,D995REC,Capital transfers from general government to relevant sectors representing taxes and social contributions assessed but unlikely to be collected,MIO_EUR,,m,2026-07-21T11:00:00+0200
IT,Italy,2017,D995REC,Capital transfers from general government to relevant sectors representing taxes and social contributions assessed but unlikely to be collected,PC_GDP,,m,2026-07-21T11:00:00+0200
IT,Italy,2017,P2,Intermediate consumption,MIO_EUR,98765,,2026-07-21T11:00:00+0200
IT,Italy,2017,P2,Intermediate consumption,PC_GDP,5.7,,2026-07-21T11:00:00+0200
IT,Italy,2017,P51G,Gross fixed capital formation,MIO_EUR,37911,,2026-07-21T11:00:00+0200
IT,Italy,2017,P51G,Gross fixed capital formation,PC_GDP,2.2,,2026-07-21T11:00:00+0200
IT,Italy,2017,TE,Total general government expenditure,MIO_EUR,851015,,2026-07-21T11:00:00+0200
IT,Italy,2017,TE,Total general government expenditure,PC_GDP,48.8,,2026-07-21T11:00:00+0200
IT,Italy,2017,TR,Total general government revenue,MIO_EUR,807248,,2026-07-21T11:00:00+0200
IT,Italy,2017,TR,Total general government revenue,PC_GDP,46.3,,2026-07-21T11:00:00+0200
IT,Italy,2018,B9,Net lending (+)/net borrowing (-),MIO_EUR,-38968,,2026-07-21T11:00:00+0200
IT,Italy,2018,B9,Net lending (+)/net borrowing (-),PC_GDP,-2.2,,2026-07-21T11:00:00+0200
IT,Italy,2018,D1PAY,"Compensation of employees, expenditure",MIO_EUR,172077,,2026-07-21T11:00:00+0200
IT,Italy,2018,D1PAY,"Compensation of employees, expenditure",PC_GDP,9.7,,2026-07-21T11:00:00+0200
IT,Italy,2018,D2REC,"Taxes on production and imports, revenue",MIO_EUR,256209,,2026-07-21T11:00:00+0200
IT,Italy,2018,D2REC,"Taxes on production and imports, revenue",PC_GDP,14.4,,2026-07-21T11:00:00+0200
IT,Italy,2018,D3PAY,"Subsidies, expenditure",MIO_EUR,30045,,2026-07-21T11:00:00+0200
IT,Italy,2018,D3PAY,"Subsidies, expenditure",PC_GDP,1.7,,2026-07-21T11:00:00+0200
IT,Italy,2018,D41PAY,"Interest, expenditure",MIO_EUR,64366,,2026-07-21T11:00:00+0200
IT,Italy,2018,D41PAY,"Interest, expenditure",PC_GDP,3.6,,2026-07-21T11:00:00+0200
IT,Italy,2018,D5REC,"Current taxes on income, wealth, etc., revenue",MIO_EUR,248561,,2026-07-21T11:00:00+0200
IT,Italy,2018,D5REC,"Current taxes on income, wealth, etc., revenue",PC_GDP,14,,2026-07-21T11:00:00+0200
IT,Italy,2018,D61REC,"Net social contributions, revenue",MIO_EUR,234142,,2026-07-21T11:00:00+0200
IT,Italy,2018,D61REC,"Net social contributions, revenue",PC_GDP,13.2,,2026-07-21T11:00:00+0200
IT,Italy,2018,D62PAY,"Social benefits other than social transfers in kind, expenditure",MIO_EUR,348474,,2026-07-21T11:00:00+0200
IT,Italy,2018,D62PAY,"Social benefits other than social transfers in kind, expenditure",PC_GDP,19.6,,2026-07-21T11:00:00+0200
IT,Italy,2018,D632PAY,"Social transfers in kind, purchased market production, expenditure",MIO_EUR,46230,,2026-07-21T11:00:00+0200
IT,Italy,2018,D632PAY,"Social transfers in kind, purchased market production, expenditure",PC_GDP,2.6,,2026-07-21T11:00:00+0200
IT,Italy,2018,D91REC,"Capital taxes, revenue",MIO_EUR,1574,,2026-07-21T11:00:00+0200
IT,Italy,2018,D91REC,"Capital taxes, revenue",PC_GDP,0.1,,2026-07-21T11:00:00+0200
IT,Italy,2018,D995REC,Capital transfers from general government to relevant sectors representing taxes and social contributions assessed but unlikely to be collected,MIO_EUR,,m,2026-07-21T11:00:00+0200
IT,Italy,2018,D995REC,Capital transfers from general government to relevant sectors representing taxes and social contributions assessed but unlikely to be collected,PC_GDP,,m,2026-07-21T11:00:00+0200
IT,Italy,2018,P2,Intermediate consumption,MIO_EUR,100520,,2026-07-21T11:00:00+0200
IT,Italy,2018,P2,Intermediate consumption,PC_GDP,5.7,,2026-07-21T11:00:00+0200
IT,Italy,2018,P51G,Gross fixed capital formation,MIO_EUR,37823,,2026-07-21T11:00:00+0200
IT,Italy,2018,P51G,Gross fixed capital formation,PC_GDP,2.1,,2026-07-21T11:00:00+0200
IT,Italy,2018,TE,Total general government expenditure,MIO_EUR,859018,,2026-07-21T11:00:00+0200
IT,Italy,2018,TE,Total general government expenditure,PC_GDP,48.3,,2026-07-21T11:00:00+0200
IT,Italy,2018,TR,Total general government revenue,MIO_EUR,820050,,2026-07-21T11:00:00+0200
IT,Italy,2018,TR,Total general government revenue,PC_GDP,46.1,,2026-07-21T11:00:00+0200
IT,Italy,2019,B9,Net lending (+)/net borrowing (-),MIO_EUR,-26161,,2026-07-21T11:00:00+0200
IT,Italy,2019,B9,Net lending (+)/net borrowing (-),PC_GDP,-1.5,,2026-07-21T11:00:00+0200
IT,Italy,2019,D1PAY,"Compensation of employees, expenditure",MIO_EUR,173522,,2026-07-21T11:00:00+0200
IT,Italy,2019,D1PAY,"Compensation of employees, expenditure",PC_GDP,9.6,,2026-07-21T11:00:00+0200
IT,Italy,2019,D2REC,"Taxes on production and imports, revenue",MIO_EUR,261488,,2026-07-21T11:00:00+0200
IT,Italy,2019,D2REC,"Taxes on production and imports, revenue",PC_GDP,14.5,,2026-07-21T11:00:00+0200
IT,Italy,2019,D3PAY,"Subsidies, expenditure",MIO_EUR,29860,,2026-07-21T11:00:00+0200
IT,Italy,2019,D3PAY,"Subsidies, expenditure",PC_GDP,1.7,,2026-07-21T11:00:00+0200
IT,Italy,2019,D41PAY,"Interest, expenditure",MIO_EUR,60214,,2026-07-21T11:00:00+0200
IT,Italy,2019,D41PAY,"Interest, expenditure",PC_GDP,3.3,,2026-07-21T11:00:00+0200
IT,Italy,2019,D5REC,"Current taxes on income, wealth, etc., revenue",MIO_EUR,258205,,2026-07-21T11:00:00+0200
IT,Italy,2019,D5REC,"Current taxes on income, wealth, etc., revenue",PC_GDP,14.3,,2026-07-21T11:00:00+0200
IT,Italy,2019,D61REC,"Net social contributions, revenue",MIO_EUR,242020,,2026-07-21T11:00:00+0200
IT,Italy,2019,D61REC,"Net social contributions, revenue",PC_GDP,13.4,,2026-07-21T11:00:00+0200
IT,Italy,2019,D62PAY,"Social benefits other than social transfers in kind, expenditure",MIO_EUR,361203,,2026-07-21T11:00:00+0200
IT,Italy,2019,D62PAY,"Social benefits other than social transfers in kind, expenditure",PC_GDP,20,,2026-07-21T11:00:00+0200
IT,Italy,2019,D632PAY,"Social transfers in kind, purchased market production, expenditure",MIO_EUR,45898,,2026-07-21T11:00:00+0200
IT,Italy,2019,D632PAY,"Social transfers in kind, purchased market production, expenditure",PC_GDP,2.5,,2026-07-21T11:00:00+0200
IT,Italy,2019,D91REC,"Capital taxes, revenue",MIO_EUR,1252,,2026-07-21T11:00:00+0200
IT,Italy,2019,D91REC,"Capital taxes, revenue",PC_GDP,0.1,,2026-07-21T11:00:00+0200
IT,Italy,2019,D995REC,Capital transfers from general government to relevant sectors representing taxes and social contributions assessed but unlikely to be collected,MIO_EUR,,m,2026-07-21T11:00:00+0200
IT,Italy,2019,D995REC,Capital transfers from general government to relevant sectors representing taxes and social contributions assessed but unlikely to be collected,PC_GDP,,m,2026-07-21T11:00:00+0200
IT,Italy,2019,P2,Intermediate consumption,MIO_EUR,101050,,2026-07-21T11:00:00+0200
IT,Italy,2019,P2,Intermediate consumption,PC_GDP,5.6,,2026-07-21T11:00:00+0200
IT,Italy,2019,P51G,Gross fixed capital formation,MIO_EUR,41865,,2026-07-21T11:00:00+0200
IT,Italy,2019,P51G,Gross fixed capital formation,PC_GDP,2.3,,2026-07-21T11:00:00+0200
IT,Italy,2019,TE,Total general government expenditure,MIO_EUR,873598,,2026-07-21T11:00:00+0200
IT,Italy,2019,TE,Total general government expenditure,PC_GDP,48.4,,2026-07-21T11:00:00+0200
IT,Italy,2019,TR,Total general government revenue,MIO_EUR,847437,,2026-07-21T11:00:00+0200
IT,Italy,2019,TR,Total general government revenue,PC_GDP,47,,2026-07-21T11:00:00+0200
IT,Italy,2020,B9,Net lending (+)/net borrowing (-),MIO_EUR,-156627,,2026-07-21T11:00:00+0200
IT,Italy,2020,B9,Net lending (+)/net borrowing (-),PC_GDP,-9.4,,2026-07-21T11:00:00+0200
IT,Italy,2020,D1PAY,"Compensation of employees, expenditure",MIO_EUR,174541,,2026-07-21T11:00:00+0200
IT,Italy,2020,D1PAY,"Compensation of employees, expenditure",PC_GDP,10.5,,2026-07-21T11:00:00+0200
IT,Italy,2020,D2REC,"Taxes on production and imports, revenue",MIO_EUR,231180,,2026-07-21T11:00:00+0200
IT,Italy,2020,D2REC,"Taxes on production and imports, revenue",PC_GDP,13.8,,2026-07-21T11:00:00+0200
IT,Italy,2020,D3PAY,"Subsidies, expenditure",MIO_EUR,34271,,2026-07-21T11:00:00+0200
IT,Italy,2020,D3PAY,"Subsidies, expenditure",PC_GDP,2.1,,2026-07-21T11:00:00+0200
IT,Italy,2020,D41PAY,"Interest, expenditure",MIO_EUR,57126,,2026-07-21T11:00:00+0200
IT,Italy,2020,D41PAY,"Interest, expenditure",PC_GDP,3.4,,2026-07-21T11:00:00+0200
IT,Italy,2020,D5REC,"Current taxes on income, wealth, etc., revenue",MIO_EUR,251102,,2026-07-21T11:00:00+0200
IT,Italy,2020,D5REC,"Current taxes on income, wealth, etc., revenue",PC_GDP,15,,2026-07-21T11:00:00+0200
IT,Italy,2020,D61REC,"Net social contributions, revenue",MIO_EUR,230337,,2026-07-21T11:00:00+0200
IT,Italy,2020,D61REC,"Net social contributions, revenue",PC_GDP,13.8,,2026-07-21T11:00:00+0200
IT,Italy,2020,D62PAY,"Social benefits other than social transfers in kind, expenditure",MIO_EUR,399175,,2026-07-21T11:00:00+0200
IT,Italy,2020,D62PAY,"Social benefits other than social transfers in kind, expenditure",PC_GDP,23.9,,2026-07-21T11:00:00+0200
IT,Italy,2020,D632PAY,"Social transfers in kind, purchased market production, expenditure",MIO_EUR,46284,,2026-07-21T11:00:00+0200
IT,Italy,2020,D632PAY,"Social transfers in kind, purchased market production, expenditure",PC_GDP,2.8,,2026-07-21T11:00:00+0200
IT,Italy,2020,D91REC,"Capital taxes, revenue",MIO_EUR,944,,2026-07-21T11:00:00+0200
IT,Italy,2020,D91REC,"Capital taxes, revenue",PC_GDP,0.1,,2026-07-21T11:00:00+0200
IT,Italy,2020,D995REC,Capital transfers from general government to relevant sectors representing taxes and social contributions assessed but unlikely to be collected,MIO_EUR,,m,2026-07-21T11:00:00+0200
IT,Italy,2020,D995REC,Capital transfers from general government to relevant sectors representing taxes and social contributions assessed but unlikely to be collected,PC_GDP,,m,2026-07-21T11:00:00+0200
IT,Italy,2020,P2,Intermediate consumption,MIO_EUR,102351,,2026-07-21T11:00:00+0200
IT,Italy,2020,P2,Intermediate consumption,PC_GDP,6.1,,2026-07-21T11:00:00+0200
IT,Italy,2020,P51G,Gross fixed capital formation,MIO_EUR,43885,,2026-07-21T11:00:00+0200
IT,Italy,2020,P51G,Gross fixed capital formation,PC_GDP,2.6,,2026-07-21T11:00:00+0200
IT,Italy,2020,TE,Total general government expenditure,MIO_EUR,948296,,2026-07-21T11:00:00+0200
IT,Italy,2020,TE,Total general government expenditure,PC_GDP,56.8,,2026-07-21T11:00:00+0200
IT,Italy,2020,TR,Total general government revenue,MIO_EUR,791669,,2026-07-21T11:00:00+0200
IT,Italy,2020,TR,Total general government revenue,PC_GDP,47.4,,2026-07-21T11:00:00+0200
IT,Italy,2021,B9,Net lending (+)/net borrowing (-),MIO_EUR,-163535,,2026-07-21T11:00:00+0200
IT,Italy,2021,B9,Net lending (+)/net borrowing (-),PC_GDP,-8.9,,2026-07-21T11:00:00+0200
IT,Italy,2021,D1PAY,"Compensation of employees, expenditure",MIO_EUR,181825,,2026-07-21T11:00:00+0200
IT,Italy,2021,D1PAY,"Compensation of employees, expenditure",PC_GDP,9.9,,2026-07-21T11:00:00+0200
IT,Italy,2021,D2REC,"Taxes on production and imports, revenue",MIO_EUR,262100,,2026-07-21T11:00:00+0200
IT,Italy,2021,D2REC,"Taxes on production and imports, revenue",PC_GDP,14.2,,2026-07-21T11:00:00+0200
IT,Italy,2021,D3PAY,"Subsidies, expenditure",MIO_EUR,36975,,2026-07-21T11:00:00+0200
IT,Italy,2021,D3PAY,"Subsidies, expenditure",PC_GDP,2,,2026-07-21T11:00:00+0200
IT,Italy,2021,D41PAY,"Interest, expenditure",MIO_EUR,63004,,2026-07-21T11:00:00+0200
IT,Italy,2021,D41PAY,"Interest, expenditure",PC_GDP,3.4,,2026-07-21T11:00:00+0200
IT,Italy,2021,D5REC,"Current taxes on income, wealth, etc., revenue",MIO_EUR,268362,,2026-07-21T11:00:00+0200
IT,Italy,2021,D5REC,"Current taxes on income, wealth, etc., revenue",PC_GDP,14.6,,2026-07-21T11:00:00+0200
IT,Italy,2021,D61REC,"Net social contributions, revenue",MIO_EUR,247577,,2026-07-21T11:00:00+0200
IT,Italy,2021,D61REC,"Net social contributions, revenue",PC_GDP,13.4,,2026-07-21T11:00:00+0200
IT,Italy,2021,D62PAY,"Social benefits other than social transfers in kind, expenditure",MIO_EUR,397876,,2026-07-21T11:00:00+0200
IT,Italy,2021,D62PAY,"Social benefits other than social transfers in kind, expenditure",PC_GDP,21.6,,2026-07-21T11:00:00+0200
IT,Italy,2021,D632PAY,"Social transfers in kind, purchased market production, expenditure",MIO_EUR,47520,,2026-07-21T11:00:00+0200
IT,Italy,2021,D632PAY,"Social transfers in kind, purchased market production, expenditure",PC_GDP,2.6,,2026-07-21T11:00:00+0200
IT,Italy,2021,D91REC,"Capital taxes, revenue",MIO_EUR,1596,,2026-07-21T11:00:00+0200
IT,Italy,2021,D91REC,"Capital taxes, revenue",PC_GDP,0.1,,2026-07-21T11:00:00+0200
IT,Italy,2021,D995REC,Capital transfers from general government to relevant sectors representing taxes and social contributions assessed but unlikely to be collected,MIO_EUR,,m,2026-07-21T11:00:00+0200
IT,Italy,2021,D995REC,Capital transfers from general government to relevant sectors representing taxes and social contributions assessed but unlikely to be collected,PC_GDP,,m,2026-07-21T11:00:00+0200
IT,Italy,2021,P2,Intermediate consumption,MIO_EUR,111433,,2026-07-21T11:00:00+0200
IT,Italy,2021,P2,Intermediate consumption,PC_GDP,6,,2026-07-21T11:00:00+0200
IT,Italy,2021,P51G,Gross fixed capital formation,MIO_EUR,52402,,2026-07-21T11:00:00+0200
IT,Italy,2021,P51G,Gross fixed capital formation,PC_GDP,2.8,,2026-07-21T11:00:00+0200
IT,Italy,2021,TE,Total general government expenditure,MIO_EUR,1032529,,2026-07-21T11:00:00+0200
IT,Italy,2021,TE,Total general government expenditure,PC_GDP,56,,2026-07-21T11:00:00+0200
IT,Italy,2021,TR,Total general government revenue,MIO_EUR,868994,,2026-07-21T11:00:00+0200
IT,Italy,2021,TR,Total general government revenue,PC_GDP,47.2,,2026-07-21T11:00:00+0200
IT,Italy,2022,B9,Net lending (+)/net borrowing (-),MIO_EUR,-161869,,2026-07-21T11:00:00+0200
IT,Italy,2022,B9,Net lending (+)/net borrowing (-),PC_GDP,-8.1,,2026-07-21T11:00:00+0200
IT,Italy,2022,D1PAY,"Compensation of employees, expenditure",MIO_EUR,183336,,2026-07-21T11:00:00+0200
IT,Italy,2022,D1PAY,"Compensation of employees, expenditure",PC_GDP,9.2,,2026-07-21T11:00:00+0200
IT,Italy,2022,D2REC,"Taxes on production and imports, revenue",MIO_EUR,279848,,2026-07-21T11:00:00+0200
IT,Italy,2022,D2REC,"Taxes on production and imports, revenue",PC_GDP,14,,2026-07-21T11:00:00+0200
IT,Italy,2022,D3PAY,"Subsidies, expenditure",MIO_EUR,45939,,2026-07-21T11:00:00+0200
IT,Italy,2022,D3PAY,"Subsidies, expenditure",PC_GDP,2.3,,2026-07-21T11:00:00+0200
IT,Italy,2022,D41PAY,"Interest, expenditure",MIO_EUR,81614,,2026-07-21T11:00:00+0200
IT,Italy,2022,D41PAY,"Interest, expenditure",PC_GDP,4.1,,2026-07-21T11:00:00+0200
IT,Italy,2022,D5REC,"Current taxes on income, wealth, etc., revenue",MIO_EUR,290381,,2026-07-21T11:00:00+0200
IT,Italy,2022,D5REC,"Current taxes on income, wealth, etc., revenue",PC_GDP,14.5,,2026-07-21T11:00:00+0200
IT,Italy,2022,D61REC,"Net social contributions, revenue",MIO_EUR,260263,,2026-07-21T11:00:00+0200
IT,Italy,2022,D61REC,"Net social contributions, revenue",PC_GDP,13,,2026-07-21T11:00:00+0200
IT,Italy,2022,D62PAY,"Social benefits other than social transfers in kind, expenditure",MIO_EUR,406893,,2026-07-21T11:00:00+0200
IT,Italy,2022,D62PAY,"Social benefits other than social transfers in kind, expenditure",PC_GDP,20.4,,2026-07-21T11:00:00+0200
IT,Italy,2022,D632PAY,"Social transfers in kind, purchased market production, expenditure",MIO_EUR,50747,,2026-07-21T11:00:00+0200
IT,Italy,2022,D632PAY,"Social transfers in kind, purchased market production, expenditure",PC_GDP,2.5,,2026-07-21T11:00:00+0200
IT,Italy,2022,D91REC,"Capital taxes, revenue",MIO_EUR,1707,,2026-07-21T11:00:00+0200
IT,Italy,2022,D91REC,"Capital taxes, revenue",PC_GDP,0.1,,2026-07-21T11:00:00+0200
IT,Italy,2022,D995REC,Capital transfers from general government to relevant sectors representing taxes and social contributions assessed but unlikely to be collected,MIO_EUR,,m,2026-07-21T11:00:00+0200
IT,Italy,2022,D995REC,Capital transfers from general government to relevant sectors representing taxes and social contributions assessed but unlikely to be collected,PC_GDP,,m,2026-07-21T11:00:00+0200
IT,Italy,2022,P2,Intermediate consumption,MIO_EUR,119946,,2026-07-21T11:00:00+0200
IT,Italy,2022,P2,Intermediate consumption,PC_GDP,6,,2026-07-21T11:00:00+0200
IT,Italy,2022,P51G,Gross fixed capital formation,MIO_EUR,52789,,2026-07-21T11:00:00+0200
IT,Italy,2022,P51G,Gross fixed capital formation,PC_GDP,2.6,,2026-07-21T11:00:00+0200
IT,Italy,2022,TE,Total general government expenditure,MIO_EUR,1097627,,2026-07-21T11:00:00+0200
IT,Italy,2022,TE,Total general government expenditure,PC_GDP,54.9,,2026-07-21T11:00:00+0200
IT,Italy,2022,TR,Total general government revenue,MIO_EUR,935758,,2026-07-21T11:00:00+0200
IT,Italy,2022,TR,Total general government revenue,PC_GDP,46.8,,2026-07-21T11:00:00+0200
IT,Italy,2023,B9,Net lending (+)/net borrowing (-),MIO_EUR,-152867,,2026-07-21T11:00:00+0200
IT,Italy,2023,B9,Net lending (+)/net borrowing (-),PC_GDP,-7.1,,2026-07-21T11:00:00+0200
IT,Italy,2023,D1PAY,"Compensation of employees, expenditure",MIO_EUR,188094,,2026-07-21T11:00:00+0200
IT,Italy,2023,D1PAY,"Compensation of employees, expenditure",PC_GDP,8.8,,2026-07-21T11:00:00+0200
IT,Italy,2023,D2REC,"Taxes on production and imports, revenue",MIO_EUR,291420,,2026-07-21T11:00:00+0200
IT,Italy,2023,D2REC,"Taxes on production and imports, revenue",PC_GDP,13.6,,2026-07-21T11:00:00+0200
IT,Italy,2023,D3PAY,"Subsidies, expenditure",MIO_EUR,38748,,2026-07-21T11:00:00+0200
IT,Italy,2023,D3PAY,"Subsidies, expenditure",PC_GDP,1.8,,2026-07-21T11:00:00+0200
IT,Italy,2023,D41PAY,"Interest, expenditure",MIO_EUR,77779,,2026-07-21T11:00:00+0200
IT,Italy,2023,D41PAY,"Interest, expenditure",PC_GDP,3.6,,2026-07-21T11:00:00+0200
IT,Italy,2023,D5REC,"Current taxes on income, wealth, etc., revenue",MIO_EUR,321786,,2026-07-21T11:00:00+0200
IT,Italy,2023,D5REC,"Current taxes on income, wealth, etc., revenue",PC_GDP,15,,2026-07-21T11:00:00+0200
IT,Italy,2023,D61REC,"Net social contributions, revenue",MIO_EUR,268180,,2026-07-21T11:00:00+0200
IT,Italy,2023,D61REC,"Net social contributions, revenue",PC_GDP,12.5,,2026-07-21T11:00:00+0200
IT,Italy,2023,D62PAY,"Social benefits other than social transfers in kind, expenditure",MIO_EUR,424284,,2026-07-21T11:00:00+0200
IT,Italy,2023,D62PAY,"Social benefits other than social transfers in kind, expenditure",PC_GDP,19.8,,2026-07-21T11:00:00+0200
IT,Italy,2023,D632PAY,"Social transfers in kind, purchased market production, expenditure",MIO_EUR,54177,,2026-07-21T11:00:00+0200
IT,Italy,2023,D632PAY,"Social transfers in kind, purchased market production, expenditure",PC_GDP,2.5,,2026-07-21T11:00:00+0200
IT,Italy,2023,D91REC,"Capital taxes, revenue",MIO_EUR,1612,,2026-07-21T11:00:00+0200
IT,Italy,2023,D91REC,"Capital taxes, revenue",PC_GDP,0.1,,2026-07-21T11:00:00+0200
IT,Italy,2023,D995REC,Capital transfers from general government to relevant sectors representing taxes and social contributions assessed but unlikely to be collected,MIO_EUR,,m,2026-07-21T11:00:00+0200
IT,Italy,2023,D995REC,Capital transfers from general government to relevant sectors representing taxes and social contributions assessed but unlikely to be collected,PC_GDP,,m,2026-07-21T11:00:00+0200
IT,Italy,2023,P2,Intermediate consumption,MIO_EUR,120165,,2026-07-21T11:00:00+0200
IT,Italy,2023,P2,Intermediate consumption,PC_GDP,5.6,,2026-07-21T11:00:00+0200
IT,Italy,2023,P51G,Gross fixed capital formation,MIO_EUR,67582,,2026-07-21T11:00:00+0200
IT,Italy,2023,P51G,Gross fixed capital formation,PC_GDP,3.2,,2026-07-21T11:00:00+0200
IT,Italy,2023,TE,Total general government expenditure,MIO_EUR,1149084,,2026-07-21T11:00:00+0200
IT,Italy,2023,TE,Total general government expenditure,PC_GDP,53.6,,2026-07-21T11:00:00+0200
IT,Italy,2023,TR,Total general government revenue,MIO_EUR,996217,,2026-07-21T11:00:00+0200
IT,Italy,2023,TR,Total general government revenue,PC_GDP,46.5,,2026-07-21T11:00:00+0200
IT,Italy,2024,B9,Net lending (+)/net borrowing (-),MIO_EUR,-73779,,2026-07-21T11:00:00+0200
IT,Italy,2024,B9,Net lending (+)/net borrowing (-),PC_GDP,-3.4,,2026-07-21T11:00:00+0200
IT,Italy,2024,D1PAY,"Compensation of employees, expenditure",MIO_EUR,197539,,2026-07-21T11:00:00+0200
IT,Italy,2024,D1PAY,"Compensation of employees, expenditure",PC_GDP,9,,2026-07-21T11:00:00+0200
IT,Italy,2024,D2REC,"Taxes on production and imports, revenue",MIO_EUR,309600,,2026-07-21T11:00:00+0200
IT,Italy,2024,D2REC,"Taxes on production and imports, revenue",PC_GDP,14.1,,2026-07-21T11:00:00+0200
IT,Italy,2024,D3PAY,"Subsidies, expenditure",MIO_EUR,36517,,2026-07-21T11:00:00+0200
IT,Italy,2024,D3PAY,"Subsidies, expenditure",PC_GDP,1.7,,2026-07-21T11:00:00+0200
IT,Italy,2024,D41PAY,"Interest, expenditure",MIO_EUR,85483,,2026-07-21T11:00:00+0200
IT,Italy,2024,D41PAY,"Interest, expenditure",PC_GDP,3.9,,2026-07-21T11:00:00+0200
IT,Italy,2024,D5REC,"Current taxes on income, wealth, etc., revenue",MIO_EUR,343558,,2026-07-21T11:00:00+0200
IT,Italy,2024,D5REC,"Current taxes on income, wealth, etc., revenue",PC_GDP,15.6,,2026-07-21T11:00:00+0200
IT,Italy,2024,D61REC,"Net social contributions, revenue",MIO_EUR,278140,,2026-07-21T11:00:00+0200
IT,Italy,2024,D61REC,"Net social contributions, revenue",PC_GDP,12.6,,2026-07-21T11:00:00+0200
IT,Italy,2024,D62PAY,"Social benefits other than social transfers in kind, expenditure",MIO_EUR,445636,,2026-07-21T11:00:00+0200
IT,Italy,2024,D62PAY,"Social benefits other than social transfers in kind, expenditure",PC_GDP,20.2,,2026-07-21T11:00:00+0200
IT,Italy,2024,D632PAY,"Social transfers in kind, purchased market production, expenditure",MIO_EUR,51264,,2026-07-21T11:00:00+0200
IT,Italy,2024,D632PAY,"Social transfers in kind, purchased market production, expenditure",PC_GDP,2.3,,2026-07-21T11:00:00+0200
IT,Italy,2024,D91REC,"Capital taxes, revenue",MIO_EUR,1811,,2026-07-21T11:00:00+0200
IT,Italy,2024,D91REC,"Capital taxes, revenue",PC_GDP,0.1,,2026-07-21T11:00:00+0200
IT,Italy,2024,D995REC,Capital transfers from general government to relevant sectors representing taxes and social contributions assessed but unlikely to be collected,MIO_EUR,,m,2026-07-21T11:00:00+0200
IT,Italy,2024,D995REC,Capital transfers from general government to relevant sectors representing taxes and social contributions assessed but unlikely to be collected,PC_GDP,,m,2026-07-21T11:00:00+0200
IT,Italy,2024,P2,Intermediate consumption,MIO_EUR,128275,,2026-07-21T11:00:00+0200
IT,Italy,2024,P2,Intermediate consumption,PC_GDP,5.8,,2026-07-21T11:00:00+0200
IT,Italy,2024,P51G,Gross fixed capital formation,MIO_EUR,79108,,2026-07-21T11:00:00+0200
IT,Italy,2024,P51G,Gross fixed capital formation,PC_GDP,3.6,,2026-07-21T11:00:00+0200
IT,Italy,2024,TE,Total general government expenditure,MIO_EUR,1109804,,2026-07-21T11:00:00+0200
IT,Italy,2024,TE,Total general government expenditure,PC_GDP,50.4,,2026-07-21T11:00:00+0200
IT,Italy,2024,TR,Total general government revenue,MIO_EUR,1036025,,2026-07-21T11:00:00+0200
IT,Italy,2024,TR,Total general government revenue,PC_GDP,47,,2026-07-21T11:00:00+0200
IT,Italy,2025,B9,Net lending (+)/net borrowing (-),MIO_EUR,-69381,,2026-07-21T11:00:00+0200
IT,Italy,2025,B9,Net lending (+)/net borrowing (-),PC_GDP,-3.1,,2026-07-21T11:00:00+0200
IT,Italy,2025,D1PAY,"Compensation of employees, expenditure",MIO_EUR,203842,,2026-07-21T11:00:00+0200
IT,Italy,2025,D1PAY,"Compensation of employees, expenditure",PC_GDP,9,,2026-07-21T11:00:00+0200
IT,Italy,2025,D2REC,"Taxes on production and imports, revenue",MIO_EUR,317491,,2026-07-21T11:00:00+0200
IT,Italy,2025,D2REC,"Taxes on production and imports, revenue",PC_GDP,14.1,,2026-07-21T11:00:00+0200
IT,Italy,2025,D3PAY,"Subsidies, expenditure",MIO_EUR,34591,,2026-07-21T11:00:00+0200
IT,Italy,2025,D3PAY,"Subsidies, expenditure",PC_GDP,1.5,,2026-07-21T11:00:00+0200
IT,Italy,2025,D41PAY,"Interest, expenditure",MIO_EUR,87146,,2026-07-21T11:00:00+0200
IT,Italy,2025,D41PAY,"Interest, expenditure",PC_GDP,3.9,,2026-07-21T11:00:00+0200
IT,Italy,2025,D5REC,"Current taxes on income, wealth, etc., revenue",MIO_EUR,346040,,2026-07-21T11:00:00+0200
IT,Italy,2025,D5REC,"Current taxes on income, wealth, etc., revenue",PC_GDP,15.3,,2026-07-21T11:00:00+0200
IT,Italy,2025,D61REC,"Net social contributions, revenue",MIO_EUR,305876,,2026-07-21T11:00:00+0200
IT,Italy,2025,D61REC,"Net social contributions, revenue",PC_GDP,13.5,,2026-07-21T11:00:00+0200
IT,Italy,2025,D62PAY,"Social benefits other than social transfers in kind, expenditure",MIO_EUR,459198,,2026-07-21T11:00:00+0200
IT,Italy,2025,D62PAY,"Social benefits other than social transfers in kind, expenditure",PC_GDP,20.3,,2026-07-21T11:00:00+0200
IT,Italy,2025,D632PAY,"Social transfers in kind, purchased market production, expenditure",MIO_EUR,52980,,2026-07-21T11:00:00+0200
IT,Italy,2025,D632PAY,"Social transfers in kind, purchased market production, expenditure",PC_GDP,2.3,,2026-07-21T11:00:00+0200
IT,Italy,2025,D91REC,"Capital taxes, revenue",MIO_EUR,3106,,2026-07-21T11:00:00+0200
IT,Italy,2025,D91REC,"Capital taxes, revenue",PC_GDP,0.1,,2026-07-21T11:00:00+0200
IT,Italy,2025,D995REC,Capital transfers from general government to relevant sectors representing taxes and social contributions assessed but unlikely to be collected,MIO_EUR,,m,2026-07-21T11:00:00+0200
IT,Italy,2025,D995REC,Capital transfers from general government to relevant sectors representing taxes and social contributions assessed but unlikely to be collected,PC_GDP,,m,2026-07-21T11:00:00+0200
IT,Italy,2025,P2,Intermediate consumption,MIO_EUR,132956,,2026-07-21T11:00:00+0200
IT,Italy,2025,P2,Intermediate consumption,PC_GDP,5.9,,2026-07-21T11:00:00+0200
IT,Italy,2025,P51G,Gross fixed capital formation,MIO_EUR,86716,,2026-07-21T11:00:00+0200
IT,Italy,2025,P51G,Gross fixed capital formation,PC_GDP,3.8,,2026-07-21T11:00:00+0200
IT,Italy,2025,TE,Total general government expenditure,MIO_EUR,1155309,,2026-07-21T11:00:00+0200
IT,Italy,2025,TE,Total general government expenditure,PC_GDP,51.2,,2026-07-21T11:00:00+0200
IT,Italy,2025,TR,Total general government revenue,MIO_EUR,1085928,,2026-07-21T11:00:00+0200
IT,Italy,2025,TR,Total general government revenue,PC_GDP,48.1,,2026-07-21T11:00:00+0200
