year,function_code,function_name,level,parent_code,unit,value,status_flag,source_updated
1990,GF01,General public services,1,TOTAL,MIO_EUR,,,2026-09-16T23:00:00+0200
1990,GF01,General public services,1,TOTAL,PC_GDP,,,2026-09-16T23:00:00+0200
1990,GF0101,"Executive and legislative organs, financial and fiscal affairs, external affairs",2,GF01,MIO_EUR,,,2026-09-16T23:00:00+0200
1990,GF0101,"Executive and legislative organs, financial and fiscal affairs, external affairs",2,GF01,PC_GDP,,,2026-09-16T23:00:00+0200
1990,GF0102,Foreign economic aid,2,GF01,MIO_EUR,,,2026-09-16T23:00:00+0200
1990,GF0102,Foreign economic aid,2,GF01,PC_GDP,,,2026-09-16T23:00:00+0200
1990,GF0103,General services,2,GF01,MIO_EUR,,,2026-09-16T23:00:00+0200
1990,GF0103,General services,2,GF01,PC_GDP,,,2026-09-16T23:00:00+0200
1990,GF0104,Basic research,2,GF01,MIO_EUR,,,2026-09-16T23:00:00+0200
1990,GF0104,Basic research,2,GF01,PC_GDP,,,2026-09-16T23:00:00+0200
1990,GF0105,R&D General public services,2,GF01,MIO_EUR,,,2026-09-16T23:00:00+0200
1990,GF0105,R&D General public services,2,GF01,PC_GDP,,,2026-09-16T23:00:00+0200
1990,GF0106,General public services n.e.c.,2,GF01,MIO_EUR,,,2026-09-16T23:00:00+0200
1990,GF0106,General public services n.e.c.,2,GF01,PC_GDP,,,2026-09-16T23:00:00+0200
1990,GF0107,Public debt transactions,2,GF01,MIO_EUR,,,2026-09-16T23:00:00+0200
1990,GF0107,Public debt transactions,2,GF01,PC_GDP,,,2026-09-16T23:00:00+0200
1990,GF0108,Transfers of a general character between different levels of government,2,GF01,MIO_EUR,,,2026-09-16T23:00:00+0200
1990,GF0108,Transfers of a general character between different levels of government,2,GF01,PC_GDP,,,2026-09-16T23:00:00+0200
1990,GF02,Defence,1,TOTAL,MIO_EUR,,,2026-09-16T23:00:00+0200
1990,GF02,Defence,1,TOTAL,PC_GDP,,,2026-09-16T23:00:00+0200
1990,GF0201,Military defence,2,GF02,MIO_EUR,,,2026-09-16T23:00:00+0200
1990,GF0201,Military defence,2,GF02,PC_GDP,,,2026-09-16T23:00:00+0200
1990,GF0202,Civil defence,2,GF02,MIO_EUR,,,2026-09-16T23:00:00+0200
1990,GF0202,Civil defence,2,GF02,PC_GDP,,,2026-09-16T23:00:00+0200
1990,GF0203,Foreign military aid,2,GF02,MIO_EUR,,,2026-09-16T23:00:00+0200
1990,GF0203,Foreign military aid,2,GF02,PC_GDP,,,2026-09-16T23:00:00+0200
1990,GF0204,R&D Defence,2,GF02,MIO_EUR,,,2026-09-16T23:00:00+0200
1990,GF0204,R&D Defence,2,GF02,PC_GDP,,,2026-09-16T23:00:00+0200
1990,GF0205,Defence n.e.c.,2,GF02,MIO_EUR,,,2026-09-16T23:00:00+0200
1990,GF0205,Defence n.e.c.,2,GF02,PC_GDP,,,2026-09-16T23:00:00+0200
1990,GF03,Public order and safety,1,TOTAL,MIO_EUR,,,2026-09-16T23:00:00+0200
1990,GF03,Public order and safety,1,TOTAL,PC_GDP,,,2026-09-16T23:00:00+0200
1990,GF0301,Police services,2,GF03,MIO_EUR,,,2026-09-16T23:00:00+0200
1990,GF0301,Police services,2,GF03,PC_GDP,,,2026-09-16T23:00:00+0200
1990,GF0302,Fire-protection services,2,GF03,MIO_EUR,,,2026-09-16T23:00:00+0200
1990,GF0302,Fire-protection services,2,GF03,PC_GDP,,,2026-09-16T23:00:00+0200
1990,GF0303,Law courts,2,GF03,MIO_EUR,,,2026-09-16T23:00:00+0200
1990,GF0303,Law courts,2,GF03,PC_GDP,,,2026-09-16T23:00:00+0200
1990,GF0304,Prisons,2,GF03,MIO_EUR,,,2026-09-16T23:00:00+0200
1990,GF0304,Prisons,2,GF03,PC_GDP,,,2026-09-16T23:00:00+0200
1990,GF0305,R&D Public order and safety,2,GF03,MIO_EUR,,,2026-09-16T23:00:00+0200
1990,GF0305,R&D Public order and safety,2,GF03,PC_GDP,,,2026-09-16T23:00:00+0200
1990,GF0306,Public order and safety n.e.c.,2,GF03,MIO_EUR,,,2026-09-16T23:00:00+0200
1990,GF0306,Public order and safety n.e.c.,2,GF03,PC_GDP,,,2026-09-16T23:00:00+0200
1990,GF04,Economic affairs,1,TOTAL,MIO_EUR,,,2026-09-16T23:00:00+0200
1990,GF04,Economic affairs,1,TOTAL,PC_GDP,,,2026-09-16T23:00:00+0200
1990,GF0401,"General economic, commercial and labour affairs",2,GF04,MIO_EUR,,,2026-09-16T23:00:00+0200
1990,GF0401,"General economic, commercial and labour affairs",2,GF04,PC_GDP,,,2026-09-16T23:00:00+0200
1990,GF0402,"Agriculture, forestry, fishing and hunting",2,GF04,MIO_EUR,,,2026-09-16T23:00:00+0200
1990,GF0402,"Agriculture, forestry, fishing and hunting",2,GF04,PC_GDP,,,2026-09-16T23:00:00+0200
1990,GF0403,Fuel and energy,2,GF04,MIO_EUR,,,2026-09-16T23:00:00+0200
1990,GF0403,Fuel and energy,2,GF04,PC_GDP,,,2026-09-16T23:00:00+0200
1990,GF0404,"Mining, manufacturing and construction",2,GF04,MIO_EUR,,,2026-09-16T23:00:00+0200
1990,GF0404,"Mining, manufacturing and construction",2,GF04,PC_GDP,,,2026-09-16T23:00:00+0200
1990,GF0405,Transport,2,GF04,MIO_EUR,,,2026-09-16T23:00:00+0200
1990,GF0405,Transport,2,GF04,PC_GDP,,,2026-09-16T23:00:00+0200
1990,GF0406,Communication,2,GF04,MIO_EUR,,,2026-09-16T23:00:00+0200
1990,GF0406,Communication,2,GF04,PC_GDP,,,2026-09-16T23:00:00+0200
1990,GF0407,Other industries,2,GF04,MIO_EUR,,,2026-09-16T23:00:00+0200
1990,GF0407,Other industries,2,GF04,PC_GDP,,,2026-09-16T23:00:00+0200
1990,GF0408,R&D Economic affairs,2,GF04,MIO_EUR,,,2026-09-16T23:00:00+0200
1990,GF0408,R&D Economic affairs,2,GF04,PC_GDP,,,2026-09-16T23:00:00+0200
1990,GF0409,Economic affairs n.e.c.,2,GF04,MIO_EUR,,,2026-09-16T23:00:00+0200
1990,GF0409,Economic affairs n.e.c.,2,GF04,PC_GDP,,,2026-09-16T23:00:00+0200
1990,GF05,Environmental protection,1,TOTAL,MIO_EUR,,,2026-09-16T23:00:00+0200
1990,GF05,Environmental protection,1,TOTAL,PC_GDP,,,2026-09-16T23:00:00+0200
1990,GF0501,Waste management,2,GF05,MIO_EUR,,,2026-09-16T23:00:00+0200
1990,GF0501,Waste management,2,GF05,PC_GDP,,,2026-09-16T23:00:00+0200
1990,GF0502,Waste water management,2,GF05,MIO_EUR,,,2026-09-16T23:00:00+0200
1990,GF0502,Waste water management,2,GF05,PC_GDP,,,2026-09-16T23:00:00+0200
1990,GF0503,Pollution abatement,2,GF05,MIO_EUR,,,2026-09-16T23:00:00+0200
1990,GF0503,Pollution abatement,2,GF05,PC_GDP,,,2026-09-16T23:00:00+0200
1990,GF0504,Protection of biodiversity and landscape,2,GF05,MIO_EUR,,,2026-09-16T23:00:00+0200
1990,GF0504,Protection of biodiversity and landscape,2,GF05,PC_GDP,,,2026-09-16T23:00:00+0200
1990,GF0505,R&D Environmental protection,2,GF05,MIO_EUR,,,2026-09-16T23:00:00+0200
1990,GF0505,R&D Environmental protection,2,GF05,PC_GDP,,,2026-09-16T23:00:00+0200
1990,GF0506,Environmental protection n.e.c.,2,GF05,MIO_EUR,,,2026-09-16T23:00:00+0200
1990,GF0506,Environmental protection n.e.c.,2,GF05,PC_GDP,,,2026-09-16T23:00:00+0200
1990,GF06,Housing and community amenities,1,TOTAL,MIO_EUR,,,2026-09-16T23:00:00+0200
1990,GF06,Housing and community amenities,1,TOTAL,PC_GDP,,,2026-09-16T23:00:00+0200
1990,GF0601,Housing development,2,GF06,MIO_EUR,,,2026-09-16T23:00:00+0200
1990,GF0601,Housing development,2,GF06,PC_GDP,,,2026-09-16T23:00:00+0200
1990,GF0602,Community development,2,GF06,MIO_EUR,,,2026-09-16T23:00:00+0200
1990,GF0602,Community development,2,GF06,PC_GDP,,,2026-09-16T23:00:00+0200
1990,GF0603,Water supply,2,GF06,MIO_EUR,,,2026-09-16T23:00:00+0200
1990,GF0603,Water supply,2,GF06,PC_GDP,,,2026-09-16T23:00:00+0200
1990,GF0604,Street lighting,2,GF06,MIO_EUR,,,2026-09-16T23:00:00+0200
1990,GF0604,Street lighting,2,GF06,PC_GDP,,,2026-09-16T23:00:00+0200
1990,GF0605,R&D Housing and community amenities,2,GF06,MIO_EUR,,,2026-09-16T23:00:00+0200
1990,GF0605,R&D Housing and community amenities,2,GF06,PC_GDP,,,2026-09-16T23:00:00+0200
1990,GF0606,Housing and community amenities n.e.c.,2,GF06,MIO_EUR,,,2026-09-16T23:00:00+0200
1990,GF0606,Housing and community amenities n.e.c.,2,GF06,PC_GDP,,,2026-09-16T23:00:00+0200
1990,GF07,Health,1,TOTAL,MIO_EUR,,,2026-09-16T23:00:00+0200
1990,GF07,Health,1,TOTAL,PC_GDP,,,2026-09-16T23:00:00+0200
1990,GF0701,"Medical products, appliances and equipment",2,GF07,MIO_EUR,,,2026-09-16T23:00:00+0200
1990,GF0701,"Medical products, appliances and equipment",2,GF07,PC_GDP,,,2026-09-16T23:00:00+0200
1990,GF0702,Outpatient services,2,GF07,MIO_EUR,,,2026-09-16T23:00:00+0200
1990,GF0702,Outpatient services,2,GF07,PC_GDP,,,2026-09-16T23:00:00+0200
1990,GF0703,Hospital services,2,GF07,MIO_EUR,,,2026-09-16T23:00:00+0200
1990,GF0703,Hospital services,2,GF07,PC_GDP,,,2026-09-16T23:00:00+0200
1990,GF0704,Public health services,2,GF07,MIO_EUR,,,2026-09-16T23:00:00+0200
1990,GF0704,Public health services,2,GF07,PC_GDP,,,2026-09-16T23:00:00+0200
1990,GF0705,R&D Health,2,GF07,MIO_EUR,,,2026-09-16T23:00:00+0200
1990,GF0705,R&D Health,2,GF07,PC_GDP,,,2026-09-16T23:00:00+0200
1990,GF0706,Health n.e.c.,2,GF07,MIO_EUR,,,2026-09-16T23:00:00+0200
1990,GF0706,Health n.e.c.,2,GF07,PC_GDP,,,2026-09-16T23:00:00+0200
1990,GF08,"Recreation, culture and religion",1,TOTAL,MIO_EUR,,,2026-09-16T23:00:00+0200
1990,GF08,"Recreation, culture and religion",1,TOTAL,PC_GDP,,,2026-09-16T23:00:00+0200
1990,GF0801,Recreational and sporting services,2,GF08,MIO_EUR,,,2026-09-16T23:00:00+0200
1990,GF0801,Recreational and sporting services,2,GF08,PC_GDP,,,2026-09-16T23:00:00+0200
1990,GF0802,Cultural services,2,GF08,MIO_EUR,,,2026-09-16T23:00:00+0200
1990,GF0802,Cultural services,2,GF08,PC_GDP,,,2026-09-16T23:00:00+0200
1990,GF0803,Broadcasting and publishing services,2,GF08,MIO_EUR,,,2026-09-16T23:00:00+0200
1990,GF0803,Broadcasting and publishing services,2,GF08,PC_GDP,,,2026-09-16T23:00:00+0200
1990,GF0804,Religious and other community services,2,GF08,MIO_EUR,,,2026-09-16T23:00:00+0200
1990,GF0804,Religious and other community services,2,GF08,PC_GDP,,,2026-09-16T23:00:00+0200
1990,GF0805,"R&D Recreation, culture and religion",2,GF08,MIO_EUR,,,2026-09-16T23:00:00+0200
1990,GF0805,"R&D Recreation, culture and religion",2,GF08,PC_GDP,,,2026-09-16T23:00:00+0200
1990,GF0806,"Recreation, culture and religion n.e.c.",2,GF08,MIO_EUR,,,2026-09-16T23:00:00+0200
1990,GF0806,"Recreation, culture and religion n.e.c.",2,GF08,PC_GDP,,,2026-09-16T23:00:00+0200
1990,GF09,Education,1,TOTAL,MIO_EUR,,,2026-09-16T23:00:00+0200
1990,GF09,Education,1,TOTAL,PC_GDP,,,2026-09-16T23:00:00+0200
1990,GF0901,Pre-primary and primary education,2,GF09,MIO_EUR,,,2026-09-16T23:00:00+0200
1990,GF0901,Pre-primary and primary education,2,GF09,PC_GDP,,,2026-09-16T23:00:00+0200
1990,GF0902,Secondary education,2,GF09,MIO_EUR,,,2026-09-16T23:00:00+0200
1990,GF0902,Secondary education,2,GF09,PC_GDP,,,2026-09-16T23:00:00+0200
1990,GF0903,Post-secondary non-tertiary education,2,GF09,MIO_EUR,,,2026-09-16T23:00:00+0200
1990,GF0903,Post-secondary non-tertiary education,2,GF09,PC_GDP,,,2026-09-16T23:00:00+0200
1990,GF0904,Tertiary education,2,GF09,MIO_EUR,,,2026-09-16T23:00:00+0200
1990,GF0904,Tertiary education,2,GF09,PC_GDP,,,2026-09-16T23:00:00+0200
1990,GF0905,Education not definable by level,2,GF09,MIO_EUR,,,2026-09-16T23:00:00+0200
1990,GF0905,Education not definable by level,2,GF09,PC_GDP,,,2026-09-16T23:00:00+0200
1990,GF0906,Subsidiary services to education,2,GF09,MIO_EUR,,,2026-09-16T23:00:00+0200
1990,GF0906,Subsidiary services to education,2,GF09,PC_GDP,,,2026-09-16T23:00:00+0200
1990,GF0907,R&D Education,2,GF09,MIO_EUR,,,2026-09-16T23:00:00+0200
1990,GF0907,R&D Education,2,GF09,PC_GDP,,,2026-09-16T23:00:00+0200
1990,GF0908,Education n.e.c.,2,GF09,MIO_EUR,,,2026-09-16T23:00:00+0200
1990,GF0908,Education n.e.c.,2,GF09,PC_GDP,,,2026-09-16T23:00:00+0200
1990,GF10,Social protection,1,TOTAL,MIO_EUR,,,2026-09-16T23:00:00+0200
1990,GF10,Social protection,1,TOTAL,PC_GDP,,,2026-09-16T23:00:00+0200
1990,GF1001,Sickness and disability,2,GF10,MIO_EUR,,,2026-09-16T23:00:00+0200
1990,GF1001,Sickness and disability,2,GF10,PC_GDP,,,2026-09-16T23:00:00+0200
1990,GF1002,Old age,2,GF10,MIO_EUR,,,2026-09-16T23:00:00+0200
1990,GF1002,Old age,2,GF10,PC_GDP,,,2026-09-16T23:00:00+0200
1990,GF1003,Survivors,2,GF10,MIO_EUR,,,2026-09-16T23:00:00+0200
1990,GF1003,Survivors,2,GF10,PC_GDP,,,2026-09-16T23:00:00+0200
1990,GF1004,Family and children,2,GF10,MIO_EUR,,,2026-09-16T23:00:00+0200
1990,GF1004,Family and children,2,GF10,PC_GDP,,,2026-09-16T23:00:00+0200
1990,GF1005,Unemployment,2,GF10,MIO_EUR,,,2026-09-16T23:00:00+0200
1990,GF1005,Unemployment,2,GF10,PC_GDP,,,2026-09-16T23:00:00+0200
1990,GF1006,Housing,2,GF10,MIO_EUR,,,2026-09-16T23:00:00+0200
1990,GF1006,Housing,2,GF10,PC_GDP,,,2026-09-16T23:00:00+0200
1990,GF1007,Social exclusion n.e.c.,2,GF10,MIO_EUR,,,2026-09-16T23:00:00+0200
1990,GF1007,Social exclusion n.e.c.,2,GF10,PC_GDP,,,2026-09-16T23:00:00+0200
1990,GF1008,R&D Social protection,2,GF10,MIO_EUR,,,2026-09-16T23:00:00+0200
1990,GF1008,R&D Social protection,2,GF10,PC_GDP,,,2026-09-16T23:00:00+0200
1990,GF1009,Social protection n.e.c.,2,GF10,MIO_EUR,,,2026-09-16T23:00:00+0200
1990,GF1009,Social protection n.e.c.,2,GF10,PC_GDP,,,2026-09-16T23:00:00+0200
1990,TOTAL,Total,0,,MIO_EUR,,,2026-09-16T23:00:00+0200
1990,TOTAL,Total,0,,PC_GDP,,,2026-09-16T23:00:00+0200
1991,GF01,General public services,1,TOTAL,MIO_EUR,,,2026-09-16T23:00:00+0200
1991,GF01,General public services,1,TOTAL,PC_GDP,,,2026-09-16T23:00:00+0200
1991,GF0101,"Executive and legislative organs, financial and fiscal affairs, external affairs",2,GF01,MIO_EUR,,,2026-09-16T23:00:00+0200
1991,GF0101,"Executive and legislative organs, financial and fiscal affairs, external affairs",2,GF01,PC_GDP,,,2026-09-16T23:00:00+0200
1991,GF0102,Foreign economic aid,2,GF01,MIO_EUR,,,2026-09-16T23:00:00+0200
1991,GF0102,Foreign economic aid,2,GF01,PC_GDP,,,2026-09-16T23:00:00+0200
1991,GF0103,General services,2,GF01,MIO_EUR,,,2026-09-16T23:00:00+0200
1991,GF0103,General services,2,GF01,PC_GDP,,,2026-09-16T23:00:00+0200
1991,GF0104,Basic research,2,GF01,MIO_EUR,,,2026-09-16T23:00:00+0200
1991,GF0104,Basic research,2,GF01,PC_GDP,,,2026-09-16T23:00:00+0200
1991,GF0105,R&D General public services,2,GF01,MIO_EUR,,,2026-09-16T23:00:00+0200
1991,GF0105,R&D General public services,2,GF01,PC_GDP,,,2026-09-16T23:00:00+0200
1991,GF0106,General public services n.e.c.,2,GF01,MIO_EUR,,,2026-09-16T23:00:00+0200
1991,GF0106,General public services n.e.c.,2,GF01,PC_GDP,,,2026-09-16T23:00:00+0200
1991,GF0107,Public debt transactions,2,GF01,MIO_EUR,,,2026-09-16T23:00:00+0200
1991,GF0107,Public debt transactions,2,GF01,PC_GDP,,,2026-09-16T23:00:00+0200
1991,GF0108,Transfers of a general character between different levels of government,2,GF01,MIO_EUR,,,2026-09-16T23:00:00+0200
1991,GF0108,Transfers of a general character between different levels of government,2,GF01,PC_GDP,,,2026-09-16T23:00:00+0200
1991,GF02,Defence,1,TOTAL,MIO_EUR,,,2026-09-16T23:00:00+0200
1991,GF02,Defence,1,TOTAL,PC_GDP,,,2026-09-16T23:00:00+0200
1991,GF0201,Military defence,2,GF02,MIO_EUR,,,2026-09-16T23:00:00+0200
1991,GF0201,Military defence,2,GF02,PC_GDP,,,2026-09-16T23:00:00+0200
1991,GF0202,Civil defence,2,GF02,MIO_EUR,,,2026-09-16T23:00:00+0200
1991,GF0202,Civil defence,2,GF02,PC_GDP,,,2026-09-16T23:00:00+0200
1991,GF0203,Foreign military aid,2,GF02,MIO_EUR,,,2026-09-16T23:00:00+0200
1991,GF0203,Foreign military aid,2,GF02,PC_GDP,,,2026-09-16T23:00:00+0200
1991,GF0204,R&D Defence,2,GF02,MIO_EUR,,,2026-09-16T23:00:00+0200
1991,GF0204,R&D Defence,2,GF02,PC_GDP,,,2026-09-16T23:00:00+0200
1991,GF0205,Defence n.e.c.,2,GF02,MIO_EUR,,,2026-09-16T23:00:00+0200
1991,GF0205,Defence n.e.c.,2,GF02,PC_GDP,,,2026-09-16T23:00:00+0200
1991,GF03,Public order and safety,1,TOTAL,MIO_EUR,,,2026-09-16T23:00:00+0200
1991,GF03,Public order and safety,1,TOTAL,PC_GDP,,,2026-09-16T23:00:00+0200
1991,GF0301,Police services,2,GF03,MIO_EUR,,,2026-09-16T23:00:00+0200
1991,GF0301,Police services,2,GF03,PC_GDP,,,2026-09-16T23:00:00+0200
1991,GF0302,Fire-protection services,2,GF03,MIO_EUR,,,2026-09-16T23:00:00+0200
1991,GF0302,Fire-protection services,2,GF03,PC_GDP,,,2026-09-16T23:00:00+0200
1991,GF0303,Law courts,2,GF03,MIO_EUR,,,2026-09-16T23:00:00+0200
1991,GF0303,Law courts,2,GF03,PC_GDP,,,2026-09-16T23:00:00+0200
1991,GF0304,Prisons,2,GF03,MIO_EUR,,,2026-09-16T23:00:00+0200
1991,GF0304,Prisons,2,GF03,PC_GDP,,,2026-09-16T23:00:00+0200
1991,GF0305,R&D Public order and safety,2,GF03,MIO_EUR,,,2026-09-16T23:00:00+0200
1991,GF0305,R&D Public order and safety,2,GF03,PC_GDP,,,2026-09-16T23:00:00+0200
1991,GF0306,Public order and safety n.e.c.,2,GF03,MIO_EUR,,,2026-09-16T23:00:00+0200
1991,GF0306,Public order and safety n.e.c.,2,GF03,PC_GDP,,,2026-09-16T23:00:00+0200
1991,GF04,Economic affairs,1,TOTAL,MIO_EUR,,,2026-09-16T23:00:00+0200
1991,GF04,Economic affairs,1,TOTAL,PC_GDP,,,2026-09-16T23:00:00+0200
1991,GF0401,"General economic, commercial and labour affairs",2,GF04,MIO_EUR,,,2026-09-16T23:00:00+0200
1991,GF0401,"General economic, commercial and labour affairs",2,GF04,PC_GDP,,,2026-09-16T23:00:00+0200
1991,GF0402,"Agriculture, forestry, fishing and hunting",2,GF04,MIO_EUR,,,2026-09-16T23:00:00+0200
1991,GF0402,"Agriculture, forestry, fishing and hunting",2,GF04,PC_GDP,,,2026-09-16T23:00:00+0200
1991,GF0403,Fuel and energy,2,GF04,MIO_EUR,,,2026-09-16T23:00:00+0200
1991,GF0403,Fuel and energy,2,GF04,PC_GDP,,,2026-09-16T23:00:00+0200
1991,GF0404,"Mining, manufacturing and construction",2,GF04,MIO_EUR,,,2026-09-16T23:00:00+0200
1991,GF0404,"Mining, manufacturing and construction",2,GF04,PC_GDP,,,2026-09-16T23:00:00+0200
1991,GF0405,Transport,2,GF04,MIO_EUR,,,2026-09-16T23:00:00+0200
1991,GF0405,Transport,2,GF04,PC_GDP,,,2026-09-16T23:00:00+0200
1991,GF0406,Communication,2,GF04,MIO_EUR,,,2026-09-16T23:00:00+0200
1991,GF0406,Communication,2,GF04,PC_GDP,,,2026-09-16T23:00:00+0200
1991,GF0407,Other industries,2,GF04,MIO_EUR,,,2026-09-16T23:00:00+0200
1991,GF0407,Other industries,2,GF04,PC_GDP,,,2026-09-16T23:00:00+0200
1991,GF0408,R&D Economic affairs,2,GF04,MIO_EUR,,,2026-09-16T23:00:00+0200
1991,GF0408,R&D Economic affairs,2,GF04,PC_GDP,,,2026-09-16T23:00:00+0200
1991,GF0409,Economic affairs n.e.c.,2,GF04,MIO_EUR,,,2026-09-16T23:00:00+0200
1991,GF0409,Economic affairs n.e.c.,2,GF04,PC_GDP,,,2026-09-16T23:00:00+0200
1991,GF05,Environmental protection,1,TOTAL,MIO_EUR,,,2026-09-16T23:00:00+0200
1991,GF05,Environmental protection,1,TOTAL,PC_GDP,,,2026-09-16T23:00:00+0200
1991,GF0501,Waste management,2,GF05,MIO_EUR,,,2026-09-16T23:00:00+0200
1991,GF0501,Waste management,2,GF05,PC_GDP,,,2026-09-16T23:00:00+0200
1991,GF0502,Waste water management,2,GF05,MIO_EUR,,,2026-09-16T23:00:00+0200
1991,GF0502,Waste water management,2,GF05,PC_GDP,,,2026-09-16T23:00:00+0200
1991,GF0503,Pollution abatement,2,GF05,MIO_EUR,,,2026-09-16T23:00:00+0200
1991,GF0503,Pollution abatement,2,GF05,PC_GDP,,,2026-09-16T23:00:00+0200
1991,GF0504,Protection of biodiversity and landscape,2,GF05,MIO_EUR,,,2026-09-16T23:00:00+0200
1991,GF0504,Protection of biodiversity and landscape,2,GF05,PC_GDP,,,2026-09-16T23:00:00+0200
1991,GF0505,R&D Environmental protection,2,GF05,MIO_EUR,,,2026-09-16T23:00:00+0200
1991,GF0505,R&D Environmental protection,2,GF05,PC_GDP,,,2026-09-16T23:00:00+0200
1991,GF0506,Environmental protection n.e.c.,2,GF05,MIO_EUR,,,2026-09-16T23:00:00+0200
1991,GF0506,Environmental protection n.e.c.,2,GF05,PC_GDP,,,2026-09-16T23:00:00+0200
1991,GF06,Housing and community amenities,1,TOTAL,MIO_EUR,,,2026-09-16T23:00:00+0200
1991,GF06,Housing and community amenities,1,TOTAL,PC_GDP,,,2026-09-16T23:00:00+0200
1991,GF0601,Housing development,2,GF06,MIO_EUR,,,2026-09-16T23:00:00+0200
1991,GF0601,Housing development,2,GF06,PC_GDP,,,2026-09-16T23:00:00+0200
1991,GF0602,Community development,2,GF06,MIO_EUR,,,2026-09-16T23:00:00+0200
1991,GF0602,Community development,2,GF06,PC_GDP,,,2026-09-16T23:00:00+0200
1991,GF0603,Water supply,2,GF06,MIO_EUR,,,2026-09-16T23:00:00+0200
1991,GF0603,Water supply,2,GF06,PC_GDP,,,2026-09-16T23:00:00+0200
1991,GF0604,Street lighting,2,GF06,MIO_EUR,,,2026-09-16T23:00:00+0200
1991,GF0604,Street lighting,2,GF06,PC_GDP,,,2026-09-16T23:00:00+0200
1991,GF0605,R&D Housing and community amenities,2,GF06,MIO_EUR,,,2026-09-16T23:00:00+0200
1991,GF0605,R&D Housing and community amenities,2,GF06,PC_GDP,,,2026-09-16T23:00:00+0200
1991,GF0606,Housing and community amenities n.e.c.,2,GF06,MIO_EUR,,,2026-09-16T23:00:00+0200
1991,GF0606,Housing and community amenities n.e.c.,2,GF06,PC_GDP,,,2026-09-16T23:00:00+0200
1991,GF07,Health,1,TOTAL,MIO_EUR,,,2026-09-16T23:00:00+0200
1991,GF07,Health,1,TOTAL,PC_GDP,,,2026-09-16T23:00:00+0200
1991,GF0701,"Medical products, appliances and equipment",2,GF07,MIO_EUR,,,2026-09-16T23:00:00+0200
1991,GF0701,"Medical products, appliances and equipment",2,GF07,PC_GDP,,,2026-09-16T23:00:00+0200
1991,GF0702,Outpatient services,2,GF07,MIO_EUR,,,2026-09-16T23:00:00+0200
1991,GF0702,Outpatient services,2,GF07,PC_GDP,,,2026-09-16T23:00:00+0200
1991,GF0703,Hospital services,2,GF07,MIO_EUR,,,2026-09-16T23:00:00+0200
1991,GF0703,Hospital services,2,GF07,PC_GDP,,,2026-09-16T23:00:00+0200
1991,GF0704,Public health services,2,GF07,MIO_EUR,,,2026-09-16T23:00:00+0200
1991,GF0704,Public health services,2,GF07,PC_GDP,,,2026-09-16T23:00:00+0200
1991,GF0705,R&D Health,2,GF07,MIO_EUR,,,2026-09-16T23:00:00+0200
1991,GF0705,R&D Health,2,GF07,PC_GDP,,,2026-09-16T23:00:00+0200
1991,GF0706,Health n.e.c.,2,GF07,MIO_EUR,,,2026-09-16T23:00:00+0200
1991,GF0706,Health n.e.c.,2,GF07,PC_GDP,,,2026-09-16T23:00:00+0200
1991,GF08,"Recreation, culture and religion",1,TOTAL,MIO_EUR,,,2026-09-16T23:00:00+0200
1991,GF08,"Recreation, culture and religion",1,TOTAL,PC_GDP,,,2026-09-16T23:00:00+0200
1991,GF0801,Recreational and sporting services,2,GF08,MIO_EUR,,,2026-09-16T23:00:00+0200
1991,GF0801,Recreational and sporting services,2,GF08,PC_GDP,,,2026-09-16T23:00:00+0200
1991,GF0802,Cultural services,2,GF08,MIO_EUR,,,2026-09-16T23:00:00+0200
1991,GF0802,Cultural services,2,GF08,PC_GDP,,,2026-09-16T23:00:00+0200
1991,GF0803,Broadcasting and publishing services,2,GF08,MIO_EUR,,,2026-09-16T23:00:00+0200
1991,GF0803,Broadcasting and publishing services,2,GF08,PC_GDP,,,2026-09-16T23:00:00+0200
1991,GF0804,Religious and other community services,2,GF08,MIO_EUR,,,2026-09-16T23:00:00+0200
1991,GF0804,Religious and other community services,2,GF08,PC_GDP,,,2026-09-16T23:00:00+0200
1991,GF0805,"R&D Recreation, culture and religion",2,GF08,MIO_EUR,,,2026-09-16T23:00:00+0200
1991,GF0805,"R&D Recreation, culture and religion",2,GF08,PC_GDP,,,2026-09-16T23:00:00+0200
1991,GF0806,"Recreation, culture and religion n.e.c.",2,GF08,MIO_EUR,,,2026-09-16T23:00:00+0200
1991,GF0806,"Recreation, culture and religion n.e.c.",2,GF08,PC_GDP,,,2026-09-16T23:00:00+0200
1991,GF09,Education,1,TOTAL,MIO_EUR,,,2026-09-16T23:00:00+0200
1991,GF09,Education,1,TOTAL,PC_GDP,,,2026-09-16T23:00:00+0200
1991,GF0901,Pre-primary and primary education,2,GF09,MIO_EUR,,,2026-09-16T23:00:00+0200
1991,GF0901,Pre-primary and primary education,2,GF09,PC_GDP,,,2026-09-16T23:00:00+0200
1991,GF0902,Secondary education,2,GF09,MIO_EUR,,,2026-09-16T23:00:00+0200
1991,GF0902,Secondary education,2,GF09,PC_GDP,,,2026-09-16T23:00:00+0200
1991,GF0903,Post-secondary non-tertiary education,2,GF09,MIO_EUR,,,2026-09-16T23:00:00+0200
1991,GF0903,Post-secondary non-tertiary education,2,GF09,PC_GDP,,,2026-09-16T23:00:00+0200
1991,GF0904,Tertiary education,2,GF09,MIO_EUR,,,2026-09-16T23:00:00+0200
1991,GF0904,Tertiary education,2,GF09,PC_GDP,,,2026-09-16T23:00:00+0200
1991,GF0905,Education not definable by level,2,GF09,MIO_EUR,,,2026-09-16T23:00:00+0200
1991,GF0905,Education not definable by level,2,GF09,PC_GDP,,,2026-09-16T23:00:00+0200
1991,GF0906,Subsidiary services to education,2,GF09,MIO_EUR,,,2026-09-16T23:00:00+0200
1991,GF0906,Subsidiary services to education,2,GF09,PC_GDP,,,2026-09-16T23:00:00+0200
1991,GF0907,R&D Education,2,GF09,MIO_EUR,,,2026-09-16T23:00:00+0200
1991,GF0907,R&D Education,2,GF09,PC_GDP,,,2026-09-16T23:00:00+0200
1991,GF0908,Education n.e.c.,2,GF09,MIO_EUR,,,2026-09-16T23:00:00+0200
1991,GF0908,Education n.e.c.,2,GF09,PC_GDP,,,2026-09-16T23:00:00+0200
1991,GF10,Social protection,1,TOTAL,MIO_EUR,,,2026-09-16T23:00:00+0200
1991,GF10,Social protection,1,TOTAL,PC_GDP,,,2026-09-16T23:00:00+0200
1991,GF1001,Sickness and disability,2,GF10,MIO_EUR,,,2026-09-16T23:00:00+0200
1991,GF1001,Sickness and disability,2,GF10,PC_GDP,,,2026-09-16T23:00:00+0200
1991,GF1002,Old age,2,GF10,MIO_EUR,,,2026-09-16T23:00:00+0200
1991,GF1002,Old age,2,GF10,PC_GDP,,,2026-09-16T23:00:00+0200
1991,GF1003,Survivors,2,GF10,MIO_EUR,,,2026-09-16T23:00:00+0200
1991,GF1003,Survivors,2,GF10,PC_GDP,,,2026-09-16T23:00:00+0200
1991,GF1004,Family and children,2,GF10,MIO_EUR,,,2026-09-16T23:00:00+0200
1991,GF1004,Family and children,2,GF10,PC_GDP,,,2026-09-16T23:00:00+0200
1991,GF1005,Unemployment,2,GF10,MIO_EUR,,,2026-09-16T23:00:00+0200
1991,GF1005,Unemployment,2,GF10,PC_GDP,,,2026-09-16T23:00:00+0200
1991,GF1006,Housing,2,GF10,MIO_EUR,,,2026-09-16T23:00:00+0200
1991,GF1006,Housing,2,GF10,PC_GDP,,,2026-09-16T23:00:00+0200
1991,GF1007,Social exclusion n.e.c.,2,GF10,MIO_EUR,,,2026-09-16T23:00:00+0200
1991,GF1007,Social exclusion n.e.c.,2,GF10,PC_GDP,,,2026-09-16T23:00:00+0200
1991,GF1008,R&D Social protection,2,GF10,MIO_EUR,,,2026-09-16T23:00:00+0200
1991,GF1008,R&D Social protection,2,GF10,PC_GDP,,,2026-09-16T23:00:00+0200
1991,GF1009,Social protection n.e.c.,2,GF10,MIO_EUR,,,2026-09-16T23:00:00+0200
1991,GF1009,Social protection n.e.c.,2,GF10,PC_GDP,,,2026-09-16T23:00:00+0200
1991,TOTAL,Total,0,,MIO_EUR,,,2026-09-16T23:00:00+0200
1991,TOTAL,Total,0,,PC_GDP,,,2026-09-16T23:00:00+0200
1992,GF01,General public services,1,TOTAL,MIO_EUR,,,2026-09-16T23:00:00+0200
1992,GF01,General public services,1,TOTAL,PC_GDP,,,2026-09-16T23:00:00+0200
1992,GF0101,"Executive and legislative organs, financial and fiscal affairs, external affairs",2,GF01,MIO_EUR,,,2026-09-16T23:00:00+0200
1992,GF0101,"Executive and legislative organs, financial and fiscal affairs, external affairs",2,GF01,PC_GDP,,,2026-09-16T23:00:00+0200
1992,GF0102,Foreign economic aid,2,GF01,MIO_EUR,,,2026-09-16T23:00:00+0200
1992,GF0102,Foreign economic aid,2,GF01,PC_GDP,,,2026-09-16T23:00:00+0200
1992,GF0103,General services,2,GF01,MIO_EUR,,,2026-09-16T23:00:00+0200
1992,GF0103,General services,2,GF01,PC_GDP,,,2026-09-16T23:00:00+0200
1992,GF0104,Basic research,2,GF01,MIO_EUR,,,2026-09-16T23:00:00+0200
1992,GF0104,Basic research,2,GF01,PC_GDP,,,2026-09-16T23:00:00+0200
1992,GF0105,R&D General public services,2,GF01,MIO_EUR,,,2026-09-16T23:00:00+0200
1992,GF0105,R&D General public services,2,GF01,PC_GDP,,,2026-09-16T23:00:00+0200
1992,GF0106,General public services n.e.c.,2,GF01,MIO_EUR,,,2026-09-16T23:00:00+0200
1992,GF0106,General public services n.e.c.,2,GF01,PC_GDP,,,2026-09-16T23:00:00+0200
1992,GF0107,Public debt transactions,2,GF01,MIO_EUR,,,2026-09-16T23:00:00+0200
1992,GF0107,Public debt transactions,2,GF01,PC_GDP,,,2026-09-16T23:00:00+0200
1992,GF0108,Transfers of a general character between different levels of government,2,GF01,MIO_EUR,,,2026-09-16T23:00:00+0200
1992,GF0108,Transfers of a general character between different levels of government,2,GF01,PC_GDP,,,2026-09-16T23:00:00+0200
1992,GF02,Defence,1,TOTAL,MIO_EUR,,,2026-09-16T23:00:00+0200
1992,GF02,Defence,1,TOTAL,PC_GDP,,,2026-09-16T23:00:00+0200
1992,GF0201,Military defence,2,GF02,MIO_EUR,,,2026-09-16T23:00:00+0200
1992,GF0201,Military defence,2,GF02,PC_GDP,,,2026-09-16T23:00:00+0200
1992,GF0202,Civil defence,2,GF02,MIO_EUR,,,2026-09-16T23:00:00+0200
1992,GF0202,Civil defence,2,GF02,PC_GDP,,,2026-09-16T23:00:00+0200
1992,GF0203,Foreign military aid,2,GF02,MIO_EUR,,,2026-09-16T23:00:00+0200
1992,GF0203,Foreign military aid,2,GF02,PC_GDP,,,2026-09-16T23:00:00+0200
1992,GF0204,R&D Defence,2,GF02,MIO_EUR,,,2026-09-16T23:00:00+0200
1992,GF0204,R&D Defence,2,GF02,PC_GDP,,,2026-09-16T23:00:00+0200
1992,GF0205,Defence n.e.c.,2,GF02,MIO_EUR,,,2026-09-16T23:00:00+0200
1992,GF0205,Defence n.e.c.,2,GF02,PC_GDP,,,2026-09-16T23:00:00+0200
1992,GF03,Public order and safety,1,TOTAL,MIO_EUR,,,2026-09-16T23:00:00+0200
1992,GF03,Public order and safety,1,TOTAL,PC_GDP,,,2026-09-16T23:00:00+0200
1992,GF0301,Police services,2,GF03,MIO_EUR,,,2026-09-16T23:00:00+0200
1992,GF0301,Police services,2,GF03,PC_GDP,,,2026-09-16T23:00:00+0200
1992,GF0302,Fire-protection services,2,GF03,MIO_EUR,,,2026-09-16T23:00:00+0200
1992,GF0302,Fire-protection services,2,GF03,PC_GDP,,,2026-09-16T23:00:00+0200
1992,GF0303,Law courts,2,GF03,MIO_EUR,,,2026-09-16T23:00:00+0200
1992,GF0303,Law courts,2,GF03,PC_GDP,,,2026-09-16T23:00:00+0200
1992,GF0304,Prisons,2,GF03,MIO_EUR,,,2026-09-16T23:00:00+0200
1992,GF0304,Prisons,2,GF03,PC_GDP,,,2026-09-16T23:00:00+0200
1992,GF0305,R&D Public order and safety,2,GF03,MIO_EUR,,,2026-09-16T23:00:00+0200
1992,GF0305,R&D Public order and safety,2,GF03,PC_GDP,,,2026-09-16T23:00:00+0200
1992,GF0306,Public order and safety n.e.c.,2,GF03,MIO_EUR,,,2026-09-16T23:00:00+0200
1992,GF0306,Public order and safety n.e.c.,2,GF03,PC_GDP,,,2026-09-16T23:00:00+0200
1992,GF04,Economic affairs,1,TOTAL,MIO_EUR,,,2026-09-16T23:00:00+0200
1992,GF04,Economic affairs,1,TOTAL,PC_GDP,,,2026-09-16T23:00:00+0200
1992,GF0401,"General economic, commercial and labour affairs",2,GF04,MIO_EUR,,,2026-09-16T23:00:00+0200
1992,GF0401,"General economic, commercial and labour affairs",2,GF04,PC_GDP,,,2026-09-16T23:00:00+0200
1992,GF0402,"Agriculture, forestry, fishing and hunting",2,GF04,MIO_EUR,,,2026-09-16T23:00:00+0200
1992,GF0402,"Agriculture, forestry, fishing and hunting",2,GF04,PC_GDP,,,2026-09-16T23:00:00+0200
1992,GF0403,Fuel and energy,2,GF04,MIO_EUR,,,2026-09-16T23:00:00+0200
1992,GF0403,Fuel and energy,2,GF04,PC_GDP,,,2026-09-16T23:00:00+0200
1992,GF0404,"Mining, manufacturing and construction",2,GF04,MIO_EUR,,,2026-09-16T23:00:00+0200
1992,GF0404,"Mining, manufacturing and construction",2,GF04,PC_GDP,,,2026-09-16T23:00:00+0200
1992,GF0405,Transport,2,GF04,MIO_EUR,,,2026-09-16T23:00:00+0200
1992,GF0405,Transport,2,GF04,PC_GDP,,,2026-09-16T23:00:00+0200
1992,GF0406,Communication,2,GF04,MIO_EUR,,,2026-09-16T23:00:00+0200
1992,GF0406,Communication,2,GF04,PC_GDP,,,2026-09-16T23:00:00+0200
1992,GF0407,Other industries,2,GF04,MIO_EUR,,,2026-09-16T23:00:00+0200
1992,GF0407,Other industries,2,GF04,PC_GDP,,,2026-09-16T23:00:00+0200
1992,GF0408,R&D Economic affairs,2,GF04,MIO_EUR,,,2026-09-16T23:00:00+0200
1992,GF0408,R&D Economic affairs,2,GF04,PC_GDP,,,2026-09-16T23:00:00+0200
1992,GF0409,Economic affairs n.e.c.,2,GF04,MIO_EUR,,,2026-09-16T23:00:00+0200
1992,GF0409,Economic affairs n.e.c.,2,GF04,PC_GDP,,,2026-09-16T23:00:00+0200
1992,GF05,Environmental protection,1,TOTAL,MIO_EUR,,,2026-09-16T23:00:00+0200
1992,GF05,Environmental protection,1,TOTAL,PC_GDP,,,2026-09-16T23:00:00+0200
1992,GF0501,Waste management,2,GF05,MIO_EUR,,,2026-09-16T23:00:00+0200
1992,GF0501,Waste management,2,GF05,PC_GDP,,,2026-09-16T23:00:00+0200
1992,GF0502,Waste water management,2,GF05,MIO_EUR,,,2026-09-16T23:00:00+0200
1992,GF0502,Waste water management,2,GF05,PC_GDP,,,2026-09-16T23:00:00+0200
1992,GF0503,Pollution abatement,2,GF05,MIO_EUR,,,2026-09-16T23:00:00+0200
1992,GF0503,Pollution abatement,2,GF05,PC_GDP,,,2026-09-16T23:00:00+0200
1992,GF0504,Protection of biodiversity and landscape,2,GF05,MIO_EUR,,,2026-09-16T23:00:00+0200
1992,GF0504,Protection of biodiversity and landscape,2,GF05,PC_GDP,,,2026-09-16T23:00:00+0200
1992,GF0505,R&D Environmental protection,2,GF05,MIO_EUR,,,2026-09-16T23:00:00+0200
1992,GF0505,R&D Environmental protection,2,GF05,PC_GDP,,,2026-09-16T23:00:00+0200
1992,GF0506,Environmental protection n.e.c.,2,GF05,MIO_EUR,,,2026-09-16T23:00:00+0200
1992,GF0506,Environmental protection n.e.c.,2,GF05,PC_GDP,,,2026-09-16T23:00:00+0200
1992,GF06,Housing and community amenities,1,TOTAL,MIO_EUR,,,2026-09-16T23:00:00+0200
1992,GF06,Housing and community amenities,1,TOTAL,PC_GDP,,,2026-09-16T23:00:00+0200
1992,GF0601,Housing development,2,GF06,MIO_EUR,,,2026-09-16T23:00:00+0200
1992,GF0601,Housing development,2,GF06,PC_GDP,,,2026-09-16T23:00:00+0200
1992,GF0602,Community development,2,GF06,MIO_EUR,,,2026-09-16T23:00:00+0200
1992,GF0602,Community development,2,GF06,PC_GDP,,,2026-09-16T23:00:00+0200
1992,GF0603,Water supply,2,GF06,MIO_EUR,,,2026-09-16T23:00:00+0200
1992,GF0603,Water supply,2,GF06,PC_GDP,,,2026-09-16T23:00:00+0200
1992,GF0604,Street lighting,2,GF06,MIO_EUR,,,2026-09-16T23:00:00+0200
1992,GF0604,Street lighting,2,GF06,PC_GDP,,,2026-09-16T23:00:00+0200
1992,GF0605,R&D Housing and community amenities,2,GF06,MIO_EUR,,,2026-09-16T23:00:00+0200
1992,GF0605,R&D Housing and community amenities,2,GF06,PC_GDP,,,2026-09-16T23:00:00+0200
1992,GF0606,Housing and community amenities n.e.c.,2,GF06,MIO_EUR,,,2026-09-16T23:00:00+0200
1992,GF0606,Housing and community amenities n.e.c.,2,GF06,PC_GDP,,,2026-09-16T23:00:00+0200
1992,GF07,Health,1,TOTAL,MIO_EUR,,,2026-09-16T23:00:00+0200
1992,GF07,Health,1,TOTAL,PC_GDP,,,2026-09-16T23:00:00+0200
1992,GF0701,"Medical products, appliances and equipment",2,GF07,MIO_EUR,,,2026-09-16T23:00:00+0200
1992,GF0701,"Medical products, appliances and equipment",2,GF07,PC_GDP,,,2026-09-16T23:00:00+0200
1992,GF0702,Outpatient services,2,GF07,MIO_EUR,,,2026-09-16T23:00:00+0200
1992,GF0702,Outpatient services,2,GF07,PC_GDP,,,2026-09-16T23:00:00+0200
1992,GF0703,Hospital services,2,GF07,MIO_EUR,,,2026-09-16T23:00:00+0200
1992,GF0703,Hospital services,2,GF07,PC_GDP,,,2026-09-16T23:00:00+0200
1992,GF0704,Public health services,2,GF07,MIO_EUR,,,2026-09-16T23:00:00+0200
1992,GF0704,Public health services,2,GF07,PC_GDP,,,2026-09-16T23:00:00+0200
1992,GF0705,R&D Health,2,GF07,MIO_EUR,,,2026-09-16T23:00:00+0200
1992,GF0705,R&D Health,2,GF07,PC_GDP,,,2026-09-16T23:00:00+0200
1992,GF0706,Health n.e.c.,2,GF07,MIO_EUR,,,2026-09-16T23:00:00+0200
1992,GF0706,Health n.e.c.,2,GF07,PC_GDP,,,2026-09-16T23:00:00+0200
1992,GF08,"Recreation, culture and religion",1,TOTAL,MIO_EUR,,,2026-09-16T23:00:00+0200
1992,GF08,"Recreation, culture and religion",1,TOTAL,PC_GDP,,,2026-09-16T23:00:00+0200
1992,GF0801,Recreational and sporting services,2,GF08,MIO_EUR,,,2026-09-16T23:00:00+0200
1992,GF0801,Recreational and sporting services,2,GF08,PC_GDP,,,2026-09-16T23:00:00+0200
1992,GF0802,Cultural services,2,GF08,MIO_EUR,,,2026-09-16T23:00:00+0200
1992,GF0802,Cultural services,2,GF08,PC_GDP,,,2026-09-16T23:00:00+0200
1992,GF0803,Broadcasting and publishing services,2,GF08,MIO_EUR,,,2026-09-16T23:00:00+0200
1992,GF0803,Broadcasting and publishing services,2,GF08,PC_GDP,,,2026-09-16T23:00:00+0200
1992,GF0804,Religious and other community services,2,GF08,MIO_EUR,,,2026-09-16T23:00:00+0200
1992,GF0804,Religious and other community services,2,GF08,PC_GDP,,,2026-09-16T23:00:00+0200
1992,GF0805,"R&D Recreation, culture and religion",2,GF08,MIO_EUR,,,2026-09-16T23:00:00+0200
1992,GF0805,"R&D Recreation, culture and religion",2,GF08,PC_GDP,,,2026-09-16T23:00:00+0200
1992,GF0806,"Recreation, culture and religion n.e.c.",2,GF08,MIO_EUR,,,2026-09-16T23:00:00+0200
1992,GF0806,"Recreation, culture and religion n.e.c.",2,GF08,PC_GDP,,,2026-09-16T23:00:00+0200
1992,GF09,Education,1,TOTAL,MIO_EUR,,,2026-09-16T23:00:00+0200
1992,GF09,Education,1,TOTAL,PC_GDP,,,2026-09-16T23:00:00+0200
1992,GF0901,Pre-primary and primary education,2,GF09,MIO_EUR,,,2026-09-16T23:00:00+0200
1992,GF0901,Pre-primary and primary education,2,GF09,PC_GDP,,,2026-09-16T23:00:00+0200
1992,GF0902,Secondary education,2,GF09,MIO_EUR,,,2026-09-16T23:00:00+0200
1992,GF0902,Secondary education,2,GF09,PC_GDP,,,2026-09-16T23:00:00+0200
1992,GF0903,Post-secondary non-tertiary education,2,GF09,MIO_EUR,,,2026-09-16T23:00:00+0200
1992,GF0903,Post-secondary non-tertiary education,2,GF09,PC_GDP,,,2026-09-16T23:00:00+0200
1992,GF0904,Tertiary education,2,GF09,MIO_EUR,,,2026-09-16T23:00:00+0200
1992,GF0904,Tertiary education,2,GF09,PC_GDP,,,2026-09-16T23:00:00+0200
1992,GF0905,Education not definable by level,2,GF09,MIO_EUR,,,2026-09-16T23:00:00+0200
1992,GF0905,Education not definable by level,2,GF09,PC_GDP,,,2026-09-16T23:00:00+0200
1992,GF0906,Subsidiary services to education,2,GF09,MIO_EUR,,,2026-09-16T23:00:00+0200
1992,GF0906,Subsidiary services to education,2,GF09,PC_GDP,,,2026-09-16T23:00:00+0200
1992,GF0907,R&D Education,2,GF09,MIO_EUR,,,2026-09-16T23:00:00+0200
1992,GF0907,R&D Education,2,GF09,PC_GDP,,,2026-09-16T23:00:00+0200
1992,GF0908,Education n.e.c.,2,GF09,MIO_EUR,,,2026-09-16T23:00:00+0200
1992,GF0908,Education n.e.c.,2,GF09,PC_GDP,,,2026-09-16T23:00:00+0200
1992,GF10,Social protection,1,TOTAL,MIO_EUR,,,2026-09-16T23:00:00+0200
1992,GF10,Social protection,1,TOTAL,PC_GDP,,,2026-09-16T23:00:00+0200
1992,GF1001,Sickness and disability,2,GF10,MIO_EUR,,,2026-09-16T23:00:00+0200
1992,GF1001,Sickness and disability,2,GF10,PC_GDP,,,2026-09-16T23:00:00+0200
1992,GF1002,Old age,2,GF10,MIO_EUR,,,2026-09-16T23:00:00+0200
1992,GF1002,Old age,2,GF10,PC_GDP,,,2026-09-16T23:00:00+0200
1992,GF1003,Survivors,2,GF10,MIO_EUR,,,2026-09-16T23:00:00+0200
1992,GF1003,Survivors,2,GF10,PC_GDP,,,2026-09-16T23:00:00+0200
1992,GF1004,Family and children,2,GF10,MIO_EUR,,,2026-09-16T23:00:00+0200
1992,GF1004,Family and children,2,GF10,PC_GDP,,,2026-09-16T23:00:00+0200
1992,GF1005,Unemployment,2,GF10,MIO_EUR,,,2026-09-16T23:00:00+0200
1992,GF1005,Unemployment,2,GF10,PC_GDP,,,2026-09-16T23:00:00+0200
1992,GF1006,Housing,2,GF10,MIO_EUR,,,2026-09-16T23:00:00+0200
1992,GF1006,Housing,2,GF10,PC_GDP,,,2026-09-16T23:00:00+0200
1992,GF1007,Social exclusion n.e.c.,2,GF10,MIO_EUR,,,2026-09-16T23:00:00+0200
1992,GF1007,Social exclusion n.e.c.,2,GF10,PC_GDP,,,2026-09-16T23:00:00+0200
1992,GF1008,R&D Social protection,2,GF10,MIO_EUR,,,2026-09-16T23:00:00+0200
1992,GF1008,R&D Social protection,2,GF10,PC_GDP,,,2026-09-16T23:00:00+0200
1992,GF1009,Social protection n.e.c.,2,GF10,MIO_EUR,,,2026-09-16T23:00:00+0200
1992,GF1009,Social protection n.e.c.,2,GF10,PC_GDP,,,2026-09-16T23:00:00+0200
1992,TOTAL,Total,0,,MIO_EUR,,,2026-09-16T23:00:00+0200
1992,TOTAL,Total,0,,PC_GDP,,,2026-09-16T23:00:00+0200
1993,GF01,General public services,1,TOTAL,MIO_EUR,,,2026-09-16T23:00:00+0200
1993,GF01,General public services,1,TOTAL,PC_GDP,,,2026-09-16T23:00:00+0200
1993,GF0101,"Executive and legislative organs, financial and fiscal affairs, external affairs",2,GF01,MIO_EUR,,,2026-09-16T23:00:00+0200
1993,GF0101,"Executive and legislative organs, financial and fiscal affairs, external affairs",2,GF01,PC_GDP,,,2026-09-16T23:00:00+0200
1993,GF0102,Foreign economic aid,2,GF01,MIO_EUR,,,2026-09-16T23:00:00+0200
1993,GF0102,Foreign economic aid,2,GF01,PC_GDP,,,2026-09-16T23:00:00+0200
1993,GF0103,General services,2,GF01,MIO_EUR,,,2026-09-16T23:00:00+0200
1993,GF0103,General services,2,GF01,PC_GDP,,,2026-09-16T23:00:00+0200
1993,GF0104,Basic research,2,GF01,MIO_EUR,,,2026-09-16T23:00:00+0200
1993,GF0104,Basic research,2,GF01,PC_GDP,,,2026-09-16T23:00:00+0200
1993,GF0105,R&D General public services,2,GF01,MIO_EUR,,,2026-09-16T23:00:00+0200
1993,GF0105,R&D General public services,2,GF01,PC_GDP,,,2026-09-16T23:00:00+0200
1993,GF0106,General public services n.e.c.,2,GF01,MIO_EUR,,,2026-09-16T23:00:00+0200
1993,GF0106,General public services n.e.c.,2,GF01,PC_GDP,,,2026-09-16T23:00:00+0200
1993,GF0107,Public debt transactions,2,GF01,MIO_EUR,,,2026-09-16T23:00:00+0200
1993,GF0107,Public debt transactions,2,GF01,PC_GDP,,,2026-09-16T23:00:00+0200
1993,GF0108,Transfers of a general character between different levels of government,2,GF01,MIO_EUR,,,2026-09-16T23:00:00+0200
1993,GF0108,Transfers of a general character between different levels of government,2,GF01,PC_GDP,,,2026-09-16T23:00:00+0200
1993,GF02,Defence,1,TOTAL,MIO_EUR,,,2026-09-16T23:00:00+0200
1993,GF02,Defence,1,TOTAL,PC_GDP,,,2026-09-16T23:00:00+0200
1993,GF0201,Military defence,2,GF02,MIO_EUR,,,2026-09-16T23:00:00+0200
1993,GF0201,Military defence,2,GF02,PC_GDP,,,2026-09-16T23:00:00+0200
1993,GF0202,Civil defence,2,GF02,MIO_EUR,,,2026-09-16T23:00:00+0200
1993,GF0202,Civil defence,2,GF02,PC_GDP,,,2026-09-16T23:00:00+0200
1993,GF0203,Foreign military aid,2,GF02,MIO_EUR,,,2026-09-16T23:00:00+0200
1993,GF0203,Foreign military aid,2,GF02,PC_GDP,,,2026-09-16T23:00:00+0200
1993,GF0204,R&D Defence,2,GF02,MIO_EUR,,,2026-09-16T23:00:00+0200
1993,GF0204,R&D Defence,2,GF02,PC_GDP,,,2026-09-16T23:00:00+0200
1993,GF0205,Defence n.e.c.,2,GF02,MIO_EUR,,,2026-09-16T23:00:00+0200
1993,GF0205,Defence n.e.c.,2,GF02,PC_GDP,,,2026-09-16T23:00:00+0200
1993,GF03,Public order and safety,1,TOTAL,MIO_EUR,,,2026-09-16T23:00:00+0200
1993,GF03,Public order and safety,1,TOTAL,PC_GDP,,,2026-09-16T23:00:00+0200
1993,GF0301,Police services,2,GF03,MIO_EUR,,,2026-09-16T23:00:00+0200
1993,GF0301,Police services,2,GF03,PC_GDP,,,2026-09-16T23:00:00+0200
1993,GF0302,Fire-protection services,2,GF03,MIO_EUR,,,2026-09-16T23:00:00+0200
1993,GF0302,Fire-protection services,2,GF03,PC_GDP,,,2026-09-16T23:00:00+0200
1993,GF0303,Law courts,2,GF03,MIO_EUR,,,2026-09-16T23:00:00+0200
1993,GF0303,Law courts,2,GF03,PC_GDP,,,2026-09-16T23:00:00+0200
1993,GF0304,Prisons,2,GF03,MIO_EUR,,,2026-09-16T23:00:00+0200
1993,GF0304,Prisons,2,GF03,PC_GDP,,,2026-09-16T23:00:00+0200
1993,GF0305,R&D Public order and safety,2,GF03,MIO_EUR,,,2026-09-16T23:00:00+0200
1993,GF0305,R&D Public order and safety,2,GF03,PC_GDP,,,2026-09-16T23:00:00+0200
1993,GF0306,Public order and safety n.e.c.,2,GF03,MIO_EUR,,,2026-09-16T23:00:00+0200
1993,GF0306,Public order and safety n.e.c.,2,GF03,PC_GDP,,,2026-09-16T23:00:00+0200
1993,GF04,Economic affairs,1,TOTAL,MIO_EUR,,,2026-09-16T23:00:00+0200
1993,GF04,Economic affairs,1,TOTAL,PC_GDP,,,2026-09-16T23:00:00+0200
1993,GF0401,"General economic, commercial and labour affairs",2,GF04,MIO_EUR,,,2026-09-16T23:00:00+0200
1993,GF0401,"General economic, commercial and labour affairs",2,GF04,PC_GDP,,,2026-09-16T23:00:00+0200
1993,GF0402,"Agriculture, forestry, fishing and hunting",2,GF04,MIO_EUR,,,2026-09-16T23:00:00+0200
1993,GF0402,"Agriculture, forestry, fishing and hunting",2,GF04,PC_GDP,,,2026-09-16T23:00:00+0200
1993,GF0403,Fuel and energy,2,GF04,MIO_EUR,,,2026-09-16T23:00:00+0200
1993,GF0403,Fuel and energy,2,GF04,PC_GDP,,,2026-09-16T23:00:00+0200
1993,GF0404,"Mining, manufacturing and construction",2,GF04,MIO_EUR,,,2026-09-16T23:00:00+0200
1993,GF0404,"Mining, manufacturing and construction",2,GF04,PC_GDP,,,2026-09-16T23:00:00+0200
1993,GF0405,Transport,2,GF04,MIO_EUR,,,2026-09-16T23:00:00+0200
1993,GF0405,Transport,2,GF04,PC_GDP,,,2026-09-16T23:00:00+0200
1993,GF0406,Communication,2,GF04,MIO_EUR,,,2026-09-16T23:00:00+0200
1993,GF0406,Communication,2,GF04,PC_GDP,,,2026-09-16T23:00:00+0200
1993,GF0407,Other industries,2,GF04,MIO_EUR,,,2026-09-16T23:00:00+0200
1993,GF0407,Other industries,2,GF04,PC_GDP,,,2026-09-16T23:00:00+0200
1993,GF0408,R&D Economic affairs,2,GF04,MIO_EUR,,,2026-09-16T23:00:00+0200
1993,GF0408,R&D Economic affairs,2,GF04,PC_GDP,,,2026-09-16T23:00:00+0200
1993,GF0409,Economic affairs n.e.c.,2,GF04,MIO_EUR,,,2026-09-16T23:00:00+0200
1993,GF0409,Economic affairs n.e.c.,2,GF04,PC_GDP,,,2026-09-16T23:00:00+0200
1993,GF05,Environmental protection,1,TOTAL,MIO_EUR,,,2026-09-16T23:00:00+0200
1993,GF05,Environmental protection,1,TOTAL,PC_GDP,,,2026-09-16T23:00:00+0200
1993,GF0501,Waste management,2,GF05,MIO_EUR,,,2026-09-16T23:00:00+0200
1993,GF0501,Waste management,2,GF05,PC_GDP,,,2026-09-16T23:00:00+0200
1993,GF0502,Waste water management,2,GF05,MIO_EUR,,,2026-09-16T23:00:00+0200
1993,GF0502,Waste water management,2,GF05,PC_GDP,,,2026-09-16T23:00:00+0200
1993,GF0503,Pollution abatement,2,GF05,MIO_EUR,,,2026-09-16T23:00:00+0200
1993,GF0503,Pollution abatement,2,GF05,PC_GDP,,,2026-09-16T23:00:00+0200
1993,GF0504,Protection of biodiversity and landscape,2,GF05,MIO_EUR,,,2026-09-16T23:00:00+0200
1993,GF0504,Protection of biodiversity and landscape,2,GF05,PC_GDP,,,2026-09-16T23:00:00+0200
1993,GF0505,R&D Environmental protection,2,GF05,MIO_EUR,,,2026-09-16T23:00:00+0200
1993,GF0505,R&D Environmental protection,2,GF05,PC_GDP,,,2026-09-16T23:00:00+0200
1993,GF0506,Environmental protection n.e.c.,2,GF05,MIO_EUR,,,2026-09-16T23:00:00+0200
1993,GF0506,Environmental protection n.e.c.,2,GF05,PC_GDP,,,2026-09-16T23:00:00+0200
1993,GF06,Housing and community amenities,1,TOTAL,MIO_EUR,,,2026-09-16T23:00:00+0200
1993,GF06,Housing and community amenities,1,TOTAL,PC_GDP,,,2026-09-16T23:00:00+0200
1993,GF0601,Housing development,2,GF06,MIO_EUR,,,2026-09-16T23:00:00+0200
1993,GF0601,Housing development,2,GF06,PC_GDP,,,2026-09-16T23:00:00+0200
1993,GF0602,Community development,2,GF06,MIO_EUR,,,2026-09-16T23:00:00+0200
1993,GF0602,Community development,2,GF06,PC_GDP,,,2026-09-16T23:00:00+0200
1993,GF0603,Water supply,2,GF06,MIO_EUR,,,2026-09-16T23:00:00+0200
1993,GF0603,Water supply,2,GF06,PC_GDP,,,2026-09-16T23:00:00+0200
1993,GF0604,Street lighting,2,GF06,MIO_EUR,,,2026-09-16T23:00:00+0200
1993,GF0604,Street lighting,2,GF06,PC_GDP,,,2026-09-16T23:00:00+0200
1993,GF0605,R&D Housing and community amenities,2,GF06,MIO_EUR,,,2026-09-16T23:00:00+0200
1993,GF0605,R&D Housing and community amenities,2,GF06,PC_GDP,,,2026-09-16T23:00:00+0200
1993,GF0606,Housing and community amenities n.e.c.,2,GF06,MIO_EUR,,,2026-09-16T23:00:00+0200
1993,GF0606,Housing and community amenities n.e.c.,2,GF06,PC_GDP,,,2026-09-16T23:00:00+0200
1993,GF07,Health,1,TOTAL,MIO_EUR,,,2026-09-16T23:00:00+0200
1993,GF07,Health,1,TOTAL,PC_GDP,,,2026-09-16T23:00:00+0200
1993,GF0701,"Medical products, appliances and equipment",2,GF07,MIO_EUR,,,2026-09-16T23:00:00+0200
1993,GF0701,"Medical products, appliances and equipment",2,GF07,PC_GDP,,,2026-09-16T23:00:00+0200
1993,GF0702,Outpatient services,2,GF07,MIO_EUR,,,2026-09-16T23:00:00+0200
1993,GF0702,Outpatient services,2,GF07,PC_GDP,,,2026-09-16T23:00:00+0200
1993,GF0703,Hospital services,2,GF07,MIO_EUR,,,2026-09-16T23:00:00+0200
1993,GF0703,Hospital services,2,GF07,PC_GDP,,,2026-09-16T23:00:00+0200
1993,GF0704,Public health services,2,GF07,MIO_EUR,,,2026-09-16T23:00:00+0200
1993,GF0704,Public health services,2,GF07,PC_GDP,,,2026-09-16T23:00:00+0200
1993,GF0705,R&D Health,2,GF07,MIO_EUR,,,2026-09-16T23:00:00+0200
1993,GF0705,R&D Health,2,GF07,PC_GDP,,,2026-09-16T23:00:00+0200
1993,GF0706,Health n.e.c.,2,GF07,MIO_EUR,,,2026-09-16T23:00:00+0200
1993,GF0706,Health n.e.c.,2,GF07,PC_GDP,,,2026-09-16T23:00:00+0200
1993,GF08,"Recreation, culture and religion",1,TOTAL,MIO_EUR,,,2026-09-16T23:00:00+0200
1993,GF08,"Recreation, culture and religion",1,TOTAL,PC_GDP,,,2026-09-16T23:00:00+0200
1993,GF0801,Recreational and sporting services,2,GF08,MIO_EUR,,,2026-09-16T23:00:00+0200
1993,GF0801,Recreational and sporting services,2,GF08,PC_GDP,,,2026-09-16T23:00:00+0200
1993,GF0802,Cultural services,2,GF08,MIO_EUR,,,2026-09-16T23:00:00+0200
1993,GF0802,Cultural services,2,GF08,PC_GDP,,,2026-09-16T23:00:00+0200
1993,GF0803,Broadcasting and publishing services,2,GF08,MIO_EUR,,,2026-09-16T23:00:00+0200
1993,GF0803,Broadcasting and publishing services,2,GF08,PC_GDP,,,2026-09-16T23:00:00+0200
1993,GF0804,Religious and other community services,2,GF08,MIO_EUR,,,2026-09-16T23:00:00+0200
1993,GF0804,Religious and other community services,2,GF08,PC_GDP,,,2026-09-16T23:00:00+0200
1993,GF0805,"R&D Recreation, culture and religion",2,GF08,MIO_EUR,,,2026-09-16T23:00:00+0200
1993,GF0805,"R&D Recreation, culture and religion",2,GF08,PC_GDP,,,2026-09-16T23:00:00+0200
1993,GF0806,"Recreation, culture and religion n.e.c.",2,GF08,MIO_EUR,,,2026-09-16T23:00:00+0200
1993,GF0806,"Recreation, culture and religion n.e.c.",2,GF08,PC_GDP,,,2026-09-16T23:00:00+0200
1993,GF09,Education,1,TOTAL,MIO_EUR,,,2026-09-16T23:00:00+0200
1993,GF09,Education,1,TOTAL,PC_GDP,,,2026-09-16T23:00:00+0200
1993,GF0901,Pre-primary and primary education,2,GF09,MIO_EUR,,,2026-09-16T23:00:00+0200
1993,GF0901,Pre-primary and primary education,2,GF09,PC_GDP,,,2026-09-16T23:00:00+0200
1993,GF0902,Secondary education,2,GF09,MIO_EUR,,,2026-09-16T23:00:00+0200
1993,GF0902,Secondary education,2,GF09,PC_GDP,,,2026-09-16T23:00:00+0200
1993,GF0903,Post-secondary non-tertiary education,2,GF09,MIO_EUR,,,2026-09-16T23:00:00+0200
1993,GF0903,Post-secondary non-tertiary education,2,GF09,PC_GDP,,,2026-09-16T23:00:00+0200
1993,GF0904,Tertiary education,2,GF09,MIO_EUR,,,2026-09-16T23:00:00+0200
1993,GF0904,Tertiary education,2,GF09,PC_GDP,,,2026-09-16T23:00:00+0200
1993,GF0905,Education not definable by level,2,GF09,MIO_EUR,,,2026-09-16T23:00:00+0200
1993,GF0905,Education not definable by level,2,GF09,PC_GDP,,,2026-09-16T23:00:00+0200
1993,GF0906,Subsidiary services to education,2,GF09,MIO_EUR,,,2026-09-16T23:00:00+0200
1993,GF0906,Subsidiary services to education,2,GF09,PC_GDP,,,2026-09-16T23:00:00+0200
1993,GF0907,R&D Education,2,GF09,MIO_EUR,,,2026-09-16T23:00:00+0200
1993,GF0907,R&D Education,2,GF09,PC_GDP,,,2026-09-16T23:00:00+0200
1993,GF0908,Education n.e.c.,2,GF09,MIO_EUR,,,2026-09-16T23:00:00+0200
1993,GF0908,Education n.e.c.,2,GF09,PC_GDP,,,2026-09-16T23:00:00+0200
1993,GF10,Social protection,1,TOTAL,MIO_EUR,,,2026-09-16T23:00:00+0200
1993,GF10,Social protection,1,TOTAL,PC_GDP,,,2026-09-16T23:00:00+0200
1993,GF1001,Sickness and disability,2,GF10,MIO_EUR,,,2026-09-16T23:00:00+0200
1993,GF1001,Sickness and disability,2,GF10,PC_GDP,,,2026-09-16T23:00:00+0200
1993,GF1002,Old age,2,GF10,MIO_EUR,,,2026-09-16T23:00:00+0200
1993,GF1002,Old age,2,GF10,PC_GDP,,,2026-09-16T23:00:00+0200
1993,GF1003,Survivors,2,GF10,MIO_EUR,,,2026-09-16T23:00:00+0200
1993,GF1003,Survivors,2,GF10,PC_GDP,,,2026-09-16T23:00:00+0200
1993,GF1004,Family and children,2,GF10,MIO_EUR,,,2026-09-16T23:00:00+0200
1993,GF1004,Family and children,2,GF10,PC_GDP,,,2026-09-16T23:00:00+0200
1993,GF1005,Unemployment,2,GF10,MIO_EUR,,,2026-09-16T23:00:00+0200
1993,GF1005,Unemployment,2,GF10,PC_GDP,,,2026-09-16T23:00:00+0200
1993,GF1006,Housing,2,GF10,MIO_EUR,,,2026-09-16T23:00:00+0200
1993,GF1006,Housing,2,GF10,PC_GDP,,,2026-09-16T23:00:00+0200
1993,GF1007,Social exclusion n.e.c.,2,GF10,MIO_EUR,,,2026-09-16T23:00:00+0200
1993,GF1007,Social exclusion n.e.c.,2,GF10,PC_GDP,,,2026-09-16T23:00:00+0200
1993,GF1008,R&D Social protection,2,GF10,MIO_EUR,,,2026-09-16T23:00:00+0200
1993,GF1008,R&D Social protection,2,GF10,PC_GDP,,,2026-09-16T23:00:00+0200
1993,GF1009,Social protection n.e.c.,2,GF10,MIO_EUR,,,2026-09-16T23:00:00+0200
1993,GF1009,Social protection n.e.c.,2,GF10,PC_GDP,,,2026-09-16T23:00:00+0200
1993,TOTAL,Total,0,,MIO_EUR,,,2026-09-16T23:00:00+0200
1993,TOTAL,Total,0,,PC_GDP,,,2026-09-16T23:00:00+0200
1994,GF01,General public services,1,TOTAL,MIO_EUR,,,2026-09-16T23:00:00+0200
1994,GF01,General public services,1,TOTAL,PC_GDP,,,2026-09-16T23:00:00+0200
1994,GF0101,"Executive and legislative organs, financial and fiscal affairs, external affairs",2,GF01,MIO_EUR,,,2026-09-16T23:00:00+0200
1994,GF0101,"Executive and legislative organs, financial and fiscal affairs, external affairs",2,GF01,PC_GDP,,,2026-09-16T23:00:00+0200
1994,GF0102,Foreign economic aid,2,GF01,MIO_EUR,,,2026-09-16T23:00:00+0200
1994,GF0102,Foreign economic aid,2,GF01,PC_GDP,,,2026-09-16T23:00:00+0200
1994,GF0103,General services,2,GF01,MIO_EUR,,,2026-09-16T23:00:00+0200
1994,GF0103,General services,2,GF01,PC_GDP,,,2026-09-16T23:00:00+0200
1994,GF0104,Basic research,2,GF01,MIO_EUR,,,2026-09-16T23:00:00+0200
1994,GF0104,Basic research,2,GF01,PC_GDP,,,2026-09-16T23:00:00+0200
1994,GF0105,R&D General public services,2,GF01,MIO_EUR,,,2026-09-16T23:00:00+0200
1994,GF0105,R&D General public services,2,GF01,PC_GDP,,,2026-09-16T23:00:00+0200
1994,GF0106,General public services n.e.c.,2,GF01,MIO_EUR,,,2026-09-16T23:00:00+0200
1994,GF0106,General public services n.e.c.,2,GF01,PC_GDP,,,2026-09-16T23:00:00+0200
1994,GF0107,Public debt transactions,2,GF01,MIO_EUR,,,2026-09-16T23:00:00+0200
1994,GF0107,Public debt transactions,2,GF01,PC_GDP,,,2026-09-16T23:00:00+0200
1994,GF0108,Transfers of a general character between different levels of government,2,GF01,MIO_EUR,,,2026-09-16T23:00:00+0200
1994,GF0108,Transfers of a general character between different levels of government,2,GF01,PC_GDP,,,2026-09-16T23:00:00+0200
1994,GF02,Defence,1,TOTAL,MIO_EUR,,,2026-09-16T23:00:00+0200
1994,GF02,Defence,1,TOTAL,PC_GDP,,,2026-09-16T23:00:00+0200
1994,GF0201,Military defence,2,GF02,MIO_EUR,,,2026-09-16T23:00:00+0200
1994,GF0201,Military defence,2,GF02,PC_GDP,,,2026-09-16T23:00:00+0200
1994,GF0202,Civil defence,2,GF02,MIO_EUR,,,2026-09-16T23:00:00+0200
1994,GF0202,Civil defence,2,GF02,PC_GDP,,,2026-09-16T23:00:00+0200
1994,GF0203,Foreign military aid,2,GF02,MIO_EUR,,,2026-09-16T23:00:00+0200
1994,GF0203,Foreign military aid,2,GF02,PC_GDP,,,2026-09-16T23:00:00+0200
1994,GF0204,R&D Defence,2,GF02,MIO_EUR,,,2026-09-16T23:00:00+0200
1994,GF0204,R&D Defence,2,GF02,PC_GDP,,,2026-09-16T23:00:00+0200
1994,GF0205,Defence n.e.c.,2,GF02,MIO_EUR,,,2026-09-16T23:00:00+0200
1994,GF0205,Defence n.e.c.,2,GF02,PC_GDP,,,2026-09-16T23:00:00+0200
1994,GF03,Public order and safety,1,TOTAL,MIO_EUR,,,2026-09-16T23:00:00+0200
1994,GF03,Public order and safety,1,TOTAL,PC_GDP,,,2026-09-16T23:00:00+0200
1994,GF0301,Police services,2,GF03,MIO_EUR,,,2026-09-16T23:00:00+0200
1994,GF0301,Police services,2,GF03,PC_GDP,,,2026-09-16T23:00:00+0200
1994,GF0302,Fire-protection services,2,GF03,MIO_EUR,,,2026-09-16T23:00:00+0200
1994,GF0302,Fire-protection services,2,GF03,PC_GDP,,,2026-09-16T23:00:00+0200
1994,GF0303,Law courts,2,GF03,MIO_EUR,,,2026-09-16T23:00:00+0200
1994,GF0303,Law courts,2,GF03,PC_GDP,,,2026-09-16T23:00:00+0200
1994,GF0304,Prisons,2,GF03,MIO_EUR,,,2026-09-16T23:00:00+0200
1994,GF0304,Prisons,2,GF03,PC_GDP,,,2026-09-16T23:00:00+0200
1994,GF0305,R&D Public order and safety,2,GF03,MIO_EUR,,,2026-09-16T23:00:00+0200
1994,GF0305,R&D Public order and safety,2,GF03,PC_GDP,,,2026-09-16T23:00:00+0200
1994,GF0306,Public order and safety n.e.c.,2,GF03,MIO_EUR,,,2026-09-16T23:00:00+0200
1994,GF0306,Public order and safety n.e.c.,2,GF03,PC_GDP,,,2026-09-16T23:00:00+0200
1994,GF04,Economic affairs,1,TOTAL,MIO_EUR,,,2026-09-16T23:00:00+0200
1994,GF04,Economic affairs,1,TOTAL,PC_GDP,,,2026-09-16T23:00:00+0200
1994,GF0401,"General economic, commercial and labour affairs",2,GF04,MIO_EUR,,,2026-09-16T23:00:00+0200
1994,GF0401,"General economic, commercial and labour affairs",2,GF04,PC_GDP,,,2026-09-16T23:00:00+0200
1994,GF0402,"Agriculture, forestry, fishing and hunting",2,GF04,MIO_EUR,,,2026-09-16T23:00:00+0200
1994,GF0402,"Agriculture, forestry, fishing and hunting",2,GF04,PC_GDP,,,2026-09-16T23:00:00+0200
1994,GF0403,Fuel and energy,2,GF04,MIO_EUR,,,2026-09-16T23:00:00+0200
1994,GF0403,Fuel and energy,2,GF04,PC_GDP,,,2026-09-16T23:00:00+0200
1994,GF0404,"Mining, manufacturing and construction",2,GF04,MIO_EUR,,,2026-09-16T23:00:00+0200
1994,GF0404,"Mining, manufacturing and construction",2,GF04,PC_GDP,,,2026-09-16T23:00:00+0200
1994,GF0405,Transport,2,GF04,MIO_EUR,,,2026-09-16T23:00:00+0200
1994,GF0405,Transport,2,GF04,PC_GDP,,,2026-09-16T23:00:00+0200
1994,GF0406,Communication,2,GF04,MIO_EUR,,,2026-09-16T23:00:00+0200
1994,GF0406,Communication,2,GF04,PC_GDP,,,2026-09-16T23:00:00+0200
1994,GF0407,Other industries,2,GF04,MIO_EUR,,,2026-09-16T23:00:00+0200
1994,GF0407,Other industries,2,GF04,PC_GDP,,,2026-09-16T23:00:00+0200
1994,GF0408,R&D Economic affairs,2,GF04,MIO_EUR,,,2026-09-16T23:00:00+0200
1994,GF0408,R&D Economic affairs,2,GF04,PC_GDP,,,2026-09-16T23:00:00+0200
1994,GF0409,Economic affairs n.e.c.,2,GF04,MIO_EUR,,,2026-09-16T23:00:00+0200
1994,GF0409,Economic affairs n.e.c.,2,GF04,PC_GDP,,,2026-09-16T23:00:00+0200
1994,GF05,Environmental protection,1,TOTAL,MIO_EUR,,,2026-09-16T23:00:00+0200
1994,GF05,Environmental protection,1,TOTAL,PC_GDP,,,2026-09-16T23:00:00+0200
1994,GF0501,Waste management,2,GF05,MIO_EUR,,,2026-09-16T23:00:00+0200
1994,GF0501,Waste management,2,GF05,PC_GDP,,,2026-09-16T23:00:00+0200
1994,GF0502,Waste water management,2,GF05,MIO_EUR,,,2026-09-16T23:00:00+0200
1994,GF0502,Waste water management,2,GF05,PC_GDP,,,2026-09-16T23:00:00+0200
1994,GF0503,Pollution abatement,2,GF05,MIO_EUR,,,2026-09-16T23:00:00+0200
1994,GF0503,Pollution abatement,2,GF05,PC_GDP,,,2026-09-16T23:00:00+0200
1994,GF0504,Protection of biodiversity and landscape,2,GF05,MIO_EUR,,,2026-09-16T23:00:00+0200
1994,GF0504,Protection of biodiversity and landscape,2,GF05,PC_GDP,,,2026-09-16T23:00:00+0200
1994,GF0505,R&D Environmental protection,2,GF05,MIO_EUR,,,2026-09-16T23:00:00+0200
1994,GF0505,R&D Environmental protection,2,GF05,PC_GDP,,,2026-09-16T23:00:00+0200
1994,GF0506,Environmental protection n.e.c.,2,GF05,MIO_EUR,,,2026-09-16T23:00:00+0200
1994,GF0506,Environmental protection n.e.c.,2,GF05,PC_GDP,,,2026-09-16T23:00:00+0200
1994,GF06,Housing and community amenities,1,TOTAL,MIO_EUR,,,2026-09-16T23:00:00+0200
1994,GF06,Housing and community amenities,1,TOTAL,PC_GDP,,,2026-09-16T23:00:00+0200
1994,GF0601,Housing development,2,GF06,MIO_EUR,,,2026-09-16T23:00:00+0200
1994,GF0601,Housing development,2,GF06,PC_GDP,,,2026-09-16T23:00:00+0200
1994,GF0602,Community development,2,GF06,MIO_EUR,,,2026-09-16T23:00:00+0200
1994,GF0602,Community development,2,GF06,PC_GDP,,,2026-09-16T23:00:00+0200
1994,GF0603,Water supply,2,GF06,MIO_EUR,,,2026-09-16T23:00:00+0200
1994,GF0603,Water supply,2,GF06,PC_GDP,,,2026-09-16T23:00:00+0200
1994,GF0604,Street lighting,2,GF06,MIO_EUR,,,2026-09-16T23:00:00+0200
1994,GF0604,Street lighting,2,GF06,PC_GDP,,,2026-09-16T23:00:00+0200
1994,GF0605,R&D Housing and community amenities,2,GF06,MIO_EUR,,,2026-09-16T23:00:00+0200
1994,GF0605,R&D Housing and community amenities,2,GF06,PC_GDP,,,2026-09-16T23:00:00+0200
1994,GF0606,Housing and community amenities n.e.c.,2,GF06,MIO_EUR,,,2026-09-16T23:00:00+0200
1994,GF0606,Housing and community amenities n.e.c.,2,GF06,PC_GDP,,,2026-09-16T23:00:00+0200
1994,GF07,Health,1,TOTAL,MIO_EUR,,,2026-09-16T23:00:00+0200
1994,GF07,Health,1,TOTAL,PC_GDP,,,2026-09-16T23:00:00+0200
1994,GF0701,"Medical products, appliances and equipment",2,GF07,MIO_EUR,,,2026-09-16T23:00:00+0200
1994,GF0701,"Medical products, appliances and equipment",2,GF07,PC_GDP,,,2026-09-16T23:00:00+0200
1994,GF0702,Outpatient services,2,GF07,MIO_EUR,,,2026-09-16T23:00:00+0200
1994,GF0702,Outpatient services,2,GF07,PC_GDP,,,2026-09-16T23:00:00+0200
1994,GF0703,Hospital services,2,GF07,MIO_EUR,,,2026-09-16T23:00:00+0200
1994,GF0703,Hospital services,2,GF07,PC_GDP,,,2026-09-16T23:00:00+0200
1994,GF0704,Public health services,2,GF07,MIO_EUR,,,2026-09-16T23:00:00+0200
1994,GF0704,Public health services,2,GF07,PC_GDP,,,2026-09-16T23:00:00+0200
1994,GF0705,R&D Health,2,GF07,MIO_EUR,,,2026-09-16T23:00:00+0200
1994,GF0705,R&D Health,2,GF07,PC_GDP,,,2026-09-16T23:00:00+0200
1994,GF0706,Health n.e.c.,2,GF07,MIO_EUR,,,2026-09-16T23:00:00+0200
1994,GF0706,Health n.e.c.,2,GF07,PC_GDP,,,2026-09-16T23:00:00+0200
1994,GF08,"Recreation, culture and religion",1,TOTAL,MIO_EUR,,,2026-09-16T23:00:00+0200
1994,GF08,"Recreation, culture and religion",1,TOTAL,PC_GDP,,,2026-09-16T23:00:00+0200
1994,GF0801,Recreational and sporting services,2,GF08,MIO_EUR,,,2026-09-16T23:00:00+0200
1994,GF0801,Recreational and sporting services,2,GF08,PC_GDP,,,2026-09-16T23:00:00+0200
1994,GF0802,Cultural services,2,GF08,MIO_EUR,,,2026-09-16T23:00:00+0200
1994,GF0802,Cultural services,2,GF08,PC_GDP,,,2026-09-16T23:00:00+0200
1994,GF0803,Broadcasting and publishing services,2,GF08,MIO_EUR,,,2026-09-16T23:00:00+0200
1994,GF0803,Broadcasting and publishing services,2,GF08,PC_GDP,,,2026-09-16T23:00:00+0200
1994,GF0804,Religious and other community services,2,GF08,MIO_EUR,,,2026-09-16T23:00:00+0200
1994,GF0804,Religious and other community services,2,GF08,PC_GDP,,,2026-09-16T23:00:00+0200
1994,GF0805,"R&D Recreation, culture and religion",2,GF08,MIO_EUR,,,2026-09-16T23:00:00+0200
1994,GF0805,"R&D Recreation, culture and religion",2,GF08,PC_GDP,,,2026-09-16T23:00:00+0200
1994,GF0806,"Recreation, culture and religion n.e.c.",2,GF08,MIO_EUR,,,2026-09-16T23:00:00+0200
1994,GF0806,"Recreation, culture and religion n.e.c.",2,GF08,PC_GDP,,,2026-09-16T23:00:00+0200
1994,GF09,Education,1,TOTAL,MIO_EUR,,,2026-09-16T23:00:00+0200
1994,GF09,Education,1,TOTAL,PC_GDP,,,2026-09-16T23:00:00+0200
1994,GF0901,Pre-primary and primary education,2,GF09,MIO_EUR,,,2026-09-16T23:00:00+0200
1994,GF0901,Pre-primary and primary education,2,GF09,PC_GDP,,,2026-09-16T23:00:00+0200
1994,GF0902,Secondary education,2,GF09,MIO_EUR,,,2026-09-16T23:00:00+0200
1994,GF0902,Secondary education,2,GF09,PC_GDP,,,2026-09-16T23:00:00+0200
1994,GF0903,Post-secondary non-tertiary education,2,GF09,MIO_EUR,,,2026-09-16T23:00:00+0200
1994,GF0903,Post-secondary non-tertiary education,2,GF09,PC_GDP,,,2026-09-16T23:00:00+0200
1994,GF0904,Tertiary education,2,GF09,MIO_EUR,,,2026-09-16T23:00:00+0200
1994,GF0904,Tertiary education,2,GF09,PC_GDP,,,2026-09-16T23:00:00+0200
1994,GF0905,Education not definable by level,2,GF09,MIO_EUR,,,2026-09-16T23:00:00+0200
1994,GF0905,Education not definable by level,2,GF09,PC_GDP,,,2026-09-16T23:00:00+0200
1994,GF0906,Subsidiary services to education,2,GF09,MIO_EUR,,,2026-09-16T23:00:00+0200
1994,GF0906,Subsidiary services to education,2,GF09,PC_GDP,,,2026-09-16T23:00:00+0200
1994,GF0907,R&D Education,2,GF09,MIO_EUR,,,2026-09-16T23:00:00+0200
1994,GF0907,R&D Education,2,GF09,PC_GDP,,,2026-09-16T23:00:00+0200
1994,GF0908,Education n.e.c.,2,GF09,MIO_EUR,,,2026-09-16T23:00:00+0200
1994,GF0908,Education n.e.c.,2,GF09,PC_GDP,,,2026-09-16T23:00:00+0200
1994,GF10,Social protection,1,TOTAL,MIO_EUR,,,2026-09-16T23:00:00+0200
1994,GF10,Social protection,1,TOTAL,PC_GDP,,,2026-09-16T23:00:00+0200
1994,GF1001,Sickness and disability,2,GF10,MIO_EUR,,,2026-09-16T23:00:00+0200
1994,GF1001,Sickness and disability,2,GF10,PC_GDP,,,2026-09-16T23:00:00+0200
1994,GF1002,Old age,2,GF10,MIO_EUR,,,2026-09-16T23:00:00+0200
1994,GF1002,Old age,2,GF10,PC_GDP,,,2026-09-16T23:00:00+0200
1994,GF1003,Survivors,2,GF10,MIO_EUR,,,2026-09-16T23:00:00+0200
1994,GF1003,Survivors,2,GF10,PC_GDP,,,2026-09-16T23:00:00+0200
1994,GF1004,Family and children,2,GF10,MIO_EUR,,,2026-09-16T23:00:00+0200
1994,GF1004,Family and children,2,GF10,PC_GDP,,,2026-09-16T23:00:00+0200
1994,GF1005,Unemployment,2,GF10,MIO_EUR,,,2026-09-16T23:00:00+0200
1994,GF1005,Unemployment,2,GF10,PC_GDP,,,2026-09-16T23:00:00+0200
1994,GF1006,Housing,2,GF10,MIO_EUR,,,2026-09-16T23:00:00+0200
1994,GF1006,Housing,2,GF10,PC_GDP,,,2026-09-16T23:00:00+0200
1994,GF1007,Social exclusion n.e.c.,2,GF10,MIO_EUR,,,2026-09-16T23:00:00+0200
1994,GF1007,Social exclusion n.e.c.,2,GF10,PC_GDP,,,2026-09-16T23:00:00+0200
1994,GF1008,R&D Social protection,2,GF10,MIO_EUR,,,2026-09-16T23:00:00+0200
1994,GF1008,R&D Social protection,2,GF10,PC_GDP,,,2026-09-16T23:00:00+0200
1994,GF1009,Social protection n.e.c.,2,GF10,MIO_EUR,,,2026-09-16T23:00:00+0200
1994,GF1009,Social protection n.e.c.,2,GF10,PC_GDP,,,2026-09-16T23:00:00+0200
1994,TOTAL,Total,0,,MIO_EUR,,,2026-09-16T23:00:00+0200
1994,TOTAL,Total,0,,PC_GDP,,,2026-09-16T23:00:00+0200
1995,GF01,General public services,1,TOTAL,MIO_EUR,101632.9,,2026-09-16T23:00:00+0200
1995,GF01,General public services,1,TOTAL,PC_GDP,8.3,,2026-09-16T23:00:00+0200
1995,GF0101,"Executive and legislative organs, financial and fiscal affairs, external affairs",2,GF01,MIO_EUR,22379.3,,2026-09-16T23:00:00+0200
1995,GF0101,"Executive and legislative organs, financial and fiscal affairs, external affairs",2,GF01,PC_GDP,1.8,,2026-09-16T23:00:00+0200
1995,GF0102,Foreign economic aid,2,GF01,MIO_EUR,1405.2,,2026-09-16T23:00:00+0200
1995,GF0102,Foreign economic aid,2,GF01,PC_GDP,0.1,,2026-09-16T23:00:00+0200
1995,GF0103,General services,2,GF01,MIO_EUR,23411.7,,2026-09-16T23:00:00+0200
1995,GF0103,General services,2,GF01,PC_GDP,1.9,,2026-09-16T23:00:00+0200
1995,GF0104,Basic research,2,GF01,MIO_EUR,9718.6,,2026-09-16T23:00:00+0200
1995,GF0104,Basic research,2,GF01,PC_GDP,0.8,,2026-09-16T23:00:00+0200
1995,GF0105,R&D General public services,2,GF01,MIO_EUR,1,,2026-09-16T23:00:00+0200
1995,GF0105,R&D General public services,2,GF01,PC_GDP,0,,2026-09-16T23:00:00+0200
1995,GF0106,General public services n.e.c.,2,GF01,MIO_EUR,560.3,,2026-09-16T23:00:00+0200
1995,GF0106,General public services n.e.c.,2,GF01,PC_GDP,0,,2026-09-16T23:00:00+0200
1995,GF0107,Public debt transactions,2,GF01,MIO_EUR,44156.7,,2026-09-16T23:00:00+0200
1995,GF0107,Public debt transactions,2,GF01,PC_GDP,3.6,,2026-09-16T23:00:00+0200
1995,GF0108,Transfers of a general character between different levels of government,2,GF01,MIO_EUR,0,,2026-09-16T23:00:00+0200
1995,GF0108,Transfers of a general character between different levels of government,2,GF01,PC_GDP,0,,2026-09-16T23:00:00+0200
1995,GF02,Defence,1,TOTAL,MIO_EUR,30008.8,,2026-09-16T23:00:00+0200
1995,GF02,Defence,1,TOTAL,PC_GDP,2.5,,2026-09-16T23:00:00+0200
1995,GF0201,Military defence,2,GF02,MIO_EUR,26040.7,,2026-09-16T23:00:00+0200
1995,GF0201,Military defence,2,GF02,PC_GDP,2.1,,2026-09-16T23:00:00+0200
1995,GF0202,Civil defence,2,GF02,MIO_EUR,314.5,,2026-09-16T23:00:00+0200
1995,GF0202,Civil defence,2,GF02,PC_GDP,0,,2026-09-16T23:00:00+0200
1995,GF0203,Foreign military aid,2,GF02,MIO_EUR,772.6,,2026-09-16T23:00:00+0200
1995,GF0203,Foreign military aid,2,GF02,PC_GDP,0.1,,2026-09-16T23:00:00+0200
1995,GF0204,R&D Defence,2,GF02,MIO_EUR,1854.4,,2026-09-16T23:00:00+0200
1995,GF0204,R&D Defence,2,GF02,PC_GDP,0.2,,2026-09-16T23:00:00+0200
1995,GF0205,Defence n.e.c.,2,GF02,MIO_EUR,1026.7,,2026-09-16T23:00:00+0200
1995,GF0205,Defence n.e.c.,2,GF02,PC_GDP,0.1,,2026-09-16T23:00:00+0200
1995,GF03,Public order and safety,1,TOTAL,MIO_EUR,18122.2,,2026-09-16T23:00:00+0200
1995,GF03,Public order and safety,1,TOTAL,PC_GDP,1.5,,2026-09-16T23:00:00+0200
1995,GF0301,Police services,2,GF03,MIO_EUR,11398.2,,2026-09-16T23:00:00+0200
1995,GF0301,Police services,2,GF03,PC_GDP,0.9,,2026-09-16T23:00:00+0200
1995,GF0302,Fire-protection services,2,GF03,MIO_EUR,1652.2,,2026-09-16T23:00:00+0200
1995,GF0302,Fire-protection services,2,GF03,PC_GDP,0.1,,2026-09-16T23:00:00+0200
1995,GF0303,Law courts,2,GF03,MIO_EUR,3088.9,,2026-09-16T23:00:00+0200
1995,GF0303,Law courts,2,GF03,PC_GDP,0.3,,2026-09-16T23:00:00+0200
1995,GF0304,Prisons,2,GF03,MIO_EUR,1604.2,,2026-09-16T23:00:00+0200
1995,GF0304,Prisons,2,GF03,PC_GDP,0.1,,2026-09-16T23:00:00+0200
1995,GF0305,R&D Public order and safety,2,GF03,MIO_EUR,3.1,,2026-09-16T23:00:00+0200
1995,GF0305,R&D Public order and safety,2,GF03,PC_GDP,0,,2026-09-16T23:00:00+0200
1995,GF0306,Public order and safety n.e.c.,2,GF03,MIO_EUR,375.5,,2026-09-16T23:00:00+0200
1995,GF0306,Public order and safety n.e.c.,2,GF03,PC_GDP,0,,2026-09-16T23:00:00+0200
1995,GF04,Economic affairs,1,TOTAL,MIO_EUR,78210.3,,2026-09-16T23:00:00+0200
1995,GF04,Economic affairs,1,TOTAL,PC_GDP,6.4,,2026-09-16T23:00:00+0200
1995,GF0401,"General economic, commercial and labour affairs",2,GF04,MIO_EUR,15455.4,,2026-09-16T23:00:00+0200
1995,GF0401,"General economic, commercial and labour affairs",2,GF04,PC_GDP,1.3,,2026-09-16T23:00:00+0200
1995,GF0402,"Agriculture, forestry, fishing and hunting",2,GF04,MIO_EUR,6205.8,,2026-09-16T23:00:00+0200
1995,GF0402,"Agriculture, forestry, fishing and hunting",2,GF04,PC_GDP,0.5,,2026-09-16T23:00:00+0200
1995,GF0403,Fuel and energy,2,GF04,MIO_EUR,4371.7,,2026-09-16T23:00:00+0200
1995,GF0403,Fuel and energy,2,GF04,PC_GDP,0.4,,2026-09-16T23:00:00+0200
1995,GF0404,"Mining, manufacturing and construction",2,GF04,MIO_EUR,532.5,,2026-09-16T23:00:00+0200
1995,GF0404,"Mining, manufacturing and construction",2,GF04,PC_GDP,0,,2026-09-16T23:00:00+0200
1995,GF0405,Transport,2,GF04,MIO_EUR,35613.9,,2026-09-16T23:00:00+0200
1995,GF0405,Transport,2,GF04,PC_GDP,2.9,,2026-09-16T23:00:00+0200
1995,GF0406,Communication,2,GF04,MIO_EUR,368,,2026-09-16T23:00:00+0200
1995,GF0406,Communication,2,GF04,PC_GDP,0,,2026-09-16T23:00:00+0200
1995,GF0407,Other industries,2,GF04,MIO_EUR,4550.6,,2026-09-16T23:00:00+0200
1995,GF0407,Other industries,2,GF04,PC_GDP,0.4,,2026-09-16T23:00:00+0200
1995,GF0408,R&D Economic affairs,2,GF04,MIO_EUR,10038.7,,2026-09-16T23:00:00+0200
1995,GF0408,R&D Economic affairs,2,GF04,PC_GDP,0.8,,2026-09-16T23:00:00+0200
1995,GF0409,Economic affairs n.e.c.,2,GF04,MIO_EUR,1073.7,,2026-09-16T23:00:00+0200
1995,GF0409,Economic affairs n.e.c.,2,GF04,PC_GDP,0.1,,2026-09-16T23:00:00+0200
1995,GF05,Environmental protection,1,TOTAL,MIO_EUR,6859.8,,2026-09-16T23:00:00+0200
1995,GF05,Environmental protection,1,TOTAL,PC_GDP,0.6,,2026-09-16T23:00:00+0200
1995,GF0501,Waste management,2,GF05,MIO_EUR,3030.2,,2026-09-16T23:00:00+0200
1995,GF0501,Waste management,2,GF05,PC_GDP,0.2,,2026-09-16T23:00:00+0200
1995,GF0502,Waste water management,2,GF05,MIO_EUR,1587.6,,2026-09-16T23:00:00+0200
1995,GF0502,Waste water management,2,GF05,PC_GDP,0.1,,2026-09-16T23:00:00+0200
1995,GF0503,Pollution abatement,2,GF05,MIO_EUR,395.1,,2026-09-16T23:00:00+0200
1995,GF0503,Pollution abatement,2,GF05,PC_GDP,0,,2026-09-16T23:00:00+0200
1995,GF0504,Protection of biodiversity and landscape,2,GF05,MIO_EUR,451.7,,2026-09-16T23:00:00+0200
1995,GF0504,Protection of biodiversity and landscape,2,GF05,PC_GDP,0,,2026-09-16T23:00:00+0200
1995,GF0505,R&D Environmental protection,2,GF05,MIO_EUR,55.8,,2026-09-16T23:00:00+0200
1995,GF0505,R&D Environmental protection,2,GF05,PC_GDP,0,,2026-09-16T23:00:00+0200
1995,GF0506,Environmental protection n.e.c.,2,GF05,MIO_EUR,1339.5,,2026-09-16T23:00:00+0200
1995,GF0506,Environmental protection n.e.c.,2,GF05,PC_GDP,0.1,,2026-09-16T23:00:00+0200
1995,GF06,Housing and community amenities,1,TOTAL,MIO_EUR,12916.1,,2026-09-16T23:00:00+0200
1995,GF06,Housing and community amenities,1,TOTAL,PC_GDP,1.1,,2026-09-16T23:00:00+0200
1995,GF0601,Housing development,2,GF06,MIO_EUR,3476.4,,2026-09-16T23:00:00+0200
1995,GF0601,Housing development,2,GF06,PC_GDP,0.3,,2026-09-16T23:00:00+0200
1995,GF0602,Community development,2,GF06,MIO_EUR,7481,,2026-09-16T23:00:00+0200
1995,GF0602,Community development,2,GF06,PC_GDP,0.6,,2026-09-16T23:00:00+0200
1995,GF0603,Water supply,2,GF06,MIO_EUR,1021,,2026-09-16T23:00:00+0200
1995,GF0603,Water supply,2,GF06,PC_GDP,0.1,,2026-09-16T23:00:00+0200
1995,GF0604,Street lighting,2,GF06,MIO_EUR,572.1,,2026-09-16T23:00:00+0200
1995,GF0604,Street lighting,2,GF06,PC_GDP,0,,2026-09-16T23:00:00+0200
1995,GF0605,R&D Housing and community amenities,2,GF06,MIO_EUR,6.5,,2026-09-16T23:00:00+0200
1995,GF0605,R&D Housing and community amenities,2,GF06,PC_GDP,0,,2026-09-16T23:00:00+0200
1995,GF0606,Housing and community amenities n.e.c.,2,GF06,MIO_EUR,359.1,,2026-09-16T23:00:00+0200
1995,GF0606,Housing and community amenities n.e.c.,2,GF06,PC_GDP,0,,2026-09-16T23:00:00+0200
1995,GF07,Health,1,TOTAL,MIO_EUR,84191.2,,2026-09-16T23:00:00+0200
1995,GF07,Health,1,TOTAL,PC_GDP,6.9,,2026-09-16T23:00:00+0200
1995,GF0701,"Medical products, appliances and equipment",2,GF07,MIO_EUR,10570.1,,2026-09-16T23:00:00+0200
1995,GF0701,"Medical products, appliances and equipment",2,GF07,PC_GDP,0.9,,2026-09-16T23:00:00+0200
1995,GF0702,Outpatient services,2,GF07,MIO_EUR,28753.9,,2026-09-16T23:00:00+0200
1995,GF0702,Outpatient services,2,GF07,PC_GDP,2.4,,2026-09-16T23:00:00+0200
1995,GF0703,Hospital services,2,GF07,MIO_EUR,40212.1,,2026-09-16T23:00:00+0200
1995,GF0703,Hospital services,2,GF07,PC_GDP,3.3,,2026-09-16T23:00:00+0200
1995,GF0704,Public health services,2,GF07,MIO_EUR,1223.9,,2026-09-16T23:00:00+0200
1995,GF0704,Public health services,2,GF07,PC_GDP,0.1,,2026-09-16T23:00:00+0200
1995,GF0705,R&D Health,2,GF07,MIO_EUR,2751.1,,2026-09-16T23:00:00+0200
1995,GF0705,R&D Health,2,GF07,PC_GDP,0.2,,2026-09-16T23:00:00+0200
1995,GF0706,Health n.e.c.,2,GF07,MIO_EUR,680.1,,2026-09-16T23:00:00+0200
1995,GF0706,Health n.e.c.,2,GF07,PC_GDP,0.1,,2026-09-16T23:00:00+0200
1995,GF08,"Recreation, culture and religion",1,TOTAL,MIO_EUR,13267.9,,2026-09-16T23:00:00+0200
1995,GF08,"Recreation, culture and religion",1,TOTAL,PC_GDP,1.1,,2026-09-16T23:00:00+0200
1995,GF0801,Recreational and sporting services,2,GF08,MIO_EUR,3848.7,,2026-09-16T23:00:00+0200
1995,GF0801,Recreational and sporting services,2,GF08,PC_GDP,0.3,,2026-09-16T23:00:00+0200
1995,GF0802,Cultural services,2,GF08,MIO_EUR,5586.9,,2026-09-16T23:00:00+0200
1995,GF0802,Cultural services,2,GF08,PC_GDP,0.5,,2026-09-16T23:00:00+0200
1995,GF0803,Broadcasting and publishing services,2,GF08,MIO_EUR,3728.8,,2026-09-16T23:00:00+0200
1995,GF0803,Broadcasting and publishing services,2,GF08,PC_GDP,0.3,,2026-09-16T23:00:00+0200
1995,GF0804,Religious and other community services,2,GF08,MIO_EUR,103.5,,2026-09-16T23:00:00+0200
1995,GF0804,Religious and other community services,2,GF08,PC_GDP,0,,2026-09-16T23:00:00+0200
1995,GF0805,"R&D Recreation, culture and religion",2,GF08,MIO_EUR,0,,2026-09-16T23:00:00+0200
1995,GF0805,"R&D Recreation, culture and religion",2,GF08,PC_GDP,0,,2026-09-16T23:00:00+0200
1995,GF0806,"Recreation, culture and religion n.e.c.",2,GF08,MIO_EUR,0,,2026-09-16T23:00:00+0200
1995,GF0806,"Recreation, culture and religion n.e.c.",2,GF08,PC_GDP,0,,2026-09-16T23:00:00+0200
1995,GF09,Education,1,TOTAL,MIO_EUR,70284.5,,2026-09-16T23:00:00+0200
1995,GF09,Education,1,TOTAL,PC_GDP,5.8,,2026-09-16T23:00:00+0200
1995,GF0901,Pre-primary and primary education,2,GF09,MIO_EUR,18243,,2026-09-16T23:00:00+0200
1995,GF0901,Pre-primary and primary education,2,GF09,PC_GDP,1.5,,2026-09-16T23:00:00+0200
1995,GF0902,Secondary education,2,GF09,MIO_EUR,33138.8,,2026-09-16T23:00:00+0200
1995,GF0902,Secondary education,2,GF09,PC_GDP,2.7,,2026-09-16T23:00:00+0200
1995,GF0903,Post-secondary non-tertiary education,2,GF09,MIO_EUR,357.6,,2026-09-16T23:00:00+0200
1995,GF0903,Post-secondary non-tertiary education,2,GF09,PC_GDP,0,,2026-09-16T23:00:00+0200
1995,GF0904,Tertiary education,2,GF09,MIO_EUR,6838.7,,2026-09-16T23:00:00+0200
1995,GF0904,Tertiary education,2,GF09,PC_GDP,0.6,,2026-09-16T23:00:00+0200
1995,GF0905,Education not definable by level,2,GF09,MIO_EUR,3622.4,,2026-09-16T23:00:00+0200
1995,GF0905,Education not definable by level,2,GF09,PC_GDP,0.3,,2026-09-16T23:00:00+0200
1995,GF0906,Subsidiary services to education,2,GF09,MIO_EUR,7004.5,,2026-09-16T23:00:00+0200
1995,GF0906,Subsidiary services to education,2,GF09,PC_GDP,0.6,,2026-09-16T23:00:00+0200
1995,GF0907,R&D Education,2,GF09,MIO_EUR,2.9,,2026-09-16T23:00:00+0200
1995,GF0907,R&D Education,2,GF09,PC_GDP,0,,2026-09-16T23:00:00+0200
1995,GF0908,Education n.e.c.,2,GF09,MIO_EUR,1076.8,,2026-09-16T23:00:00+0200
1995,GF0908,Education n.e.c.,2,GF09,PC_GDP,0.1,,2026-09-16T23:00:00+0200
1995,GF10,Social protection,1,TOTAL,MIO_EUR,268476,,2026-09-16T23:00:00+0200
1995,GF10,Social protection,1,TOTAL,PC_GDP,22,,2026-09-16T23:00:00+0200
1995,GF1001,Sickness and disability,2,GF10,MIO_EUR,34967.2,,2026-09-16T23:00:00+0200
1995,GF1001,Sickness and disability,2,GF10,PC_GDP,2.9,,2026-09-16T23:00:00+0200
1995,GF1002,Old age,2,GF10,MIO_EUR,133805.2,,2026-09-16T23:00:00+0200
1995,GF1002,Old age,2,GF10,PC_GDP,11,,2026-09-16T23:00:00+0200
1995,GF1003,Survivors,2,GF10,MIO_EUR,20756.7,,2026-09-16T23:00:00+0200
1995,GF1003,Survivors,2,GF10,PC_GDP,1.7,,2026-09-16T23:00:00+0200
1995,GF1004,Family and children,2,GF10,MIO_EUR,33555,,2026-09-16T23:00:00+0200
1995,GF1004,Family and children,2,GF10,PC_GDP,2.7,,2026-09-16T23:00:00+0200
1995,GF1005,Unemployment,2,GF10,MIO_EUR,21914,,2026-09-16T23:00:00+0200
1995,GF1005,Unemployment,2,GF10,PC_GDP,1.8,,2026-09-16T23:00:00+0200
1995,GF1006,Housing,2,GF10,MIO_EUR,10027.8,,2026-09-16T23:00:00+0200
1995,GF1006,Housing,2,GF10,PC_GDP,0.8,,2026-09-16T23:00:00+0200
1995,GF1007,Social exclusion n.e.c.,2,GF10,MIO_EUR,11464.2,,2026-09-16T23:00:00+0200
1995,GF1007,Social exclusion n.e.c.,2,GF10,PC_GDP,0.9,,2026-09-16T23:00:00+0200
1995,GF1008,R&D Social protection,2,GF10,MIO_EUR,0,,2026-09-16T23:00:00+0200
1995,GF1008,R&D Social protection,2,GF10,PC_GDP,0,,2026-09-16T23:00:00+0200
1995,GF1009,Social protection n.e.c.,2,GF10,MIO_EUR,1985.9,,2026-09-16T23:00:00+0200
1995,GF1009,Social protection n.e.c.,2,GF10,PC_GDP,0.2,,2026-09-16T23:00:00+0200
1995,TOTAL,Total,0,,MIO_EUR,683969.5,,2026-09-16T23:00:00+0200
1995,TOTAL,Total,0,,PC_GDP,56.1,,2026-09-16T23:00:00+0200
1996,GF01,General public services,1,TOTAL,MIO_EUR,107489.1,,2026-09-16T23:00:00+0200
1996,GF01,General public services,1,TOTAL,PC_GDP,8.5,,2026-09-16T23:00:00+0200
1996,GF0101,"Executive and legislative organs, financial and fiscal affairs, external affairs",2,GF01,MIO_EUR,23296.1,,2026-09-16T23:00:00+0200
1996,GF0101,"Executive and legislative organs, financial and fiscal affairs, external affairs",2,GF01,PC_GDP,1.8,,2026-09-16T23:00:00+0200
1996,GF0102,Foreign economic aid,2,GF01,MIO_EUR,1458.2,,2026-09-16T23:00:00+0200
1996,GF0102,Foreign economic aid,2,GF01,PC_GDP,0.1,,2026-09-16T23:00:00+0200
1996,GF0103,General services,2,GF01,MIO_EUR,24506,,2026-09-16T23:00:00+0200
1996,GF0103,General services,2,GF01,PC_GDP,1.9,,2026-09-16T23:00:00+0200
1996,GF0104,Basic research,2,GF01,MIO_EUR,10023.8,,2026-09-16T23:00:00+0200
1996,GF0104,Basic research,2,GF01,PC_GDP,0.8,,2026-09-16T23:00:00+0200
1996,GF0105,R&D General public services,2,GF01,MIO_EUR,1,,2026-09-16T23:00:00+0200
1996,GF0105,R&D General public services,2,GF01,PC_GDP,0,,2026-09-16T23:00:00+0200
1996,GF0106,General public services n.e.c.,2,GF01,MIO_EUR,578.3,,2026-09-16T23:00:00+0200
1996,GF0106,General public services n.e.c.,2,GF01,PC_GDP,0,,2026-09-16T23:00:00+0200
1996,GF0107,Public debt transactions,2,GF01,MIO_EUR,47625.7,,2026-09-16T23:00:00+0200
1996,GF0107,Public debt transactions,2,GF01,PC_GDP,3.8,,2026-09-16T23:00:00+0200
1996,GF0108,Transfers of a general character between different levels of government,2,GF01,MIO_EUR,0,,2026-09-16T23:00:00+0200
1996,GF0108,Transfers of a general character between different levels of government,2,GF01,PC_GDP,0,,2026-09-16T23:00:00+0200
1996,GF02,Defence,1,TOTAL,MIO_EUR,31794.7,,2026-09-16T23:00:00+0200
1996,GF02,Defence,1,TOTAL,PC_GDP,2.5,,2026-09-16T23:00:00+0200
1996,GF0201,Military defence,2,GF02,MIO_EUR,27573.7,,2026-09-16T23:00:00+0200
1996,GF0201,Military defence,2,GF02,PC_GDP,2.2,,2026-09-16T23:00:00+0200
1996,GF0202,Civil defence,2,GF02,MIO_EUR,318.4,,2026-09-16T23:00:00+0200
1996,GF0202,Civil defence,2,GF02,PC_GDP,0,,2026-09-16T23:00:00+0200
1996,GF0203,Foreign military aid,2,GF02,MIO_EUR,841.5,,2026-09-16T23:00:00+0200
1996,GF0203,Foreign military aid,2,GF02,PC_GDP,0.1,,2026-09-16T23:00:00+0200
1996,GF0204,R&D Defence,2,GF02,MIO_EUR,2007.7,,2026-09-16T23:00:00+0200
1996,GF0204,R&D Defence,2,GF02,PC_GDP,0.2,,2026-09-16T23:00:00+0200
1996,GF0205,Defence n.e.c.,2,GF02,MIO_EUR,1053.3,,2026-09-16T23:00:00+0200
1996,GF0205,Defence n.e.c.,2,GF02,PC_GDP,0.1,,2026-09-16T23:00:00+0200
1996,GF03,Public order and safety,1,TOTAL,MIO_EUR,18533.7,,2026-09-16T23:00:00+0200
1996,GF03,Public order and safety,1,TOTAL,PC_GDP,1.5,,2026-09-16T23:00:00+0200
1996,GF0301,Police services,2,GF03,MIO_EUR,11638.9,,2026-09-16T23:00:00+0200
1996,GF0301,Police services,2,GF03,PC_GDP,0.9,,2026-09-16T23:00:00+0200
1996,GF0302,Fire-protection services,2,GF03,MIO_EUR,1708.9,,2026-09-16T23:00:00+0200
1996,GF0302,Fire-protection services,2,GF03,PC_GDP,0.1,,2026-09-16T23:00:00+0200
1996,GF0303,Law courts,2,GF03,MIO_EUR,3151.9,,2026-09-16T23:00:00+0200
1996,GF0303,Law courts,2,GF03,PC_GDP,0.3,,2026-09-16T23:00:00+0200
1996,GF0304,Prisons,2,GF03,MIO_EUR,1627.8,,2026-09-16T23:00:00+0200
1996,GF0304,Prisons,2,GF03,PC_GDP,0.1,,2026-09-16T23:00:00+0200
1996,GF0305,R&D Public order and safety,2,GF03,MIO_EUR,8.7,,2026-09-16T23:00:00+0200
1996,GF0305,R&D Public order and safety,2,GF03,PC_GDP,0,,2026-09-16T23:00:00+0200
1996,GF0306,Public order and safety n.e.c.,2,GF03,MIO_EUR,397.4,,2026-09-16T23:00:00+0200
1996,GF0306,Public order and safety n.e.c.,2,GF03,PC_GDP,0,,2026-09-16T23:00:00+0200
1996,GF04,Economic affairs,1,TOTAL,MIO_EUR,77673.6,,2026-09-16T23:00:00+0200
1996,GF04,Economic affairs,1,TOTAL,PC_GDP,6.2,,2026-09-16T23:00:00+0200
1996,GF0401,"General economic, commercial and labour affairs",2,GF04,MIO_EUR,15276.2,,2026-09-16T23:00:00+0200
1996,GF0401,"General economic, commercial and labour affairs",2,GF04,PC_GDP,1.2,,2026-09-16T23:00:00+0200
1996,GF0402,"Agriculture, forestry, fishing and hunting",2,GF04,MIO_EUR,6590.3,,2026-09-16T23:00:00+0200
1996,GF0402,"Agriculture, forestry, fishing and hunting",2,GF04,PC_GDP,0.5,,2026-09-16T23:00:00+0200
1996,GF0403,Fuel and energy,2,GF04,MIO_EUR,3871.2,,2026-09-16T23:00:00+0200
1996,GF0403,Fuel and energy,2,GF04,PC_GDP,0.3,,2026-09-16T23:00:00+0200
1996,GF0404,"Mining, manufacturing and construction",2,GF04,MIO_EUR,565.2,,2026-09-16T23:00:00+0200
1996,GF0404,"Mining, manufacturing and construction",2,GF04,PC_GDP,0,,2026-09-16T23:00:00+0200
1996,GF0405,Transport,2,GF04,MIO_EUR,34105.4,,2026-09-16T23:00:00+0200
1996,GF0405,Transport,2,GF04,PC_GDP,2.7,,2026-09-16T23:00:00+0200
1996,GF0406,Communication,2,GF04,MIO_EUR,383.2,,2026-09-16T23:00:00+0200
1996,GF0406,Communication,2,GF04,PC_GDP,0,,2026-09-16T23:00:00+0200
1996,GF0407,Other industries,2,GF04,MIO_EUR,5091.9,,2026-09-16T23:00:00+0200
1996,GF0407,Other industries,2,GF04,PC_GDP,0.4,,2026-09-16T23:00:00+0200
1996,GF0408,R&D Economic affairs,2,GF04,MIO_EUR,10631.2,,2026-09-16T23:00:00+0200
1996,GF0408,R&D Economic affairs,2,GF04,PC_GDP,0.8,,2026-09-16T23:00:00+0200
1996,GF0409,Economic affairs n.e.c.,2,GF04,MIO_EUR,1159.2,,2026-09-16T23:00:00+0200
1996,GF0409,Economic affairs n.e.c.,2,GF04,PC_GDP,0.1,,2026-09-16T23:00:00+0200
1996,GF05,Environmental protection,1,TOTAL,MIO_EUR,7216.8,,2026-09-16T23:00:00+0200
1996,GF05,Environmental protection,1,TOTAL,PC_GDP,0.6,,2026-09-16T23:00:00+0200
1996,GF0501,Waste management,2,GF05,MIO_EUR,3277.6,,2026-09-16T23:00:00+0200
1996,GF0501,Waste management,2,GF05,PC_GDP,0.3,,2026-09-16T23:00:00+0200
1996,GF0502,Waste water management,2,GF05,MIO_EUR,1528.9,,2026-09-16T23:00:00+0200
1996,GF0502,Waste water management,2,GF05,PC_GDP,0.1,,2026-09-16T23:00:00+0200
1996,GF0503,Pollution abatement,2,GF05,MIO_EUR,424.8,,2026-09-16T23:00:00+0200
1996,GF0503,Pollution abatement,2,GF05,PC_GDP,0,,2026-09-16T23:00:00+0200
1996,GF0504,Protection of biodiversity and landscape,2,GF05,MIO_EUR,480.3,,2026-09-16T23:00:00+0200
1996,GF0504,Protection of biodiversity and landscape,2,GF05,PC_GDP,0,,2026-09-16T23:00:00+0200
1996,GF0505,R&D Environmental protection,2,GF05,MIO_EUR,102.9,,2026-09-16T23:00:00+0200
1996,GF0505,R&D Environmental protection,2,GF05,PC_GDP,0,,2026-09-16T23:00:00+0200
1996,GF0506,Environmental protection n.e.c.,2,GF05,MIO_EUR,1402.4,,2026-09-16T23:00:00+0200
1996,GF0506,Environmental protection n.e.c.,2,GF05,PC_GDP,0.1,,2026-09-16T23:00:00+0200
1996,GF06,Housing and community amenities,1,TOTAL,MIO_EUR,12418.9,,2026-09-16T23:00:00+0200
1996,GF06,Housing and community amenities,1,TOTAL,PC_GDP,1,,2026-09-16T23:00:00+0200
1996,GF0601,Housing development,2,GF06,MIO_EUR,2944.1,,2026-09-16T23:00:00+0200
1996,GF0601,Housing development,2,GF06,PC_GDP,0.2,,2026-09-16T23:00:00+0200
1996,GF0602,Community development,2,GF06,MIO_EUR,7550,,2026-09-16T23:00:00+0200
1996,GF0602,Community development,2,GF06,PC_GDP,0.6,,2026-09-16T23:00:00+0200
1996,GF0603,Water supply,2,GF06,MIO_EUR,978.1,,2026-09-16T23:00:00+0200
1996,GF0603,Water supply,2,GF06,PC_GDP,0.1,,2026-09-16T23:00:00+0200
1996,GF0604,Street lighting,2,GF06,MIO_EUR,581,,2026-09-16T23:00:00+0200
1996,GF0604,Street lighting,2,GF06,PC_GDP,0,,2026-09-16T23:00:00+0200
1996,GF0605,R&D Housing and community amenities,2,GF06,MIO_EUR,7.1,,2026-09-16T23:00:00+0200
1996,GF0605,R&D Housing and community amenities,2,GF06,PC_GDP,0,,2026-09-16T23:00:00+0200
1996,GF0606,Housing and community amenities n.e.c.,2,GF06,MIO_EUR,358.5,,2026-09-16T23:00:00+0200
1996,GF0606,Housing and community amenities n.e.c.,2,GF06,PC_GDP,0,,2026-09-16T23:00:00+0200
1996,GF07,Health,1,TOTAL,MIO_EUR,88537.1,,2026-09-16T23:00:00+0200
1996,GF07,Health,1,TOTAL,PC_GDP,7,,2026-09-16T23:00:00+0200
1996,GF0701,"Medical products, appliances and equipment",2,GF07,MIO_EUR,11501.3,,2026-09-16T23:00:00+0200
1996,GF0701,"Medical products, appliances and equipment",2,GF07,PC_GDP,0.9,,2026-09-16T23:00:00+0200
1996,GF0702,Outpatient services,2,GF07,MIO_EUR,30036.5,,2026-09-16T23:00:00+0200
1996,GF0702,Outpatient services,2,GF07,PC_GDP,2.4,,2026-09-16T23:00:00+0200
1996,GF0703,Hospital services,2,GF07,MIO_EUR,42076.8,,2026-09-16T23:00:00+0200
1996,GF0703,Hospital services,2,GF07,PC_GDP,3.3,,2026-09-16T23:00:00+0200
1996,GF0704,Public health services,2,GF07,MIO_EUR,1388.9,,2026-09-16T23:00:00+0200
1996,GF0704,Public health services,2,GF07,PC_GDP,0.1,,2026-09-16T23:00:00+0200
1996,GF0705,R&D Health,2,GF07,MIO_EUR,2826.9,,2026-09-16T23:00:00+0200
1996,GF0705,R&D Health,2,GF07,PC_GDP,0.2,,2026-09-16T23:00:00+0200
1996,GF0706,Health n.e.c.,2,GF07,MIO_EUR,706.7,,2026-09-16T23:00:00+0200
1996,GF0706,Health n.e.c.,2,GF07,PC_GDP,0.1,,2026-09-16T23:00:00+0200
1996,GF08,"Recreation, culture and religion",1,TOTAL,MIO_EUR,13335.3,,2026-09-16T23:00:00+0200
1996,GF08,"Recreation, culture and religion",1,TOTAL,PC_GDP,1.1,,2026-09-16T23:00:00+0200
1996,GF0801,Recreational and sporting services,2,GF08,MIO_EUR,3797,,2026-09-16T23:00:00+0200
1996,GF0801,Recreational and sporting services,2,GF08,PC_GDP,0.3,,2026-09-16T23:00:00+0200
1996,GF0802,Cultural services,2,GF08,MIO_EUR,5521.5,,2026-09-16T23:00:00+0200
1996,GF0802,Cultural services,2,GF08,PC_GDP,0.4,,2026-09-16T23:00:00+0200
1996,GF0803,Broadcasting and publishing services,2,GF08,MIO_EUR,3918.7,,2026-09-16T23:00:00+0200
1996,GF0803,Broadcasting and publishing services,2,GF08,PC_GDP,0.3,,2026-09-16T23:00:00+0200
1996,GF0804,Religious and other community services,2,GF08,MIO_EUR,98.2,,2026-09-16T23:00:00+0200
1996,GF0804,Religious and other community services,2,GF08,PC_GDP,0,,2026-09-16T23:00:00+0200
1996,GF0805,"R&D Recreation, culture and religion",2,GF08,MIO_EUR,0,,2026-09-16T23:00:00+0200
1996,GF0805,"R&D Recreation, culture and religion",2,GF08,PC_GDP,0,,2026-09-16T23:00:00+0200
1996,GF0806,"Recreation, culture and religion n.e.c.",2,GF08,MIO_EUR,0,,2026-09-16T23:00:00+0200
1996,GF0806,"Recreation, culture and religion n.e.c.",2,GF08,PC_GDP,0,,2026-09-16T23:00:00+0200
1996,GF09,Education,1,TOTAL,MIO_EUR,72001.2,,2026-09-16T23:00:00+0200
1996,GF09,Education,1,TOTAL,PC_GDP,5.7,,2026-09-16T23:00:00+0200
1996,GF0901,Pre-primary and primary education,2,GF09,MIO_EUR,18807.5,,2026-09-16T23:00:00+0200
1996,GF0901,Pre-primary and primary education,2,GF09,PC_GDP,1.5,,2026-09-16T23:00:00+0200
1996,GF0902,Secondary education,2,GF09,MIO_EUR,34153.1,,2026-09-16T23:00:00+0200
1996,GF0902,Secondary education,2,GF09,PC_GDP,2.7,,2026-09-16T23:00:00+0200
1996,GF0903,Post-secondary non-tertiary education,2,GF09,MIO_EUR,356.9,,2026-09-16T23:00:00+0200
1996,GF0903,Post-secondary non-tertiary education,2,GF09,PC_GDP,0,,2026-09-16T23:00:00+0200
1996,GF0904,Tertiary education,2,GF09,MIO_EUR,6622.7,,2026-09-16T23:00:00+0200
1996,GF0904,Tertiary education,2,GF09,PC_GDP,0.5,,2026-09-16T23:00:00+0200
1996,GF0905,Education not definable by level,2,GF09,MIO_EUR,3805.4,,2026-09-16T23:00:00+0200
1996,GF0905,Education not definable by level,2,GF09,PC_GDP,0.3,,2026-09-16T23:00:00+0200
1996,GF0906,Subsidiary services to education,2,GF09,MIO_EUR,7120.5,,2026-09-16T23:00:00+0200
1996,GF0906,Subsidiary services to education,2,GF09,PC_GDP,0.6,,2026-09-16T23:00:00+0200
1996,GF0907,R&D Education,2,GF09,MIO_EUR,1,,2026-09-16T23:00:00+0200
1996,GF0907,R&D Education,2,GF09,PC_GDP,0,,2026-09-16T23:00:00+0200
1996,GF0908,Education n.e.c.,2,GF09,MIO_EUR,1134.2,,2026-09-16T23:00:00+0200
1996,GF0908,Education n.e.c.,2,GF09,PC_GDP,0.1,,2026-09-16T23:00:00+0200
1996,GF10,Social protection,1,TOTAL,MIO_EUR,276684.7,,2026-09-16T23:00:00+0200
1996,GF10,Social protection,1,TOTAL,PC_GDP,22,,2026-09-16T23:00:00+0200
1996,GF1001,Sickness and disability,2,GF10,MIO_EUR,35487.4,,2026-09-16T23:00:00+0200
1996,GF1001,Sickness and disability,2,GF10,PC_GDP,2.8,,2026-09-16T23:00:00+0200
1996,GF1002,Old age,2,GF10,MIO_EUR,137441.8,,2026-09-16T23:00:00+0200
1996,GF1002,Old age,2,GF10,PC_GDP,10.9,,2026-09-16T23:00:00+0200
1996,GF1003,Survivors,2,GF10,MIO_EUR,21450.8,,2026-09-16T23:00:00+0200
1996,GF1003,Survivors,2,GF10,PC_GDP,1.7,,2026-09-16T23:00:00+0200
1996,GF1004,Family and children,2,GF10,MIO_EUR,34312.8,,2026-09-16T23:00:00+0200
1996,GF1004,Family and children,2,GF10,PC_GDP,2.7,,2026-09-16T23:00:00+0200
1996,GF1005,Unemployment,2,GF10,MIO_EUR,23734.1,,2026-09-16T23:00:00+0200
1996,GF1005,Unemployment,2,GF10,PC_GDP,1.9,,2026-09-16T23:00:00+0200
1996,GF1006,Housing,2,GF10,MIO_EUR,10152.7,,2026-09-16T23:00:00+0200
1996,GF1006,Housing,2,GF10,PC_GDP,0.8,,2026-09-16T23:00:00+0200
1996,GF1007,Social exclusion n.e.c.,2,GF10,MIO_EUR,12044.8,,2026-09-16T23:00:00+0200
1996,GF1007,Social exclusion n.e.c.,2,GF10,PC_GDP,1,,2026-09-16T23:00:00+0200
1996,GF1008,R&D Social protection,2,GF10,MIO_EUR,0,,2026-09-16T23:00:00+0200
1996,GF1008,R&D Social protection,2,GF10,PC_GDP,0,,2026-09-16T23:00:00+0200
1996,GF1009,Social protection n.e.c.,2,GF10,MIO_EUR,2060.3,,2026-09-16T23:00:00+0200
1996,GF1009,Social protection n.e.c.,2,GF10,PC_GDP,0.2,,2026-09-16T23:00:00+0200
1996,TOTAL,Total,0,,MIO_EUR,705685.5,,2026-09-16T23:00:00+0200
1996,TOTAL,Total,0,,PC_GDP,56,,2026-09-16T23:00:00+0200
1997,GF01,General public services,1,TOTAL,MIO_EUR,113751.8,,2026-09-16T23:00:00+0200
1997,GF01,General public services,1,TOTAL,PC_GDP,8.9,,2026-09-16T23:00:00+0200
1997,GF0101,"Executive and legislative organs, financial and fiscal affairs, external affairs",2,GF01,MIO_EUR,24224.2,,2026-09-16T23:00:00+0200
1997,GF0101,"Executive and legislative organs, financial and fiscal affairs, external affairs",2,GF01,PC_GDP,1.9,,2026-09-16T23:00:00+0200
1997,GF0102,Foreign economic aid,2,GF01,MIO_EUR,1514.1,,2026-09-16T23:00:00+0200
1997,GF0102,Foreign economic aid,2,GF01,PC_GDP,0.1,,2026-09-16T23:00:00+0200
1997,GF0103,General services,2,GF01,MIO_EUR,30300.1,,2026-09-16T23:00:00+0200
1997,GF0103,General services,2,GF01,PC_GDP,2.4,,2026-09-16T23:00:00+0200
1997,GF0104,Basic research,2,GF01,MIO_EUR,10205.6,,2026-09-16T23:00:00+0200
1997,GF0104,Basic research,2,GF01,PC_GDP,0.8,,2026-09-16T23:00:00+0200
1997,GF0105,R&D General public services,2,GF01,MIO_EUR,1,,2026-09-16T23:00:00+0200
1997,GF0105,R&D General public services,2,GF01,PC_GDP,0,,2026-09-16T23:00:00+0200
1997,GF0106,General public services n.e.c.,2,GF01,MIO_EUR,592.3,,2026-09-16T23:00:00+0200
1997,GF0106,General public services n.e.c.,2,GF01,PC_GDP,0,,2026-09-16T23:00:00+0200
1997,GF0107,Public debt transactions,2,GF01,MIO_EUR,46914.4,,2026-09-16T23:00:00+0200
1997,GF0107,Public debt transactions,2,GF01,PC_GDP,3.7,,2026-09-16T23:00:00+0200
1997,GF0108,Transfers of a general character between different levels of government,2,GF01,MIO_EUR,0,,2026-09-16T23:00:00+0200
1997,GF0108,Transfers of a general character between different levels of government,2,GF01,PC_GDP,0,,2026-09-16T23:00:00+0200
1997,GF02,Defence,1,TOTAL,MIO_EUR,29333.1,,2026-09-16T23:00:00+0200
1997,GF02,Defence,1,TOTAL,PC_GDP,2.3,,2026-09-16T23:00:00+0200
1997,GF0201,Military defence,2,GF02,MIO_EUR,25373.3,,2026-09-16T23:00:00+0200
1997,GF0201,Military defence,2,GF02,PC_GDP,2,,2026-09-16T23:00:00+0200
1997,GF0202,Civil defence,2,GF02,MIO_EUR,266.2,,2026-09-16T23:00:00+0200
1997,GF0202,Civil defence,2,GF02,PC_GDP,0,,2026-09-16T23:00:00+0200
1997,GF0203,Foreign military aid,2,GF02,MIO_EUR,861.1,,2026-09-16T23:00:00+0200
1997,GF0203,Foreign military aid,2,GF02,PC_GDP,0.1,,2026-09-16T23:00:00+0200
1997,GF0204,R&D Defence,2,GF02,MIO_EUR,1942.6,,2026-09-16T23:00:00+0200
1997,GF0204,R&D Defence,2,GF02,PC_GDP,0.2,,2026-09-16T23:00:00+0200
1997,GF0205,Defence n.e.c.,2,GF02,MIO_EUR,889.8,,2026-09-16T23:00:00+0200
1997,GF0205,Defence n.e.c.,2,GF02,PC_GDP,0.1,,2026-09-16T23:00:00+0200
1997,GF03,Public order and safety,1,TOTAL,MIO_EUR,18218.4,,2026-09-16T23:00:00+0200
1997,GF03,Public order and safety,1,TOTAL,PC_GDP,1.4,,2026-09-16T23:00:00+0200
1997,GF0301,Police services,2,GF03,MIO_EUR,11433.5,,2026-09-16T23:00:00+0200
1997,GF0301,Police services,2,GF03,PC_GDP,0.9,,2026-09-16T23:00:00+0200
1997,GF0302,Fire-protection services,2,GF03,MIO_EUR,1685.6,,2026-09-16T23:00:00+0200
1997,GF0302,Fire-protection services,2,GF03,PC_GDP,0.1,,2026-09-16T23:00:00+0200
1997,GF0303,Law courts,2,GF03,MIO_EUR,3114.3,,2026-09-16T23:00:00+0200
1997,GF0303,Law courts,2,GF03,PC_GDP,0.2,,2026-09-16T23:00:00+0200
1997,GF0304,Prisons,2,GF03,MIO_EUR,1594,,2026-09-16T23:00:00+0200
1997,GF0304,Prisons,2,GF03,PC_GDP,0.1,,2026-09-16T23:00:00+0200
1997,GF0305,R&D Public order and safety,2,GF03,MIO_EUR,8.6,,2026-09-16T23:00:00+0200
1997,GF0305,R&D Public order and safety,2,GF03,PC_GDP,0,,2026-09-16T23:00:00+0200
1997,GF0306,Public order and safety n.e.c.,2,GF03,MIO_EUR,382.6,,2026-09-16T23:00:00+0200
1997,GF0306,Public order and safety n.e.c.,2,GF03,PC_GDP,0,,2026-09-16T23:00:00+0200
1997,GF04,Economic affairs,1,TOTAL,MIO_EUR,72894.2,,2026-09-16T23:00:00+0200
1997,GF04,Economic affairs,1,TOTAL,PC_GDP,5.7,,2026-09-16T23:00:00+0200
1997,GF0401,"General economic, commercial and labour affairs",2,GF04,MIO_EUR,14374.4,,2026-09-16T23:00:00+0200
1997,GF0401,"General economic, commercial and labour affairs",2,GF04,PC_GDP,1.1,,2026-09-16T23:00:00+0200
1997,GF0402,"Agriculture, forestry, fishing and hunting",2,GF04,MIO_EUR,6232.4,,2026-09-16T23:00:00+0200
1997,GF0402,"Agriculture, forestry, fishing and hunting",2,GF04,PC_GDP,0.5,,2026-09-16T23:00:00+0200
1997,GF0403,Fuel and energy,2,GF04,MIO_EUR,3531.2,,2026-09-16T23:00:00+0200
1997,GF0403,Fuel and energy,2,GF04,PC_GDP,0.3,,2026-09-16T23:00:00+0200
1997,GF0404,"Mining, manufacturing and construction",2,GF04,MIO_EUR,507.2,,2026-09-16T23:00:00+0200
1997,GF0404,"Mining, manufacturing and construction",2,GF04,PC_GDP,0,,2026-09-16T23:00:00+0200
1997,GF0405,Transport,2,GF04,MIO_EUR,32342,,2026-09-16T23:00:00+0200
1997,GF0405,Transport,2,GF04,PC_GDP,2.5,,2026-09-16T23:00:00+0200
1997,GF0406,Communication,2,GF04,MIO_EUR,310.5,,2026-09-16T23:00:00+0200
1997,GF0406,Communication,2,GF04,PC_GDP,0,,2026-09-16T23:00:00+0200
1997,GF0407,Other industries,2,GF04,MIO_EUR,4558.4,,2026-09-16T23:00:00+0200
1997,GF0407,Other industries,2,GF04,PC_GDP,0.4,,2026-09-16T23:00:00+0200
1997,GF0408,R&D Economic affairs,2,GF04,MIO_EUR,9935.6,,2026-09-16T23:00:00+0200
1997,GF0408,R&D Economic affairs,2,GF04,PC_GDP,0.8,,2026-09-16T23:00:00+0200
1997,GF0409,Economic affairs n.e.c.,2,GF04,MIO_EUR,1102.5,,2026-09-16T23:00:00+0200
1997,GF0409,Economic affairs n.e.c.,2,GF04,PC_GDP,0.1,,2026-09-16T23:00:00+0200
1997,GF05,Environmental protection,1,TOTAL,MIO_EUR,7780.6,,2026-09-16T23:00:00+0200
1997,GF05,Environmental protection,1,TOTAL,PC_GDP,0.6,,2026-09-16T23:00:00+0200
1997,GF0501,Waste management,2,GF05,MIO_EUR,3697.2,,2026-09-16T23:00:00+0200
1997,GF0501,Waste management,2,GF05,PC_GDP,0.3,,2026-09-16T23:00:00+0200
1997,GF0502,Waste water management,2,GF05,MIO_EUR,1651.1,,2026-09-16T23:00:00+0200
1997,GF0502,Waste water management,2,GF05,PC_GDP,0.1,,2026-09-16T23:00:00+0200
1997,GF0503,Pollution abatement,2,GF05,MIO_EUR,382.6,,2026-09-16T23:00:00+0200
1997,GF0503,Pollution abatement,2,GF05,PC_GDP,0,,2026-09-16T23:00:00+0200
1997,GF0504,Protection of biodiversity and landscape,2,GF05,MIO_EUR,513.2,,2026-09-16T23:00:00+0200
1997,GF0504,Protection of biodiversity and landscape,2,GF05,PC_GDP,0,,2026-09-16T23:00:00+0200
1997,GF0505,R&D Environmental protection,2,GF05,MIO_EUR,98.2,,2026-09-16T23:00:00+0200
1997,GF0505,R&D Environmental protection,2,GF05,PC_GDP,0,,2026-09-16T23:00:00+0200
1997,GF0506,Environmental protection n.e.c.,2,GF05,MIO_EUR,1438.6,,2026-09-16T23:00:00+0200
1997,GF0506,Environmental protection n.e.c.,2,GF05,PC_GDP,0.1,,2026-09-16T23:00:00+0200
1997,GF06,Housing and community amenities,1,TOTAL,MIO_EUR,13233.6,,2026-09-16T23:00:00+0200
1997,GF06,Housing and community amenities,1,TOTAL,PC_GDP,1,,2026-09-16T23:00:00+0200
1997,GF0601,Housing development,2,GF06,MIO_EUR,2919.9,,2026-09-16T23:00:00+0200
1997,GF0601,Housing development,2,GF06,PC_GDP,0.2,,2026-09-16T23:00:00+0200
1997,GF0602,Community development,2,GF06,MIO_EUR,8364.1,,2026-09-16T23:00:00+0200
1997,GF0602,Community development,2,GF06,PC_GDP,0.7,,2026-09-16T23:00:00+0200
1997,GF0603,Water supply,2,GF06,MIO_EUR,1003.2,,2026-09-16T23:00:00+0200
1997,GF0603,Water supply,2,GF06,PC_GDP,0.1,,2026-09-16T23:00:00+0200
1997,GF0604,Street lighting,2,GF06,MIO_EUR,607.7,,2026-09-16T23:00:00+0200
1997,GF0604,Street lighting,2,GF06,PC_GDP,0,,2026-09-16T23:00:00+0200
1997,GF0605,R&D Housing and community amenities,2,GF06,MIO_EUR,3.4,,2026-09-16T23:00:00+0200
1997,GF0605,R&D Housing and community amenities,2,GF06,PC_GDP,0,,2026-09-16T23:00:00+0200
1997,GF0606,Housing and community amenities n.e.c.,2,GF06,MIO_EUR,335.4,,2026-09-16T23:00:00+0200
1997,GF0606,Housing and community amenities n.e.c.,2,GF06,PC_GDP,0,,2026-09-16T23:00:00+0200
1997,GF07,Health,1,TOTAL,MIO_EUR,88310.4,,2026-09-16T23:00:00+0200
1997,GF07,Health,1,TOTAL,PC_GDP,6.9,,2026-09-16T23:00:00+0200
1997,GF0701,"Medical products, appliances and equipment",2,GF07,MIO_EUR,11617.1,,2026-09-16T23:00:00+0200
1997,GF0701,"Medical products, appliances and equipment",2,GF07,PC_GDP,0.9,,2026-09-16T23:00:00+0200
1997,GF0702,Outpatient services,2,GF07,MIO_EUR,29907.9,,2026-09-16T23:00:00+0200
1997,GF0702,Outpatient services,2,GF07,PC_GDP,2.3,,2026-09-16T23:00:00+0200
1997,GF0703,Hospital services,2,GF07,MIO_EUR,41884.1,,2026-09-16T23:00:00+0200
1997,GF0703,Hospital services,2,GF07,PC_GDP,3.3,,2026-09-16T23:00:00+0200
1997,GF0704,Public health services,2,GF07,MIO_EUR,1363.9,,2026-09-16T23:00:00+0200
1997,GF0704,Public health services,2,GF07,PC_GDP,0.1,,2026-09-16T23:00:00+0200
1997,GF0705,R&D Health,2,GF07,MIO_EUR,2828.9,,2026-09-16T23:00:00+0200
1997,GF0705,R&D Health,2,GF07,PC_GDP,0.2,,2026-09-16T23:00:00+0200
1997,GF0706,Health n.e.c.,2,GF07,MIO_EUR,708.5,,2026-09-16T23:00:00+0200
1997,GF0706,Health n.e.c.,2,GF07,PC_GDP,0.1,,2026-09-16T23:00:00+0200
1997,GF08,"Recreation, culture and religion",1,TOTAL,MIO_EUR,13779.2,,2026-09-16T23:00:00+0200
1997,GF08,"Recreation, culture and religion",1,TOTAL,PC_GDP,1.1,,2026-09-16T23:00:00+0200
1997,GF0801,Recreational and sporting services,2,GF08,MIO_EUR,4021.8,,2026-09-16T23:00:00+0200
1997,GF0801,Recreational and sporting services,2,GF08,PC_GDP,0.3,,2026-09-16T23:00:00+0200
1997,GF0802,Cultural services,2,GF08,MIO_EUR,5688.7,,2026-09-16T23:00:00+0200
1997,GF0802,Cultural services,2,GF08,PC_GDP,0.4,,2026-09-16T23:00:00+0200
1997,GF0803,Broadcasting and publishing services,2,GF08,MIO_EUR,3967.6,,2026-09-16T23:00:00+0200
1997,GF0803,Broadcasting and publishing services,2,GF08,PC_GDP,0.3,,2026-09-16T23:00:00+0200
1997,GF0804,Religious and other community services,2,GF08,MIO_EUR,101.1,,2026-09-16T23:00:00+0200
1997,GF0804,Religious and other community services,2,GF08,PC_GDP,0,,2026-09-16T23:00:00+0200
1997,GF0805,"R&D Recreation, culture and religion",2,GF08,MIO_EUR,0,,2026-09-16T23:00:00+0200
1997,GF0805,"R&D Recreation, culture and religion",2,GF08,PC_GDP,0,,2026-09-16T23:00:00+0200
1997,GF0806,"Recreation, culture and religion n.e.c.",2,GF08,MIO_EUR,0,,2026-09-16T23:00:00+0200
1997,GF0806,"Recreation, culture and religion n.e.c.",2,GF08,PC_GDP,0,,2026-09-16T23:00:00+0200
1997,GF09,Education,1,TOTAL,MIO_EUR,72609.2,,2026-09-16T23:00:00+0200
1997,GF09,Education,1,TOTAL,PC_GDP,5.7,,2026-09-16T23:00:00+0200
1997,GF0901,Pre-primary and primary education,2,GF09,MIO_EUR,18792.3,,2026-09-16T23:00:00+0200
1997,GF0901,Pre-primary and primary education,2,GF09,PC_GDP,1.5,,2026-09-16T23:00:00+0200
1997,GF0902,Secondary education,2,GF09,MIO_EUR,34156.8,,2026-09-16T23:00:00+0200
1997,GF0902,Secondary education,2,GF09,PC_GDP,2.7,,2026-09-16T23:00:00+0200
1997,GF0903,Post-secondary non-tertiary education,2,GF09,MIO_EUR,381.7,,2026-09-16T23:00:00+0200
1997,GF0903,Post-secondary non-tertiary education,2,GF09,PC_GDP,0,,2026-09-16T23:00:00+0200
1997,GF0904,Tertiary education,2,GF09,MIO_EUR,6840.9,,2026-09-16T23:00:00+0200
1997,GF0904,Tertiary education,2,GF09,PC_GDP,0.5,,2026-09-16T23:00:00+0200
1997,GF0905,Education not definable by level,2,GF09,MIO_EUR,4049.1,,2026-09-16T23:00:00+0200
1997,GF0905,Education not definable by level,2,GF09,PC_GDP,0.3,,2026-09-16T23:00:00+0200
1997,GF0906,Subsidiary services to education,2,GF09,MIO_EUR,7254,,2026-09-16T23:00:00+0200
1997,GF0906,Subsidiary services to education,2,GF09,PC_GDP,0.6,,2026-09-16T23:00:00+0200
1997,GF0907,R&D Education,2,GF09,MIO_EUR,2.1,,2026-09-16T23:00:00+0200
1997,GF0907,R&D Education,2,GF09,PC_GDP,0,,2026-09-16T23:00:00+0200
1997,GF0908,Education n.e.c.,2,GF09,MIO_EUR,1132.4,,2026-09-16T23:00:00+0200
1997,GF0908,Education n.e.c.,2,GF09,PC_GDP,0.1,,2026-09-16T23:00:00+0200
1997,GF10,Social protection,1,TOTAL,MIO_EUR,280989.1,,2026-09-16T23:00:00+0200
1997,GF10,Social protection,1,TOTAL,PC_GDP,22,,2026-09-16T23:00:00+0200
1997,GF1001,Sickness and disability,2,GF10,MIO_EUR,34877.1,,2026-09-16T23:00:00+0200
1997,GF1001,Sickness and disability,2,GF10,PC_GDP,2.7,,2026-09-16T23:00:00+0200
1997,GF1002,Old age,2,GF10,MIO_EUR,141059,,2026-09-16T23:00:00+0200
1997,GF1002,Old age,2,GF10,PC_GDP,11,,2026-09-16T23:00:00+0200
1997,GF1003,Survivors,2,GF10,MIO_EUR,21112.6,,2026-09-16T23:00:00+0200
1997,GF1003,Survivors,2,GF10,PC_GDP,1.7,,2026-09-16T23:00:00+0200
1997,GF1004,Family and children,2,GF10,MIO_EUR,34560,,2026-09-16T23:00:00+0200
1997,GF1004,Family and children,2,GF10,PC_GDP,2.7,,2026-09-16T23:00:00+0200
1997,GF1005,Unemployment,2,GF10,MIO_EUR,23877.6,,2026-09-16T23:00:00+0200
1997,GF1005,Unemployment,2,GF10,PC_GDP,1.9,,2026-09-16T23:00:00+0200
1997,GF1006,Housing,2,GF10,MIO_EUR,11085.1,,2026-09-16T23:00:00+0200
1997,GF1006,Housing,2,GF10,PC_GDP,0.9,,2026-09-16T23:00:00+0200
1997,GF1007,Social exclusion n.e.c.,2,GF10,MIO_EUR,12369.8,,2026-09-16T23:00:00+0200
1997,GF1007,Social exclusion n.e.c.,2,GF10,PC_GDP,1,,2026-09-16T23:00:00+0200
1997,GF1008,R&D Social protection,2,GF10,MIO_EUR,0,,2026-09-16T23:00:00+0200
1997,GF1008,R&D Social protection,2,GF10,PC_GDP,0,,2026-09-16T23:00:00+0200
1997,GF1009,Social protection n.e.c.,2,GF10,MIO_EUR,2047.9,,2026-09-16T23:00:00+0200
1997,GF1009,Social protection n.e.c.,2,GF10,PC_GDP,0.2,,2026-09-16T23:00:00+0200
1997,TOTAL,Total,0,,MIO_EUR,710899.6,,2026-09-16T23:00:00+0200
1997,TOTAL,Total,0,,PC_GDP,55.6,,2026-09-16T23:00:00+0200
1998,GF01,General public services,1,TOTAL,MIO_EUR,112649.8,,2026-09-16T23:00:00+0200
1998,GF01,General public services,1,TOTAL,PC_GDP,8.4,,2026-09-16T23:00:00+0200
1998,GF0101,"Executive and legislative organs, financial and fiscal affairs, external affairs",2,GF01,MIO_EUR,25231.4,,2026-09-16T23:00:00+0200
1998,GF0101,"Executive and legislative organs, financial and fiscal affairs, external affairs",2,GF01,PC_GDP,1.9,,2026-09-16T23:00:00+0200
1998,GF0102,Foreign economic aid,2,GF01,MIO_EUR,1691.7,,2026-09-16T23:00:00+0200
1998,GF0102,Foreign economic aid,2,GF01,PC_GDP,0.1,,2026-09-16T23:00:00+0200
1998,GF0103,General services,2,GF01,MIO_EUR,27937.9,,2026-09-16T23:00:00+0200
1998,GF0103,General services,2,GF01,PC_GDP,2.1,,2026-09-16T23:00:00+0200
1998,GF0104,Basic research,2,GF01,MIO_EUR,10176.7,,2026-09-16T23:00:00+0200
1998,GF0104,Basic research,2,GF01,PC_GDP,0.8,,2026-09-16T23:00:00+0200
1998,GF0105,R&D General public services,2,GF01,MIO_EUR,1,,2026-09-16T23:00:00+0200
1998,GF0105,R&D General public services,2,GF01,PC_GDP,0,,2026-09-16T23:00:00+0200
1998,GF0106,General public services n.e.c.,2,GF01,MIO_EUR,613,,2026-09-16T23:00:00+0200
1998,GF0106,General public services n.e.c.,2,GF01,PC_GDP,0,,2026-09-16T23:00:00+0200
1998,GF0107,Public debt transactions,2,GF01,MIO_EUR,46998,,2026-09-16T23:00:00+0200
1998,GF0107,Public debt transactions,2,GF01,PC_GDP,3.5,,2026-09-16T23:00:00+0200
1998,GF0108,Transfers of a general character between different levels of government,2,GF01,MIO_EUR,0,,2026-09-16T23:00:00+0200
1998,GF0108,Transfers of a general character between different levels of government,2,GF01,PC_GDP,0,,2026-09-16T23:00:00+0200
1998,GF02,Defence,1,TOTAL,MIO_EUR,27198.4,,2026-09-16T23:00:00+0200
1998,GF02,Defence,1,TOTAL,PC_GDP,2,,2026-09-16T23:00:00+0200
1998,GF0201,Military defence,2,GF02,MIO_EUR,23277.2,,2026-09-16T23:00:00+0200
1998,GF0201,Military defence,2,GF02,PC_GDP,1.7,,2026-09-16T23:00:00+0200
1998,GF0202,Civil defence,2,GF02,MIO_EUR,320.5,,2026-09-16T23:00:00+0200
1998,GF0202,Civil defence,2,GF02,PC_GDP,0,,2026-09-16T23:00:00+0200
1998,GF0203,Foreign military aid,2,GF02,MIO_EUR,835.7,,2026-09-16T23:00:00+0200
1998,GF0203,Foreign military aid,2,GF02,PC_GDP,0.1,,2026-09-16T23:00:00+0200
1998,GF0204,R&D Defence,2,GF02,MIO_EUR,1777.9,,2026-09-16T23:00:00+0200
1998,GF0204,R&D Defence,2,GF02,PC_GDP,0.1,,2026-09-16T23:00:00+0200
1998,GF0205,Defence n.e.c.,2,GF02,MIO_EUR,987.2,,2026-09-16T23:00:00+0200
1998,GF0205,Defence n.e.c.,2,GF02,PC_GDP,0.1,,2026-09-16T23:00:00+0200
1998,GF03,Public order and safety,1,TOTAL,MIO_EUR,18702.7,,2026-09-16T23:00:00+0200
1998,GF03,Public order and safety,1,TOTAL,PC_GDP,1.4,,2026-09-16T23:00:00+0200
1998,GF0301,Police services,2,GF03,MIO_EUR,11788.7,,2026-09-16T23:00:00+0200
1998,GF0301,Police services,2,GF03,PC_GDP,0.9,,2026-09-16T23:00:00+0200
1998,GF0302,Fire-protection services,2,GF03,MIO_EUR,1802.8,,2026-09-16T23:00:00+0200
1998,GF0302,Fire-protection services,2,GF03,PC_GDP,0.1,,2026-09-16T23:00:00+0200
1998,GF0303,Law courts,2,GF03,MIO_EUR,3083.2,,2026-09-16T23:00:00+0200
1998,GF0303,Law courts,2,GF03,PC_GDP,0.2,,2026-09-16T23:00:00+0200
1998,GF0304,Prisons,2,GF03,MIO_EUR,1621.9,,2026-09-16T23:00:00+0200
1998,GF0304,Prisons,2,GF03,PC_GDP,0.1,,2026-09-16T23:00:00+0200
1998,GF0305,R&D Public order and safety,2,GF03,MIO_EUR,8.5,,2026-09-16T23:00:00+0200
1998,GF0305,R&D Public order and safety,2,GF03,PC_GDP,0,,2026-09-16T23:00:00+0200
1998,GF0306,Public order and safety n.e.c.,2,GF03,MIO_EUR,397.5,,2026-09-16T23:00:00+0200
1998,GF0306,Public order and safety n.e.c.,2,GF03,PC_GDP,0,,2026-09-16T23:00:00+0200
1998,GF04,Economic affairs,1,TOTAL,MIO_EUR,73125.6,,2026-09-16T23:00:00+0200
1998,GF04,Economic affairs,1,TOTAL,PC_GDP,5.5,,2026-09-16T23:00:00+0200
1998,GF0401,"General economic, commercial and labour affairs",2,GF04,MIO_EUR,14763.5,,2026-09-16T23:00:00+0200
1998,GF0401,"General economic, commercial and labour affairs",2,GF04,PC_GDP,1.1,,2026-09-16T23:00:00+0200
1998,GF0402,"Agriculture, forestry, fishing and hunting",2,GF04,MIO_EUR,6127.3,,2026-09-16T23:00:00+0200
1998,GF0402,"Agriculture, forestry, fishing and hunting",2,GF04,PC_GDP,0.5,,2026-09-16T23:00:00+0200
1998,GF0403,Fuel and energy,2,GF04,MIO_EUR,3758.1,,2026-09-16T23:00:00+0200
1998,GF0403,Fuel and energy,2,GF04,PC_GDP,0.3,,2026-09-16T23:00:00+0200
1998,GF0404,"Mining, manufacturing and construction",2,GF04,MIO_EUR,521,,2026-09-16T23:00:00+0200
1998,GF0404,"Mining, manufacturing and construction",2,GF04,PC_GDP,0,,2026-09-16T23:00:00+0200
1998,GF0405,Transport,2,GF04,MIO_EUR,32135.7,,2026-09-16T23:00:00+0200
1998,GF0405,Transport,2,GF04,PC_GDP,2.4,,2026-09-16T23:00:00+0200
1998,GF0406,Communication,2,GF04,MIO_EUR,322.3,,2026-09-16T23:00:00+0200
1998,GF0406,Communication,2,GF04,PC_GDP,0,,2026-09-16T23:00:00+0200
1998,GF0407,Other industries,2,GF04,MIO_EUR,4535.7,,2026-09-16T23:00:00+0200
1998,GF0407,Other industries,2,GF04,PC_GDP,0.3,,2026-09-16T23:00:00+0200
1998,GF0408,R&D Economic affairs,2,GF04,MIO_EUR,9855.8,,2026-09-16T23:00:00+0200
1998,GF0408,R&D Economic affairs,2,GF04,PC_GDP,0.7,,2026-09-16T23:00:00+0200
1998,GF0409,Economic affairs n.e.c.,2,GF04,MIO_EUR,1106,,2026-09-16T23:00:00+0200
1998,GF0409,Economic affairs n.e.c.,2,GF04,PC_GDP,0.1,,2026-09-16T23:00:00+0200
1998,GF05,Environmental protection,1,TOTAL,MIO_EUR,7971.9,,2026-09-16T23:00:00+0200
1998,GF05,Environmental protection,1,TOTAL,PC_GDP,0.6,,2026-09-16T23:00:00+0200
1998,GF0501,Waste management,2,GF05,MIO_EUR,3926.3,,2026-09-16T23:00:00+0200
1998,GF0501,Waste management,2,GF05,PC_GDP,0.3,,2026-09-16T23:00:00+0200
1998,GF0502,Waste water management,2,GF05,MIO_EUR,1770.2,,2026-09-16T23:00:00+0200
1998,GF0502,Waste water management,2,GF05,PC_GDP,0.1,,2026-09-16T23:00:00+0200
1998,GF0503,Pollution abatement,2,GF05,MIO_EUR,393.6,,2026-09-16T23:00:00+0200
1998,GF0503,Pollution abatement,2,GF05,PC_GDP,0,,2026-09-16T23:00:00+0200
1998,GF0504,Protection of biodiversity and landscape,2,GF05,MIO_EUR,515.7,,2026-09-16T23:00:00+0200
1998,GF0504,Protection of biodiversity and landscape,2,GF05,PC_GDP,0,,2026-09-16T23:00:00+0200
1998,GF0505,R&D Environmental protection,2,GF05,MIO_EUR,95.4,,2026-09-16T23:00:00+0200
1998,GF0505,R&D Environmental protection,2,GF05,PC_GDP,0,,2026-09-16T23:00:00+0200
1998,GF0506,Environmental protection n.e.c.,2,GF05,MIO_EUR,1270.8,,2026-09-16T23:00:00+0200
1998,GF0506,Environmental protection n.e.c.,2,GF05,PC_GDP,0.1,,2026-09-16T23:00:00+0200
1998,GF06,Housing and community amenities,1,TOTAL,MIO_EUR,13529,,2026-09-16T23:00:00+0200
1998,GF06,Housing and community amenities,1,TOTAL,PC_GDP,1,,2026-09-16T23:00:00+0200
1998,GF0601,Housing development,2,GF06,MIO_EUR,2974.5,,2026-09-16T23:00:00+0200
1998,GF0601,Housing development,2,GF06,PC_GDP,0.2,,2026-09-16T23:00:00+0200
1998,GF0602,Community development,2,GF06,MIO_EUR,8632.9,,2026-09-16T23:00:00+0200
1998,GF0602,Community development,2,GF06,PC_GDP,0.6,,2026-09-16T23:00:00+0200
1998,GF0603,Water supply,2,GF06,MIO_EUR,996.9,,2026-09-16T23:00:00+0200
1998,GF0603,Water supply,2,GF06,PC_GDP,0.1,,2026-09-16T23:00:00+0200
1998,GF0604,Street lighting,2,GF06,MIO_EUR,564.1,,2026-09-16T23:00:00+0200
1998,GF0604,Street lighting,2,GF06,PC_GDP,0,,2026-09-16T23:00:00+0200
1998,GF0605,R&D Housing and community amenities,2,GF06,MIO_EUR,4,,2026-09-16T23:00:00+0200
1998,GF0605,R&D Housing and community amenities,2,GF06,PC_GDP,0,,2026-09-16T23:00:00+0200
1998,GF0606,Housing and community amenities n.e.c.,2,GF06,MIO_EUR,356.4,,2026-09-16T23:00:00+0200
1998,GF0606,Housing and community amenities n.e.c.,2,GF06,PC_GDP,0,,2026-09-16T23:00:00+0200
1998,GF07,Health,1,TOTAL,MIO_EUR,91856.1,,2026-09-16T23:00:00+0200
1998,GF07,Health,1,TOTAL,PC_GDP,6.9,,2026-09-16T23:00:00+0200
1998,GF0701,"Medical products, appliances and equipment",2,GF07,MIO_EUR,12872.1,,2026-09-16T23:00:00+0200
1998,GF0701,"Medical products, appliances and equipment",2,GF07,PC_GDP,1,,2026-09-16T23:00:00+0200
1998,GF0702,Outpatient services,2,GF07,MIO_EUR,30980.1,,2026-09-16T23:00:00+0200
1998,GF0702,Outpatient services,2,GF07,PC_GDP,2.3,,2026-09-16T23:00:00+0200
1998,GF0703,Hospital services,2,GF07,MIO_EUR,42908.1,,2026-09-16T23:00:00+0200
1998,GF0703,Hospital services,2,GF07,PC_GDP,3.2,,2026-09-16T23:00:00+0200
1998,GF0704,Public health services,2,GF07,MIO_EUR,1449.6,,2026-09-16T23:00:00+0200
1998,GF0704,Public health services,2,GF07,PC_GDP,0.1,,2026-09-16T23:00:00+0200
1998,GF0705,R&D Health,2,GF07,MIO_EUR,2912.7,,2026-09-16T23:00:00+0200
1998,GF0705,R&D Health,2,GF07,PC_GDP,0.2,,2026-09-16T23:00:00+0200
1998,GF0706,Health n.e.c.,2,GF07,MIO_EUR,733.7,,2026-09-16T23:00:00+0200
1998,GF0706,Health n.e.c.,2,GF07,PC_GDP,0.1,,2026-09-16T23:00:00+0200
1998,GF08,"Recreation, culture and religion",1,TOTAL,MIO_EUR,14791.8,,2026-09-16T23:00:00+0200
1998,GF08,"Recreation, culture and religion",1,TOTAL,PC_GDP,1.1,,2026-09-16T23:00:00+0200
1998,GF0801,Recreational and sporting services,2,GF08,MIO_EUR,4502.4,,2026-09-16T23:00:00+0200
1998,GF0801,Recreational and sporting services,2,GF08,PC_GDP,0.3,,2026-09-16T23:00:00+0200
1998,GF0802,Cultural services,2,GF08,MIO_EUR,6090.6,,2026-09-16T23:00:00+0200
1998,GF0802,Cultural services,2,GF08,PC_GDP,0.5,,2026-09-16T23:00:00+0200
1998,GF0803,Broadcasting and publishing services,2,GF08,MIO_EUR,4082.7,,2026-09-16T23:00:00+0200
1998,GF0803,Broadcasting and publishing services,2,GF08,PC_GDP,0.3,,2026-09-16T23:00:00+0200
1998,GF0804,Religious and other community services,2,GF08,MIO_EUR,116.1,,2026-09-16T23:00:00+0200
1998,GF0804,Religious and other community services,2,GF08,PC_GDP,0,,2026-09-16T23:00:00+0200
1998,GF0805,"R&D Recreation, culture and religion",2,GF08,MIO_EUR,0,,2026-09-16T23:00:00+0200
1998,GF0805,"R&D Recreation, culture and religion",2,GF08,PC_GDP,0,,2026-09-16T23:00:00+0200
1998,GF0806,"Recreation, culture and religion n.e.c.",2,GF08,MIO_EUR,0,,2026-09-16T23:00:00+0200
1998,GF0806,"Recreation, culture and religion n.e.c.",2,GF08,PC_GDP,0,,2026-09-16T23:00:00+0200
1998,GF09,Education,1,TOTAL,MIO_EUR,74699.7,,2026-09-16T23:00:00+0200
1998,GF09,Education,1,TOTAL,PC_GDP,5.6,,2026-09-16T23:00:00+0200
1998,GF0901,Pre-primary and primary education,2,GF09,MIO_EUR,19316.1,,2026-09-16T23:00:00+0200
1998,GF0901,Pre-primary and primary education,2,GF09,PC_GDP,1.4,,2026-09-16T23:00:00+0200
1998,GF0902,Secondary education,2,GF09,MIO_EUR,34930.9,,2026-09-16T23:00:00+0200
1998,GF0902,Secondary education,2,GF09,PC_GDP,2.6,,2026-09-16T23:00:00+0200
1998,GF0903,Post-secondary non-tertiary education,2,GF09,MIO_EUR,392.2,,2026-09-16T23:00:00+0200
1998,GF0903,Post-secondary non-tertiary education,2,GF09,PC_GDP,0,,2026-09-16T23:00:00+0200
1998,GF0904,Tertiary education,2,GF09,MIO_EUR,7130,,2026-09-16T23:00:00+0200
1998,GF0904,Tertiary education,2,GF09,PC_GDP,0.5,,2026-09-16T23:00:00+0200
1998,GF0905,Education not definable by level,2,GF09,MIO_EUR,4218.1,,2026-09-16T23:00:00+0200
1998,GF0905,Education not definable by level,2,GF09,PC_GDP,0.3,,2026-09-16T23:00:00+0200
1998,GF0906,Subsidiary services to education,2,GF09,MIO_EUR,7538.9,,2026-09-16T23:00:00+0200
1998,GF0906,Subsidiary services to education,2,GF09,PC_GDP,0.6,,2026-09-16T23:00:00+0200
1998,GF0907,R&D Education,2,GF09,MIO_EUR,3,,2026-09-16T23:00:00+0200
1998,GF0907,R&D Education,2,GF09,PC_GDP,0,,2026-09-16T23:00:00+0200
1998,GF0908,Education n.e.c.,2,GF09,MIO_EUR,1170.5,,2026-09-16T23:00:00+0200
1998,GF0908,Education n.e.c.,2,GF09,PC_GDP,0.1,,2026-09-16T23:00:00+0200
1998,GF10,Social protection,1,TOTAL,MIO_EUR,287584.6,,2026-09-16T23:00:00+0200
1998,GF10,Social protection,1,TOTAL,PC_GDP,21.5,,2026-09-16T23:00:00+0200
1998,GF1001,Sickness and disability,2,GF10,MIO_EUR,35262,,2026-09-16T23:00:00+0200
1998,GF1001,Sickness and disability,2,GF10,PC_GDP,2.6,,2026-09-16T23:00:00+0200
1998,GF1002,Old age,2,GF10,MIO_EUR,145558.3,,2026-09-16T23:00:00+0200
1998,GF1002,Old age,2,GF10,PC_GDP,10.9,,2026-09-16T23:00:00+0200
1998,GF1003,Survivors,2,GF10,MIO_EUR,21420.4,,2026-09-16T23:00:00+0200
1998,GF1003,Survivors,2,GF10,PC_GDP,1.6,,2026-09-16T23:00:00+0200
1998,GF1004,Family and children,2,GF10,MIO_EUR,34406,,2026-09-16T23:00:00+0200
1998,GF1004,Family and children,2,GF10,PC_GDP,2.6,,2026-09-16T23:00:00+0200
1998,GF1005,Unemployment,2,GF10,MIO_EUR,24256.6,,2026-09-16T23:00:00+0200
1998,GF1005,Unemployment,2,GF10,PC_GDP,1.8,,2026-09-16T23:00:00+0200
1998,GF1006,Housing,2,GF10,MIO_EUR,11133,,2026-09-16T23:00:00+0200
1998,GF1006,Housing,2,GF10,PC_GDP,0.8,,2026-09-16T23:00:00+0200
1998,GF1007,Social exclusion n.e.c.,2,GF10,MIO_EUR,13400,,2026-09-16T23:00:00+0200
1998,GF1007,Social exclusion n.e.c.,2,GF10,PC_GDP,1,,2026-09-16T23:00:00+0200
1998,GF1008,R&D Social protection,2,GF10,MIO_EUR,0,,2026-09-16T23:00:00+0200
1998,GF1008,R&D Social protection,2,GF10,PC_GDP,0,,2026-09-16T23:00:00+0200
1998,GF1009,Social protection n.e.c.,2,GF10,MIO_EUR,2148.6,,2026-09-16T23:00:00+0200
1998,GF1009,Social protection n.e.c.,2,GF10,PC_GDP,0.2,,2026-09-16T23:00:00+0200
1998,TOTAL,Total,0,,MIO_EUR,722109.7,,2026-09-16T23:00:00+0200
1998,TOTAL,Total,0,,PC_GDP,54,,2026-09-16T23:00:00+0200
1999,GF01,General public services,1,TOTAL,MIO_EUR,114696.6,,2026-09-16T23:00:00+0200
1999,GF01,General public services,1,TOTAL,PC_GDP,8.2,,2026-09-16T23:00:00+0200
1999,GF0101,"Executive and legislative organs, financial and fiscal affairs, external affairs",2,GF01,MIO_EUR,25672.8,,2026-09-16T23:00:00+0200
1999,GF0101,"Executive and legislative organs, financial and fiscal affairs, external affairs",2,GF01,PC_GDP,1.8,,2026-09-16T23:00:00+0200
1999,GF0102,Foreign economic aid,2,GF01,MIO_EUR,1717,,2026-09-16T23:00:00+0200
1999,GF0102,Foreign economic aid,2,GF01,PC_GDP,0.1,,2026-09-16T23:00:00+0200
1999,GF0103,General services,2,GF01,MIO_EUR,30741.9,,2026-09-16T23:00:00+0200
1999,GF0103,General services,2,GF01,PC_GDP,2.2,,2026-09-16T23:00:00+0200
1999,GF0104,Basic research,2,GF01,MIO_EUR,10488.8,,2026-09-16T23:00:00+0200
1999,GF0104,Basic research,2,GF01,PC_GDP,0.8,,2026-09-16T23:00:00+0200
1999,GF0105,R&D General public services,2,GF01,MIO_EUR,1,,2026-09-16T23:00:00+0200
1999,GF0105,R&D General public services,2,GF01,PC_GDP,0,,2026-09-16T23:00:00+0200
1999,GF0106,General public services n.e.c.,2,GF01,MIO_EUR,659.7,,2026-09-16T23:00:00+0200
1999,GF0106,General public services n.e.c.,2,GF01,PC_GDP,0,,2026-09-16T23:00:00+0200
1999,GF0107,Public debt transactions,2,GF01,MIO_EUR,45415.3,,2026-09-16T23:00:00+0200
1999,GF0107,Public debt transactions,2,GF01,PC_GDP,3.3,,2026-09-16T23:00:00+0200
1999,GF0108,Transfers of a general character between different levels of government,2,GF01,MIO_EUR,0,,2026-09-16T23:00:00+0200
1999,GF0108,Transfers of a general character between different levels of government,2,GF01,PC_GDP,0,,2026-09-16T23:00:00+0200
1999,GF02,Defence,1,TOTAL,MIO_EUR,27641.3,,2026-09-16T23:00:00+0200
1999,GF02,Defence,1,TOTAL,PC_GDP,2,,2026-09-16T23:00:00+0200
1999,GF0201,Military defence,2,GF02,MIO_EUR,23707,,2026-09-16T23:00:00+0200
1999,GF0201,Military defence,2,GF02,PC_GDP,1.7,,2026-09-16T23:00:00+0200
1999,GF0202,Civil defence,2,GF02,MIO_EUR,319.3,,2026-09-16T23:00:00+0200
1999,GF0202,Civil defence,2,GF02,PC_GDP,0,,2026-09-16T23:00:00+0200
1999,GF0203,Foreign military aid,2,GF02,MIO_EUR,838.6,,2026-09-16T23:00:00+0200
1999,GF0203,Foreign military aid,2,GF02,PC_GDP,0.1,,2026-09-16T23:00:00+0200
1999,GF0204,R&D Defence,2,GF02,MIO_EUR,1796.1,,2026-09-16T23:00:00+0200
1999,GF0204,R&D Defence,2,GF02,PC_GDP,0.1,,2026-09-16T23:00:00+0200
1999,GF0205,Defence n.e.c.,2,GF02,MIO_EUR,980.3,,2026-09-16T23:00:00+0200
1999,GF0205,Defence n.e.c.,2,GF02,PC_GDP,0.1,,2026-09-16T23:00:00+0200
1999,GF03,Public order and safety,1,TOTAL,MIO_EUR,19514.2,,2026-09-16T23:00:00+0200
1999,GF03,Public order and safety,1,TOTAL,PC_GDP,1.4,,2026-09-16T23:00:00+0200
1999,GF0301,Police services,2,GF03,MIO_EUR,12294.3,,2026-09-16T23:00:00+0200
1999,GF0301,Police services,2,GF03,PC_GDP,0.9,,2026-09-16T23:00:00+0200
1999,GF0302,Fire-protection services,2,GF03,MIO_EUR,1916.7,,2026-09-16T23:00:00+0200
1999,GF0302,Fire-protection services,2,GF03,PC_GDP,0.1,,2026-09-16T23:00:00+0200
1999,GF0303,Law courts,2,GF03,MIO_EUR,3199.3,,2026-09-16T23:00:00+0200
1999,GF0303,Law courts,2,GF03,PC_GDP,0.2,,2026-09-16T23:00:00+0200
1999,GF0304,Prisons,2,GF03,MIO_EUR,1686,,2026-09-16T23:00:00+0200
1999,GF0304,Prisons,2,GF03,PC_GDP,0.1,,2026-09-16T23:00:00+0200
1999,GF0305,R&D Public order and safety,2,GF03,MIO_EUR,9.1,,2026-09-16T23:00:00+0200
1999,GF0305,R&D Public order and safety,2,GF03,PC_GDP,0,,2026-09-16T23:00:00+0200
1999,GF0306,Public order and safety n.e.c.,2,GF03,MIO_EUR,408.7,,2026-09-16T23:00:00+0200
1999,GF0306,Public order and safety n.e.c.,2,GF03,PC_GDP,0,,2026-09-16T23:00:00+0200
1999,GF04,Economic affairs,1,TOTAL,MIO_EUR,73260.7,,2026-09-16T23:00:00+0200
1999,GF04,Economic affairs,1,TOTAL,PC_GDP,5.3,,2026-09-16T23:00:00+0200
1999,GF0401,"General economic, commercial and labour affairs",2,GF04,MIO_EUR,15146.3,,2026-09-16T23:00:00+0200
1999,GF0401,"General economic, commercial and labour affairs",2,GF04,PC_GDP,1.1,,2026-09-16T23:00:00+0200
1999,GF0402,"Agriculture, forestry, fishing and hunting",2,GF04,MIO_EUR,6264,,2026-09-16T23:00:00+0200
1999,GF0402,"Agriculture, forestry, fishing and hunting",2,GF04,PC_GDP,0.4,,2026-09-16T23:00:00+0200
1999,GF0403,Fuel and energy,2,GF04,MIO_EUR,3915.5,,2026-09-16T23:00:00+0200
1999,GF0403,Fuel and energy,2,GF04,PC_GDP,0.3,,2026-09-16T23:00:00+0200
1999,GF0404,"Mining, manufacturing and construction",2,GF04,MIO_EUR,540.6,,2026-09-16T23:00:00+0200
1999,GF0404,"Mining, manufacturing and construction",2,GF04,PC_GDP,0,,2026-09-16T23:00:00+0200
1999,GF0405,Transport,2,GF04,MIO_EUR,30943.3,,2026-09-16T23:00:00+0200
1999,GF0405,Transport,2,GF04,PC_GDP,2.2,,2026-09-16T23:00:00+0200
1999,GF0406,Communication,2,GF04,MIO_EUR,342.2,,2026-09-16T23:00:00+0200
1999,GF0406,Communication,2,GF04,PC_GDP,0,,2026-09-16T23:00:00+0200
1999,GF0407,Other industries,2,GF04,MIO_EUR,4364.2,,2026-09-16T23:00:00+0200
1999,GF0407,Other industries,2,GF04,PC_GDP,0.3,,2026-09-16T23:00:00+0200
1999,GF0408,R&D Economic affairs,2,GF04,MIO_EUR,10645.6,,2026-09-16T23:00:00+0200
1999,GF0408,R&D Economic affairs,2,GF04,PC_GDP,0.8,,2026-09-16T23:00:00+0200
1999,GF0409,Economic affairs n.e.c.,2,GF04,MIO_EUR,1099.1,,2026-09-16T23:00:00+0200
1999,GF0409,Economic affairs n.e.c.,2,GF04,PC_GDP,0.1,,2026-09-16T23:00:00+0200
1999,GF05,Environmental protection,1,TOTAL,MIO_EUR,8464.4,,2026-09-16T23:00:00+0200
1999,GF05,Environmental protection,1,TOTAL,PC_GDP,0.6,,2026-09-16T23:00:00+0200
1999,GF0501,Waste management,2,GF05,MIO_EUR,3996.6,,2026-09-16T23:00:00+0200
1999,GF0501,Waste management,2,GF05,PC_GDP,0.3,,2026-09-16T23:00:00+0200
1999,GF0502,Waste water management,2,GF05,MIO_EUR,1999.3,,2026-09-16T23:00:00+0200
1999,GF0502,Waste water management,2,GF05,PC_GDP,0.1,,2026-09-16T23:00:00+0200
1999,GF0503,Pollution abatement,2,GF05,MIO_EUR,393.4,,2026-09-16T23:00:00+0200
1999,GF0503,Pollution abatement,2,GF05,PC_GDP,0,,2026-09-16T23:00:00+0200
1999,GF0504,Protection of biodiversity and landscape,2,GF05,MIO_EUR,559.7,,2026-09-16T23:00:00+0200
1999,GF0504,Protection of biodiversity and landscape,2,GF05,PC_GDP,0,,2026-09-16T23:00:00+0200
1999,GF0505,R&D Environmental protection,2,GF05,MIO_EUR,95.6,,2026-09-16T23:00:00+0200
1999,GF0505,R&D Environmental protection,2,GF05,PC_GDP,0,,2026-09-16T23:00:00+0200
1999,GF0506,Environmental protection n.e.c.,2,GF05,MIO_EUR,1419.8,,2026-09-16T23:00:00+0200
1999,GF0506,Environmental protection n.e.c.,2,GF05,PC_GDP,0.1,,2026-09-16T23:00:00+0200
1999,GF06,Housing and community amenities,1,TOTAL,MIO_EUR,14432.5,,2026-09-16T23:00:00+0200
1999,GF06,Housing and community amenities,1,TOTAL,PC_GDP,1,,2026-09-16T23:00:00+0200
1999,GF0601,Housing development,2,GF06,MIO_EUR,3110.6,,2026-09-16T23:00:00+0200
1999,GF0601,Housing development,2,GF06,PC_GDP,0.2,,2026-09-16T23:00:00+0200
1999,GF0602,Community development,2,GF06,MIO_EUR,9018.1,,2026-09-16T23:00:00+0200
1999,GF0602,Community development,2,GF06,PC_GDP,0.6,,2026-09-16T23:00:00+0200
1999,GF0603,Water supply,2,GF06,MIO_EUR,1243.7,,2026-09-16T23:00:00+0200
1999,GF0603,Water supply,2,GF06,PC_GDP,0.1,,2026-09-16T23:00:00+0200
1999,GF0604,Street lighting,2,GF06,MIO_EUR,700.5,,2026-09-16T23:00:00+0200
1999,GF0604,Street lighting,2,GF06,PC_GDP,0.1,,2026-09-16T23:00:00+0200
1999,GF0605,R&D Housing and community amenities,2,GF06,MIO_EUR,2.5,,2026-09-16T23:00:00+0200
1999,GF0605,R&D Housing and community amenities,2,GF06,PC_GDP,0,,2026-09-16T23:00:00+0200
1999,GF0606,Housing and community amenities n.e.c.,2,GF06,MIO_EUR,357.1,,2026-09-16T23:00:00+0200
1999,GF0606,Housing and community amenities n.e.c.,2,GF06,PC_GDP,0,,2026-09-16T23:00:00+0200
1999,GF07,Health,1,TOTAL,MIO_EUR,95267.8,,2026-09-16T23:00:00+0200
1999,GF07,Health,1,TOTAL,PC_GDP,6.8,,2026-09-16T23:00:00+0200
1999,GF0701,"Medical products, appliances and equipment",2,GF07,MIO_EUR,14134.4,,2026-09-16T23:00:00+0200
1999,GF0701,"Medical products, appliances and equipment",2,GF07,PC_GDP,1,,2026-09-16T23:00:00+0200
1999,GF0702,Outpatient services,2,GF07,MIO_EUR,31550.1,,2026-09-16T23:00:00+0200
1999,GF0702,Outpatient services,2,GF07,PC_GDP,2.3,,2026-09-16T23:00:00+0200
1999,GF0703,Hospital services,2,GF07,MIO_EUR,44062.4,,2026-09-16T23:00:00+0200
1999,GF0703,Hospital services,2,GF07,PC_GDP,3.2,,2026-09-16T23:00:00+0200
1999,GF0704,Public health services,2,GF07,MIO_EUR,1586.4,,2026-09-16T23:00:00+0200
1999,GF0704,Public health services,2,GF07,PC_GDP,0.1,,2026-09-16T23:00:00+0200
1999,GF0705,R&D Health,2,GF07,MIO_EUR,3162.8,,2026-09-16T23:00:00+0200
1999,GF0705,R&D Health,2,GF07,PC_GDP,0.2,,2026-09-16T23:00:00+0200
1999,GF0706,Health n.e.c.,2,GF07,MIO_EUR,771.8,,2026-09-16T23:00:00+0200
1999,GF0706,Health n.e.c.,2,GF07,PC_GDP,0.1,,2026-09-16T23:00:00+0200
1999,GF08,"Recreation, culture and religion",1,TOTAL,MIO_EUR,15941.7,,2026-09-16T23:00:00+0200
1999,GF08,"Recreation, culture and religion",1,TOTAL,PC_GDP,1.1,,2026-09-16T23:00:00+0200
1999,GF0801,Recreational and sporting services,2,GF08,MIO_EUR,4808.9,,2026-09-16T23:00:00+0200
1999,GF0801,Recreational and sporting services,2,GF08,PC_GDP,0.3,,2026-09-16T23:00:00+0200
1999,GF0802,Cultural services,2,GF08,MIO_EUR,6626.4,,2026-09-16T23:00:00+0200
1999,GF0802,Cultural services,2,GF08,PC_GDP,0.5,,2026-09-16T23:00:00+0200
1999,GF0803,Broadcasting and publishing services,2,GF08,MIO_EUR,4385.2,,2026-09-16T23:00:00+0200
1999,GF0803,Broadcasting and publishing services,2,GF08,PC_GDP,0.3,,2026-09-16T23:00:00+0200
1999,GF0804,Religious and other community services,2,GF08,MIO_EUR,121.3,,2026-09-16T23:00:00+0200
1999,GF0804,Religious and other community services,2,GF08,PC_GDP,0,,2026-09-16T23:00:00+0200
1999,GF0805,"R&D Recreation, culture and religion",2,GF08,MIO_EUR,0,,2026-09-16T23:00:00+0200
1999,GF0805,"R&D Recreation, culture and religion",2,GF08,PC_GDP,0,,2026-09-16T23:00:00+0200
1999,GF0806,"Recreation, culture and religion n.e.c.",2,GF08,MIO_EUR,0,,2026-09-16T23:00:00+0200
1999,GF0806,"Recreation, culture and religion n.e.c.",2,GF08,PC_GDP,0,,2026-09-16T23:00:00+0200
1999,GF09,Education,1,TOTAL,MIO_EUR,78779.2,,2026-09-16T23:00:00+0200
1999,GF09,Education,1,TOTAL,PC_GDP,5.6,,2026-09-16T23:00:00+0200
1999,GF0901,Pre-primary and primary education,2,GF09,MIO_EUR,20682.3,,2026-09-16T23:00:00+0200
1999,GF0901,Pre-primary and primary education,2,GF09,PC_GDP,1.5,,2026-09-16T23:00:00+0200
1999,GF0902,Secondary education,2,GF09,MIO_EUR,37291.3,,2026-09-16T23:00:00+0200
1999,GF0902,Secondary education,2,GF09,PC_GDP,2.7,,2026-09-16T23:00:00+0200
1999,GF0903,Post-secondary non-tertiary education,2,GF09,MIO_EUR,415.4,,2026-09-16T23:00:00+0200
1999,GF0903,Post-secondary non-tertiary education,2,GF09,PC_GDP,0,,2026-09-16T23:00:00+0200
1999,GF0904,Tertiary education,2,GF09,MIO_EUR,7003,,2026-09-16T23:00:00+0200
1999,GF0904,Tertiary education,2,GF09,PC_GDP,0.5,,2026-09-16T23:00:00+0200
1999,GF0905,Education not definable by level,2,GF09,MIO_EUR,4137.7,,2026-09-16T23:00:00+0200
1999,GF0905,Education not definable by level,2,GF09,PC_GDP,0.3,,2026-09-16T23:00:00+0200
1999,GF0906,Subsidiary services to education,2,GF09,MIO_EUR,8021.1,,2026-09-16T23:00:00+0200
1999,GF0906,Subsidiary services to education,2,GF09,PC_GDP,0.6,,2026-09-16T23:00:00+0200
1999,GF0907,R&D Education,2,GF09,MIO_EUR,1.1,,2026-09-16T23:00:00+0200
1999,GF0907,R&D Education,2,GF09,PC_GDP,0,,2026-09-16T23:00:00+0200
1999,GF0908,Education n.e.c.,2,GF09,MIO_EUR,1227.4,,2026-09-16T23:00:00+0200
1999,GF0908,Education n.e.c.,2,GF09,PC_GDP,0.1,,2026-09-16T23:00:00+0200
1999,GF10,Social protection,1,TOTAL,MIO_EUR,300590.6,,2026-09-16T23:00:00+0200
1999,GF10,Social protection,1,TOTAL,PC_GDP,21.5,,2026-09-16T23:00:00+0200
1999,GF1001,Sickness and disability,2,GF10,MIO_EUR,37109.1,,2026-09-16T23:00:00+0200
1999,GF1001,Sickness and disability,2,GF10,PC_GDP,2.7,,2026-09-16T23:00:00+0200
1999,GF1002,Old age,2,GF10,MIO_EUR,151639.3,,2026-09-16T23:00:00+0200
1999,GF1002,Old age,2,GF10,PC_GDP,10.9,,2026-09-16T23:00:00+0200
1999,GF1003,Survivors,2,GF10,MIO_EUR,21829.7,,2026-09-16T23:00:00+0200
1999,GF1003,Survivors,2,GF10,PC_GDP,1.6,,2026-09-16T23:00:00+0200
1999,GF1004,Family and children,2,GF10,MIO_EUR,35595.1,,2026-09-16T23:00:00+0200
1999,GF1004,Family and children,2,GF10,PC_GDP,2.6,,2026-09-16T23:00:00+0200
1999,GF1005,Unemployment,2,GF10,MIO_EUR,25963.8,,2026-09-16T23:00:00+0200
1999,GF1005,Unemployment,2,GF10,PC_GDP,1.9,,2026-09-16T23:00:00+0200
1999,GF1006,Housing,2,GF10,MIO_EUR,11446.3,,2026-09-16T23:00:00+0200
1999,GF1006,Housing,2,GF10,PC_GDP,0.8,,2026-09-16T23:00:00+0200
1999,GF1007,Social exclusion n.e.c.,2,GF10,MIO_EUR,14716.1,,2026-09-16T23:00:00+0200
1999,GF1007,Social exclusion n.e.c.,2,GF10,PC_GDP,1.1,,2026-09-16T23:00:00+0200
1999,GF1008,R&D Social protection,2,GF10,MIO_EUR,0,,2026-09-16T23:00:00+0200
1999,GF1008,R&D Social protection,2,GF10,PC_GDP,0,,2026-09-16T23:00:00+0200
1999,GF1009,Social protection n.e.c.,2,GF10,MIO_EUR,2291.2,,2026-09-16T23:00:00+0200
1999,GF1009,Social protection n.e.c.,2,GF10,PC_GDP,0.2,,2026-09-16T23:00:00+0200
1999,TOTAL,Total,0,,MIO_EUR,748588.9,,2026-09-16T23:00:00+0200
1999,TOTAL,Total,0,,PC_GDP,53.7,,2026-09-16T23:00:00+0200
2000,GF01,General public services,1,TOTAL,MIO_EUR,118970,,2026-09-16T23:00:00+0200
2000,GF01,General public services,1,TOTAL,PC_GDP,8.1,,2026-09-16T23:00:00+0200
2000,GF0101,"Executive and legislative organs, financial and fiscal affairs, external affairs",2,GF01,MIO_EUR,26643.7,,2026-09-16T23:00:00+0200
2000,GF0101,"Executive and legislative organs, financial and fiscal affairs, external affairs",2,GF01,PC_GDP,1.8,,2026-09-16T23:00:00+0200
2000,GF0102,Foreign economic aid,2,GF01,MIO_EUR,2256.2,,2026-09-16T23:00:00+0200
2000,GF0102,Foreign economic aid,2,GF01,PC_GDP,0.2,,2026-09-16T23:00:00+0200
2000,GF0103,General services,2,GF01,MIO_EUR,32319.1,,2026-09-16T23:00:00+0200
2000,GF0103,General services,2,GF01,PC_GDP,2.2,,2026-09-16T23:00:00+0200
2000,GF0104,Basic research,2,GF01,MIO_EUR,10853.5,,2026-09-16T23:00:00+0200
2000,GF0104,Basic research,2,GF01,PC_GDP,0.7,,2026-09-16T23:00:00+0200
2000,GF0105,R&D General public services,2,GF01,MIO_EUR,1,,2026-09-16T23:00:00+0200
2000,GF0105,R&D General public services,2,GF01,PC_GDP,0,,2026-09-16T23:00:00+0200
2000,GF0106,General public services n.e.c.,2,GF01,MIO_EUR,714.6,,2026-09-16T23:00:00+0200
2000,GF0106,General public services n.e.c.,2,GF01,PC_GDP,0,,2026-09-16T23:00:00+0200
2000,GF0107,Public debt transactions,2,GF01,MIO_EUR,46181.9,,2026-09-16T23:00:00+0200
2000,GF0107,Public debt transactions,2,GF01,PC_GDP,3.1,,2026-09-16T23:00:00+0200
2000,GF0108,Transfers of a general character between different levels of government,2,GF01,MIO_EUR,0,,2026-09-16T23:00:00+0200
2000,GF0108,Transfers of a general character between different levels of government,2,GF01,PC_GDP,0,,2026-09-16T23:00:00+0200
2000,GF02,Defence,1,TOTAL,MIO_EUR,27816.5,,2026-09-16T23:00:00+0200
2000,GF02,Defence,1,TOTAL,PC_GDP,1.9,,2026-09-16T23:00:00+0200
2000,GF0201,Military defence,2,GF02,MIO_EUR,23869.6,,2026-09-16T23:00:00+0200
2000,GF0201,Military defence,2,GF02,PC_GDP,1.6,,2026-09-16T23:00:00+0200
2000,GF0202,Civil defence,2,GF02,MIO_EUR,305.6,,2026-09-16T23:00:00+0200
2000,GF0202,Civil defence,2,GF02,PC_GDP,0,,2026-09-16T23:00:00+0200
2000,GF0203,Foreign military aid,2,GF02,MIO_EUR,901.8,,2026-09-16T23:00:00+0200
2000,GF0203,Foreign military aid,2,GF02,PC_GDP,0.1,,2026-09-16T23:00:00+0200
2000,GF0204,R&D Defence,2,GF02,MIO_EUR,1808.3,,2026-09-16T23:00:00+0200
2000,GF0204,R&D Defence,2,GF02,PC_GDP,0.1,,2026-09-16T23:00:00+0200
2000,GF0205,Defence n.e.c.,2,GF02,MIO_EUR,931.2,,2026-09-16T23:00:00+0200
2000,GF0205,Defence n.e.c.,2,GF02,PC_GDP,0.1,,2026-09-16T23:00:00+0200
2000,GF03,Public order and safety,1,TOTAL,MIO_EUR,20203.1,,2026-09-16T23:00:00+0200
2000,GF03,Public order and safety,1,TOTAL,PC_GDP,1.4,,2026-09-16T23:00:00+0200
2000,GF0301,Police services,2,GF03,MIO_EUR,12609.1,,2026-09-16T23:00:00+0200
2000,GF0301,Police services,2,GF03,PC_GDP,0.9,,2026-09-16T23:00:00+0200
2000,GF0302,Fire-protection services,2,GF03,MIO_EUR,2150.2,,2026-09-16T23:00:00+0200
2000,GF0302,Fire-protection services,2,GF03,PC_GDP,0.1,,2026-09-16T23:00:00+0200
2000,GF0303,Law courts,2,GF03,MIO_EUR,3295.7,,2026-09-16T23:00:00+0200
2000,GF0303,Law courts,2,GF03,PC_GDP,0.2,,2026-09-16T23:00:00+0200
2000,GF0304,Prisons,2,GF03,MIO_EUR,1704.4,,2026-09-16T23:00:00+0200
2000,GF0304,Prisons,2,GF03,PC_GDP,0.1,,2026-09-16T23:00:00+0200
2000,GF0305,R&D Public order and safety,2,GF03,MIO_EUR,10.2,,2026-09-16T23:00:00+0200
2000,GF0305,R&D Public order and safety,2,GF03,PC_GDP,0,,2026-09-16T23:00:00+0200
2000,GF0306,Public order and safety n.e.c.,2,GF03,MIO_EUR,433.4,,2026-09-16T23:00:00+0200
2000,GF0306,Public order and safety n.e.c.,2,GF03,PC_GDP,0,,2026-09-16T23:00:00+0200
2000,GF04,Economic affairs,1,TOTAL,MIO_EUR,74550.3,,2026-09-16T23:00:00+0200
2000,GF04,Economic affairs,1,TOTAL,PC_GDP,5.1,,2026-09-16T23:00:00+0200
2000,GF0401,"General economic, commercial and labour affairs",2,GF04,MIO_EUR,12957.1,,2026-09-16T23:00:00+0200
2000,GF0401,"General economic, commercial and labour affairs",2,GF04,PC_GDP,0.9,,2026-09-16T23:00:00+0200
2000,GF0402,"Agriculture, forestry, fishing and hunting",2,GF04,MIO_EUR,6287.4,,2026-09-16T23:00:00+0200
2000,GF0402,"Agriculture, forestry, fishing and hunting",2,GF04,PC_GDP,0.4,,2026-09-16T23:00:00+0200
2000,GF0403,Fuel and energy,2,GF04,MIO_EUR,3969.5,,2026-09-16T23:00:00+0200
2000,GF0403,Fuel and energy,2,GF04,PC_GDP,0.3,,2026-09-16T23:00:00+0200
2000,GF0404,"Mining, manufacturing and construction",2,GF04,MIO_EUR,508.3,,2026-09-16T23:00:00+0200
2000,GF0404,"Mining, manufacturing and construction",2,GF04,PC_GDP,0,,2026-09-16T23:00:00+0200
2000,GF0405,Transport,2,GF04,MIO_EUR,33722.2,,2026-09-16T23:00:00+0200
2000,GF0405,Transport,2,GF04,PC_GDP,2.3,,2026-09-16T23:00:00+0200
2000,GF0406,Communication,2,GF04,MIO_EUR,276.6,,2026-09-16T23:00:00+0200
2000,GF0406,Communication,2,GF04,PC_GDP,0,,2026-09-16T23:00:00+0200
2000,GF0407,Other industries,2,GF04,MIO_EUR,4915.2,,2026-09-16T23:00:00+0200
2000,GF0407,Other industries,2,GF04,PC_GDP,0.3,,2026-09-16T23:00:00+0200
2000,GF0408,R&D Economic affairs,2,GF04,MIO_EUR,10783.2,,2026-09-16T23:00:00+0200
2000,GF0408,R&D Economic affairs,2,GF04,PC_GDP,0.7,,2026-09-16T23:00:00+0200
2000,GF0409,Economic affairs n.e.c.,2,GF04,MIO_EUR,1130.9,,2026-09-16T23:00:00+0200
2000,GF0409,Economic affairs n.e.c.,2,GF04,PC_GDP,0.1,,2026-09-16T23:00:00+0200
2000,GF05,Environmental protection,1,TOTAL,MIO_EUR,9785.3,,2026-09-16T23:00:00+0200
2000,GF05,Environmental protection,1,TOTAL,PC_GDP,0.7,,2026-09-16T23:00:00+0200
2000,GF0501,Waste management,2,GF05,MIO_EUR,4604.4,,2026-09-16T23:00:00+0200
2000,GF0501,Waste management,2,GF05,PC_GDP,0.3,,2026-09-16T23:00:00+0200
2000,GF0502,Waste water management,2,GF05,MIO_EUR,2325.1,,2026-09-16T23:00:00+0200
2000,GF0502,Waste water management,2,GF05,PC_GDP,0.2,,2026-09-16T23:00:00+0200
2000,GF0503,Pollution abatement,2,GF05,MIO_EUR,511.6,,2026-09-16T23:00:00+0200
2000,GF0503,Pollution abatement,2,GF05,PC_GDP,0,,2026-09-16T23:00:00+0200
2000,GF0504,Protection of biodiversity and landscape,2,GF05,MIO_EUR,670.9,,2026-09-16T23:00:00+0200
2000,GF0504,Protection of biodiversity and landscape,2,GF05,PC_GDP,0,,2026-09-16T23:00:00+0200
2000,GF0505,R&D Environmental protection,2,GF05,MIO_EUR,199.1,,2026-09-16T23:00:00+0200
2000,GF0505,R&D Environmental protection,2,GF05,PC_GDP,0,,2026-09-16T23:00:00+0200
2000,GF0506,Environmental protection n.e.c.,2,GF05,MIO_EUR,1474.2,,2026-09-16T23:00:00+0200
2000,GF0506,Environmental protection n.e.c.,2,GF05,PC_GDP,0.1,,2026-09-16T23:00:00+0200
2000,GF06,Housing and community amenities,1,TOTAL,MIO_EUR,16587.7,,2026-09-16T23:00:00+0200
2000,GF06,Housing and community amenities,1,TOTAL,PC_GDP,1.1,,2026-09-16T23:00:00+0200
2000,GF0601,Housing development,2,GF06,MIO_EUR,3499.2,,2026-09-16T23:00:00+0200
2000,GF0601,Housing development,2,GF06,PC_GDP,0.2,,2026-09-16T23:00:00+0200
2000,GF0602,Community development,2,GF06,MIO_EUR,10440.9,,2026-09-16T23:00:00+0200
2000,GF0602,Community development,2,GF06,PC_GDP,0.7,,2026-09-16T23:00:00+0200
2000,GF0603,Water supply,2,GF06,MIO_EUR,1486.3,,2026-09-16T23:00:00+0200
2000,GF0603,Water supply,2,GF06,PC_GDP,0.1,,2026-09-16T23:00:00+0200
2000,GF0604,Street lighting,2,GF06,MIO_EUR,829.6,,2026-09-16T23:00:00+0200
2000,GF0604,Street lighting,2,GF06,PC_GDP,0.1,,2026-09-16T23:00:00+0200
2000,GF0605,R&D Housing and community amenities,2,GF06,MIO_EUR,2.9,,2026-09-16T23:00:00+0200
2000,GF0605,R&D Housing and community amenities,2,GF06,PC_GDP,0,,2026-09-16T23:00:00+0200
2000,GF0606,Housing and community amenities n.e.c.,2,GF06,MIO_EUR,328.8,,2026-09-16T23:00:00+0200
2000,GF0606,Housing and community amenities n.e.c.,2,GF06,PC_GDP,0,,2026-09-16T23:00:00+0200
2000,GF07,Health,1,TOTAL,MIO_EUR,101711.7,,2026-09-16T23:00:00+0200
2000,GF07,Health,1,TOTAL,PC_GDP,6.9,,2026-09-16T23:00:00+0200
2000,GF0701,"Medical products, appliances and equipment",2,GF07,MIO_EUR,15734.9,,2026-09-16T23:00:00+0200
2000,GF0701,"Medical products, appliances and equipment",2,GF07,PC_GDP,1.1,,2026-09-16T23:00:00+0200
2000,GF0702,Outpatient services,2,GF07,MIO_EUR,33751.9,,2026-09-16T23:00:00+0200
2000,GF0702,Outpatient services,2,GF07,PC_GDP,2.3,,2026-09-16T23:00:00+0200
2000,GF0703,Hospital services,2,GF07,MIO_EUR,46265.9,,2026-09-16T23:00:00+0200
2000,GF0703,Hospital services,2,GF07,PC_GDP,3.1,,2026-09-16T23:00:00+0200
2000,GF0704,Public health services,2,GF07,MIO_EUR,1811.7,,2026-09-16T23:00:00+0200
2000,GF0704,Public health services,2,GF07,PC_GDP,0.1,,2026-09-16T23:00:00+0200
2000,GF0705,R&D Health,2,GF07,MIO_EUR,3322.1,,2026-09-16T23:00:00+0200
2000,GF0705,R&D Health,2,GF07,PC_GDP,0.2,,2026-09-16T23:00:00+0200
2000,GF0706,Health n.e.c.,2,GF07,MIO_EUR,825.2,,2026-09-16T23:00:00+0200
2000,GF0706,Health n.e.c.,2,GF07,PC_GDP,0.1,,2026-09-16T23:00:00+0200
2000,GF08,"Recreation, culture and religion",1,TOTAL,MIO_EUR,17467.1,,2026-09-16T23:00:00+0200
2000,GF08,"Recreation, culture and religion",1,TOTAL,PC_GDP,1.2,,2026-09-16T23:00:00+0200
2000,GF0801,Recreational and sporting services,2,GF08,MIO_EUR,5366.7,,2026-09-16T23:00:00+0200
2000,GF0801,Recreational and sporting services,2,GF08,PC_GDP,0.4,,2026-09-16T23:00:00+0200
2000,GF0802,Cultural services,2,GF08,MIO_EUR,7317.3,,2026-09-16T23:00:00+0200
2000,GF0802,Cultural services,2,GF08,PC_GDP,0.5,,2026-09-16T23:00:00+0200
2000,GF0803,Broadcasting and publishing services,2,GF08,MIO_EUR,4619.6,,2026-09-16T23:00:00+0200
2000,GF0803,Broadcasting and publishing services,2,GF08,PC_GDP,0.3,,2026-09-16T23:00:00+0200
2000,GF0804,Religious and other community services,2,GF08,MIO_EUR,163.4,,2026-09-16T23:00:00+0200
2000,GF0804,Religious and other community services,2,GF08,PC_GDP,0,,2026-09-16T23:00:00+0200
2000,GF0805,"R&D Recreation, culture and religion",2,GF08,MIO_EUR,0,,2026-09-16T23:00:00+0200
2000,GF0805,"R&D Recreation, culture and religion",2,GF08,PC_GDP,0,,2026-09-16T23:00:00+0200
2000,GF0806,"Recreation, culture and religion n.e.c.",2,GF08,MIO_EUR,0,,2026-09-16T23:00:00+0200
2000,GF0806,"Recreation, culture and religion n.e.c.",2,GF08,PC_GDP,0,,2026-09-16T23:00:00+0200
2000,GF09,Education,1,TOTAL,MIO_EUR,82002.2,,2026-09-16T23:00:00+0200
2000,GF09,Education,1,TOTAL,PC_GDP,5.6,,2026-09-16T23:00:00+0200
2000,GF0901,Pre-primary and primary education,2,GF09,MIO_EUR,21386.7,,2026-09-16T23:00:00+0200
2000,GF0901,Pre-primary and primary education,2,GF09,PC_GDP,1.5,,2026-09-16T23:00:00+0200
2000,GF0902,Secondary education,2,GF09,MIO_EUR,38559,,2026-09-16T23:00:00+0200
2000,GF0902,Secondary education,2,GF09,PC_GDP,2.6,,2026-09-16T23:00:00+0200
2000,GF0903,Post-secondary non-tertiary education,2,GF09,MIO_EUR,447.1,,2026-09-16T23:00:00+0200
2000,GF0903,Post-secondary non-tertiary education,2,GF09,PC_GDP,0,,2026-09-16T23:00:00+0200
2000,GF0904,Tertiary education,2,GF09,MIO_EUR,7540.6,,2026-09-16T23:00:00+0200
2000,GF0904,Tertiary education,2,GF09,PC_GDP,0.5,,2026-09-16T23:00:00+0200
2000,GF0905,Education not definable by level,2,GF09,MIO_EUR,4473.6,,2026-09-16T23:00:00+0200
2000,GF0905,Education not definable by level,2,GF09,PC_GDP,0.3,,2026-09-16T23:00:00+0200
2000,GF0906,Subsidiary services to education,2,GF09,MIO_EUR,8386.6,,2026-09-16T23:00:00+0200
2000,GF0906,Subsidiary services to education,2,GF09,PC_GDP,0.6,,2026-09-16T23:00:00+0200
2000,GF0907,R&D Education,2,GF09,MIO_EUR,2.1,,2026-09-16T23:00:00+0200
2000,GF0907,R&D Education,2,GF09,PC_GDP,0,,2026-09-16T23:00:00+0200
2000,GF0908,Education n.e.c.,2,GF09,MIO_EUR,1206.5,,2026-09-16T23:00:00+0200
2000,GF0908,Education n.e.c.,2,GF09,PC_GDP,0.1,,2026-09-16T23:00:00+0200
2000,GF10,Social protection,1,TOTAL,MIO_EUR,306254.9,,2026-09-16T23:00:00+0200
2000,GF10,Social protection,1,TOTAL,PC_GDP,20.8,,2026-09-16T23:00:00+0200
2000,GF1001,Sickness and disability,2,GF10,MIO_EUR,34757.3,,2026-09-16T23:00:00+0200
2000,GF1001,Sickness and disability,2,GF10,PC_GDP,2.4,,2026-09-16T23:00:00+0200
2000,GF1002,Old age,2,GF10,MIO_EUR,155859.6,,2026-09-16T23:00:00+0200
2000,GF1002,Old age,2,GF10,PC_GDP,10.6,,2026-09-16T23:00:00+0200
2000,GF1003,Survivors,2,GF10,MIO_EUR,22147.1,,2026-09-16T23:00:00+0200
2000,GF1003,Survivors,2,GF10,PC_GDP,1.5,,2026-09-16T23:00:00+0200
2000,GF1004,Family and children,2,GF10,MIO_EUR,37183.5,,2026-09-16T23:00:00+0200
2000,GF1004,Family and children,2,GF10,PC_GDP,2.5,,2026-09-16T23:00:00+0200
2000,GF1005,Unemployment,2,GF10,MIO_EUR,26130.6,,2026-09-16T23:00:00+0200
2000,GF1005,Unemployment,2,GF10,PC_GDP,1.8,,2026-09-16T23:00:00+0200
2000,GF1006,Housing,2,GF10,MIO_EUR,12540.1,,2026-09-16T23:00:00+0200
2000,GF1006,Housing,2,GF10,PC_GDP,0.9,,2026-09-16T23:00:00+0200
2000,GF1007,Social exclusion n.e.c.,2,GF10,MIO_EUR,15046.9,,2026-09-16T23:00:00+0200
2000,GF1007,Social exclusion n.e.c.,2,GF10,PC_GDP,1,,2026-09-16T23:00:00+0200
2000,GF1008,R&D Social protection,2,GF10,MIO_EUR,0,,2026-09-16T23:00:00+0200
2000,GF1008,R&D Social protection,2,GF10,PC_GDP,0,,2026-09-16T23:00:00+0200
2000,GF1009,Social protection n.e.c.,2,GF10,MIO_EUR,2589.8,,2026-09-16T23:00:00+0200
2000,GF1009,Social protection n.e.c.,2,GF10,PC_GDP,0.2,,2026-09-16T23:00:00+0200
2000,TOTAL,Total,0,,MIO_EUR,775348.8,,2026-09-16T23:00:00+0200
2000,TOTAL,Total,0,,PC_GDP,52.6,,2026-09-16T23:00:00+0200
2001,GF01,General public services,1,TOTAL,MIO_EUR,121479.8,,2026-09-16T23:00:00+0200
2001,GF01,General public services,1,TOTAL,PC_GDP,7.9,,2026-09-16T23:00:00+0200
2001,GF0101,"Executive and legislative organs, financial and fiscal affairs, external affairs",2,GF01,MIO_EUR,26969.4,,2026-09-16T23:00:00+0200
2001,GF0101,"Executive and legislative organs, financial and fiscal affairs, external affairs",2,GF01,PC_GDP,1.8,,2026-09-16T23:00:00+0200
2001,GF0102,Foreign economic aid,2,GF01,MIO_EUR,2484.9,,2026-09-16T23:00:00+0200
2001,GF0102,Foreign economic aid,2,GF01,PC_GDP,0.2,,2026-09-16T23:00:00+0200
2001,GF0103,General services,2,GF01,MIO_EUR,31395.6,,2026-09-16T23:00:00+0200
2001,GF0103,General services,2,GF01,PC_GDP,2.1,,2026-09-16T23:00:00+0200
2001,GF0104,Basic research,2,GF01,MIO_EUR,10800.5,,2026-09-16T23:00:00+0200
2001,GF0104,Basic research,2,GF01,PC_GDP,0.7,,2026-09-16T23:00:00+0200
2001,GF0105,R&D General public services,2,GF01,MIO_EUR,1,,2026-09-16T23:00:00+0200
2001,GF0105,R&D General public services,2,GF01,PC_GDP,0,,2026-09-16T23:00:00+0200
2001,GF0106,General public services n.e.c.,2,GF01,MIO_EUR,700.5,,2026-09-16T23:00:00+0200
2001,GF0106,General public services n.e.c.,2,GF01,PC_GDP,0,,2026-09-16T23:00:00+0200
2001,GF0107,Public debt transactions,2,GF01,MIO_EUR,49127.9,,2026-09-16T23:00:00+0200
2001,GF0107,Public debt transactions,2,GF01,PC_GDP,3.2,,2026-09-16T23:00:00+0200
2001,GF0108,Transfers of a general character between different levels of government,2,GF01,MIO_EUR,0,,2026-09-16T23:00:00+0200
2001,GF0108,Transfers of a general character between different levels of government,2,GF01,PC_GDP,0,,2026-09-16T23:00:00+0200
2001,GF02,Defence,1,TOTAL,MIO_EUR,30657.1,,2026-09-16T23:00:00+0200
2001,GF02,Defence,1,TOTAL,PC_GDP,2,,2026-09-16T23:00:00+0200
2001,GF0201,Military defence,2,GF02,MIO_EUR,26315.5,,2026-09-16T23:00:00+0200
2001,GF0201,Military defence,2,GF02,PC_GDP,1.7,,2026-09-16T23:00:00+0200
2001,GF0202,Civil defence,2,GF02,MIO_EUR,350.5,,2026-09-16T23:00:00+0200
2001,GF0202,Civil defence,2,GF02,PC_GDP,0,,2026-09-16T23:00:00+0200
2001,GF0203,Foreign military aid,2,GF02,MIO_EUR,940.3,,2026-09-16T23:00:00+0200
2001,GF0203,Foreign military aid,2,GF02,PC_GDP,0.1,,2026-09-16T23:00:00+0200
2001,GF0204,R&D Defence,2,GF02,MIO_EUR,1948.9,,2026-09-16T23:00:00+0200
2001,GF0204,R&D Defence,2,GF02,PC_GDP,0.1,,2026-09-16T23:00:00+0200
2001,GF0205,Defence n.e.c.,2,GF02,MIO_EUR,1101.8,,2026-09-16T23:00:00+0200
2001,GF0205,Defence n.e.c.,2,GF02,PC_GDP,0.1,,2026-09-16T23:00:00+0200
2001,GF03,Public order and safety,1,TOTAL,MIO_EUR,22545.2,,2026-09-16T23:00:00+0200
2001,GF03,Public order and safety,1,TOTAL,PC_GDP,1.5,,2026-09-16T23:00:00+0200
2001,GF0301,Police services,2,GF03,MIO_EUR,13637.8,,2026-09-16T23:00:00+0200
2001,GF0301,Police services,2,GF03,PC_GDP,0.9,,2026-09-16T23:00:00+0200
2001,GF0302,Fire-protection services,2,GF03,MIO_EUR,2953.9,,2026-09-16T23:00:00+0200
2001,GF0302,Fire-protection services,2,GF03,PC_GDP,0.2,,2026-09-16T23:00:00+0200
2001,GF0303,Law courts,2,GF03,MIO_EUR,3583,,2026-09-16T23:00:00+0200
2001,GF0303,Law courts,2,GF03,PC_GDP,0.2,,2026-09-16T23:00:00+0200
2001,GF0304,Prisons,2,GF03,MIO_EUR,1876.4,,2026-09-16T23:00:00+0200
2001,GF0304,Prisons,2,GF03,PC_GDP,0.1,,2026-09-16T23:00:00+0200
2001,GF0305,R&D Public order and safety,2,GF03,MIO_EUR,10.4,,2026-09-16T23:00:00+0200
2001,GF0305,R&D Public order and safety,2,GF03,PC_GDP,0,,2026-09-16T23:00:00+0200
2001,GF0306,Public order and safety n.e.c.,2,GF03,MIO_EUR,483.8,,2026-09-16T23:00:00+0200
2001,GF0306,Public order and safety n.e.c.,2,GF03,PC_GDP,0,,2026-09-16T23:00:00+0200
2001,GF04,Economic affairs,1,TOTAL,MIO_EUR,72408,,2026-09-16T23:00:00+0200
2001,GF04,Economic affairs,1,TOTAL,PC_GDP,4.7,,2026-09-16T23:00:00+0200
2001,GF0401,"General economic, commercial and labour affairs",2,GF04,MIO_EUR,14109.4,,2026-09-16T23:00:00+0200
2001,GF0401,"General economic, commercial and labour affairs",2,GF04,PC_GDP,0.9,,2026-09-16T23:00:00+0200
2001,GF0402,"Agriculture, forestry, fishing and hunting",2,GF04,MIO_EUR,5590,,2026-09-16T23:00:00+0200
2001,GF0402,"Agriculture, forestry, fishing and hunting",2,GF04,PC_GDP,0.4,,2026-09-16T23:00:00+0200
2001,GF0403,Fuel and energy,2,GF04,MIO_EUR,4227.5,,2026-09-16T23:00:00+0200
2001,GF0403,Fuel and energy,2,GF04,PC_GDP,0.3,,2026-09-16T23:00:00+0200
2001,GF0404,"Mining, manufacturing and construction",2,GF04,MIO_EUR,532.2,,2026-09-16T23:00:00+0200
2001,GF0404,"Mining, manufacturing and construction",2,GF04,PC_GDP,0,,2026-09-16T23:00:00+0200
2001,GF0405,Transport,2,GF04,MIO_EUR,30136.5,,2026-09-16T23:00:00+0200
2001,GF0405,Transport,2,GF04,PC_GDP,2,,2026-09-16T23:00:00+0200
2001,GF0406,Communication,2,GF04,MIO_EUR,282,,2026-09-16T23:00:00+0200
2001,GF0406,Communication,2,GF04,PC_GDP,0,,2026-09-16T23:00:00+0200
2001,GF0407,Other industries,2,GF04,MIO_EUR,4411.3,,2026-09-16T23:00:00+0200
2001,GF0407,Other industries,2,GF04,PC_GDP,0.3,,2026-09-16T23:00:00+0200
2001,GF0408,R&D Economic affairs,2,GF04,MIO_EUR,11968.6,,2026-09-16T23:00:00+0200
2001,GF0408,R&D Economic affairs,2,GF04,PC_GDP,0.8,,2026-09-16T23:00:00+0200
2001,GF0409,Economic affairs n.e.c.,2,GF04,MIO_EUR,1150.5,,2026-09-16T23:00:00+0200
2001,GF0409,Economic affairs n.e.c.,2,GF04,PC_GDP,0.1,,2026-09-16T23:00:00+0200
2001,GF05,Environmental protection,1,TOTAL,MIO_EUR,10855.8,,2026-09-16T23:00:00+0200
2001,GF05,Environmental protection,1,TOTAL,PC_GDP,0.7,,2026-09-16T23:00:00+0200
2001,GF0501,Waste management,2,GF05,MIO_EUR,4695.9,,2026-09-16T23:00:00+0200
2001,GF0501,Waste management,2,GF05,PC_GDP,0.3,,2026-09-16T23:00:00+0200
2001,GF0502,Waste water management,2,GF05,MIO_EUR,2510.4,,2026-09-16T23:00:00+0200
2001,GF0502,Waste water management,2,GF05,PC_GDP,0.2,,2026-09-16T23:00:00+0200
2001,GF0503,Pollution abatement,2,GF05,MIO_EUR,771.1,,2026-09-16T23:00:00+0200
2001,GF0503,Pollution abatement,2,GF05,PC_GDP,0.1,,2026-09-16T23:00:00+0200
2001,GF0504,Protection of biodiversity and landscape,2,GF05,MIO_EUR,755.3,,2026-09-16T23:00:00+0200
2001,GF0504,Protection of biodiversity and landscape,2,GF05,PC_GDP,0,,2026-09-16T23:00:00+0200
2001,GF0505,R&D Environmental protection,2,GF05,MIO_EUR,264.8,,2026-09-16T23:00:00+0200
2001,GF0505,R&D Environmental protection,2,GF05,PC_GDP,0,,2026-09-16T23:00:00+0200
2001,GF0506,Environmental protection n.e.c.,2,GF05,MIO_EUR,1858.2,,2026-09-16T23:00:00+0200
2001,GF0506,Environmental protection n.e.c.,2,GF05,PC_GDP,0.1,,2026-09-16T23:00:00+0200
2001,GF06,Housing and community amenities,1,TOTAL,MIO_EUR,17057.9,,2026-09-16T23:00:00+0200
2001,GF06,Housing and community amenities,1,TOTAL,PC_GDP,1.1,,2026-09-16T23:00:00+0200
2001,GF0601,Housing development,2,GF06,MIO_EUR,3799.3,,2026-09-16T23:00:00+0200
2001,GF0601,Housing development,2,GF06,PC_GDP,0.2,,2026-09-16T23:00:00+0200
2001,GF0602,Community development,2,GF06,MIO_EUR,10380,,2026-09-16T23:00:00+0200
2001,GF0602,Community development,2,GF06,PC_GDP,0.7,,2026-09-16T23:00:00+0200
2001,GF0603,Water supply,2,GF06,MIO_EUR,1684.6,,2026-09-16T23:00:00+0200
2001,GF0603,Water supply,2,GF06,PC_GDP,0.1,,2026-09-16T23:00:00+0200
2001,GF0604,Street lighting,2,GF06,MIO_EUR,895.8,,2026-09-16T23:00:00+0200
2001,GF0604,Street lighting,2,GF06,PC_GDP,0.1,,2026-09-16T23:00:00+0200
2001,GF0605,R&D Housing and community amenities,2,GF06,MIO_EUR,2.7,,2026-09-16T23:00:00+0200
2001,GF0605,R&D Housing and community amenities,2,GF06,PC_GDP,0,,2026-09-16T23:00:00+0200
2001,GF0606,Housing and community amenities n.e.c.,2,GF06,MIO_EUR,295.4,,2026-09-16T23:00:00+0200
2001,GF0606,Housing and community amenities n.e.c.,2,GF06,PC_GDP,0,,2026-09-16T23:00:00+0200
2001,GF07,Health,1,TOTAL,MIO_EUR,107104.7,,2026-09-16T23:00:00+0200
2001,GF07,Health,1,TOTAL,PC_GDP,7,,2026-09-16T23:00:00+0200
2001,GF0701,"Medical products, appliances and equipment",2,GF07,MIO_EUR,17544.6,,2026-09-16T23:00:00+0200
2001,GF0701,"Medical products, appliances and equipment",2,GF07,PC_GDP,1.1,,2026-09-16T23:00:00+0200
2001,GF0702,Outpatient services,2,GF07,MIO_EUR,35472.1,,2026-09-16T23:00:00+0200
2001,GF0702,Outpatient services,2,GF07,PC_GDP,2.3,,2026-09-16T23:00:00+0200
2001,GF0703,Hospital services,2,GF07,MIO_EUR,48033.7,,2026-09-16T23:00:00+0200
2001,GF0703,Hospital services,2,GF07,PC_GDP,3.1,,2026-09-16T23:00:00+0200
2001,GF0704,Public health services,2,GF07,MIO_EUR,1699.9,,2026-09-16T23:00:00+0200
2001,GF0704,Public health services,2,GF07,PC_GDP,0.1,,2026-09-16T23:00:00+0200
2001,GF0705,R&D Health,2,GF07,MIO_EUR,3482.3,,2026-09-16T23:00:00+0200
2001,GF0705,R&D Health,2,GF07,PC_GDP,0.2,,2026-09-16T23:00:00+0200
2001,GF0706,Health n.e.c.,2,GF07,MIO_EUR,872.1,,2026-09-16T23:00:00+0200
2001,GF0706,Health n.e.c.,2,GF07,PC_GDP,0.1,,2026-09-16T23:00:00+0200
2001,GF08,"Recreation, culture and religion",1,TOTAL,MIO_EUR,19872.5,,2026-09-16T23:00:00+0200
2001,GF08,"Recreation, culture and religion",1,TOTAL,PC_GDP,1.3,,2026-09-16T23:00:00+0200
2001,GF0801,Recreational and sporting services,2,GF08,MIO_EUR,6202.9,,2026-09-16T23:00:00+0200
2001,GF0801,Recreational and sporting services,2,GF08,PC_GDP,0.4,,2026-09-16T23:00:00+0200
2001,GF0802,Cultural services,2,GF08,MIO_EUR,8620.9,,2026-09-16T23:00:00+0200
2001,GF0802,Cultural services,2,GF08,PC_GDP,0.6,,2026-09-16T23:00:00+0200
2001,GF0803,Broadcasting and publishing services,2,GF08,MIO_EUR,4850.8,,2026-09-16T23:00:00+0200
2001,GF0803,Broadcasting and publishing services,2,GF08,PC_GDP,0.3,,2026-09-16T23:00:00+0200
2001,GF0804,Religious and other community services,2,GF08,MIO_EUR,197.9,,2026-09-16T23:00:00+0200
2001,GF0804,Religious and other community services,2,GF08,PC_GDP,0,,2026-09-16T23:00:00+0200
2001,GF0805,"R&D Recreation, culture and religion",2,GF08,MIO_EUR,0,,2026-09-16T23:00:00+0200
2001,GF0805,"R&D Recreation, culture and religion",2,GF08,PC_GDP,0,,2026-09-16T23:00:00+0200
2001,GF0806,"Recreation, culture and religion n.e.c.",2,GF08,MIO_EUR,0,,2026-09-16T23:00:00+0200
2001,GF0806,"Recreation, culture and religion n.e.c.",2,GF08,PC_GDP,0,,2026-09-16T23:00:00+0200
2001,GF09,Education,1,TOTAL,MIO_EUR,85541.9,,2026-09-16T23:00:00+0200
2001,GF09,Education,1,TOTAL,PC_GDP,5.6,,2026-09-16T23:00:00+0200
2001,GF0901,Pre-primary and primary education,2,GF09,MIO_EUR,22191.8,,2026-09-16T23:00:00+0200
2001,GF0901,Pre-primary and primary education,2,GF09,PC_GDP,1.5,,2026-09-16T23:00:00+0200
2001,GF0902,Secondary education,2,GF09,MIO_EUR,39881.5,,2026-09-16T23:00:00+0200
2001,GF0902,Secondary education,2,GF09,PC_GDP,2.6,,2026-09-16T23:00:00+0200
2001,GF0903,Post-secondary non-tertiary education,2,GF09,MIO_EUR,456.5,,2026-09-16T23:00:00+0200
2001,GF0903,Post-secondary non-tertiary education,2,GF09,PC_GDP,0,,2026-09-16T23:00:00+0200
2001,GF0904,Tertiary education,2,GF09,MIO_EUR,7794.5,,2026-09-16T23:00:00+0200
2001,GF0904,Tertiary education,2,GF09,PC_GDP,0.5,,2026-09-16T23:00:00+0200
2001,GF0905,Education not definable by level,2,GF09,MIO_EUR,5234.5,,2026-09-16T23:00:00+0200
2001,GF0905,Education not definable by level,2,GF09,PC_GDP,0.3,,2026-09-16T23:00:00+0200
2001,GF0906,Subsidiary services to education,2,GF09,MIO_EUR,8748.9,,2026-09-16T23:00:00+0200
2001,GF0906,Subsidiary services to education,2,GF09,PC_GDP,0.6,,2026-09-16T23:00:00+0200
2001,GF0907,R&D Education,2,GF09,MIO_EUR,2.1,,2026-09-16T23:00:00+0200
2001,GF0907,R&D Education,2,GF09,PC_GDP,0,,2026-09-16T23:00:00+0200
2001,GF0908,Education n.e.c.,2,GF09,MIO_EUR,1232.1,,2026-09-16T23:00:00+0200
2001,GF0908,Education n.e.c.,2,GF09,PC_GDP,0.1,,2026-09-16T23:00:00+0200
2001,GF10,Social protection,1,TOTAL,MIO_EUR,320702.9,,2026-09-16T23:00:00+0200
2001,GF10,Social protection,1,TOTAL,PC_GDP,21,,2026-09-16T23:00:00+0200
2001,GF1001,Sickness and disability,2,GF10,MIO_EUR,36758.5,,2026-09-16T23:00:00+0200
2001,GF1001,Sickness and disability,2,GF10,PC_GDP,2.4,,2026-09-16T23:00:00+0200
2001,GF1002,Old age,2,GF10,MIO_EUR,162358.6,,2026-09-16T23:00:00+0200
2001,GF1002,Old age,2,GF10,PC_GDP,10.6,,2026-09-16T23:00:00+0200
2001,GF1003,Survivors,2,GF10,MIO_EUR,22673.9,,2026-09-16T23:00:00+0200
2001,GF1003,Survivors,2,GF10,PC_GDP,1.5,,2026-09-16T23:00:00+0200
2001,GF1004,Family and children,2,GF10,MIO_EUR,38733.5,,2026-09-16T23:00:00+0200
2001,GF1004,Family and children,2,GF10,PC_GDP,2.5,,2026-09-16T23:00:00+0200
2001,GF1005,Unemployment,2,GF10,MIO_EUR,27005.9,,2026-09-16T23:00:00+0200
2001,GF1005,Unemployment,2,GF10,PC_GDP,1.8,,2026-09-16T23:00:00+0200
2001,GF1006,Housing,2,GF10,MIO_EUR,13067.5,,2026-09-16T23:00:00+0200
2001,GF1006,Housing,2,GF10,PC_GDP,0.9,,2026-09-16T23:00:00+0200
2001,GF1007,Social exclusion n.e.c.,2,GF10,MIO_EUR,17449.3,,2026-09-16T23:00:00+0200
2001,GF1007,Social exclusion n.e.c.,2,GF10,PC_GDP,1.1,,2026-09-16T23:00:00+0200
2001,GF1008,R&D Social protection,2,GF10,MIO_EUR,0,,2026-09-16T23:00:00+0200
2001,GF1008,R&D Social protection,2,GF10,PC_GDP,0,,2026-09-16T23:00:00+0200
2001,GF1009,Social protection n.e.c.,2,GF10,MIO_EUR,2655.7,,2026-09-16T23:00:00+0200
2001,GF1009,Social protection n.e.c.,2,GF10,PC_GDP,0.2,,2026-09-16T23:00:00+0200
2001,TOTAL,Total,0,,MIO_EUR,808225.6,,2026-09-16T23:00:00+0200
2001,TOTAL,Total,0,,PC_GDP,52.8,,2026-09-16T23:00:00+0200
2002,GF01,General public services,1,TOTAL,MIO_EUR,123533.8,,2026-09-16T23:00:00+0200
2002,GF01,General public services,1,TOTAL,PC_GDP,7.8,,2026-09-16T23:00:00+0200
2002,GF0101,"Executive and legislative organs, financial and fiscal affairs, external affairs",2,GF01,MIO_EUR,28054.5,,2026-09-16T23:00:00+0200
2002,GF0101,"Executive and legislative organs, financial and fiscal affairs, external affairs",2,GF01,PC_GDP,1.8,,2026-09-16T23:00:00+0200
2002,GF0102,Foreign economic aid,2,GF01,MIO_EUR,2792.8,,2026-09-16T23:00:00+0200
2002,GF0102,Foreign economic aid,2,GF01,PC_GDP,0.2,,2026-09-16T23:00:00+0200
2002,GF0103,General services,2,GF01,MIO_EUR,30594.9,,2026-09-16T23:00:00+0200
2002,GF0103,General services,2,GF01,PC_GDP,1.9,,2026-09-16T23:00:00+0200
2002,GF0104,Basic research,2,GF01,MIO_EUR,11541.9,,2026-09-16T23:00:00+0200
2002,GF0104,Basic research,2,GF01,PC_GDP,0.7,,2026-09-16T23:00:00+0200
2002,GF0105,R&D General public services,2,GF01,MIO_EUR,1,,2026-09-16T23:00:00+0200
2002,GF0105,R&D General public services,2,GF01,PC_GDP,0,,2026-09-16T23:00:00+0200
2002,GF0106,General public services n.e.c.,2,GF01,MIO_EUR,704,,2026-09-16T23:00:00+0200
2002,GF0106,General public services n.e.c.,2,GF01,PC_GDP,0,,2026-09-16T23:00:00+0200
2002,GF0107,Public debt transactions,2,GF01,MIO_EUR,49844.7,,2026-09-16T23:00:00+0200
2002,GF0107,Public debt transactions,2,GF01,PC_GDP,3.2,,2026-09-16T23:00:00+0200
2002,GF0108,Transfers of a general character between different levels of government,2,GF01,MIO_EUR,0,,2026-09-16T23:00:00+0200
2002,GF0108,Transfers of a general character between different levels of government,2,GF01,PC_GDP,0,,2026-09-16T23:00:00+0200
2002,GF02,Defence,1,TOTAL,MIO_EUR,31030.1,,2026-09-16T23:00:00+0200
2002,GF02,Defence,1,TOTAL,PC_GDP,2,,2026-09-16T23:00:00+0200
2002,GF0201,Military defence,2,GF02,MIO_EUR,26555.9,,2026-09-16T23:00:00+0200
2002,GF0201,Military defence,2,GF02,PC_GDP,1.7,,2026-09-16T23:00:00+0200
2002,GF0202,Civil defence,2,GF02,MIO_EUR,362.4,,2026-09-16T23:00:00+0200
2002,GF0202,Civil defence,2,GF02,PC_GDP,0,,2026-09-16T23:00:00+0200
2002,GF0203,Foreign military aid,2,GF02,MIO_EUR,967.2,,2026-09-16T23:00:00+0200
2002,GF0203,Foreign military aid,2,GF02,PC_GDP,0.1,,2026-09-16T23:00:00+0200
2002,GF0204,R&D Defence,2,GF02,MIO_EUR,2004.4,,2026-09-16T23:00:00+0200
2002,GF0204,R&D Defence,2,GF02,PC_GDP,0.1,,2026-09-16T23:00:00+0200
2002,GF0205,Defence n.e.c.,2,GF02,MIO_EUR,1140.3,,2026-09-16T23:00:00+0200
2002,GF0205,Defence n.e.c.,2,GF02,PC_GDP,0.1,,2026-09-16T23:00:00+0200
2002,GF03,Public order and safety,1,TOTAL,MIO_EUR,24498.6,,2026-09-16T23:00:00+0200
2002,GF03,Public order and safety,1,TOTAL,PC_GDP,1.6,,2026-09-16T23:00:00+0200
2002,GF0301,Police services,2,GF03,MIO_EUR,14702,,2026-09-16T23:00:00+0200
2002,GF0301,Police services,2,GF03,PC_GDP,0.9,,2026-09-16T23:00:00+0200
2002,GF0302,Fire-protection services,2,GF03,MIO_EUR,3378,,2026-09-16T23:00:00+0200
2002,GF0302,Fire-protection services,2,GF03,PC_GDP,0.2,,2026-09-16T23:00:00+0200
2002,GF0303,Law courts,2,GF03,MIO_EUR,3876.9,,2026-09-16T23:00:00+0200
2002,GF0303,Law courts,2,GF03,PC_GDP,0.2,,2026-09-16T23:00:00+0200
2002,GF0304,Prisons,2,GF03,MIO_EUR,2011.3,,2026-09-16T23:00:00+0200
2002,GF0304,Prisons,2,GF03,PC_GDP,0.1,,2026-09-16T23:00:00+0200
2002,GF0305,R&D Public order and safety,2,GF03,MIO_EUR,12.4,,2026-09-16T23:00:00+0200
2002,GF0305,R&D Public order and safety,2,GF03,PC_GDP,0,,2026-09-16T23:00:00+0200
2002,GF0306,Public order and safety n.e.c.,2,GF03,MIO_EUR,518,,2026-09-16T23:00:00+0200
2002,GF0306,Public order and safety n.e.c.,2,GF03,PC_GDP,0,,2026-09-16T23:00:00+0200
2002,GF04,Economic affairs,1,TOTAL,MIO_EUR,78218.8,,2026-09-16T23:00:00+0200
2002,GF04,Economic affairs,1,TOTAL,PC_GDP,5,,2026-09-16T23:00:00+0200
2002,GF0401,"General economic, commercial and labour affairs",2,GF04,MIO_EUR,14536.6,,2026-09-16T23:00:00+0200
2002,GF0401,"General economic, commercial and labour affairs",2,GF04,PC_GDP,0.9,,2026-09-16T23:00:00+0200
2002,GF0402,"Agriculture, forestry, fishing and hunting",2,GF04,MIO_EUR,6131.5,,2026-09-16T23:00:00+0200
2002,GF0402,"Agriculture, forestry, fishing and hunting",2,GF04,PC_GDP,0.4,,2026-09-16T23:00:00+0200
2002,GF0403,Fuel and energy,2,GF04,MIO_EUR,4841.1,,2026-09-16T23:00:00+0200
2002,GF0403,Fuel and energy,2,GF04,PC_GDP,0.3,,2026-09-16T23:00:00+0200
2002,GF0404,"Mining, manufacturing and construction",2,GF04,MIO_EUR,518.3,,2026-09-16T23:00:00+0200
2002,GF0404,"Mining, manufacturing and construction",2,GF04,PC_GDP,0,,2026-09-16T23:00:00+0200
2002,GF0405,Transport,2,GF04,MIO_EUR,33046.3,,2026-09-16T23:00:00+0200
2002,GF0405,Transport,2,GF04,PC_GDP,2.1,,2026-09-16T23:00:00+0200
2002,GF0406,Communication,2,GF04,MIO_EUR,242.3,,2026-09-16T23:00:00+0200
2002,GF0406,Communication,2,GF04,PC_GDP,0,,2026-09-16T23:00:00+0200
2002,GF0407,Other industries,2,GF04,MIO_EUR,4639.7,,2026-09-16T23:00:00+0200
2002,GF0407,Other industries,2,GF04,PC_GDP,0.3,,2026-09-16T23:00:00+0200
2002,GF0408,R&D Economic affairs,2,GF04,MIO_EUR,13043.8,,2026-09-16T23:00:00+0200
2002,GF0408,R&D Economic affairs,2,GF04,PC_GDP,0.8,,2026-09-16T23:00:00+0200
2002,GF0409,Economic affairs n.e.c.,2,GF04,MIO_EUR,1219.2,,2026-09-16T23:00:00+0200
2002,GF0409,Economic affairs n.e.c.,2,GF04,PC_GDP,0.1,,2026-09-16T23:00:00+0200
2002,GF05,Environmental protection,1,TOTAL,MIO_EUR,11282.1,,2026-09-16T23:00:00+0200
2002,GF05,Environmental protection,1,TOTAL,PC_GDP,0.7,,2026-09-16T23:00:00+0200
2002,GF0501,Waste management,2,GF05,MIO_EUR,5404,,2026-09-16T23:00:00+0200
2002,GF0501,Waste management,2,GF05,PC_GDP,0.3,,2026-09-16T23:00:00+0200
2002,GF0502,Waste water management,2,GF05,MIO_EUR,2552.5,,2026-09-16T23:00:00+0200
2002,GF0502,Waste water management,2,GF05,PC_GDP,0.2,,2026-09-16T23:00:00+0200
2002,GF0503,Pollution abatement,2,GF05,MIO_EUR,729.6,,2026-09-16T23:00:00+0200
2002,GF0503,Pollution abatement,2,GF05,PC_GDP,0,,2026-09-16T23:00:00+0200
2002,GF0504,Protection of biodiversity and landscape,2,GF05,MIO_EUR,756.4,,2026-09-16T23:00:00+0200
2002,GF0504,Protection of biodiversity and landscape,2,GF05,PC_GDP,0,,2026-09-16T23:00:00+0200
2002,GF0505,R&D Environmental protection,2,GF05,MIO_EUR,237.9,,2026-09-16T23:00:00+0200
2002,GF0505,R&D Environmental protection,2,GF05,PC_GDP,0,,2026-09-16T23:00:00+0200
2002,GF0506,Environmental protection n.e.c.,2,GF05,MIO_EUR,1601.7,,2026-09-16T23:00:00+0200
2002,GF0506,Environmental protection n.e.c.,2,GF05,PC_GDP,0.1,,2026-09-16T23:00:00+0200
2002,GF06,Housing and community amenities,1,TOTAL,MIO_EUR,19398.3,,2026-09-16T23:00:00+0200
2002,GF06,Housing and community amenities,1,TOTAL,PC_GDP,1.2,,2026-09-16T23:00:00+0200
2002,GF0601,Housing development,2,GF06,MIO_EUR,4163.2,,2026-09-16T23:00:00+0200
2002,GF0601,Housing development,2,GF06,PC_GDP,0.3,,2026-09-16T23:00:00+0200
2002,GF0602,Community development,2,GF06,MIO_EUR,12145.8,,2026-09-16T23:00:00+0200
2002,GF0602,Community development,2,GF06,PC_GDP,0.8,,2026-09-16T23:00:00+0200
2002,GF0603,Water supply,2,GF06,MIO_EUR,1807.2,,2026-09-16T23:00:00+0200
2002,GF0603,Water supply,2,GF06,PC_GDP,0.1,,2026-09-16T23:00:00+0200
2002,GF0604,Street lighting,2,GF06,MIO_EUR,967.9,,2026-09-16T23:00:00+0200
2002,GF0604,Street lighting,2,GF06,PC_GDP,0.1,,2026-09-16T23:00:00+0200
2002,GF0605,R&D Housing and community amenities,2,GF06,MIO_EUR,6.8,,2026-09-16T23:00:00+0200
2002,GF0605,R&D Housing and community amenities,2,GF06,PC_GDP,0,,2026-09-16T23:00:00+0200
2002,GF0606,Housing and community amenities n.e.c.,2,GF06,MIO_EUR,307.4,,2026-09-16T23:00:00+0200
2002,GF0606,Housing and community amenities n.e.c.,2,GF06,PC_GDP,0,,2026-09-16T23:00:00+0200
2002,GF07,Health,1,TOTAL,MIO_EUR,115040.4,,2026-09-16T23:00:00+0200
2002,GF07,Health,1,TOTAL,PC_GDP,7.3,,2026-09-16T23:00:00+0200
2002,GF0701,"Medical products, appliances and equipment",2,GF07,MIO_EUR,18477.6,,2026-09-16T23:00:00+0200
2002,GF0701,"Medical products, appliances and equipment",2,GF07,PC_GDP,1.2,,2026-09-16T23:00:00+0200
2002,GF0702,Outpatient services,2,GF07,MIO_EUR,37853.1,,2026-09-16T23:00:00+0200
2002,GF0702,Outpatient services,2,GF07,PC_GDP,2.4,,2026-09-16T23:00:00+0200
2002,GF0703,Hospital services,2,GF07,MIO_EUR,50940.8,,2026-09-16T23:00:00+0200
2002,GF0703,Hospital services,2,GF07,PC_GDP,3.2,,2026-09-16T23:00:00+0200
2002,GF0704,Public health services,2,GF07,MIO_EUR,3088.1,,2026-09-16T23:00:00+0200
2002,GF0704,Public health services,2,GF07,PC_GDP,0.2,,2026-09-16T23:00:00+0200
2002,GF0705,R&D Health,2,GF07,MIO_EUR,3746.4,,2026-09-16T23:00:00+0200
2002,GF0705,R&D Health,2,GF07,PC_GDP,0.2,,2026-09-16T23:00:00+0200
2002,GF0706,Health n.e.c.,2,GF07,MIO_EUR,934.5,,2026-09-16T23:00:00+0200
2002,GF0706,Health n.e.c.,2,GF07,PC_GDP,0.1,,2026-09-16T23:00:00+0200
2002,GF08,"Recreation, culture and religion",1,TOTAL,MIO_EUR,21677.7,,2026-09-16T23:00:00+0200
2002,GF08,"Recreation, culture and religion",1,TOTAL,PC_GDP,1.4,,2026-09-16T23:00:00+0200
2002,GF0801,Recreational and sporting services,2,GF08,MIO_EUR,7078.5,,2026-09-16T23:00:00+0200
2002,GF0801,Recreational and sporting services,2,GF08,PC_GDP,0.4,,2026-09-16T23:00:00+0200
2002,GF0802,Cultural services,2,GF08,MIO_EUR,9443.1,,2026-09-16T23:00:00+0200
2002,GF0802,Cultural services,2,GF08,PC_GDP,0.6,,2026-09-16T23:00:00+0200
2002,GF0803,Broadcasting and publishing services,2,GF08,MIO_EUR,4929.3,,2026-09-16T23:00:00+0200
2002,GF0803,Broadcasting and publishing services,2,GF08,PC_GDP,0.3,,2026-09-16T23:00:00+0200
2002,GF0804,Religious and other community services,2,GF08,MIO_EUR,226.8,,2026-09-16T23:00:00+0200
2002,GF0804,Religious and other community services,2,GF08,PC_GDP,0,,2026-09-16T23:00:00+0200
2002,GF0805,"R&D Recreation, culture and religion",2,GF08,MIO_EUR,0,,2026-09-16T23:00:00+0200
2002,GF0805,"R&D Recreation, culture and religion",2,GF08,PC_GDP,0,,2026-09-16T23:00:00+0200
2002,GF0806,"Recreation, culture and religion n.e.c.",2,GF08,MIO_EUR,0,,2026-09-16T23:00:00+0200
2002,GF0806,"Recreation, culture and religion n.e.c.",2,GF08,PC_GDP,0,,2026-09-16T23:00:00+0200
2002,GF09,Education,1,TOTAL,MIO_EUR,90561,,2026-09-16T23:00:00+0200
2002,GF09,Education,1,TOTAL,PC_GDP,5.7,,2026-09-16T23:00:00+0200
2002,GF0901,Pre-primary and primary education,2,GF09,MIO_EUR,23385,,2026-09-16T23:00:00+0200
2002,GF0901,Pre-primary and primary education,2,GF09,PC_GDP,1.5,,2026-09-16T23:00:00+0200
2002,GF0902,Secondary education,2,GF09,MIO_EUR,42141.5,,2026-09-16T23:00:00+0200
2002,GF0902,Secondary education,2,GF09,PC_GDP,2.7,,2026-09-16T23:00:00+0200
2002,GF0903,Post-secondary non-tertiary education,2,GF09,MIO_EUR,493,,2026-09-16T23:00:00+0200
2002,GF0903,Post-secondary non-tertiary education,2,GF09,PC_GDP,0,,2026-09-16T23:00:00+0200
2002,GF0904,Tertiary education,2,GF09,MIO_EUR,8605.9,,2026-09-16T23:00:00+0200
2002,GF0904,Tertiary education,2,GF09,PC_GDP,0.5,,2026-09-16T23:00:00+0200
2002,GF0905,Education not definable by level,2,GF09,MIO_EUR,5060,,2026-09-16T23:00:00+0200
2002,GF0905,Education not definable by level,2,GF09,PC_GDP,0.3,,2026-09-16T23:00:00+0200
2002,GF0906,Subsidiary services to education,2,GF09,MIO_EUR,9511.2,,2026-09-16T23:00:00+0200
2002,GF0906,Subsidiary services to education,2,GF09,PC_GDP,0.6,,2026-09-16T23:00:00+0200
2002,GF0907,R&D Education,2,GF09,MIO_EUR,2.1,,2026-09-16T23:00:00+0200
2002,GF0907,R&D Education,2,GF09,PC_GDP,0,,2026-09-16T23:00:00+0200
2002,GF0908,Education n.e.c.,2,GF09,MIO_EUR,1362.1,,2026-09-16T23:00:00+0200
2002,GF0908,Education n.e.c.,2,GF09,PC_GDP,0.1,,2026-09-16T23:00:00+0200
2002,GF10,Social protection,1,TOTAL,MIO_EUR,335866.8,,2026-09-16T23:00:00+0200
2002,GF10,Social protection,1,TOTAL,PC_GDP,21.3,,2026-09-16T23:00:00+0200
2002,GF1001,Sickness and disability,2,GF10,MIO_EUR,38250.1,,2026-09-16T23:00:00+0200
2002,GF1001,Sickness and disability,2,GF10,PC_GDP,2.4,,2026-09-16T23:00:00+0200
2002,GF1002,Old age,2,GF10,MIO_EUR,168872,,2026-09-16T23:00:00+0200
2002,GF1002,Old age,2,GF10,PC_GDP,10.7,,2026-09-16T23:00:00+0200
2002,GF1003,Survivors,2,GF10,MIO_EUR,23629.6,,2026-09-16T23:00:00+0200
2002,GF1003,Survivors,2,GF10,PC_GDP,1.5,,2026-09-16T23:00:00+0200
2002,GF1004,Family and children,2,GF10,MIO_EUR,39377.1,,2026-09-16T23:00:00+0200
2002,GF1004,Family and children,2,GF10,PC_GDP,2.5,,2026-09-16T23:00:00+0200
2002,GF1005,Unemployment,2,GF10,MIO_EUR,30317.6,,2026-09-16T23:00:00+0200
2002,GF1005,Unemployment,2,GF10,PC_GDP,1.9,,2026-09-16T23:00:00+0200
2002,GF1006,Housing,2,GF10,MIO_EUR,14424.8,,2026-09-16T23:00:00+0200
2002,GF1006,Housing,2,GF10,PC_GDP,0.9,,2026-09-16T23:00:00+0200
2002,GF1007,Social exclusion n.e.c.,2,GF10,MIO_EUR,18157.3,,2026-09-16T23:00:00+0200
2002,GF1007,Social exclusion n.e.c.,2,GF10,PC_GDP,1.2,,2026-09-16T23:00:00+0200
2002,GF1008,R&D Social protection,2,GF10,MIO_EUR,0,,2026-09-16T23:00:00+0200
2002,GF1008,R&D Social protection,2,GF10,PC_GDP,0,,2026-09-16T23:00:00+0200
2002,GF1009,Social protection n.e.c.,2,GF10,MIO_EUR,2838.4,,2026-09-16T23:00:00+0200
2002,GF1009,Social protection n.e.c.,2,GF10,PC_GDP,0.2,,2026-09-16T23:00:00+0200
2002,TOTAL,Total,0,,MIO_EUR,851107.6,,2026-09-16T23:00:00+0200
2002,TOTAL,Total,0,,PC_GDP,53.9,,2026-09-16T23:00:00+0200
2003,GF01,General public services,1,TOTAL,MIO_EUR,122358.5,,2026-09-16T23:00:00+0200
2003,GF01,General public services,1,TOTAL,PC_GDP,7.5,,2026-09-16T23:00:00+0200
2003,GF0101,"Executive and legislative organs, financial and fiscal affairs, external affairs",2,GF01,MIO_EUR,29202.3,,2026-09-16T23:00:00+0200
2003,GF0101,"Executive and legislative organs, financial and fiscal affairs, external affairs",2,GF01,PC_GDP,1.8,,2026-09-16T23:00:00+0200
2003,GF0102,Foreign economic aid,2,GF01,MIO_EUR,2963.1,,2026-09-16T23:00:00+0200
2003,GF0102,Foreign economic aid,2,GF01,PC_GDP,0.2,,2026-09-16T23:00:00+0200
2003,GF0103,General services,2,GF01,MIO_EUR,28684.3,,2026-09-16T23:00:00+0200
2003,GF0103,General services,2,GF01,PC_GDP,1.8,,2026-09-16T23:00:00+0200
2003,GF0104,Basic research,2,GF01,MIO_EUR,12701.2,,2026-09-16T23:00:00+0200
2003,GF0104,Basic research,2,GF01,PC_GDP,0.8,,2026-09-16T23:00:00+0200
2003,GF0105,R&D General public services,2,GF01,MIO_EUR,1,,2026-09-16T23:00:00+0200
2003,GF0105,R&D General public services,2,GF01,PC_GDP,0,,2026-09-16T23:00:00+0200
2003,GF0106,General public services n.e.c.,2,GF01,MIO_EUR,711.9,,2026-09-16T23:00:00+0200
2003,GF0106,General public services n.e.c.,2,GF01,PC_GDP,0,,2026-09-16T23:00:00+0200
2003,GF0107,Public debt transactions,2,GF01,MIO_EUR,48094.7,,2026-09-16T23:00:00+0200
2003,GF0107,Public debt transactions,2,GF01,PC_GDP,3,,2026-09-16T23:00:00+0200
2003,GF0108,Transfers of a general character between different levels of government,2,GF01,MIO_EUR,0,,2026-09-16T23:00:00+0200
2003,GF0108,Transfers of a general character between different levels of government,2,GF01,PC_GDP,0,,2026-09-16T23:00:00+0200
2003,GF02,Defence,1,TOTAL,MIO_EUR,28658.1,,2026-09-16T23:00:00+0200
2003,GF02,Defence,1,TOTAL,PC_GDP,1.8,,2026-09-16T23:00:00+0200
2003,GF0201,Military defence,2,GF02,MIO_EUR,24494.3,,2026-09-16T23:00:00+0200
2003,GF0201,Military defence,2,GF02,PC_GDP,1.5,,2026-09-16T23:00:00+0200
2003,GF0202,Civil defence,2,GF02,MIO_EUR,324.2,,2026-09-16T23:00:00+0200
2003,GF0202,Civil defence,2,GF02,PC_GDP,0,,2026-09-16T23:00:00+0200
2003,GF0203,Foreign military aid,2,GF02,MIO_EUR,962.3,,2026-09-16T23:00:00+0200
2003,GF0203,Foreign military aid,2,GF02,PC_GDP,0.1,,2026-09-16T23:00:00+0200
2003,GF0204,R&D Defence,2,GF02,MIO_EUR,1889.8,,2026-09-16T23:00:00+0200
2003,GF0204,R&D Defence,2,GF02,PC_GDP,0.1,,2026-09-16T23:00:00+0200
2003,GF0205,Defence n.e.c.,2,GF02,MIO_EUR,987.5,,2026-09-16T23:00:00+0200
2003,GF0205,Defence n.e.c.,2,GF02,PC_GDP,0.1,,2026-09-16T23:00:00+0200
2003,GF03,Public order and safety,1,TOTAL,MIO_EUR,25681.2,,2026-09-16T23:00:00+0200
2003,GF03,Public order and safety,1,TOTAL,PC_GDP,1.6,,2026-09-16T23:00:00+0200
2003,GF0301,Police services,2,GF03,MIO_EUR,15343.6,,2026-09-16T23:00:00+0200
2003,GF0301,Police services,2,GF03,PC_GDP,0.9,,2026-09-16T23:00:00+0200
2003,GF0302,Fire-protection services,2,GF03,MIO_EUR,3709.9,,2026-09-16T23:00:00+0200
2003,GF0302,Fire-protection services,2,GF03,PC_GDP,0.2,,2026-09-16T23:00:00+0200
2003,GF0303,Law courts,2,GF03,MIO_EUR,4008.7,,2026-09-16T23:00:00+0200
2003,GF0303,Law courts,2,GF03,PC_GDP,0.2,,2026-09-16T23:00:00+0200
2003,GF0304,Prisons,2,GF03,MIO_EUR,2076.8,,2026-09-16T23:00:00+0200
2003,GF0304,Prisons,2,GF03,PC_GDP,0.1,,2026-09-16T23:00:00+0200
2003,GF0305,R&D Public order and safety,2,GF03,MIO_EUR,11.3,,2026-09-16T23:00:00+0200
2003,GF0305,R&D Public order and safety,2,GF03,PC_GDP,0,,2026-09-16T23:00:00+0200
2003,GF0306,Public order and safety n.e.c.,2,GF03,MIO_EUR,531,,2026-09-16T23:00:00+0200
2003,GF0306,Public order and safety n.e.c.,2,GF03,PC_GDP,0,,2026-09-16T23:00:00+0200
2003,GF04,Economic affairs,1,TOTAL,MIO_EUR,82109.4,,2026-09-16T23:00:00+0200
2003,GF04,Economic affairs,1,TOTAL,PC_GDP,5.1,,2026-09-16T23:00:00+0200
2003,GF0401,"General economic, commercial and labour affairs",2,GF04,MIO_EUR,15650.3,,2026-09-16T23:00:00+0200
2003,GF0401,"General economic, commercial and labour affairs",2,GF04,PC_GDP,1,,2026-09-16T23:00:00+0200
2003,GF0402,"Agriculture, forestry, fishing and hunting",2,GF04,MIO_EUR,5785.6,,2026-09-16T23:00:00+0200
2003,GF0402,"Agriculture, forestry, fishing and hunting",2,GF04,PC_GDP,0.4,,2026-09-16T23:00:00+0200
2003,GF0403,Fuel and energy,2,GF04,MIO_EUR,4997.2,,2026-09-16T23:00:00+0200
2003,GF0403,Fuel and energy,2,GF04,PC_GDP,0.3,,2026-09-16T23:00:00+0200
2003,GF0404,"Mining, manufacturing and construction",2,GF04,MIO_EUR,524.4,,2026-09-16T23:00:00+0200
2003,GF0404,"Mining, manufacturing and construction",2,GF04,PC_GDP,0,,2026-09-16T23:00:00+0200
2003,GF0405,Transport,2,GF04,MIO_EUR,36470.7,,2026-09-16T23:00:00+0200
2003,GF0405,Transport,2,GF04,PC_GDP,2.2,,2026-09-16T23:00:00+0200
2003,GF0406,Communication,2,GF04,MIO_EUR,231.9,,2026-09-16T23:00:00+0200
2003,GF0406,Communication,2,GF04,PC_GDP,0,,2026-09-16T23:00:00+0200
2003,GF0407,Other industries,2,GF04,MIO_EUR,4819.3,,2026-09-16T23:00:00+0200
2003,GF0407,Other industries,2,GF04,PC_GDP,0.3,,2026-09-16T23:00:00+0200
2003,GF0408,R&D Economic affairs,2,GF04,MIO_EUR,12369,,2026-09-16T23:00:00+0200
2003,GF0408,R&D Economic affairs,2,GF04,PC_GDP,0.8,,2026-09-16T23:00:00+0200
2003,GF0409,Economic affairs n.e.c.,2,GF04,MIO_EUR,1261,,2026-09-16T23:00:00+0200
2003,GF0409,Economic affairs n.e.c.,2,GF04,PC_GDP,0.1,,2026-09-16T23:00:00+0200
2003,GF05,Environmental protection,1,TOTAL,MIO_EUR,12346.7,,2026-09-16T23:00:00+0200
2003,GF05,Environmental protection,1,TOTAL,PC_GDP,0.8,,2026-09-16T23:00:00+0200
2003,GF0501,Waste management,2,GF05,MIO_EUR,6212.8,,2026-09-16T23:00:00+0200
2003,GF0501,Waste management,2,GF05,PC_GDP,0.4,,2026-09-16T23:00:00+0200
2003,GF0502,Waste water management,2,GF05,MIO_EUR,2737,,2026-09-16T23:00:00+0200
2003,GF0502,Waste water management,2,GF05,PC_GDP,0.2,,2026-09-16T23:00:00+0200
2003,GF0503,Pollution abatement,2,GF05,MIO_EUR,660.1,,2026-09-16T23:00:00+0200
2003,GF0503,Pollution abatement,2,GF05,PC_GDP,0,,2026-09-16T23:00:00+0200
2003,GF0504,Protection of biodiversity and landscape,2,GF05,MIO_EUR,758.5,,2026-09-16T23:00:00+0200
2003,GF0504,Protection of biodiversity and landscape,2,GF05,PC_GDP,0,,2026-09-16T23:00:00+0200
2003,GF0505,R&D Environmental protection,2,GF05,MIO_EUR,199.8,,2026-09-16T23:00:00+0200
2003,GF0505,R&D Environmental protection,2,GF05,PC_GDP,0,,2026-09-16T23:00:00+0200
2003,GF0506,Environmental protection n.e.c.,2,GF05,MIO_EUR,1778.5,,2026-09-16T23:00:00+0200
2003,GF0506,Environmental protection n.e.c.,2,GF05,PC_GDP,0.1,,2026-09-16T23:00:00+0200
2003,GF06,Housing and community amenities,1,TOTAL,MIO_EUR,19295.7,,2026-09-16T23:00:00+0200
2003,GF06,Housing and community amenities,1,TOTAL,PC_GDP,1.2,,2026-09-16T23:00:00+0200
2003,GF0601,Housing development,2,GF06,MIO_EUR,3943,,2026-09-16T23:00:00+0200
2003,GF0601,Housing development,2,GF06,PC_GDP,0.2,,2026-09-16T23:00:00+0200
2003,GF0602,Community development,2,GF06,MIO_EUR,12191.2,,2026-09-16T23:00:00+0200
2003,GF0602,Community development,2,GF06,PC_GDP,0.8,,2026-09-16T23:00:00+0200
2003,GF0603,Water supply,2,GF06,MIO_EUR,1827.2,,2026-09-16T23:00:00+0200
2003,GF0603,Water supply,2,GF06,PC_GDP,0.1,,2026-09-16T23:00:00+0200
2003,GF0604,Street lighting,2,GF06,MIO_EUR,1008.9,,2026-09-16T23:00:00+0200
2003,GF0604,Street lighting,2,GF06,PC_GDP,0.1,,2026-09-16T23:00:00+0200
2003,GF0605,R&D Housing and community amenities,2,GF06,MIO_EUR,6,,2026-09-16T23:00:00+0200
2003,GF0605,R&D Housing and community amenities,2,GF06,PC_GDP,0,,2026-09-16T23:00:00+0200
2003,GF0606,Housing and community amenities n.e.c.,2,GF06,MIO_EUR,319.3,,2026-09-16T23:00:00+0200
2003,GF0606,Housing and community amenities n.e.c.,2,GF06,PC_GDP,0,,2026-09-16T23:00:00+0200
2003,GF07,Health,1,TOTAL,MIO_EUR,122523.6,,2026-09-16T23:00:00+0200
2003,GF07,Health,1,TOTAL,PC_GDP,7.6,,2026-09-16T23:00:00+0200
2003,GF0701,"Medical products, appliances and equipment",2,GF07,MIO_EUR,19892.2,,2026-09-16T23:00:00+0200
2003,GF0701,"Medical products, appliances and equipment",2,GF07,PC_GDP,1.2,,2026-09-16T23:00:00+0200
2003,GF0702,Outpatient services,2,GF07,MIO_EUR,41214.8,,2026-09-16T23:00:00+0200
2003,GF0702,Outpatient services,2,GF07,PC_GDP,2.5,,2026-09-16T23:00:00+0200
2003,GF0703,Hospital services,2,GF07,MIO_EUR,53645.8,,2026-09-16T23:00:00+0200
2003,GF0703,Hospital services,2,GF07,PC_GDP,3.3,,2026-09-16T23:00:00+0200
2003,GF0704,Public health services,2,GF07,MIO_EUR,2792.6,,2026-09-16T23:00:00+0200
2003,GF0704,Public health services,2,GF07,PC_GDP,0.2,,2026-09-16T23:00:00+0200
2003,GF0705,R&D Health,2,GF07,MIO_EUR,3980.9,,2026-09-16T23:00:00+0200
2003,GF0705,R&D Health,2,GF07,PC_GDP,0.2,,2026-09-16T23:00:00+0200
2003,GF0706,Health n.e.c.,2,GF07,MIO_EUR,997.3,,2026-09-16T23:00:00+0200
2003,GF0706,Health n.e.c.,2,GF07,PC_GDP,0.1,,2026-09-16T23:00:00+0200
2003,GF08,"Recreation, culture and religion",1,TOTAL,MIO_EUR,23243,,2026-09-16T23:00:00+0200
2003,GF08,"Recreation, culture and religion",1,TOTAL,PC_GDP,1.4,,2026-09-16T23:00:00+0200
2003,GF0801,Recreational and sporting services,2,GF08,MIO_EUR,7887.7,,2026-09-16T23:00:00+0200
2003,GF0801,Recreational and sporting services,2,GF08,PC_GDP,0.5,,2026-09-16T23:00:00+0200
2003,GF0802,Cultural services,2,GF08,MIO_EUR,10098.5,,2026-09-16T23:00:00+0200
2003,GF0802,Cultural services,2,GF08,PC_GDP,0.6,,2026-09-16T23:00:00+0200
2003,GF0803,Broadcasting and publishing services,2,GF08,MIO_EUR,4992.1,,2026-09-16T23:00:00+0200
2003,GF0803,Broadcasting and publishing services,2,GF08,PC_GDP,0.3,,2026-09-16T23:00:00+0200
2003,GF0804,Religious and other community services,2,GF08,MIO_EUR,264.7,,2026-09-16T23:00:00+0200
2003,GF0804,Religious and other community services,2,GF08,PC_GDP,0,,2026-09-16T23:00:00+0200
2003,GF0805,"R&D Recreation, culture and religion",2,GF08,MIO_EUR,0,,2026-09-16T23:00:00+0200
2003,GF0805,"R&D Recreation, culture and religion",2,GF08,PC_GDP,0,,2026-09-16T23:00:00+0200
2003,GF0806,"Recreation, culture and religion n.e.c.",2,GF08,MIO_EUR,0,,2026-09-16T23:00:00+0200
2003,GF0806,"Recreation, culture and religion n.e.c.",2,GF08,PC_GDP,0,,2026-09-16T23:00:00+0200
2003,GF09,Education,1,TOTAL,MIO_EUR,92938.4,,2026-09-16T23:00:00+0200
2003,GF09,Education,1,TOTAL,PC_GDP,5.7,,2026-09-16T23:00:00+0200
2003,GF0901,Pre-primary and primary education,2,GF09,MIO_EUR,23917.6,,2026-09-16T23:00:00+0200
2003,GF0901,Pre-primary and primary education,2,GF09,PC_GDP,1.5,,2026-09-16T23:00:00+0200
2003,GF0902,Secondary education,2,GF09,MIO_EUR,43052,,2026-09-16T23:00:00+0200
2003,GF0902,Secondary education,2,GF09,PC_GDP,2.7,,2026-09-16T23:00:00+0200
2003,GF0903,Post-secondary non-tertiary education,2,GF09,MIO_EUR,523,,2026-09-16T23:00:00+0200
2003,GF0903,Post-secondary non-tertiary education,2,GF09,PC_GDP,0,,2026-09-16T23:00:00+0200
2003,GF0904,Tertiary education,2,GF09,MIO_EUR,8873.4,,2026-09-16T23:00:00+0200
2003,GF0904,Tertiary education,2,GF09,PC_GDP,0.5,,2026-09-16T23:00:00+0200
2003,GF0905,Education not definable by level,2,GF09,MIO_EUR,5388.6,,2026-09-16T23:00:00+0200
2003,GF0905,Education not definable by level,2,GF09,PC_GDP,0.3,,2026-09-16T23:00:00+0200
2003,GF0906,Subsidiary services to education,2,GF09,MIO_EUR,9796,,2026-09-16T23:00:00+0200
2003,GF0906,Subsidiary services to education,2,GF09,PC_GDP,0.6,,2026-09-16T23:00:00+0200
2003,GF0907,R&D Education,2,GF09,MIO_EUR,2.1,,2026-09-16T23:00:00+0200
2003,GF0907,R&D Education,2,GF09,PC_GDP,0,,2026-09-16T23:00:00+0200
2003,GF0908,Education n.e.c.,2,GF09,MIO_EUR,1385.7,,2026-09-16T23:00:00+0200
2003,GF0908,Education n.e.c.,2,GF09,PC_GDP,0.1,,2026-09-16T23:00:00+0200
2003,GF10,Social protection,1,TOTAL,MIO_EUR,352631.1,,2026-09-16T23:00:00+0200
2003,GF10,Social protection,1,TOTAL,PC_GDP,21.7,,2026-09-16T23:00:00+0200
2003,GF1001,Sickness and disability,2,GF10,MIO_EUR,38999.3,,2026-09-16T23:00:00+0200
2003,GF1001,Sickness and disability,2,GF10,PC_GDP,2.4,,2026-09-16T23:00:00+0200
2003,GF1002,Old age,2,GF10,MIO_EUR,177499,,2026-09-16T23:00:00+0200
2003,GF1002,Old age,2,GF10,PC_GDP,10.9,,2026-09-16T23:00:00+0200
2003,GF1003,Survivors,2,GF10,MIO_EUR,24249.3,,2026-09-16T23:00:00+0200
2003,GF1003,Survivors,2,GF10,PC_GDP,1.5,,2026-09-16T23:00:00+0200
2003,GF1004,Family and children,2,GF10,MIO_EUR,40732.3,,2026-09-16T23:00:00+0200
2003,GF1004,Family and children,2,GF10,PC_GDP,2.5,,2026-09-16T23:00:00+0200
2003,GF1005,Unemployment,2,GF10,MIO_EUR,34341.5,,2026-09-16T23:00:00+0200
2003,GF1005,Unemployment,2,GF10,PC_GDP,2.1,,2026-09-16T23:00:00+0200
2003,GF1006,Housing,2,GF10,MIO_EUR,14491.6,,2026-09-16T23:00:00+0200
2003,GF1006,Housing,2,GF10,PC_GDP,0.9,,2026-09-16T23:00:00+0200
2003,GF1007,Social exclusion n.e.c.,2,GF10,MIO_EUR,19256.1,,2026-09-16T23:00:00+0200
2003,GF1007,Social exclusion n.e.c.,2,GF10,PC_GDP,1.2,,2026-09-16T23:00:00+0200
2003,GF1008,R&D Social protection,2,GF10,MIO_EUR,0,,2026-09-16T23:00:00+0200
2003,GF1008,R&D Social protection,2,GF10,PC_GDP,0,,2026-09-16T23:00:00+0200
2003,GF1009,Social protection n.e.c.,2,GF10,MIO_EUR,3062.2,,2026-09-16T23:00:00+0200
2003,GF1009,Social protection n.e.c.,2,GF10,PC_GDP,0.2,,2026-09-16T23:00:00+0200
2003,TOTAL,Total,0,,MIO_EUR,881785.7,,2026-09-16T23:00:00+0200
2003,TOTAL,Total,0,,PC_GDP,54.4,,2026-09-16T23:00:00+0200
2004,GF01,General public services,1,TOTAL,MIO_EUR,126411.2,,2026-09-16T23:00:00+0200
2004,GF01,General public services,1,TOTAL,PC_GDP,7.5,,2026-09-16T23:00:00+0200
2004,GF0101,"Executive and legislative organs, financial and fiscal affairs, external affairs",2,GF01,MIO_EUR,28407.6,,2026-09-16T23:00:00+0200
2004,GF0101,"Executive and legislative organs, financial and fiscal affairs, external affairs",2,GF01,PC_GDP,1.7,,2026-09-16T23:00:00+0200
2004,GF0102,Foreign economic aid,2,GF01,MIO_EUR,2956.8,,2026-09-16T23:00:00+0200
2004,GF0102,Foreign economic aid,2,GF01,PC_GDP,0.2,,2026-09-16T23:00:00+0200
2004,GF0103,General services,2,GF01,MIO_EUR,32272.2,,2026-09-16T23:00:00+0200
2004,GF0103,General services,2,GF01,PC_GDP,1.9,,2026-09-16T23:00:00+0200
2004,GF0104,Basic research,2,GF01,MIO_EUR,12638.5,,2026-09-16T23:00:00+0200
2004,GF0104,Basic research,2,GF01,PC_GDP,0.7,,2026-09-16T23:00:00+0200
2004,GF0105,R&D General public services,2,GF01,MIO_EUR,1,,2026-09-16T23:00:00+0200
2004,GF0105,R&D General public services,2,GF01,PC_GDP,0,,2026-09-16T23:00:00+0200
2004,GF0106,General public services n.e.c.,2,GF01,MIO_EUR,745.9,,2026-09-16T23:00:00+0200
2004,GF0106,General public services n.e.c.,2,GF01,PC_GDP,0,,2026-09-16T23:00:00+0200
2004,GF0107,Public debt transactions,2,GF01,MIO_EUR,49389.1,,2026-09-16T23:00:00+0200
2004,GF0107,Public debt transactions,2,GF01,PC_GDP,2.9,,2026-09-16T23:00:00+0200
2004,GF0108,Transfers of a general character between different levels of government,2,GF01,MIO_EUR,0,,2026-09-16T23:00:00+0200
2004,GF0108,Transfers of a general character between different levels of government,2,GF01,PC_GDP,0,,2026-09-16T23:00:00+0200
2004,GF02,Defence,1,TOTAL,MIO_EUR,30007.6,,2026-09-16T23:00:00+0200
2004,GF02,Defence,1,TOTAL,PC_GDP,1.8,,2026-09-16T23:00:00+0200
2004,GF0201,Military defence,2,GF02,MIO_EUR,25734.3,,2026-09-16T23:00:00+0200
2004,GF0201,Military defence,2,GF02,PC_GDP,1.5,,2026-09-16T23:00:00+0200
2004,GF0202,Civil defence,2,GF02,MIO_EUR,330.5,,2026-09-16T23:00:00+0200
2004,GF0202,Civil defence,2,GF02,PC_GDP,0,,2026-09-16T23:00:00+0200
2004,GF0203,Foreign military aid,2,GF02,MIO_EUR,983.2,,2026-09-16T23:00:00+0200
2004,GF0203,Foreign military aid,2,GF02,PC_GDP,0.1,,2026-09-16T23:00:00+0200
2004,GF0204,R&D Defence,2,GF02,MIO_EUR,1948.5,,2026-09-16T23:00:00+0200
2004,GF0204,R&D Defence,2,GF02,PC_GDP,0.1,,2026-09-16T23:00:00+0200
2004,GF0205,Defence n.e.c.,2,GF02,MIO_EUR,1011.2,,2026-09-16T23:00:00+0200
2004,GF0205,Defence n.e.c.,2,GF02,PC_GDP,0.1,,2026-09-16T23:00:00+0200
2004,GF03,Public order and safety,1,TOTAL,MIO_EUR,26160.8,,2026-09-16T23:00:00+0200
2004,GF03,Public order and safety,1,TOTAL,PC_GDP,1.5,,2026-09-16T23:00:00+0200
2004,GF0301,Police services,2,GF03,MIO_EUR,15514.3,,2026-09-16T23:00:00+0200
2004,GF0301,Police services,2,GF03,PC_GDP,0.9,,2026-09-16T23:00:00+0200
2004,GF0302,Fire-protection services,2,GF03,MIO_EUR,3828.4,,2026-09-16T23:00:00+0200
2004,GF0302,Fire-protection services,2,GF03,PC_GDP,0.2,,2026-09-16T23:00:00+0200
2004,GF0303,Law courts,2,GF03,MIO_EUR,4141.4,,2026-09-16T23:00:00+0200
2004,GF0303,Law courts,2,GF03,PC_GDP,0.2,,2026-09-16T23:00:00+0200
2004,GF0304,Prisons,2,GF03,MIO_EUR,2127.2,,2026-09-16T23:00:00+0200
2004,GF0304,Prisons,2,GF03,PC_GDP,0.1,,2026-09-16T23:00:00+0200
2004,GF0305,R&D Public order and safety,2,GF03,MIO_EUR,10.1,,2026-09-16T23:00:00+0200
2004,GF0305,R&D Public order and safety,2,GF03,PC_GDP,0,,2026-09-16T23:00:00+0200
2004,GF0306,Public order and safety n.e.c.,2,GF03,MIO_EUR,539.5,,2026-09-16T23:00:00+0200
2004,GF0306,Public order and safety n.e.c.,2,GF03,PC_GDP,0,,2026-09-16T23:00:00+0200
2004,GF04,Economic affairs,1,TOTAL,MIO_EUR,85079,,2026-09-16T23:00:00+0200
2004,GF04,Economic affairs,1,TOTAL,PC_GDP,5,,2026-09-16T23:00:00+0200
2004,GF0401,"General economic, commercial and labour affairs",2,GF04,MIO_EUR,15448.1,,2026-09-16T23:00:00+0200
2004,GF0401,"General economic, commercial and labour affairs",2,GF04,PC_GDP,0.9,,2026-09-16T23:00:00+0200
2004,GF0402,"Agriculture, forestry, fishing and hunting",2,GF04,MIO_EUR,6807.5,,2026-09-16T23:00:00+0200
2004,GF0402,"Agriculture, forestry, fishing and hunting",2,GF04,PC_GDP,0.4,,2026-09-16T23:00:00+0200
2004,GF0403,Fuel and energy,2,GF04,MIO_EUR,4399.9,,2026-09-16T23:00:00+0200
2004,GF0403,Fuel and energy,2,GF04,PC_GDP,0.3,,2026-09-16T23:00:00+0200
2004,GF0404,"Mining, manufacturing and construction",2,GF04,MIO_EUR,521.5,,2026-09-16T23:00:00+0200
2004,GF0404,"Mining, manufacturing and construction",2,GF04,PC_GDP,0,,2026-09-16T23:00:00+0200
2004,GF0405,Transport,2,GF04,MIO_EUR,38178.1,,2026-09-16T23:00:00+0200
2004,GF0405,Transport,2,GF04,PC_GDP,2.3,,2026-09-16T23:00:00+0200
2004,GF0406,Communication,2,GF04,MIO_EUR,202.1,,2026-09-16T23:00:00+0200
2004,GF0406,Communication,2,GF04,PC_GDP,0,,2026-09-16T23:00:00+0200
2004,GF0407,Other industries,2,GF04,MIO_EUR,5082.9,,2026-09-16T23:00:00+0200
2004,GF0407,Other industries,2,GF04,PC_GDP,0.3,,2026-09-16T23:00:00+0200
2004,GF0408,R&D Economic affairs,2,GF04,MIO_EUR,13072.8,,2026-09-16T23:00:00+0200
2004,GF0408,R&D Economic affairs,2,GF04,PC_GDP,0.8,,2026-09-16T23:00:00+0200
2004,GF0409,Economic affairs n.e.c.,2,GF04,MIO_EUR,1366.2,,2026-09-16T23:00:00+0200
2004,GF0409,Economic affairs n.e.c.,2,GF04,PC_GDP,0.1,,2026-09-16T23:00:00+0200
2004,GF05,Environmental protection,1,TOTAL,MIO_EUR,13351.7,,2026-09-16T23:00:00+0200
2004,GF05,Environmental protection,1,TOTAL,PC_GDP,0.8,,2026-09-16T23:00:00+0200
2004,GF0501,Waste management,2,GF05,MIO_EUR,6743.6,,2026-09-16T23:00:00+0200
2004,GF0501,Waste management,2,GF05,PC_GDP,0.4,,2026-09-16T23:00:00+0200
2004,GF0502,Waste water management,2,GF05,MIO_EUR,3054.5,,2026-09-16T23:00:00+0200
2004,GF0502,Waste water management,2,GF05,PC_GDP,0.2,,2026-09-16T23:00:00+0200
2004,GF0503,Pollution abatement,2,GF05,MIO_EUR,773.6,,2026-09-16T23:00:00+0200
2004,GF0503,Pollution abatement,2,GF05,PC_GDP,0,,2026-09-16T23:00:00+0200
2004,GF0504,Protection of biodiversity and landscape,2,GF05,MIO_EUR,840.4,,2026-09-16T23:00:00+0200
2004,GF0504,Protection of biodiversity and landscape,2,GF05,PC_GDP,0,,2026-09-16T23:00:00+0200
2004,GF0505,R&D Environmental protection,2,GF05,MIO_EUR,224.4,,2026-09-16T23:00:00+0200
2004,GF0505,R&D Environmental protection,2,GF05,PC_GDP,0,,2026-09-16T23:00:00+0200
2004,GF0506,Environmental protection n.e.c.,2,GF05,MIO_EUR,1715.2,,2026-09-16T23:00:00+0200
2004,GF0506,Environmental protection n.e.c.,2,GF05,PC_GDP,0.1,,2026-09-16T23:00:00+0200
2004,GF06,Housing and community amenities,1,TOTAL,MIO_EUR,20316.8,,2026-09-16T23:00:00+0200
2004,GF06,Housing and community amenities,1,TOTAL,PC_GDP,1.2,,2026-09-16T23:00:00+0200
2004,GF0601,Housing development,2,GF06,MIO_EUR,4065.3,,2026-09-16T23:00:00+0200
2004,GF0601,Housing development,2,GF06,PC_GDP,0.2,,2026-09-16T23:00:00+0200
2004,GF0602,Community development,2,GF06,MIO_EUR,12991.4,,2026-09-16T23:00:00+0200
2004,GF0602,Community development,2,GF06,PC_GDP,0.8,,2026-09-16T23:00:00+0200
2004,GF0603,Water supply,2,GF06,MIO_EUR,1947.6,,2026-09-16T23:00:00+0200
2004,GF0603,Water supply,2,GF06,PC_GDP,0.1,,2026-09-16T23:00:00+0200
2004,GF0604,Street lighting,2,GF06,MIO_EUR,1084.2,,2026-09-16T23:00:00+0200
2004,GF0604,Street lighting,2,GF06,PC_GDP,0.1,,2026-09-16T23:00:00+0200
2004,GF0605,R&D Housing and community amenities,2,GF06,MIO_EUR,8.2,,2026-09-16T23:00:00+0200
2004,GF0605,R&D Housing and community amenities,2,GF06,PC_GDP,0,,2026-09-16T23:00:00+0200
2004,GF0606,Housing and community amenities n.e.c.,2,GF06,MIO_EUR,220.2,,2026-09-16T23:00:00+0200
2004,GF0606,Housing and community amenities n.e.c.,2,GF06,PC_GDP,0,,2026-09-16T23:00:00+0200
2004,GF07,Health,1,TOTAL,MIO_EUR,129308.3,,2026-09-16T23:00:00+0200
2004,GF07,Health,1,TOTAL,PC_GDP,7.6,,2026-09-16T23:00:00+0200
2004,GF0701,"Medical products, appliances and equipment",2,GF07,MIO_EUR,21151.5,,2026-09-16T23:00:00+0200
2004,GF0701,"Medical products, appliances and equipment",2,GF07,PC_GDP,1.2,,2026-09-16T23:00:00+0200
2004,GF0702,Outpatient services,2,GF07,MIO_EUR,44134.4,,2026-09-16T23:00:00+0200
2004,GF0702,Outpatient services,2,GF07,PC_GDP,2.6,,2026-09-16T23:00:00+0200
2004,GF0703,Hospital services,2,GF07,MIO_EUR,55873.2,,2026-09-16T23:00:00+0200
2004,GF0703,Hospital services,2,GF07,PC_GDP,3.3,,2026-09-16T23:00:00+0200
2004,GF0704,Public health services,2,GF07,MIO_EUR,2949.4,,2026-09-16T23:00:00+0200
2004,GF0704,Public health services,2,GF07,PC_GDP,0.2,,2026-09-16T23:00:00+0200
2004,GF0705,R&D Health,2,GF07,MIO_EUR,4167.7,,2026-09-16T23:00:00+0200
2004,GF0705,R&D Health,2,GF07,PC_GDP,0.2,,2026-09-16T23:00:00+0200
2004,GF0706,Health n.e.c.,2,GF07,MIO_EUR,1032.1,,2026-09-16T23:00:00+0200
2004,GF0706,Health n.e.c.,2,GF07,PC_GDP,0.1,,2026-09-16T23:00:00+0200
2004,GF08,"Recreation, culture and religion",1,TOTAL,MIO_EUR,23950.1,,2026-09-16T23:00:00+0200
2004,GF08,"Recreation, culture and religion",1,TOTAL,PC_GDP,1.4,,2026-09-16T23:00:00+0200
2004,GF0801,Recreational and sporting services,2,GF08,MIO_EUR,8253.7,,2026-09-16T23:00:00+0200
2004,GF0801,Recreational and sporting services,2,GF08,PC_GDP,0.5,,2026-09-16T23:00:00+0200
2004,GF0802,Cultural services,2,GF08,MIO_EUR,10405.6,,2026-09-16T23:00:00+0200
2004,GF0802,Cultural services,2,GF08,PC_GDP,0.6,,2026-09-16T23:00:00+0200
2004,GF0803,Broadcasting and publishing services,2,GF08,MIO_EUR,5032.1,,2026-09-16T23:00:00+0200
2004,GF0803,Broadcasting and publishing services,2,GF08,PC_GDP,0.3,,2026-09-16T23:00:00+0200
2004,GF0804,Religious and other community services,2,GF08,MIO_EUR,258.7,,2026-09-16T23:00:00+0200
2004,GF0804,Religious and other community services,2,GF08,PC_GDP,0,,2026-09-16T23:00:00+0200
2004,GF0805,"R&D Recreation, culture and religion",2,GF08,MIO_EUR,0,,2026-09-16T23:00:00+0200
2004,GF0805,"R&D Recreation, culture and religion",2,GF08,PC_GDP,0,,2026-09-16T23:00:00+0200
2004,GF0806,"Recreation, culture and religion n.e.c.",2,GF08,MIO_EUR,0,,2026-09-16T23:00:00+0200
2004,GF0806,"Recreation, culture and religion n.e.c.",2,GF08,PC_GDP,0,,2026-09-16T23:00:00+0200
2004,GF09,Education,1,TOTAL,MIO_EUR,93270.5,,2026-09-16T23:00:00+0200
2004,GF09,Education,1,TOTAL,PC_GDP,5.5,,2026-09-16T23:00:00+0200
2004,GF0901,Pre-primary and primary education,2,GF09,MIO_EUR,24044.9,,2026-09-16T23:00:00+0200
2004,GF0901,Pre-primary and primary education,2,GF09,PC_GDP,1.4,,2026-09-16T23:00:00+0200
2004,GF0902,Secondary education,2,GF09,MIO_EUR,43399.3,,2026-09-16T23:00:00+0200
2004,GF0902,Secondary education,2,GF09,PC_GDP,2.6,,2026-09-16T23:00:00+0200
2004,GF0903,Post-secondary non-tertiary education,2,GF09,MIO_EUR,528.1,,2026-09-16T23:00:00+0200
2004,GF0903,Post-secondary non-tertiary education,2,GF09,PC_GDP,0,,2026-09-16T23:00:00+0200
2004,GF0904,Tertiary education,2,GF09,MIO_EUR,8543.4,,2026-09-16T23:00:00+0200
2004,GF0904,Tertiary education,2,GF09,PC_GDP,0.5,,2026-09-16T23:00:00+0200
2004,GF0905,Education not definable by level,2,GF09,MIO_EUR,5471.9,,2026-09-16T23:00:00+0200
2004,GF0905,Education not definable by level,2,GF09,PC_GDP,0.3,,2026-09-16T23:00:00+0200
2004,GF0906,Subsidiary services to education,2,GF09,MIO_EUR,9945.5,,2026-09-16T23:00:00+0200
2004,GF0906,Subsidiary services to education,2,GF09,PC_GDP,0.6,,2026-09-16T23:00:00+0200
2004,GF0907,R&D Education,2,GF09,MIO_EUR,2.1,,2026-09-16T23:00:00+0200
2004,GF0907,R&D Education,2,GF09,PC_GDP,0,,2026-09-16T23:00:00+0200
2004,GF0908,Education n.e.c.,2,GF09,MIO_EUR,1335.3,,2026-09-16T23:00:00+0200
2004,GF0908,Education n.e.c.,2,GF09,PC_GDP,0.1,,2026-09-16T23:00:00+0200
2004,GF10,Social protection,1,TOTAL,MIO_EUR,368050.4,,2026-09-16T23:00:00+0200
2004,GF10,Social protection,1,TOTAL,PC_GDP,21.7,,2026-09-16T23:00:00+0200
2004,GF1001,Sickness and disability,2,GF10,MIO_EUR,41857,,2026-09-16T23:00:00+0200
2004,GF1001,Sickness and disability,2,GF10,PC_GDP,2.5,,2026-09-16T23:00:00+0200
2004,GF1002,Old age,2,GF10,MIO_EUR,191056.7,,2026-09-16T23:00:00+0200
2004,GF1002,Old age,2,GF10,PC_GDP,11.3,,2026-09-16T23:00:00+0200
2004,GF1003,Survivors,2,GF10,MIO_EUR,25179,,2026-09-16T23:00:00+0200
2004,GF1003,Survivors,2,GF10,PC_GDP,1.5,,2026-09-16T23:00:00+0200
2004,GF1004,Family and children,2,GF10,MIO_EUR,41984.9,,2026-09-16T23:00:00+0200
2004,GF1004,Family and children,2,GF10,PC_GDP,2.5,,2026-09-16T23:00:00+0200
2004,GF1005,Unemployment,2,GF10,MIO_EUR,35147.1,,2026-09-16T23:00:00+0200
2004,GF1005,Unemployment,2,GF10,PC_GDP,2.1,,2026-09-16T23:00:00+0200
2004,GF1006,Housing,2,GF10,MIO_EUR,16866.5,,2026-09-16T23:00:00+0200
2004,GF1006,Housing,2,GF10,PC_GDP,1,,2026-09-16T23:00:00+0200
2004,GF1007,Social exclusion n.e.c.,2,GF10,MIO_EUR,12883.1,,2026-09-16T23:00:00+0200
2004,GF1007,Social exclusion n.e.c.,2,GF10,PC_GDP,0.8,,2026-09-16T23:00:00+0200
2004,GF1008,R&D Social protection,2,GF10,MIO_EUR,0,,2026-09-16T23:00:00+0200
2004,GF1008,R&D Social protection,2,GF10,PC_GDP,0,,2026-09-16T23:00:00+0200
2004,GF1009,Social protection n.e.c.,2,GF10,MIO_EUR,3076,,2026-09-16T23:00:00+0200
2004,GF1009,Social protection n.e.c.,2,GF10,PC_GDP,0.2,,2026-09-16T23:00:00+0200
2004,TOTAL,Total,0,,MIO_EUR,915906.4,,2026-09-16T23:00:00+0200
2004,TOTAL,Total,0,,PC_GDP,54,,2026-09-16T23:00:00+0200
2005,GF01,General public services,1,TOTAL,MIO_EUR,131093.5,,2026-09-16T23:00:00+0200
2005,GF01,General public services,1,TOTAL,PC_GDP,7.4,,2026-09-16T23:00:00+0200
2005,GF0101,"Executive and legislative organs, financial and fiscal affairs, external affairs",2,GF01,MIO_EUR,30999.8,,2026-09-16T23:00:00+0200
2005,GF0101,"Executive and legislative organs, financial and fiscal affairs, external affairs",2,GF01,PC_GDP,1.8,,2026-09-16T23:00:00+0200
2005,GF0102,Foreign economic aid,2,GF01,MIO_EUR,3244.1,,2026-09-16T23:00:00+0200
2005,GF0102,Foreign economic aid,2,GF01,PC_GDP,0.2,,2026-09-16T23:00:00+0200
2005,GF0103,General services,2,GF01,MIO_EUR,32846.9,,2026-09-16T23:00:00+0200
2005,GF0103,General services,2,GF01,PC_GDP,1.9,,2026-09-16T23:00:00+0200
2005,GF0104,Basic research,2,GF01,MIO_EUR,13186.4,,2026-09-16T23:00:00+0200
2005,GF0104,Basic research,2,GF01,PC_GDP,0.7,,2026-09-16T23:00:00+0200
2005,GF0105,R&D General public services,2,GF01,MIO_EUR,2.1,,2026-09-16T23:00:00+0200
2005,GF0105,R&D General public services,2,GF01,PC_GDP,0,,2026-09-16T23:00:00+0200
2005,GF0106,General public services n.e.c.,2,GF01,MIO_EUR,775.9,,2026-09-16T23:00:00+0200
2005,GF0106,General public services n.e.c.,2,GF01,PC_GDP,0,,2026-09-16T23:00:00+0200
2005,GF0107,Public debt transactions,2,GF01,MIO_EUR,50038.4,,2026-09-16T23:00:00+0200
2005,GF0107,Public debt transactions,2,GF01,PC_GDP,2.8,,2026-09-16T23:00:00+0200
2005,GF0108,Transfers of a general character between different levels of government,2,GF01,MIO_EUR,0,,2026-09-16T23:00:00+0200
2005,GF0108,Transfers of a general character between different levels of government,2,GF01,PC_GDP,0,,2026-09-16T23:00:00+0200
2005,GF02,Defence,1,TOTAL,MIO_EUR,31865,,2026-09-16T23:00:00+0200
2005,GF02,Defence,1,TOTAL,PC_GDP,1.8,,2026-09-16T23:00:00+0200
2005,GF0201,Military defence,2,GF02,MIO_EUR,27480.5,,2026-09-16T23:00:00+0200
2005,GF0201,Military defence,2,GF02,PC_GDP,1.6,,2026-09-16T23:00:00+0200
2005,GF0202,Civil defence,2,GF02,MIO_EUR,343.4,,2026-09-16T23:00:00+0200
2005,GF0202,Civil defence,2,GF02,PC_GDP,0,,2026-09-16T23:00:00+0200
2005,GF0203,Foreign military aid,2,GF02,MIO_EUR,1036.8,,2026-09-16T23:00:00+0200
2005,GF0203,Foreign military aid,2,GF02,PC_GDP,0.1,,2026-09-16T23:00:00+0200
2005,GF0204,R&D Defence,2,GF02,MIO_EUR,1965.1,,2026-09-16T23:00:00+0200
2005,GF0204,R&D Defence,2,GF02,PC_GDP,0.1,,2026-09-16T23:00:00+0200
2005,GF0205,Defence n.e.c.,2,GF02,MIO_EUR,1039.1,,2026-09-16T23:00:00+0200
2005,GF0205,Defence n.e.c.,2,GF02,PC_GDP,0.1,,2026-09-16T23:00:00+0200
2005,GF03,Public order and safety,1,TOTAL,MIO_EUR,26854.4,,2026-09-16T23:00:00+0200
2005,GF03,Public order and safety,1,TOTAL,PC_GDP,1.5,,2026-09-16T23:00:00+0200
2005,GF0301,Police services,2,GF03,MIO_EUR,15787.4,,2026-09-16T23:00:00+0200
2005,GF0301,Police services,2,GF03,PC_GDP,0.9,,2026-09-16T23:00:00+0200
2005,GF0302,Fire-protection services,2,GF03,MIO_EUR,4214.7,,2026-09-16T23:00:00+0200
2005,GF0302,Fire-protection services,2,GF03,PC_GDP,0.2,,2026-09-16T23:00:00+0200
2005,GF0303,Law courts,2,GF03,MIO_EUR,4151.5,,2026-09-16T23:00:00+0200
2005,GF0303,Law courts,2,GF03,PC_GDP,0.2,,2026-09-16T23:00:00+0200
2005,GF0304,Prisons,2,GF03,MIO_EUR,2138.7,,2026-09-16T23:00:00+0200
2005,GF0304,Prisons,2,GF03,PC_GDP,0.1,,2026-09-16T23:00:00+0200
2005,GF0305,R&D Public order and safety,2,GF03,MIO_EUR,10.2,,2026-09-16T23:00:00+0200
2005,GF0305,R&D Public order and safety,2,GF03,PC_GDP,0,,2026-09-16T23:00:00+0200
2005,GF0306,Public order and safety n.e.c.,2,GF03,MIO_EUR,551.9,,2026-09-16T23:00:00+0200
2005,GF0306,Public order and safety n.e.c.,2,GF03,PC_GDP,0,,2026-09-16T23:00:00+0200
2005,GF04,Economic affairs,1,TOTAL,MIO_EUR,90788.2,,2026-09-16T23:00:00+0200
2005,GF04,Economic affairs,1,TOTAL,PC_GDP,5.2,,2026-09-16T23:00:00+0200
2005,GF0401,"General economic, commercial and labour affairs",2,GF04,MIO_EUR,16068.7,,2026-09-16T23:00:00+0200
2005,GF0401,"General economic, commercial and labour affairs",2,GF04,PC_GDP,0.9,,2026-09-16T23:00:00+0200
2005,GF0402,"Agriculture, forestry, fishing and hunting",2,GF04,MIO_EUR,7037.2,,2026-09-16T23:00:00+0200
2005,GF0402,"Agriculture, forestry, fishing and hunting",2,GF04,PC_GDP,0.4,,2026-09-16T23:00:00+0200
2005,GF0403,Fuel and energy,2,GF04,MIO_EUR,4691.4,,2026-09-16T23:00:00+0200
2005,GF0403,Fuel and energy,2,GF04,PC_GDP,0.3,,2026-09-16T23:00:00+0200
2005,GF0404,"Mining, manufacturing and construction",2,GF04,MIO_EUR,542,,2026-09-16T23:00:00+0200
2005,GF0404,"Mining, manufacturing and construction",2,GF04,PC_GDP,0,,2026-09-16T23:00:00+0200
2005,GF0405,Transport,2,GF04,MIO_EUR,41069.7,,2026-09-16T23:00:00+0200
2005,GF0405,Transport,2,GF04,PC_GDP,2.3,,2026-09-16T23:00:00+0200
2005,GF0406,Communication,2,GF04,MIO_EUR,203.4,,2026-09-16T23:00:00+0200
2005,GF0406,Communication,2,GF04,PC_GDP,0,,2026-09-16T23:00:00+0200
2005,GF0407,Other industries,2,GF04,MIO_EUR,5401.4,,2026-09-16T23:00:00+0200
2005,GF0407,Other industries,2,GF04,PC_GDP,0.3,,2026-09-16T23:00:00+0200
2005,GF0408,R&D Economic affairs,2,GF04,MIO_EUR,14301.2,,2026-09-16T23:00:00+0200
2005,GF0408,R&D Economic affairs,2,GF04,PC_GDP,0.8,,2026-09-16T23:00:00+0200
2005,GF0409,Economic affairs n.e.c.,2,GF04,MIO_EUR,1473.2,,2026-09-16T23:00:00+0200
2005,GF0409,Economic affairs n.e.c.,2,GF04,PC_GDP,0.1,,2026-09-16T23:00:00+0200
2005,GF05,Environmental protection,1,TOTAL,MIO_EUR,14273.6,,2026-09-16T23:00:00+0200
2005,GF05,Environmental protection,1,TOTAL,PC_GDP,0.8,,2026-09-16T23:00:00+0200
2005,GF0501,Waste management,2,GF05,MIO_EUR,7096.9,,2026-09-16T23:00:00+0200
2005,GF0501,Waste management,2,GF05,PC_GDP,0.4,,2026-09-16T23:00:00+0200
2005,GF0502,Waste water management,2,GF05,MIO_EUR,3509.4,,2026-09-16T23:00:00+0200
2005,GF0502,Waste water management,2,GF05,PC_GDP,0.2,,2026-09-16T23:00:00+0200
2005,GF0503,Pollution abatement,2,GF05,MIO_EUR,825.3,,2026-09-16T23:00:00+0200
2005,GF0503,Pollution abatement,2,GF05,PC_GDP,0,,2026-09-16T23:00:00+0200
2005,GF0504,Protection of biodiversity and landscape,2,GF05,MIO_EUR,871.8,,2026-09-16T23:00:00+0200
2005,GF0504,Protection of biodiversity and landscape,2,GF05,PC_GDP,0,,2026-09-16T23:00:00+0200
2005,GF0505,R&D Environmental protection,2,GF05,MIO_EUR,381.2,,2026-09-16T23:00:00+0200
2005,GF0505,R&D Environmental protection,2,GF05,PC_GDP,0,,2026-09-16T23:00:00+0200
2005,GF0506,Environmental protection n.e.c.,2,GF05,MIO_EUR,1589.1,,2026-09-16T23:00:00+0200
2005,GF0506,Environmental protection n.e.c.,2,GF05,PC_GDP,0.1,,2026-09-16T23:00:00+0200
2005,GF06,Housing and community amenities,1,TOTAL,MIO_EUR,20245.1,,2026-09-16T23:00:00+0200
2005,GF06,Housing and community amenities,1,TOTAL,PC_GDP,1.1,,2026-09-16T23:00:00+0200
2005,GF0601,Housing development,2,GF06,MIO_EUR,3511.2,,2026-09-16T23:00:00+0200
2005,GF0601,Housing development,2,GF06,PC_GDP,0.2,,2026-09-16T23:00:00+0200
2005,GF0602,Community development,2,GF06,MIO_EUR,13355,,2026-09-16T23:00:00+0200
2005,GF0602,Community development,2,GF06,PC_GDP,0.8,,2026-09-16T23:00:00+0200
2005,GF0603,Water supply,2,GF06,MIO_EUR,2052,,2026-09-16T23:00:00+0200
2005,GF0603,Water supply,2,GF06,PC_GDP,0.1,,2026-09-16T23:00:00+0200
2005,GF0604,Street lighting,2,GF06,MIO_EUR,1090.7,,2026-09-16T23:00:00+0200
2005,GF0604,Street lighting,2,GF06,PC_GDP,0.1,,2026-09-16T23:00:00+0200
2005,GF0605,R&D Housing and community amenities,2,GF06,MIO_EUR,6.2,,2026-09-16T23:00:00+0200
2005,GF0605,R&D Housing and community amenities,2,GF06,PC_GDP,0,,2026-09-16T23:00:00+0200
2005,GF0606,Housing and community amenities n.e.c.,2,GF06,MIO_EUR,229.9,,2026-09-16T23:00:00+0200
2005,GF0606,Housing and community amenities n.e.c.,2,GF06,PC_GDP,0,,2026-09-16T23:00:00+0200
2005,GF07,Health,1,TOTAL,MIO_EUR,137428.1,,2026-09-16T23:00:00+0200
2005,GF07,Health,1,TOTAL,PC_GDP,7.8,,2026-09-16T23:00:00+0200
2005,GF0701,"Medical products, appliances and equipment",2,GF07,MIO_EUR,22403.6,,2026-09-16T23:00:00+0200
2005,GF0701,"Medical products, appliances and equipment",2,GF07,PC_GDP,1.3,,2026-09-16T23:00:00+0200
2005,GF0702,Outpatient services,2,GF07,MIO_EUR,46927.5,,2026-09-16T23:00:00+0200
2005,GF0702,Outpatient services,2,GF07,PC_GDP,2.7,,2026-09-16T23:00:00+0200
2005,GF0703,Hospital services,2,GF07,MIO_EUR,59046.3,,2026-09-16T23:00:00+0200
2005,GF0703,Hospital services,2,GF07,PC_GDP,3.4,,2026-09-16T23:00:00+0200
2005,GF0704,Public health services,2,GF07,MIO_EUR,3575.3,,2026-09-16T23:00:00+0200
2005,GF0704,Public health services,2,GF07,PC_GDP,0.2,,2026-09-16T23:00:00+0200
2005,GF0705,R&D Health,2,GF07,MIO_EUR,4393.6,,2026-09-16T23:00:00+0200
2005,GF0705,R&D Health,2,GF07,PC_GDP,0.2,,2026-09-16T23:00:00+0200
2005,GF0706,Health n.e.c.,2,GF07,MIO_EUR,1081.8,,2026-09-16T23:00:00+0200
2005,GF0706,Health n.e.c.,2,GF07,PC_GDP,0.1,,2026-09-16T23:00:00+0200
2005,GF08,"Recreation, culture and religion",1,TOTAL,MIO_EUR,25632.5,,2026-09-16T23:00:00+0200
2005,GF08,"Recreation, culture and religion",1,TOTAL,PC_GDP,1.5,,2026-09-16T23:00:00+0200
2005,GF0801,Recreational and sporting services,2,GF08,MIO_EUR,8899.2,,2026-09-16T23:00:00+0200
2005,GF0801,Recreational and sporting services,2,GF08,PC_GDP,0.5,,2026-09-16T23:00:00+0200
2005,GF0802,Cultural services,2,GF08,MIO_EUR,11144.3,,2026-09-16T23:00:00+0200
2005,GF0802,Cultural services,2,GF08,PC_GDP,0.6,,2026-09-16T23:00:00+0200
2005,GF0803,Broadcasting and publishing services,2,GF08,MIO_EUR,5305.4,,2026-09-16T23:00:00+0200
2005,GF0803,Broadcasting and publishing services,2,GF08,PC_GDP,0.3,,2026-09-16T23:00:00+0200
2005,GF0804,Religious and other community services,2,GF08,MIO_EUR,283.6,,2026-09-16T23:00:00+0200
2005,GF0804,Religious and other community services,2,GF08,PC_GDP,0,,2026-09-16T23:00:00+0200
2005,GF0805,"R&D Recreation, culture and religion",2,GF08,MIO_EUR,0,,2026-09-16T23:00:00+0200
2005,GF0805,"R&D Recreation, culture and religion",2,GF08,PC_GDP,0,,2026-09-16T23:00:00+0200
2005,GF0806,"Recreation, culture and religion n.e.c.",2,GF08,MIO_EUR,0,,2026-09-16T23:00:00+0200
2005,GF0806,"Recreation, culture and religion n.e.c.",2,GF08,PC_GDP,0,,2026-09-16T23:00:00+0200
2005,GF09,Education,1,TOTAL,MIO_EUR,96261.7,,2026-09-16T23:00:00+0200
2005,GF09,Education,1,TOTAL,PC_GDP,5.5,,2026-09-16T23:00:00+0200
2005,GF0901,Pre-primary and primary education,2,GF09,MIO_EUR,24714.9,,2026-09-16T23:00:00+0200
2005,GF0901,Pre-primary and primary education,2,GF09,PC_GDP,1.4,,2026-09-16T23:00:00+0200
2005,GF0902,Secondary education,2,GF09,MIO_EUR,44543.3,,2026-09-16T23:00:00+0200
2005,GF0902,Secondary education,2,GF09,PC_GDP,2.5,,2026-09-16T23:00:00+0200
2005,GF0903,Post-secondary non-tertiary education,2,GF09,MIO_EUR,693.5,,2026-09-16T23:00:00+0200
2005,GF0903,Post-secondary non-tertiary education,2,GF09,PC_GDP,0,,2026-09-16T23:00:00+0200
2005,GF0904,Tertiary education,2,GF09,MIO_EUR,8828.4,,2026-09-16T23:00:00+0200
2005,GF0904,Tertiary education,2,GF09,PC_GDP,0.5,,2026-09-16T23:00:00+0200
2005,GF0905,Education not definable by level,2,GF09,MIO_EUR,5979.9,,2026-09-16T23:00:00+0200
2005,GF0905,Education not definable by level,2,GF09,PC_GDP,0.3,,2026-09-16T23:00:00+0200
2005,GF0906,Subsidiary services to education,2,GF09,MIO_EUR,10129.7,,2026-09-16T23:00:00+0200
2005,GF0906,Subsidiary services to education,2,GF09,PC_GDP,0.6,,2026-09-16T23:00:00+0200
2005,GF0907,R&D Education,2,GF09,MIO_EUR,2.9,,2026-09-16T23:00:00+0200
2005,GF0907,R&D Education,2,GF09,PC_GDP,0,,2026-09-16T23:00:00+0200
2005,GF0908,Education n.e.c.,2,GF09,MIO_EUR,1369.2,,2026-09-16T23:00:00+0200
2005,GF0908,Education n.e.c.,2,GF09,PC_GDP,0.1,,2026-09-16T23:00:00+0200
2005,GF10,Social protection,1,TOTAL,MIO_EUR,381700.4,,2026-09-16T23:00:00+0200
2005,GF10,Social protection,1,TOTAL,PC_GDP,21.7,,2026-09-16T23:00:00+0200
2005,GF1001,Sickness and disability,2,GF10,MIO_EUR,43955.5,,2026-09-16T23:00:00+0200
2005,GF1001,Sickness and disability,2,GF10,PC_GDP,2.5,,2026-09-16T23:00:00+0200
2005,GF1002,Old age,2,GF10,MIO_EUR,200531.8,,2026-09-16T23:00:00+0200
2005,GF1002,Old age,2,GF10,PC_GDP,11.4,,2026-09-16T23:00:00+0200
2005,GF1003,Survivors,2,GF10,MIO_EUR,26448.7,,2026-09-16T23:00:00+0200
2005,GF1003,Survivors,2,GF10,PC_GDP,1.5,,2026-09-16T23:00:00+0200
2005,GF1004,Family and children,2,GF10,MIO_EUR,42829.6,,2026-09-16T23:00:00+0200
2005,GF1004,Family and children,2,GF10,PC_GDP,2.4,,2026-09-16T23:00:00+0200
2005,GF1005,Unemployment,2,GF10,MIO_EUR,34258.4,,2026-09-16T23:00:00+0200
2005,GF1005,Unemployment,2,GF10,PC_GDP,1.9,,2026-09-16T23:00:00+0200
2005,GF1006,Housing,2,GF10,MIO_EUR,16934.4,,2026-09-16T23:00:00+0200
2005,GF1006,Housing,2,GF10,PC_GDP,1,,2026-09-16T23:00:00+0200
2005,GF1007,Social exclusion n.e.c.,2,GF10,MIO_EUR,13504.8,,2026-09-16T23:00:00+0200
2005,GF1007,Social exclusion n.e.c.,2,GF10,PC_GDP,0.8,,2026-09-16T23:00:00+0200
2005,GF1008,R&D Social protection,2,GF10,MIO_EUR,0,,2026-09-16T23:00:00+0200
2005,GF1008,R&D Social protection,2,GF10,PC_GDP,0,,2026-09-16T23:00:00+0200
2005,GF1009,Social protection n.e.c.,2,GF10,MIO_EUR,3237.2,,2026-09-16T23:00:00+0200
2005,GF1009,Social protection n.e.c.,2,GF10,PC_GDP,0.2,,2026-09-16T23:00:00+0200
2005,TOTAL,Total,0,,MIO_EUR,956142.3,,2026-09-16T23:00:00+0200
2005,TOTAL,Total,0,,PC_GDP,54.3,,2026-09-16T23:00:00+0200
2006,GF01,General public services,1,TOTAL,MIO_EUR,130203.9,,2026-09-16T23:00:00+0200
2006,GF01,General public services,1,TOTAL,PC_GDP,7.1,,2026-09-16T23:00:00+0200
2006,GF0101,"Executive and legislative organs, financial and fiscal affairs, external affairs",2,GF01,MIO_EUR,30640.7,,2026-09-16T23:00:00+0200
2006,GF0101,"Executive and legislative organs, financial and fiscal affairs, external affairs",2,GF01,PC_GDP,1.7,,2026-09-16T23:00:00+0200
2006,GF0102,Foreign economic aid,2,GF01,MIO_EUR,2915.8,,2026-09-16T23:00:00+0200
2006,GF0102,Foreign economic aid,2,GF01,PC_GDP,0.2,,2026-09-16T23:00:00+0200
2006,GF0103,General services,2,GF01,MIO_EUR,34049.7,,2026-09-16T23:00:00+0200
2006,GF0103,General services,2,GF01,PC_GDP,1.8,,2026-09-16T23:00:00+0200
2006,GF0104,Basic research,2,GF01,MIO_EUR,12046.3,,2026-09-16T23:00:00+0200
2006,GF0104,Basic research,2,GF01,PC_GDP,0.7,,2026-09-16T23:00:00+0200
2006,GF0105,R&D General public services,2,GF01,MIO_EUR,1,,2026-09-16T23:00:00+0200
2006,GF0105,R&D General public services,2,GF01,PC_GDP,0,,2026-09-16T23:00:00+0200
2006,GF0106,General public services n.e.c.,2,GF01,MIO_EUR,787.6,,2026-09-16T23:00:00+0200
2006,GF0106,General public services n.e.c.,2,GF01,PC_GDP,0,,2026-09-16T23:00:00+0200
2006,GF0107,Public debt transactions,2,GF01,MIO_EUR,49762.7,,2026-09-16T23:00:00+0200
2006,GF0107,Public debt transactions,2,GF01,PC_GDP,2.7,,2026-09-16T23:00:00+0200
2006,GF0108,Transfers of a general character between different levels of government,2,GF01,MIO_EUR,0,,2026-09-16T23:00:00+0200
2006,GF0108,Transfers of a general character between different levels of government,2,GF01,PC_GDP,0,,2026-09-16T23:00:00+0200
2006,GF02,Defence,1,TOTAL,MIO_EUR,33862.2,,2026-09-16T23:00:00+0200
2006,GF02,Defence,1,TOTAL,PC_GDP,1.8,,2026-09-16T23:00:00+0200
2006,GF0201,Military defence,2,GF02,MIO_EUR,29044.6,,2026-09-16T23:00:00+0200
2006,GF0201,Military defence,2,GF02,PC_GDP,1.6,,2026-09-16T23:00:00+0200
2006,GF0202,Civil defence,2,GF02,MIO_EUR,344.7,,2026-09-16T23:00:00+0200
2006,GF0202,Civil defence,2,GF02,PC_GDP,0,,2026-09-16T23:00:00+0200
2006,GF0203,Foreign military aid,2,GF02,MIO_EUR,1371.9,,2026-09-16T23:00:00+0200
2006,GF0203,Foreign military aid,2,GF02,PC_GDP,0.1,,2026-09-16T23:00:00+0200
2006,GF0204,R&D Defence,2,GF02,MIO_EUR,2036.1,,2026-09-16T23:00:00+0200
2006,GF0204,R&D Defence,2,GF02,PC_GDP,0.1,,2026-09-16T23:00:00+0200
2006,GF0205,Defence n.e.c.,2,GF02,MIO_EUR,1064.9,,2026-09-16T23:00:00+0200
2006,GF0205,Defence n.e.c.,2,GF02,PC_GDP,0.1,,2026-09-16T23:00:00+0200
2006,GF03,Public order and safety,1,TOTAL,MIO_EUR,27414.5,,2026-09-16T23:00:00+0200
2006,GF03,Public order and safety,1,TOTAL,PC_GDP,1.5,,2026-09-16T23:00:00+0200
2006,GF0301,Police services,2,GF03,MIO_EUR,15990.8,,2026-09-16T23:00:00+0200
2006,GF0301,Police services,2,GF03,PC_GDP,0.9,,2026-09-16T23:00:00+0200
2006,GF0302,Fire-protection services,2,GF03,MIO_EUR,4528.5,,2026-09-16T23:00:00+0200
2006,GF0302,Fire-protection services,2,GF03,PC_GDP,0.2,,2026-09-16T23:00:00+0200
2006,GF0303,Law courts,2,GF03,MIO_EUR,4176.4,,2026-09-16T23:00:00+0200
2006,GF0303,Law courts,2,GF03,PC_GDP,0.2,,2026-09-16T23:00:00+0200
2006,GF0304,Prisons,2,GF03,MIO_EUR,2145.1,,2026-09-16T23:00:00+0200
2006,GF0304,Prisons,2,GF03,PC_GDP,0.1,,2026-09-16T23:00:00+0200
2006,GF0305,R&D Public order and safety,2,GF03,MIO_EUR,10.1,,2026-09-16T23:00:00+0200
2006,GF0305,R&D Public order and safety,2,GF03,PC_GDP,0,,2026-09-16T23:00:00+0200
2006,GF0306,Public order and safety n.e.c.,2,GF03,MIO_EUR,563.6,,2026-09-16T23:00:00+0200
2006,GF0306,Public order and safety n.e.c.,2,GF03,PC_GDP,0,,2026-09-16T23:00:00+0200
2006,GF04,Economic affairs,1,TOTAL,MIO_EUR,91706.3,,2026-09-16T23:00:00+0200
2006,GF04,Economic affairs,1,TOTAL,PC_GDP,5,,2026-09-16T23:00:00+0200
2006,GF0401,"General economic, commercial and labour affairs",2,GF04,MIO_EUR,16001.6,,2026-09-16T23:00:00+0200
2006,GF0401,"General economic, commercial and labour affairs",2,GF04,PC_GDP,0.9,,2026-09-16T23:00:00+0200
2006,GF0402,"Agriculture, forestry, fishing and hunting",2,GF04,MIO_EUR,7427.5,,2026-09-16T23:00:00+0200
2006,GF0402,"Agriculture, forestry, fishing and hunting",2,GF04,PC_GDP,0.4,,2026-09-16T23:00:00+0200
2006,GF0403,Fuel and energy,2,GF04,MIO_EUR,4756.8,,2026-09-16T23:00:00+0200
2006,GF0403,Fuel and energy,2,GF04,PC_GDP,0.3,,2026-09-16T23:00:00+0200
2006,GF0404,"Mining, manufacturing and construction",2,GF04,MIO_EUR,550.7,,2026-09-16T23:00:00+0200
2006,GF0404,"Mining, manufacturing and construction",2,GF04,PC_GDP,0,,2026-09-16T23:00:00+0200
2006,GF0405,Transport,2,GF04,MIO_EUR,41067.9,,2026-09-16T23:00:00+0200
2006,GF0405,Transport,2,GF04,PC_GDP,2.2,,2026-09-16T23:00:00+0200
2006,GF0406,Communication,2,GF04,MIO_EUR,187.1,,2026-09-16T23:00:00+0200
2006,GF0406,Communication,2,GF04,PC_GDP,0,,2026-09-16T23:00:00+0200
2006,GF0407,Other industries,2,GF04,MIO_EUR,5560.8,,2026-09-16T23:00:00+0200
2006,GF0407,Other industries,2,GF04,PC_GDP,0.3,,2026-09-16T23:00:00+0200
2006,GF0408,R&D Economic affairs,2,GF04,MIO_EUR,14603.5,,2026-09-16T23:00:00+0200
2006,GF0408,R&D Economic affairs,2,GF04,PC_GDP,0.8,,2026-09-16T23:00:00+0200
2006,GF0409,Economic affairs n.e.c.,2,GF04,MIO_EUR,1550.3,,2026-09-16T23:00:00+0200
2006,GF0409,Economic affairs n.e.c.,2,GF04,PC_GDP,0.1,,2026-09-16T23:00:00+0200
2006,GF05,Environmental protection,1,TOTAL,MIO_EUR,15428.2,,2026-09-16T23:00:00+0200
2006,GF05,Environmental protection,1,TOTAL,PC_GDP,0.8,,2026-09-16T23:00:00+0200
2006,GF0501,Waste management,2,GF05,MIO_EUR,7569.2,,2026-09-16T23:00:00+0200
2006,GF0501,Waste management,2,GF05,PC_GDP,0.4,,2026-09-16T23:00:00+0200
2006,GF0502,Waste water management,2,GF05,MIO_EUR,3657.4,,2026-09-16T23:00:00+0200
2006,GF0502,Waste water management,2,GF05,PC_GDP,0.2,,2026-09-16T23:00:00+0200
2006,GF0503,Pollution abatement,2,GF05,MIO_EUR,1044,,2026-09-16T23:00:00+0200
2006,GF0503,Pollution abatement,2,GF05,PC_GDP,0.1,,2026-09-16T23:00:00+0200
2006,GF0504,Protection of biodiversity and landscape,2,GF05,MIO_EUR,916.5,,2026-09-16T23:00:00+0200
2006,GF0504,Protection of biodiversity and landscape,2,GF05,PC_GDP,0,,2026-09-16T23:00:00+0200
2006,GF0505,R&D Environmental protection,2,GF05,MIO_EUR,471.5,,2026-09-16T23:00:00+0200
2006,GF0505,R&D Environmental protection,2,GF05,PC_GDP,0,,2026-09-16T23:00:00+0200
2006,GF0506,Environmental protection n.e.c.,2,GF05,MIO_EUR,1769.6,,2026-09-16T23:00:00+0200
2006,GF0506,Environmental protection n.e.c.,2,GF05,PC_GDP,0.1,,2026-09-16T23:00:00+0200
2006,GF06,Housing and community amenities,1,TOTAL,MIO_EUR,22123.5,,2026-09-16T23:00:00+0200
2006,GF06,Housing and community amenities,1,TOTAL,PC_GDP,1.2,,2026-09-16T23:00:00+0200
2006,GF0601,Housing development,2,GF06,MIO_EUR,4766.6,,2026-09-16T23:00:00+0200
2006,GF0601,Housing development,2,GF06,PC_GDP,0.3,,2026-09-16T23:00:00+0200
2006,GF0602,Community development,2,GF06,MIO_EUR,13606.9,,2026-09-16T23:00:00+0200
2006,GF0602,Community development,2,GF06,PC_GDP,0.7,,2026-09-16T23:00:00+0200
2006,GF0603,Water supply,2,GF06,MIO_EUR,2261.7,,2026-09-16T23:00:00+0200
2006,GF0603,Water supply,2,GF06,PC_GDP,0.1,,2026-09-16T23:00:00+0200
2006,GF0604,Street lighting,2,GF06,MIO_EUR,1204.8,,2026-09-16T23:00:00+0200
2006,GF0604,Street lighting,2,GF06,PC_GDP,0.1,,2026-09-16T23:00:00+0200
2006,GF0605,R&D Housing and community amenities,2,GF06,MIO_EUR,4.1,,2026-09-16T23:00:00+0200
2006,GF0605,R&D Housing and community amenities,2,GF06,PC_GDP,0,,2026-09-16T23:00:00+0200
2006,GF0606,Housing and community amenities n.e.c.,2,GF06,MIO_EUR,279.5,,2026-09-16T23:00:00+0200
2006,GF0606,Housing and community amenities n.e.c.,2,GF06,PC_GDP,0,,2026-09-16T23:00:00+0200
2006,GF07,Health,1,TOTAL,MIO_EUR,142087.6,,2026-09-16T23:00:00+0200
2006,GF07,Health,1,TOTAL,PC_GDP,7.7,,2026-09-16T23:00:00+0200
2006,GF0701,"Medical products, appliances and equipment",2,GF07,MIO_EUR,22683.5,,2026-09-16T23:00:00+0200
2006,GF0701,"Medical products, appliances and equipment",2,GF07,PC_GDP,1.2,,2026-09-16T23:00:00+0200
2006,GF0702,Outpatient services,2,GF07,MIO_EUR,50080.8,,2026-09-16T23:00:00+0200
2006,GF0702,Outpatient services,2,GF07,PC_GDP,2.7,,2026-09-16T23:00:00+0200
2006,GF0703,Hospital services,2,GF07,MIO_EUR,60636.3,,2026-09-16T23:00:00+0200
2006,GF0703,Hospital services,2,GF07,PC_GDP,3.3,,2026-09-16T23:00:00+0200
2006,GF0704,Public health services,2,GF07,MIO_EUR,3265.9,,2026-09-16T23:00:00+0200
2006,GF0704,Public health services,2,GF07,PC_GDP,0.2,,2026-09-16T23:00:00+0200
2006,GF0705,R&D Health,2,GF07,MIO_EUR,4323.2,,2026-09-16T23:00:00+0200
2006,GF0705,R&D Health,2,GF07,PC_GDP,0.2,,2026-09-16T23:00:00+0200
2006,GF0706,Health n.e.c.,2,GF07,MIO_EUR,1097.9,,2026-09-16T23:00:00+0200
2006,GF0706,Health n.e.c.,2,GF07,PC_GDP,0.1,,2026-09-16T23:00:00+0200
2006,GF08,"Recreation, culture and religion",1,TOTAL,MIO_EUR,27615.4,,2026-09-16T23:00:00+0200
2006,GF08,"Recreation, culture and religion",1,TOTAL,PC_GDP,1.5,,2026-09-16T23:00:00+0200
2006,GF0801,Recreational and sporting services,2,GF08,MIO_EUR,9567.2,,2026-09-16T23:00:00+0200
2006,GF0801,Recreational and sporting services,2,GF08,PC_GDP,0.5,,2026-09-16T23:00:00+0200
2006,GF0802,Cultural services,2,GF08,MIO_EUR,12199.6,,2026-09-16T23:00:00+0200
2006,GF0802,Cultural services,2,GF08,PC_GDP,0.7,,2026-09-16T23:00:00+0200
2006,GF0803,Broadcasting and publishing services,2,GF08,MIO_EUR,5542.4,,2026-09-16T23:00:00+0200
2006,GF0803,Broadcasting and publishing services,2,GF08,PC_GDP,0.3,,2026-09-16T23:00:00+0200
2006,GF0804,Religious and other community services,2,GF08,MIO_EUR,306.3,,2026-09-16T23:00:00+0200
2006,GF0804,Religious and other community services,2,GF08,PC_GDP,0,,2026-09-16T23:00:00+0200
2006,GF0805,"R&D Recreation, culture and religion",2,GF08,MIO_EUR,0,,2026-09-16T23:00:00+0200
2006,GF0805,"R&D Recreation, culture and religion",2,GF08,PC_GDP,0,,2026-09-16T23:00:00+0200
2006,GF0806,"Recreation, culture and religion n.e.c.",2,GF08,MIO_EUR,0,,2026-09-16T23:00:00+0200
2006,GF0806,"Recreation, culture and religion n.e.c.",2,GF08,PC_GDP,0,,2026-09-16T23:00:00+0200
2006,GF09,Education,1,TOTAL,MIO_EUR,99860.3,,2026-09-16T23:00:00+0200
2006,GF09,Education,1,TOTAL,PC_GDP,5.4,,2026-09-16T23:00:00+0200
2006,GF0901,Pre-primary and primary education,2,GF09,MIO_EUR,25346,,2026-09-16T23:00:00+0200
2006,GF0901,Pre-primary and primary education,2,GF09,PC_GDP,1.4,,2026-09-16T23:00:00+0200
2006,GF0902,Secondary education,2,GF09,MIO_EUR,45905.7,,2026-09-16T23:00:00+0200
2006,GF0902,Secondary education,2,GF09,PC_GDP,2.5,,2026-09-16T23:00:00+0200
2006,GF0903,Post-secondary non-tertiary education,2,GF09,MIO_EUR,850,,2026-09-16T23:00:00+0200
2006,GF0903,Post-secondary non-tertiary education,2,GF09,PC_GDP,0,,2026-09-16T23:00:00+0200
2006,GF0904,Tertiary education,2,GF09,MIO_EUR,9115.3,,2026-09-16T23:00:00+0200
2006,GF0904,Tertiary education,2,GF09,PC_GDP,0.5,,2026-09-16T23:00:00+0200
2006,GF0905,Education not definable by level,2,GF09,MIO_EUR,6533.1,,2026-09-16T23:00:00+0200
2006,GF0905,Education not definable by level,2,GF09,PC_GDP,0.4,,2026-09-16T23:00:00+0200
2006,GF0906,Subsidiary services to education,2,GF09,MIO_EUR,10703.4,,2026-09-16T23:00:00+0200
2006,GF0906,Subsidiary services to education,2,GF09,PC_GDP,0.6,,2026-09-16T23:00:00+0200
2006,GF0907,R&D Education,2,GF09,MIO_EUR,2.9,,2026-09-16T23:00:00+0200
2006,GF0907,R&D Education,2,GF09,PC_GDP,0,,2026-09-16T23:00:00+0200
2006,GF0908,Education n.e.c.,2,GF09,MIO_EUR,1404,,2026-09-16T23:00:00+0200
2006,GF0908,Education n.e.c.,2,GF09,PC_GDP,0.1,,2026-09-16T23:00:00+0200
2006,GF10,Social protection,1,TOTAL,MIO_EUR,401939,,2026-09-16T23:00:00+0200
2006,GF10,Social protection,1,TOTAL,PC_GDP,21.8,,2026-09-16T23:00:00+0200
2006,GF1001,Sickness and disability,2,GF10,MIO_EUR,45193.2,,2026-09-16T23:00:00+0200
2006,GF1001,Sickness and disability,2,GF10,PC_GDP,2.4,,2026-09-16T23:00:00+0200
2006,GF1002,Old age,2,GF10,MIO_EUR,215498.6,,2026-09-16T23:00:00+0200
2006,GF1002,Old age,2,GF10,PC_GDP,11.7,,2026-09-16T23:00:00+0200
2006,GF1003,Survivors,2,GF10,MIO_EUR,27271.1,,2026-09-16T23:00:00+0200
2006,GF1003,Survivors,2,GF10,PC_GDP,1.5,,2026-09-16T23:00:00+0200
2006,GF1004,Family and children,2,GF10,MIO_EUR,44942.2,,2026-09-16T23:00:00+0200
2006,GF1004,Family and children,2,GF10,PC_GDP,2.4,,2026-09-16T23:00:00+0200
2006,GF1005,Unemployment,2,GF10,MIO_EUR,33105.6,,2026-09-16T23:00:00+0200
2006,GF1005,Unemployment,2,GF10,PC_GDP,1.8,,2026-09-16T23:00:00+0200
2006,GF1006,Housing,2,GF10,MIO_EUR,17097.5,,2026-09-16T23:00:00+0200
2006,GF1006,Housing,2,GF10,PC_GDP,0.9,,2026-09-16T23:00:00+0200
2006,GF1007,Social exclusion n.e.c.,2,GF10,MIO_EUR,15303.7,,2026-09-16T23:00:00+0200
2006,GF1007,Social exclusion n.e.c.,2,GF10,PC_GDP,0.8,,2026-09-16T23:00:00+0200
2006,GF1008,R&D Social protection,2,GF10,MIO_EUR,0,,2026-09-16T23:00:00+0200
2006,GF1008,R&D Social protection,2,GF10,PC_GDP,0,,2026-09-16T23:00:00+0200
2006,GF1009,Social protection n.e.c.,2,GF10,MIO_EUR,3527.1,,2026-09-16T23:00:00+0200
2006,GF1009,Social protection n.e.c.,2,GF10,PC_GDP,0.2,,2026-09-16T23:00:00+0200
2006,TOTAL,Total,0,,MIO_EUR,992240.8,,2026-09-16T23:00:00+0200
2006,TOTAL,Total,0,,PC_GDP,53.8,,2026-09-16T23:00:00+0200
2007,GF01,General public services,1,TOTAL,MIO_EUR,137333.2,,2026-09-16T23:00:00+0200
2007,GF01,General public services,1,TOTAL,PC_GDP,7.1,,2026-09-16T23:00:00+0200
2007,GF0101,"Executive and legislative organs, financial and fiscal affairs, external affairs",2,GF01,MIO_EUR,30906.3,,2026-09-16T23:00:00+0200
2007,GF0101,"Executive and legislative organs, financial and fiscal affairs, external affairs",2,GF01,PC_GDP,1.6,,2026-09-16T23:00:00+0200
2007,GF0102,Foreign economic aid,2,GF01,MIO_EUR,3040.9,,2026-09-16T23:00:00+0200
2007,GF0102,Foreign economic aid,2,GF01,PC_GDP,0.2,,2026-09-16T23:00:00+0200
2007,GF0103,General services,2,GF01,MIO_EUR,36886.7,,2026-09-16T23:00:00+0200
2007,GF0103,General services,2,GF01,PC_GDP,1.9,,2026-09-16T23:00:00+0200
2007,GF0104,Basic research,2,GF01,MIO_EUR,12473.1,,2026-09-16T23:00:00+0200
2007,GF0104,Basic research,2,GF01,PC_GDP,0.6,,2026-09-16T23:00:00+0200
2007,GF0105,R&D General public services,2,GF01,MIO_EUR,3.1,,2026-09-16T23:00:00+0200
2007,GF0105,R&D General public services,2,GF01,PC_GDP,0,,2026-09-16T23:00:00+0200
2007,GF0106,General public services n.e.c.,2,GF01,MIO_EUR,860.9,,2026-09-16T23:00:00+0200
2007,GF0106,General public services n.e.c.,2,GF01,PC_GDP,0,,2026-09-16T23:00:00+0200
2007,GF0107,Public debt transactions,2,GF01,MIO_EUR,53162.1,,2026-09-16T23:00:00+0200
2007,GF0107,Public debt transactions,2,GF01,PC_GDP,2.7,,2026-09-16T23:00:00+0200
2007,GF0108,Transfers of a general character between different levels of government,2,GF01,MIO_EUR,0,,2026-09-16T23:00:00+0200
2007,GF0108,Transfers of a general character between different levels of government,2,GF01,PC_GDP,0,,2026-09-16T23:00:00+0200
2007,GF02,Defence,1,TOTAL,MIO_EUR,34121.4,,2026-09-16T23:00:00+0200
2007,GF02,Defence,1,TOTAL,PC_GDP,1.8,,2026-09-16T23:00:00+0200
2007,GF0201,Military defence,2,GF02,MIO_EUR,29104.9,,2026-09-16T23:00:00+0200
2007,GF0201,Military defence,2,GF02,PC_GDP,1.5,,2026-09-16T23:00:00+0200
2007,GF0202,Civil defence,2,GF02,MIO_EUR,347.5,,2026-09-16T23:00:00+0200
2007,GF0202,Civil defence,2,GF02,PC_GDP,0,,2026-09-16T23:00:00+0200
2007,GF0203,Foreign military aid,2,GF02,MIO_EUR,1501.3,,2026-09-16T23:00:00+0200
2007,GF0203,Foreign military aid,2,GF02,PC_GDP,0.1,,2026-09-16T23:00:00+0200
2007,GF0204,R&D Defence,2,GF02,MIO_EUR,2080,,2026-09-16T23:00:00+0200
2007,GF0204,R&D Defence,2,GF02,PC_GDP,0.1,,2026-09-16T23:00:00+0200
2007,GF0205,Defence n.e.c.,2,GF02,MIO_EUR,1087.7,,2026-09-16T23:00:00+0200
2007,GF0205,Defence n.e.c.,2,GF02,PC_GDP,0.1,,2026-09-16T23:00:00+0200
2007,GF03,Public order and safety,1,TOTAL,MIO_EUR,28477.4,,2026-09-16T23:00:00+0200
2007,GF03,Public order and safety,1,TOTAL,PC_GDP,1.5,,2026-09-16T23:00:00+0200
2007,GF0301,Police services,2,GF03,MIO_EUR,16547.2,,2026-09-16T23:00:00+0200
2007,GF0301,Police services,2,GF03,PC_GDP,0.9,,2026-09-16T23:00:00+0200
2007,GF0302,Fire-protection services,2,GF03,MIO_EUR,4817.7,,2026-09-16T23:00:00+0200
2007,GF0302,Fire-protection services,2,GF03,PC_GDP,0.2,,2026-09-16T23:00:00+0200
2007,GF0303,Law courts,2,GF03,MIO_EUR,4306.7,,2026-09-16T23:00:00+0200
2007,GF0303,Law courts,2,GF03,PC_GDP,0.2,,2026-09-16T23:00:00+0200
2007,GF0304,Prisons,2,GF03,MIO_EUR,2213.6,,2026-09-16T23:00:00+0200
2007,GF0304,Prisons,2,GF03,PC_GDP,0.1,,2026-09-16T23:00:00+0200
2007,GF0305,R&D Public order and safety,2,GF03,MIO_EUR,10.1,,2026-09-16T23:00:00+0200
2007,GF0305,R&D Public order and safety,2,GF03,PC_GDP,0,,2026-09-16T23:00:00+0200
2007,GF0306,Public order and safety n.e.c.,2,GF03,MIO_EUR,582.2,,2026-09-16T23:00:00+0200
2007,GF0306,Public order and safety n.e.c.,2,GF03,PC_GDP,0,,2026-09-16T23:00:00+0200
2007,GF04,Economic affairs,1,TOTAL,MIO_EUR,97222,,2026-09-16T23:00:00+0200
2007,GF04,Economic affairs,1,TOTAL,PC_GDP,5,,2026-09-16T23:00:00+0200
2007,GF0401,"General economic, commercial and labour affairs",2,GF04,MIO_EUR,18624.2,,2026-09-16T23:00:00+0200
2007,GF0401,"General economic, commercial and labour affairs",2,GF04,PC_GDP,1,,2026-09-16T23:00:00+0200
2007,GF0402,"Agriculture, forestry, fishing and hunting",2,GF04,MIO_EUR,7389.7,,2026-09-16T23:00:00+0200
2007,GF0402,"Agriculture, forestry, fishing and hunting",2,GF04,PC_GDP,0.4,,2026-09-16T23:00:00+0200
2007,GF0403,Fuel and energy,2,GF04,MIO_EUR,4978.2,,2026-09-16T23:00:00+0200
2007,GF0403,Fuel and energy,2,GF04,PC_GDP,0.3,,2026-09-16T23:00:00+0200
2007,GF0404,"Mining, manufacturing and construction",2,GF04,MIO_EUR,555.4,,2026-09-16T23:00:00+0200
2007,GF0404,"Mining, manufacturing and construction",2,GF04,PC_GDP,0,,2026-09-16T23:00:00+0200
2007,GF0405,Transport,2,GF04,MIO_EUR,42723.3,,2026-09-16T23:00:00+0200
2007,GF0405,Transport,2,GF04,PC_GDP,2.2,,2026-09-16T23:00:00+0200
2007,GF0406,Communication,2,GF04,MIO_EUR,169.2,,2026-09-16T23:00:00+0200
2007,GF0406,Communication,2,GF04,PC_GDP,0,,2026-09-16T23:00:00+0200
2007,GF0407,Other industries,2,GF04,MIO_EUR,6999.6,,2026-09-16T23:00:00+0200
2007,GF0407,Other industries,2,GF04,PC_GDP,0.4,,2026-09-16T23:00:00+0200
2007,GF0408,R&D Economic affairs,2,GF04,MIO_EUR,14198.9,,2026-09-16T23:00:00+0200
2007,GF0408,R&D Economic affairs,2,GF04,PC_GDP,0.7,,2026-09-16T23:00:00+0200
2007,GF0409,Economic affairs n.e.c.,2,GF04,MIO_EUR,1583.6,,2026-09-16T23:00:00+0200
2007,GF0409,Economic affairs n.e.c.,2,GF04,PC_GDP,0.1,,2026-09-16T23:00:00+0200
2007,GF05,Environmental protection,1,TOTAL,MIO_EUR,15813.4,,2026-09-16T23:00:00+0200
2007,GF05,Environmental protection,1,TOTAL,PC_GDP,0.8,,2026-09-16T23:00:00+0200
2007,GF0501,Waste management,2,GF05,MIO_EUR,7830.3,,2026-09-16T23:00:00+0200
2007,GF0501,Waste management,2,GF05,PC_GDP,0.4,,2026-09-16T23:00:00+0200
2007,GF0502,Waste water management,2,GF05,MIO_EUR,3917.1,,2026-09-16T23:00:00+0200
2007,GF0502,Waste water management,2,GF05,PC_GDP,0.2,,2026-09-16T23:00:00+0200
2007,GF0503,Pollution abatement,2,GF05,MIO_EUR,1109.3,,2026-09-16T23:00:00+0200
2007,GF0503,Pollution abatement,2,GF05,PC_GDP,0.1,,2026-09-16T23:00:00+0200
2007,GF0504,Protection of biodiversity and landscape,2,GF05,MIO_EUR,964.2,,2026-09-16T23:00:00+0200
2007,GF0504,Protection of biodiversity and landscape,2,GF05,PC_GDP,0,,2026-09-16T23:00:00+0200
2007,GF0505,R&D Environmental protection,2,GF05,MIO_EUR,470.2,,2026-09-16T23:00:00+0200
2007,GF0505,R&D Environmental protection,2,GF05,PC_GDP,0,,2026-09-16T23:00:00+0200
2007,GF0506,Environmental protection n.e.c.,2,GF05,MIO_EUR,1522.2,,2026-09-16T23:00:00+0200
2007,GF0506,Environmental protection n.e.c.,2,GF05,PC_GDP,0.1,,2026-09-16T23:00:00+0200
2007,GF06,Housing and community amenities,1,TOTAL,MIO_EUR,24691.4,,2026-09-16T23:00:00+0200
2007,GF06,Housing and community amenities,1,TOTAL,PC_GDP,1.3,,2026-09-16T23:00:00+0200
2007,GF0601,Housing development,2,GF06,MIO_EUR,6096.1,,2026-09-16T23:00:00+0200
2007,GF0601,Housing development,2,GF06,PC_GDP,0.3,,2026-09-16T23:00:00+0200
2007,GF0602,Community development,2,GF06,MIO_EUR,14664,,2026-09-16T23:00:00+0200
2007,GF0602,Community development,2,GF06,PC_GDP,0.8,,2026-09-16T23:00:00+0200
2007,GF0603,Water supply,2,GF06,MIO_EUR,2424.3,,2026-09-16T23:00:00+0200
2007,GF0603,Water supply,2,GF06,PC_GDP,0.1,,2026-09-16T23:00:00+0200
2007,GF0604,Street lighting,2,GF06,MIO_EUR,1258.5,,2026-09-16T23:00:00+0200
2007,GF0604,Street lighting,2,GF06,PC_GDP,0.1,,2026-09-16T23:00:00+0200
2007,GF0605,R&D Housing and community amenities,2,GF06,MIO_EUR,0,,2026-09-16T23:00:00+0200
2007,GF0605,R&D Housing and community amenities,2,GF06,PC_GDP,0,,2026-09-16T23:00:00+0200
2007,GF0606,Housing and community amenities n.e.c.,2,GF06,MIO_EUR,248.6,,2026-09-16T23:00:00+0200
2007,GF0606,Housing and community amenities n.e.c.,2,GF06,PC_GDP,0,,2026-09-16T23:00:00+0200
2007,GF07,Health,1,TOTAL,MIO_EUR,147175.4,,2026-09-16T23:00:00+0200
2007,GF07,Health,1,TOTAL,PC_GDP,7.6,,2026-09-16T23:00:00+0200
2007,GF0701,"Medical products, appliances and equipment",2,GF07,MIO_EUR,24094.9,,2026-09-16T23:00:00+0200
2007,GF0701,"Medical products, appliances and equipment",2,GF07,PC_GDP,1.2,,2026-09-16T23:00:00+0200
2007,GF0702,Outpatient services,2,GF07,MIO_EUR,52415,,2026-09-16T23:00:00+0200
2007,GF0702,Outpatient services,2,GF07,PC_GDP,2.7,,2026-09-16T23:00:00+0200
2007,GF0703,Hospital services,2,GF07,MIO_EUR,61768,,2026-09-16T23:00:00+0200
2007,GF0703,Hospital services,2,GF07,PC_GDP,3.2,,2026-09-16T23:00:00+0200
2007,GF0704,Public health services,2,GF07,MIO_EUR,3006.6,,2026-09-16T23:00:00+0200
2007,GF0704,Public health services,2,GF07,PC_GDP,0.2,,2026-09-16T23:00:00+0200
2007,GF0705,R&D Health,2,GF07,MIO_EUR,4764.8,,2026-09-16T23:00:00+0200
2007,GF0705,R&D Health,2,GF07,PC_GDP,0.2,,2026-09-16T23:00:00+0200
2007,GF0706,Health n.e.c.,2,GF07,MIO_EUR,1126.2,,2026-09-16T23:00:00+0200
2007,GF0706,Health n.e.c.,2,GF07,PC_GDP,0.1,,2026-09-16T23:00:00+0200
2007,GF08,"Recreation, culture and religion",1,TOTAL,MIO_EUR,28803.1,,2026-09-16T23:00:00+0200
2007,GF08,"Recreation, culture and religion",1,TOTAL,PC_GDP,1.5,,2026-09-16T23:00:00+0200
2007,GF0801,Recreational and sporting services,2,GF08,MIO_EUR,10130.7,,2026-09-16T23:00:00+0200
2007,GF0801,Recreational and sporting services,2,GF08,PC_GDP,0.5,,2026-09-16T23:00:00+0200
2007,GF0802,Cultural services,2,GF08,MIO_EUR,12593.3,,2026-09-16T23:00:00+0200
2007,GF0802,Cultural services,2,GF08,PC_GDP,0.6,,2026-09-16T23:00:00+0200
2007,GF0803,Broadcasting and publishing services,2,GF08,MIO_EUR,5751.2,,2026-09-16T23:00:00+0200
2007,GF0803,Broadcasting and publishing services,2,GF08,PC_GDP,0.3,,2026-09-16T23:00:00+0200
2007,GF0804,Religious and other community services,2,GF08,MIO_EUR,327.9,,2026-09-16T23:00:00+0200
2007,GF0804,Religious and other community services,2,GF08,PC_GDP,0,,2026-09-16T23:00:00+0200
2007,GF0805,"R&D Recreation, culture and religion",2,GF08,MIO_EUR,0,,2026-09-16T23:00:00+0200
2007,GF0805,"R&D Recreation, culture and religion",2,GF08,PC_GDP,0,,2026-09-16T23:00:00+0200
2007,GF0806,"Recreation, culture and religion n.e.c.",2,GF08,MIO_EUR,0,,2026-09-16T23:00:00+0200
2007,GF0806,"Recreation, culture and religion n.e.c.",2,GF08,PC_GDP,0,,2026-09-16T23:00:00+0200
2007,GF09,Education,1,TOTAL,MIO_EUR,101519.2,,2026-09-16T23:00:00+0200
2007,GF09,Education,1,TOTAL,PC_GDP,5.2,,2026-09-16T23:00:00+0200
2007,GF0901,Pre-primary and primary education,2,GF09,MIO_EUR,25807.8,,2026-09-16T23:00:00+0200
2007,GF0901,Pre-primary and primary education,2,GF09,PC_GDP,1.3,,2026-09-16T23:00:00+0200
2007,GF0902,Secondary education,2,GF09,MIO_EUR,46541.8,,2026-09-16T23:00:00+0200
2007,GF0902,Secondary education,2,GF09,PC_GDP,2.4,,2026-09-16T23:00:00+0200
2007,GF0903,Post-secondary non-tertiary education,2,GF09,MIO_EUR,969,,2026-09-16T23:00:00+0200
2007,GF0903,Post-secondary non-tertiary education,2,GF09,PC_GDP,0.1,,2026-09-16T23:00:00+0200
2007,GF0904,Tertiary education,2,GF09,MIO_EUR,8795.9,,2026-09-16T23:00:00+0200
2007,GF0904,Tertiary education,2,GF09,PC_GDP,0.5,,2026-09-16T23:00:00+0200
2007,GF0905,Education not definable by level,2,GF09,MIO_EUR,7166.5,,2026-09-16T23:00:00+0200
2007,GF0905,Education not definable by level,2,GF09,PC_GDP,0.4,,2026-09-16T23:00:00+0200
2007,GF0906,Subsidiary services to education,2,GF09,MIO_EUR,10884.9,,2026-09-16T23:00:00+0200
2007,GF0906,Subsidiary services to education,2,GF09,PC_GDP,0.6,,2026-09-16T23:00:00+0200
2007,GF0907,R&D Education,2,GF09,MIO_EUR,2.9,,2026-09-16T23:00:00+0200
2007,GF0907,R&D Education,2,GF09,PC_GDP,0,,2026-09-16T23:00:00+0200
2007,GF0908,Education n.e.c.,2,GF09,MIO_EUR,1350.4,,2026-09-16T23:00:00+0200
2007,GF0908,Education n.e.c.,2,GF09,PC_GDP,0.1,,2026-09-16T23:00:00+0200
2007,GF10,Social protection,1,TOTAL,MIO_EUR,424131.1,,2026-09-16T23:00:00+0200
2007,GF10,Social protection,1,TOTAL,PC_GDP,21.9,,2026-09-16T23:00:00+0200
2007,GF1001,Sickness and disability,2,GF10,MIO_EUR,49599.4,,2026-09-16T23:00:00+0200
2007,GF1001,Sickness and disability,2,GF10,PC_GDP,2.6,,2026-09-16T23:00:00+0200
2007,GF1002,Old age,2,GF10,MIO_EUR,227578.5,,2026-09-16T23:00:00+0200
2007,GF1002,Old age,2,GF10,PC_GDP,11.7,,2026-09-16T23:00:00+0200
2007,GF1003,Survivors,2,GF10,MIO_EUR,28076.4,,2026-09-16T23:00:00+0200
2007,GF1003,Survivors,2,GF10,PC_GDP,1.4,,2026-09-16T23:00:00+0200
2007,GF1004,Family and children,2,GF10,MIO_EUR,48713.2,,2026-09-16T23:00:00+0200
2007,GF1004,Family and children,2,GF10,PC_GDP,2.5,,2026-09-16T23:00:00+0200
2007,GF1005,Unemployment,2,GF10,MIO_EUR,32125.5,,2026-09-16T23:00:00+0200
2007,GF1005,Unemployment,2,GF10,PC_GDP,1.7,,2026-09-16T23:00:00+0200
2007,GF1006,Housing,2,GF10,MIO_EUR,16968.2,,2026-09-16T23:00:00+0200
2007,GF1006,Housing,2,GF10,PC_GDP,0.9,,2026-09-16T23:00:00+0200
2007,GF1007,Social exclusion n.e.c.,2,GF10,MIO_EUR,17331.1,,2026-09-16T23:00:00+0200
2007,GF1007,Social exclusion n.e.c.,2,GF10,PC_GDP,0.9,,2026-09-16T23:00:00+0200
2007,GF1008,R&D Social protection,2,GF10,MIO_EUR,0,,2026-09-16T23:00:00+0200
2007,GF1008,R&D Social protection,2,GF10,PC_GDP,0,,2026-09-16T23:00:00+0200
2007,GF1009,Social protection n.e.c.,2,GF10,MIO_EUR,3738.7,,2026-09-16T23:00:00+0200
2007,GF1009,Social protection n.e.c.,2,GF10,PC_GDP,0.2,,2026-09-16T23:00:00+0200
2007,TOTAL,Total,0,,MIO_EUR,1039287.5,,2026-09-16T23:00:00+0200
2007,TOTAL,Total,0,,PC_GDP,53.6,,2026-09-16T23:00:00+0200
2008,GF01,General public services,1,TOTAL,MIO_EUR,145095.8,,2026-09-16T23:00:00+0200
2008,GF01,General public services,1,TOTAL,PC_GDP,7.3,,2026-09-16T23:00:00+0200
2008,GF0101,"Executive and legislative organs, financial and fiscal affairs, external affairs",2,GF01,MIO_EUR,32171.1,,2026-09-16T23:00:00+0200
2008,GF0101,"Executive and legislative organs, financial and fiscal affairs, external affairs",2,GF01,PC_GDP,1.6,,2026-09-16T23:00:00+0200
2008,GF0102,Foreign economic aid,2,GF01,MIO_EUR,3185.2,,2026-09-16T23:00:00+0200
2008,GF0102,Foreign economic aid,2,GF01,PC_GDP,0.2,,2026-09-16T23:00:00+0200
2008,GF0103,General services,2,GF01,MIO_EUR,38445.5,,2026-09-16T23:00:00+0200
2008,GF0103,General services,2,GF01,PC_GDP,1.9,,2026-09-16T23:00:00+0200
2008,GF0104,Basic research,2,GF01,MIO_EUR,12535.5,,2026-09-16T23:00:00+0200
2008,GF0104,Basic research,2,GF01,PC_GDP,0.6,,2026-09-16T23:00:00+0200
2008,GF0105,R&D General public services,2,GF01,MIO_EUR,3.1,,2026-09-16T23:00:00+0200
2008,GF0105,R&D General public services,2,GF01,PC_GDP,0,,2026-09-16T23:00:00+0200
2008,GF0106,General public services n.e.c.,2,GF01,MIO_EUR,900.6,,2026-09-16T23:00:00+0200
2008,GF0106,General public services n.e.c.,2,GF01,PC_GDP,0,,2026-09-16T23:00:00+0200
2008,GF0107,Public debt transactions,2,GF01,MIO_EUR,57855,,2026-09-16T23:00:00+0200
2008,GF0107,Public debt transactions,2,GF01,PC_GDP,2.9,,2026-09-16T23:00:00+0200
2008,GF0108,Transfers of a general character between different levels of government,2,GF01,MIO_EUR,0,,2026-09-16T23:00:00+0200
2008,GF0108,Transfers of a general character between different levels of government,2,GF01,PC_GDP,0,,2026-09-16T23:00:00+0200
2008,GF02,Defence,1,TOTAL,MIO_EUR,35908.9,,2026-09-16T23:00:00+0200
2008,GF02,Defence,1,TOTAL,PC_GDP,1.8,,2026-09-16T23:00:00+0200
2008,GF0201,Military defence,2,GF02,MIO_EUR,30654.9,,2026-09-16T23:00:00+0200
2008,GF0201,Military defence,2,GF02,PC_GDP,1.5,,2026-09-16T23:00:00+0200
2008,GF0202,Civil defence,2,GF02,MIO_EUR,355.6,,2026-09-16T23:00:00+0200
2008,GF0202,Civil defence,2,GF02,PC_GDP,0,,2026-09-16T23:00:00+0200
2008,GF0203,Foreign military aid,2,GF02,MIO_EUR,1568.2,,2026-09-16T23:00:00+0200
2008,GF0203,Foreign military aid,2,GF02,PC_GDP,0.1,,2026-09-16T23:00:00+0200
2008,GF0204,R&D Defence,2,GF02,MIO_EUR,2199.2,,2026-09-16T23:00:00+0200
2008,GF0204,R&D Defence,2,GF02,PC_GDP,0.1,,2026-09-16T23:00:00+0200
2008,GF0205,Defence n.e.c.,2,GF02,MIO_EUR,1131.1,,2026-09-16T23:00:00+0200
2008,GF0205,Defence n.e.c.,2,GF02,PC_GDP,0.1,,2026-09-16T23:00:00+0200
2008,GF03,Public order and safety,1,TOTAL,MIO_EUR,30896.4,,2026-09-16T23:00:00+0200
2008,GF03,Public order and safety,1,TOTAL,PC_GDP,1.6,,2026-09-16T23:00:00+0200
2008,GF0301,Police services,2,GF03,MIO_EUR,17990,,2026-09-16T23:00:00+0200
2008,GF0301,Police services,2,GF03,PC_GDP,0.9,,2026-09-16T23:00:00+0200
2008,GF0302,Fire-protection services,2,GF03,MIO_EUR,5205.7,,2026-09-16T23:00:00+0200
2008,GF0302,Fire-protection services,2,GF03,PC_GDP,0.3,,2026-09-16T23:00:00+0200
2008,GF0303,Law courts,2,GF03,MIO_EUR,4672.4,,2026-09-16T23:00:00+0200
2008,GF0303,Law courts,2,GF03,PC_GDP,0.2,,2026-09-16T23:00:00+0200
2008,GF0304,Prisons,2,GF03,MIO_EUR,2383.6,,2026-09-16T23:00:00+0200
2008,GF0304,Prisons,2,GF03,PC_GDP,0.1,,2026-09-16T23:00:00+0200
2008,GF0305,R&D Public order and safety,2,GF03,MIO_EUR,11.3,,2026-09-16T23:00:00+0200
2008,GF0305,R&D Public order and safety,2,GF03,PC_GDP,0,,2026-09-16T23:00:00+0200
2008,GF0306,Public order and safety n.e.c.,2,GF03,MIO_EUR,633.5,,2026-09-16T23:00:00+0200
2008,GF0306,Public order and safety n.e.c.,2,GF03,PC_GDP,0,,2026-09-16T23:00:00+0200
2008,GF04,Economic affairs,1,TOTAL,MIO_EUR,100349.9,,2026-09-16T23:00:00+0200
2008,GF04,Economic affairs,1,TOTAL,PC_GDP,5,,2026-09-16T23:00:00+0200
2008,GF0401,"General economic, commercial and labour affairs",2,GF04,MIO_EUR,18256.9,,2026-09-16T23:00:00+0200
2008,GF0401,"General economic, commercial and labour affairs",2,GF04,PC_GDP,0.9,,2026-09-16T23:00:00+0200
2008,GF0402,"Agriculture, forestry, fishing and hunting",2,GF04,MIO_EUR,7501,,2026-09-16T23:00:00+0200
2008,GF0402,"Agriculture, forestry, fishing and hunting",2,GF04,PC_GDP,0.4,,2026-09-16T23:00:00+0200
2008,GF0403,Fuel and energy,2,GF04,MIO_EUR,4621.4,,2026-09-16T23:00:00+0200
2008,GF0403,Fuel and energy,2,GF04,PC_GDP,0.2,,2026-09-16T23:00:00+0200
2008,GF0404,"Mining, manufacturing and construction",2,GF04,MIO_EUR,557.3,,2026-09-16T23:00:00+0200
2008,GF0404,"Mining, manufacturing and construction",2,GF04,PC_GDP,0,,2026-09-16T23:00:00+0200
2008,GF0405,Transport,2,GF04,MIO_EUR,44738.5,,2026-09-16T23:00:00+0200
2008,GF0405,Transport,2,GF04,PC_GDP,2.2,,2026-09-16T23:00:00+0200
2008,GF0406,Communication,2,GF04,MIO_EUR,146.3,,2026-09-16T23:00:00+0200
2008,GF0406,Communication,2,GF04,PC_GDP,0,,2026-09-16T23:00:00+0200
2008,GF0407,Other industries,2,GF04,MIO_EUR,7529.5,,2026-09-16T23:00:00+0200
2008,GF0407,Other industries,2,GF04,PC_GDP,0.4,,2026-09-16T23:00:00+0200
2008,GF0408,R&D Economic affairs,2,GF04,MIO_EUR,15411.8,,2026-09-16T23:00:00+0200
2008,GF0408,R&D Economic affairs,2,GF04,PC_GDP,0.8,,2026-09-16T23:00:00+0200
2008,GF0409,Economic affairs n.e.c.,2,GF04,MIO_EUR,1587.2,,2026-09-16T23:00:00+0200
2008,GF0409,Economic affairs n.e.c.,2,GF04,PC_GDP,0.1,,2026-09-16T23:00:00+0200
2008,GF05,Environmental protection,1,TOTAL,MIO_EUR,16692.4,,2026-09-16T23:00:00+0200
2008,GF05,Environmental protection,1,TOTAL,PC_GDP,0.8,,2026-09-16T23:00:00+0200
2008,GF0501,Waste management,2,GF05,MIO_EUR,8238.8,,2026-09-16T23:00:00+0200
2008,GF0501,Waste management,2,GF05,PC_GDP,0.4,,2026-09-16T23:00:00+0200
2008,GF0502,Waste water management,2,GF05,MIO_EUR,4162.9,,2026-09-16T23:00:00+0200
2008,GF0502,Waste water management,2,GF05,PC_GDP,0.2,,2026-09-16T23:00:00+0200
2008,GF0503,Pollution abatement,2,GF05,MIO_EUR,1420.9,,2026-09-16T23:00:00+0200
2008,GF0503,Pollution abatement,2,GF05,PC_GDP,0.1,,2026-09-16T23:00:00+0200
2008,GF0504,Protection of biodiversity and landscape,2,GF05,MIO_EUR,1015.9,,2026-09-16T23:00:00+0200
2008,GF0504,Protection of biodiversity and landscape,2,GF05,PC_GDP,0.1,,2026-09-16T23:00:00+0200
2008,GF0505,R&D Environmental protection,2,GF05,MIO_EUR,411.4,,2026-09-16T23:00:00+0200
2008,GF0505,R&D Environmental protection,2,GF05,PC_GDP,0,,2026-09-16T23:00:00+0200
2008,GF0506,Environmental protection n.e.c.,2,GF05,MIO_EUR,1442.5,,2026-09-16T23:00:00+0200
2008,GF0506,Environmental protection n.e.c.,2,GF05,PC_GDP,0.1,,2026-09-16T23:00:00+0200
2008,GF06,Housing and community amenities,1,TOTAL,MIO_EUR,26528.8,,2026-09-16T23:00:00+0200
2008,GF06,Housing and community amenities,1,TOTAL,PC_GDP,1.3,,2026-09-16T23:00:00+0200
2008,GF0601,Housing development,2,GF06,MIO_EUR,7326.1,,2026-09-16T23:00:00+0200
2008,GF0601,Housing development,2,GF06,PC_GDP,0.4,,2026-09-16T23:00:00+0200
2008,GF0602,Community development,2,GF06,MIO_EUR,15138.8,,2026-09-16T23:00:00+0200
2008,GF0602,Community development,2,GF06,PC_GDP,0.8,,2026-09-16T23:00:00+0200
2008,GF0603,Water supply,2,GF06,MIO_EUR,2523.8,,2026-09-16T23:00:00+0200
2008,GF0603,Water supply,2,GF06,PC_GDP,0.1,,2026-09-16T23:00:00+0200
2008,GF0604,Street lighting,2,GF06,MIO_EUR,1298,,2026-09-16T23:00:00+0200
2008,GF0604,Street lighting,2,GF06,PC_GDP,0.1,,2026-09-16T23:00:00+0200
2008,GF0605,R&D Housing and community amenities,2,GF06,MIO_EUR,0.1,,2026-09-16T23:00:00+0200
2008,GF0605,R&D Housing and community amenities,2,GF06,PC_GDP,0,,2026-09-16T23:00:00+0200
2008,GF0606,Housing and community amenities n.e.c.,2,GF06,MIO_EUR,242.2,,2026-09-16T23:00:00+0200
2008,GF0606,Housing and community amenities n.e.c.,2,GF06,PC_GDP,0,,2026-09-16T23:00:00+0200
2008,GF07,Health,1,TOTAL,MIO_EUR,150664.7,,2026-09-16T23:00:00+0200
2008,GF07,Health,1,TOTAL,PC_GDP,7.6,,2026-09-16T23:00:00+0200
2008,GF0701,"Medical products, appliances and equipment",2,GF07,MIO_EUR,24572.7,,2026-09-16T23:00:00+0200
2008,GF0701,"Medical products, appliances and equipment",2,GF07,PC_GDP,1.2,,2026-09-16T23:00:00+0200
2008,GF0702,Outpatient services,2,GF07,MIO_EUR,54325.2,,2026-09-16T23:00:00+0200
2008,GF0702,Outpatient services,2,GF07,PC_GDP,2.7,,2026-09-16T23:00:00+0200
2008,GF0703,Hospital services,2,GF07,MIO_EUR,63105.7,,2026-09-16T23:00:00+0200
2008,GF0703,Hospital services,2,GF07,PC_GDP,3.2,,2026-09-16T23:00:00+0200
2008,GF0704,Public health services,2,GF07,MIO_EUR,2655.5,,2026-09-16T23:00:00+0200
2008,GF0704,Public health services,2,GF07,PC_GDP,0.1,,2026-09-16T23:00:00+0200
2008,GF0705,R&D Health,2,GF07,MIO_EUR,4944,,2026-09-16T23:00:00+0200
2008,GF0705,R&D Health,2,GF07,PC_GDP,0.2,,2026-09-16T23:00:00+0200
2008,GF0706,Health n.e.c.,2,GF07,MIO_EUR,1061.6,,2026-09-16T23:00:00+0200
2008,GF0706,Health n.e.c.,2,GF07,PC_GDP,0.1,,2026-09-16T23:00:00+0200
2008,GF08,"Recreation, culture and religion",1,TOTAL,MIO_EUR,29880.9,,2026-09-16T23:00:00+0200
2008,GF08,"Recreation, culture and religion",1,TOTAL,PC_GDP,1.5,,2026-09-16T23:00:00+0200
2008,GF0801,Recreational and sporting services,2,GF08,MIO_EUR,10383.2,,2026-09-16T23:00:00+0200
2008,GF0801,Recreational and sporting services,2,GF08,PC_GDP,0.5,,2026-09-16T23:00:00+0200
2008,GF0802,Cultural services,2,GF08,MIO_EUR,13105.9,,2026-09-16T23:00:00+0200
2008,GF0802,Cultural services,2,GF08,PC_GDP,0.7,,2026-09-16T23:00:00+0200
2008,GF0803,Broadcasting and publishing services,2,GF08,MIO_EUR,6068.6,,2026-09-16T23:00:00+0200
2008,GF0803,Broadcasting and publishing services,2,GF08,PC_GDP,0.3,,2026-09-16T23:00:00+0200
2008,GF0804,Religious and other community services,2,GF08,MIO_EUR,323.2,,2026-09-16T23:00:00+0200
2008,GF0804,Religious and other community services,2,GF08,PC_GDP,0,,2026-09-16T23:00:00+0200
2008,GF0805,"R&D Recreation, culture and religion",2,GF08,MIO_EUR,0,,2026-09-16T23:00:00+0200
2008,GF0805,"R&D Recreation, culture and religion",2,GF08,PC_GDP,0,,2026-09-16T23:00:00+0200
2008,GF0806,"Recreation, culture and religion n.e.c.",2,GF08,MIO_EUR,0,,2026-09-16T23:00:00+0200
2008,GF0806,"Recreation, culture and religion n.e.c.",2,GF08,PC_GDP,0,,2026-09-16T23:00:00+0200
2008,GF09,Education,1,TOTAL,MIO_EUR,105749.6,,2026-09-16T23:00:00+0200
2008,GF09,Education,1,TOTAL,PC_GDP,5.3,,2026-09-16T23:00:00+0200
2008,GF0901,Pre-primary and primary education,2,GF09,MIO_EUR,26719.8,,2026-09-16T23:00:00+0200
2008,GF0901,Pre-primary and primary education,2,GF09,PC_GDP,1.3,,2026-09-16T23:00:00+0200
2008,GF0902,Secondary education,2,GF09,MIO_EUR,47935.4,,2026-09-16T23:00:00+0200
2008,GF0902,Secondary education,2,GF09,PC_GDP,2.4,,2026-09-16T23:00:00+0200
2008,GF0903,Post-secondary non-tertiary education,2,GF09,MIO_EUR,1062.3,,2026-09-16T23:00:00+0200
2008,GF0903,Post-secondary non-tertiary education,2,GF09,PC_GDP,0.1,,2026-09-16T23:00:00+0200
2008,GF0904,Tertiary education,2,GF09,MIO_EUR,9732.9,,2026-09-16T23:00:00+0200
2008,GF0904,Tertiary education,2,GF09,PC_GDP,0.5,,2026-09-16T23:00:00+0200
2008,GF0905,Education not definable by level,2,GF09,MIO_EUR,7456.8,,2026-09-16T23:00:00+0200
2008,GF0905,Education not definable by level,2,GF09,PC_GDP,0.4,,2026-09-16T23:00:00+0200
2008,GF0906,Subsidiary services to education,2,GF09,MIO_EUR,11487.1,,2026-09-16T23:00:00+0200
2008,GF0906,Subsidiary services to education,2,GF09,PC_GDP,0.6,,2026-09-16T23:00:00+0200
2008,GF0907,R&D Education,2,GF09,MIO_EUR,3.9,,2026-09-16T23:00:00+0200
2008,GF0907,R&D Education,2,GF09,PC_GDP,0,,2026-09-16T23:00:00+0200
2008,GF0908,Education n.e.c.,2,GF09,MIO_EUR,1351.3,,2026-09-16T23:00:00+0200
2008,GF0908,Education n.e.c.,2,GF09,PC_GDP,0.1,,2026-09-16T23:00:00+0200
2008,GF10,Social protection,1,TOTAL,MIO_EUR,438453.1,,2026-09-16T23:00:00+0200
2008,GF10,Social protection,1,TOTAL,PC_GDP,22,,2026-09-16T23:00:00+0200
2008,GF1001,Sickness and disability,2,GF10,MIO_EUR,49905.4,,2026-09-16T23:00:00+0200
2008,GF1001,Sickness and disability,2,GF10,PC_GDP,2.5,,2026-09-16T23:00:00+0200
2008,GF1002,Old age,2,GF10,MIO_EUR,240323.4,,2026-09-16T23:00:00+0200
2008,GF1002,Old age,2,GF10,PC_GDP,12.1,,2026-09-16T23:00:00+0200
2008,GF1003,Survivors,2,GF10,MIO_EUR,28820,,2026-09-16T23:00:00+0200
2008,GF1003,Survivors,2,GF10,PC_GDP,1.4,,2026-09-16T23:00:00+0200
2008,GF1004,Family and children,2,GF10,MIO_EUR,49275.6,,2026-09-16T23:00:00+0200
2008,GF1004,Family and children,2,GF10,PC_GDP,2.5,,2026-09-16T23:00:00+0200
2008,GF1005,Unemployment,2,GF10,MIO_EUR,31002.7,,2026-09-16T23:00:00+0200
2008,GF1005,Unemployment,2,GF10,PC_GDP,1.6,,2026-09-16T23:00:00+0200
2008,GF1006,Housing,2,GF10,MIO_EUR,17876,,2026-09-16T23:00:00+0200
2008,GF1006,Housing,2,GF10,PC_GDP,0.9,,2026-09-16T23:00:00+0200
2008,GF1007,Social exclusion n.e.c.,2,GF10,MIO_EUR,17361.5,,2026-09-16T23:00:00+0200
2008,GF1007,Social exclusion n.e.c.,2,GF10,PC_GDP,0.9,,2026-09-16T23:00:00+0200
2008,GF1008,R&D Social protection,2,GF10,MIO_EUR,0,,2026-09-16T23:00:00+0200
2008,GF1008,R&D Social protection,2,GF10,PC_GDP,0,,2026-09-16T23:00:00+0200
2008,GF1009,Social protection n.e.c.,2,GF10,MIO_EUR,3888.4,,2026-09-16T23:00:00+0200
2008,GF1009,Social protection n.e.c.,2,GF10,PC_GDP,0.2,,2026-09-16T23:00:00+0200
2008,TOTAL,Total,0,,MIO_EUR,1080220.5,,2026-09-16T23:00:00+0200
2008,TOTAL,Total,0,,PC_GDP,54.3,,2026-09-16T23:00:00+0200
2009,GF01,General public services,1,TOTAL,MIO_EUR,144946.2,,2026-09-16T23:00:00+0200
2009,GF01,General public services,1,TOTAL,PC_GDP,7.5,,2026-09-16T23:00:00+0200
2009,GF0101,"Executive and legislative organs, financial and fiscal affairs, external affairs",2,GF01,MIO_EUR,36445.8,,2026-09-16T23:00:00+0200
2009,GF0101,"Executive and legislative organs, financial and fiscal affairs, external affairs",2,GF01,PC_GDP,1.9,,2026-09-16T23:00:00+0200
2009,GF0102,Foreign economic aid,2,GF01,MIO_EUR,3309.6,,2026-09-16T23:00:00+0200
2009,GF0102,Foreign economic aid,2,GF01,PC_GDP,0.2,,2026-09-16T23:00:00+0200
2009,GF0103,General services,2,GF01,MIO_EUR,39423.7,,2026-09-16T23:00:00+0200
2009,GF0103,General services,2,GF01,PC_GDP,2,,2026-09-16T23:00:00+0200
2009,GF0104,Basic research,2,GF01,MIO_EUR,13424,,2026-09-16T23:00:00+0200
2009,GF0104,Basic research,2,GF01,PC_GDP,0.7,,2026-09-16T23:00:00+0200
2009,GF0105,R&D General public services,2,GF01,MIO_EUR,2.3,,2026-09-16T23:00:00+0200
2009,GF0105,R&D General public services,2,GF01,PC_GDP,0,,2026-09-16T23:00:00+0200
2009,GF0106,General public services n.e.c.,2,GF01,MIO_EUR,988.1,,2026-09-16T23:00:00+0200
2009,GF0106,General public services n.e.c.,2,GF01,PC_GDP,0.1,,2026-09-16T23:00:00+0200
2009,GF0107,Public debt transactions,2,GF01,MIO_EUR,51352.6,,2026-09-16T23:00:00+0200
2009,GF0107,Public debt transactions,2,GF01,PC_GDP,2.7,,2026-09-16T23:00:00+0200
2009,GF0108,Transfers of a general character between different levels of government,2,GF01,MIO_EUR,0,,2026-09-16T23:00:00+0200
2009,GF0108,Transfers of a general character between different levels of government,2,GF01,PC_GDP,0,,2026-09-16T23:00:00+0200
2009,GF02,Defence,1,TOTAL,MIO_EUR,37314.8,,2026-09-16T23:00:00+0200
2009,GF02,Defence,1,TOTAL,PC_GDP,1.9,,2026-09-16T23:00:00+0200
2009,GF0201,Military defence,2,GF02,MIO_EUR,31832.9,,2026-09-16T23:00:00+0200
2009,GF0201,Military defence,2,GF02,PC_GDP,1.6,,2026-09-16T23:00:00+0200
2009,GF0202,Civil defence,2,GF02,MIO_EUR,366.3,,2026-09-16T23:00:00+0200
2009,GF0202,Civil defence,2,GF02,PC_GDP,0,,2026-09-16T23:00:00+0200
2009,GF0203,Foreign military aid,2,GF02,MIO_EUR,1810.5,,2026-09-16T23:00:00+0200
2009,GF0203,Foreign military aid,2,GF02,PC_GDP,0.1,,2026-09-16T23:00:00+0200
2009,GF0204,R&D Defence,2,GF02,MIO_EUR,2169,,2026-09-16T23:00:00+0200
2009,GF0204,R&D Defence,2,GF02,PC_GDP,0.1,,2026-09-16T23:00:00+0200
2009,GF0205,Defence n.e.c.,2,GF02,MIO_EUR,1136.1,,2026-09-16T23:00:00+0200
2009,GF0205,Defence n.e.c.,2,GF02,PC_GDP,0.1,,2026-09-16T23:00:00+0200
2009,GF03,Public order and safety,1,TOTAL,MIO_EUR,32291.5,,2026-09-16T23:00:00+0200
2009,GF03,Public order and safety,1,TOTAL,PC_GDP,1.7,,2026-09-16T23:00:00+0200
2009,GF0301,Police services,2,GF03,MIO_EUR,18831.1,,2026-09-16T23:00:00+0200
2009,GF0301,Police services,2,GF03,PC_GDP,1,,2026-09-16T23:00:00+0200
2009,GF0302,Fire-protection services,2,GF03,MIO_EUR,5376.5,,2026-09-16T23:00:00+0200
2009,GF0302,Fire-protection services,2,GF03,PC_GDP,0.3,,2026-09-16T23:00:00+0200
2009,GF0303,Law courts,2,GF03,MIO_EUR,4899.6,,2026-09-16T23:00:00+0200
2009,GF0303,Law courts,2,GF03,PC_GDP,0.3,,2026-09-16T23:00:00+0200
2009,GF0304,Prisons,2,GF03,MIO_EUR,2492.8,,2026-09-16T23:00:00+0200
2009,GF0304,Prisons,2,GF03,PC_GDP,0.1,,2026-09-16T23:00:00+0200
2009,GF0305,R&D Public order and safety,2,GF03,MIO_EUR,12.2,,2026-09-16T23:00:00+0200
2009,GF0305,R&D Public order and safety,2,GF03,PC_GDP,0,,2026-09-16T23:00:00+0200
2009,GF0306,Public order and safety n.e.c.,2,GF03,MIO_EUR,679.3,,2026-09-16T23:00:00+0200
2009,GF0306,Public order and safety n.e.c.,2,GF03,PC_GDP,0,,2026-09-16T23:00:00+0200
2009,GF04,Economic affairs,1,TOTAL,MIO_EUR,102505,,2026-09-16T23:00:00+0200
2009,GF04,Economic affairs,1,TOTAL,PC_GDP,5.3,,2026-09-16T23:00:00+0200
2009,GF0401,"General economic, commercial and labour affairs",2,GF04,MIO_EUR,19529,,2026-09-16T23:00:00+0200
2009,GF0401,"General economic, commercial and labour affairs",2,GF04,PC_GDP,1,,2026-09-16T23:00:00+0200
2009,GF0402,"Agriculture, forestry, fishing and hunting",2,GF04,MIO_EUR,7830.2,,2026-09-16T23:00:00+0200
2009,GF0402,"Agriculture, forestry, fishing and hunting",2,GF04,PC_GDP,0.4,,2026-09-16T23:00:00+0200
2009,GF0403,Fuel and energy,2,GF04,MIO_EUR,4837.5,,2026-09-16T23:00:00+0200
2009,GF0403,Fuel and energy,2,GF04,PC_GDP,0.2,,2026-09-16T23:00:00+0200
2009,GF0404,"Mining, manufacturing and construction",2,GF04,MIO_EUR,643.9,,2026-09-16T23:00:00+0200
2009,GF0404,"Mining, manufacturing and construction",2,GF04,PC_GDP,0,,2026-09-16T23:00:00+0200
2009,GF0405,Transport,2,GF04,MIO_EUR,44024.7,,2026-09-16T23:00:00+0200
2009,GF0405,Transport,2,GF04,PC_GDP,2.3,,2026-09-16T23:00:00+0200
2009,GF0406,Communication,2,GF04,MIO_EUR,238.7,,2026-09-16T23:00:00+0200
2009,GF0406,Communication,2,GF04,PC_GDP,0,,2026-09-16T23:00:00+0200
2009,GF0407,Other industries,2,GF04,MIO_EUR,8039.5,,2026-09-16T23:00:00+0200
2009,GF0407,Other industries,2,GF04,PC_GDP,0.4,,2026-09-16T23:00:00+0200
2009,GF0408,R&D Economic affairs,2,GF04,MIO_EUR,15796.9,,2026-09-16T23:00:00+0200
2009,GF0408,R&D Economic affairs,2,GF04,PC_GDP,0.8,,2026-09-16T23:00:00+0200
2009,GF0409,Economic affairs n.e.c.,2,GF04,MIO_EUR,1564.8,,2026-09-16T23:00:00+0200
2009,GF0409,Economic affairs n.e.c.,2,GF04,PC_GDP,0.1,,2026-09-16T23:00:00+0200
2009,GF05,Environmental protection,1,TOTAL,MIO_EUR,17976.7,,2026-09-16T23:00:00+0200
2009,GF05,Environmental protection,1,TOTAL,PC_GDP,0.9,,2026-09-16T23:00:00+0200
2009,GF0501,Waste management,2,GF05,MIO_EUR,8839.4,,2026-09-16T23:00:00+0200
2009,GF0501,Waste management,2,GF05,PC_GDP,0.5,,2026-09-16T23:00:00+0200
2009,GF0502,Waste water management,2,GF05,MIO_EUR,4404.6,,2026-09-16T23:00:00+0200
2009,GF0502,Waste water management,2,GF05,PC_GDP,0.2,,2026-09-16T23:00:00+0200
2009,GF0503,Pollution abatement,2,GF05,MIO_EUR,1752.7,,2026-09-16T23:00:00+0200
2009,GF0503,Pollution abatement,2,GF05,PC_GDP,0.1,,2026-09-16T23:00:00+0200
2009,GF0504,Protection of biodiversity and landscape,2,GF05,MIO_EUR,1167.3,,2026-09-16T23:00:00+0200
2009,GF0504,Protection of biodiversity and landscape,2,GF05,PC_GDP,0.1,,2026-09-16T23:00:00+0200
2009,GF0505,R&D Environmental protection,2,GF05,MIO_EUR,316.6,,2026-09-16T23:00:00+0200
2009,GF0505,R&D Environmental protection,2,GF05,PC_GDP,0,,2026-09-16T23:00:00+0200
2009,GF0506,Environmental protection n.e.c.,2,GF05,MIO_EUR,1496.3,,2026-09-16T23:00:00+0200
2009,GF0506,Environmental protection n.e.c.,2,GF05,PC_GDP,0.1,,2026-09-16T23:00:00+0200
2009,GF06,Housing and community amenities,1,TOTAL,MIO_EUR,29603,,2026-09-16T23:00:00+0200
2009,GF06,Housing and community amenities,1,TOTAL,PC_GDP,1.5,,2026-09-16T23:00:00+0200
2009,GF0601,Housing development,2,GF06,MIO_EUR,10513.3,,2026-09-16T23:00:00+0200
2009,GF0601,Housing development,2,GF06,PC_GDP,0.5,,2026-09-16T23:00:00+0200
2009,GF0602,Community development,2,GF06,MIO_EUR,14979,,2026-09-16T23:00:00+0200
2009,GF0602,Community development,2,GF06,PC_GDP,0.8,,2026-09-16T23:00:00+0200
2009,GF0603,Water supply,2,GF06,MIO_EUR,2526.7,,2026-09-16T23:00:00+0200
2009,GF0603,Water supply,2,GF06,PC_GDP,0.1,,2026-09-16T23:00:00+0200
2009,GF0604,Street lighting,2,GF06,MIO_EUR,1314.6,,2026-09-16T23:00:00+0200
2009,GF0604,Street lighting,2,GF06,PC_GDP,0.1,,2026-09-16T23:00:00+0200
2009,GF0605,R&D Housing and community amenities,2,GF06,MIO_EUR,29.9,,2026-09-16T23:00:00+0200
2009,GF0605,R&D Housing and community amenities,2,GF06,PC_GDP,0,,2026-09-16T23:00:00+0200
2009,GF0606,Housing and community amenities n.e.c.,2,GF06,MIO_EUR,239.5,,2026-09-16T23:00:00+0200
2009,GF0606,Housing and community amenities n.e.c.,2,GF06,PC_GDP,0,,2026-09-16T23:00:00+0200
2009,GF07,Health,1,TOTAL,MIO_EUR,157397.9,,2026-09-16T23:00:00+0200
2009,GF07,Health,1,TOTAL,PC_GDP,8.1,,2026-09-16T23:00:00+0200
2009,GF0701,"Medical products, appliances and equipment",2,GF07,MIO_EUR,29399.3,,2026-09-16T23:00:00+0200
2009,GF0701,"Medical products, appliances and equipment",2,GF07,PC_GDP,1.5,,2026-09-16T23:00:00+0200
2009,GF0702,Outpatient services,2,GF07,MIO_EUR,53055.6,,2026-09-16T23:00:00+0200
2009,GF0702,Outpatient services,2,GF07,PC_GDP,2.7,,2026-09-16T23:00:00+0200
2009,GF0703,Hospital services,2,GF07,MIO_EUR,65407.5,,2026-09-16T23:00:00+0200
2009,GF0703,Hospital services,2,GF07,PC_GDP,3.4,,2026-09-16T23:00:00+0200
2009,GF0704,Public health services,2,GF07,MIO_EUR,3246.4,,2026-09-16T23:00:00+0200
2009,GF0704,Public health services,2,GF07,PC_GDP,0.2,,2026-09-16T23:00:00+0200
2009,GF0705,R&D Health,2,GF07,MIO_EUR,5121.7,,2026-09-16T23:00:00+0200
2009,GF0705,R&D Health,2,GF07,PC_GDP,0.3,,2026-09-16T23:00:00+0200
2009,GF0706,Health n.e.c.,2,GF07,MIO_EUR,1167.4,,2026-09-16T23:00:00+0200
2009,GF0706,Health n.e.c.,2,GF07,PC_GDP,0.1,,2026-09-16T23:00:00+0200
2009,GF08,"Recreation, culture and religion",1,TOTAL,MIO_EUR,30941.8,,2026-09-16T23:00:00+0200
2009,GF08,"Recreation, culture and religion",1,TOTAL,PC_GDP,1.6,,2026-09-16T23:00:00+0200
2009,GF0801,Recreational and sporting services,2,GF08,MIO_EUR,10878.6,,2026-09-16T23:00:00+0200
2009,GF0801,Recreational and sporting services,2,GF08,PC_GDP,0.6,,2026-09-16T23:00:00+0200
2009,GF0802,Cultural services,2,GF08,MIO_EUR,13451.3,,2026-09-16T23:00:00+0200
2009,GF0802,Cultural services,2,GF08,PC_GDP,0.7,,2026-09-16T23:00:00+0200
2009,GF0803,Broadcasting and publishing services,2,GF08,MIO_EUR,6239,,2026-09-16T23:00:00+0200
2009,GF0803,Broadcasting and publishing services,2,GF08,PC_GDP,0.3,,2026-09-16T23:00:00+0200
2009,GF0804,Religious and other community services,2,GF08,MIO_EUR,369.9,,2026-09-16T23:00:00+0200
2009,GF0804,Religious and other community services,2,GF08,PC_GDP,0,,2026-09-16T23:00:00+0200
2009,GF0805,"R&D Recreation, culture and religion",2,GF08,MIO_EUR,0,,2026-09-16T23:00:00+0200
2009,GF0805,"R&D Recreation, culture and religion",2,GF08,PC_GDP,0,,2026-09-16T23:00:00+0200
2009,GF0806,"Recreation, culture and religion n.e.c.",2,GF08,MIO_EUR,3,,2026-09-16T23:00:00+0200
2009,GF0806,"Recreation, culture and religion n.e.c.",2,GF08,PC_GDP,0,,2026-09-16T23:00:00+0200
2009,GF09,Education,1,TOTAL,MIO_EUR,109069,,2026-09-16T23:00:00+0200
2009,GF09,Education,1,TOTAL,PC_GDP,5.6,,2026-09-16T23:00:00+0200
2009,GF0901,Pre-primary and primary education,2,GF09,MIO_EUR,26840.2,,2026-09-16T23:00:00+0200
2009,GF0901,Pre-primary and primary education,2,GF09,PC_GDP,1.4,,2026-09-16T23:00:00+0200
2009,GF0902,Secondary education,2,GF09,MIO_EUR,48499.9,,2026-09-16T23:00:00+0200
2009,GF0902,Secondary education,2,GF09,PC_GDP,2.5,,2026-09-16T23:00:00+0200
2009,GF0903,Post-secondary non-tertiary education,2,GF09,MIO_EUR,1145.7,,2026-09-16T23:00:00+0200
2009,GF0903,Post-secondary non-tertiary education,2,GF09,PC_GDP,0.1,,2026-09-16T23:00:00+0200
2009,GF0904,Tertiary education,2,GF09,MIO_EUR,10192.9,,2026-09-16T23:00:00+0200
2009,GF0904,Tertiary education,2,GF09,PC_GDP,0.5,,2026-09-16T23:00:00+0200
2009,GF0905,Education not definable by level,2,GF09,MIO_EUR,8474.2,,2026-09-16T23:00:00+0200
2009,GF0905,Education not definable by level,2,GF09,PC_GDP,0.4,,2026-09-16T23:00:00+0200
2009,GF0906,Subsidiary services to education,2,GF09,MIO_EUR,12582.6,,2026-09-16T23:00:00+0200
2009,GF0906,Subsidiary services to education,2,GF09,PC_GDP,0.6,,2026-09-16T23:00:00+0200
2009,GF0907,R&D Education,2,GF09,MIO_EUR,3.7,,2026-09-16T23:00:00+0200
2009,GF0907,R&D Education,2,GF09,PC_GDP,0,,2026-09-16T23:00:00+0200
2009,GF0908,Education n.e.c.,2,GF09,MIO_EUR,1329.8,,2026-09-16T23:00:00+0200
2009,GF0908,Education n.e.c.,2,GF09,PC_GDP,0.1,,2026-09-16T23:00:00+0200
2009,GF10,Social protection,1,TOTAL,MIO_EUR,460562.2,,2026-09-16T23:00:00+0200
2009,GF10,Social protection,1,TOTAL,PC_GDP,23.8,,2026-09-16T23:00:00+0200
2009,GF1001,Sickness and disability,2,GF10,MIO_EUR,52402.8,,2026-09-16T23:00:00+0200
2009,GF1001,Sickness and disability,2,GF10,PC_GDP,2.7,,2026-09-16T23:00:00+0200
2009,GF1002,Old age,2,GF10,MIO_EUR,250123.6,,2026-09-16T23:00:00+0200
2009,GF1002,Old age,2,GF10,PC_GDP,12.9,,2026-09-16T23:00:00+0200
2009,GF1003,Survivors,2,GF10,MIO_EUR,29674.9,,2026-09-16T23:00:00+0200
2009,GF1003,Survivors,2,GF10,PC_GDP,1.5,,2026-09-16T23:00:00+0200
2009,GF1004,Family and children,2,GF10,MIO_EUR,50428.5,,2026-09-16T23:00:00+0200
2009,GF1004,Family and children,2,GF10,PC_GDP,2.6,,2026-09-16T23:00:00+0200
2009,GF1005,Unemployment,2,GF10,MIO_EUR,35503.4,,2026-09-16T23:00:00+0200
2009,GF1005,Unemployment,2,GF10,PC_GDP,1.8,,2026-09-16T23:00:00+0200
2009,GF1006,Housing,2,GF10,MIO_EUR,19120.1,,2026-09-16T23:00:00+0200
2009,GF1006,Housing,2,GF10,PC_GDP,1,,2026-09-16T23:00:00+0200
2009,GF1007,Social exclusion n.e.c.,2,GF10,MIO_EUR,19317,,2026-09-16T23:00:00+0200
2009,GF1007,Social exclusion n.e.c.,2,GF10,PC_GDP,1,,2026-09-16T23:00:00+0200
2009,GF1008,R&D Social protection,2,GF10,MIO_EUR,0,,2026-09-16T23:00:00+0200
2009,GF1008,R&D Social protection,2,GF10,PC_GDP,0,,2026-09-16T23:00:00+0200
2009,GF1009,Social protection n.e.c.,2,GF10,MIO_EUR,3991.9,,2026-09-16T23:00:00+0200
2009,GF1009,Social protection n.e.c.,2,GF10,PC_GDP,0.2,,2026-09-16T23:00:00+0200
2009,TOTAL,Total,0,,MIO_EUR,1122608.2,,2026-09-16T23:00:00+0200
2009,TOTAL,Total,0,,PC_GDP,58,,2026-09-16T23:00:00+0200
2010,GF01,General public services,1,TOTAL,MIO_EUR,146048.4,,2026-09-16T23:00:00+0200
2010,GF01,General public services,1,TOTAL,PC_GDP,7.3,,2026-09-16T23:00:00+0200
2010,GF0101,"Executive and legislative organs, financial and fiscal affairs, external affairs",2,GF01,MIO_EUR,35071.3,,2026-09-16T23:00:00+0200
2010,GF0101,"Executive and legislative organs, financial and fiscal affairs, external affairs",2,GF01,PC_GDP,1.8,,2026-09-16T23:00:00+0200
2010,GF0102,Foreign economic aid,2,GF01,MIO_EUR,4091.3,,2026-09-16T23:00:00+0200
2010,GF0102,Foreign economic aid,2,GF01,PC_GDP,0.2,,2026-09-16T23:00:00+0200
2010,GF0103,General services,2,GF01,MIO_EUR,36319.2,,2026-09-16T23:00:00+0200
2010,GF0103,General services,2,GF01,PC_GDP,1.8,,2026-09-16T23:00:00+0200
2010,GF0104,Basic research,2,GF01,MIO_EUR,15107,,2026-09-16T23:00:00+0200
2010,GF0104,Basic research,2,GF01,PC_GDP,0.8,,2026-09-16T23:00:00+0200
2010,GF0105,R&D General public services,2,GF01,MIO_EUR,0,,2026-09-16T23:00:00+0200
2010,GF0105,R&D General public services,2,GF01,PC_GDP,0,,2026-09-16T23:00:00+0200
2010,GF0106,General public services n.e.c.,2,GF01,MIO_EUR,1067.3,,2026-09-16T23:00:00+0200
2010,GF0106,General public services n.e.c.,2,GF01,PC_GDP,0.1,,2026-09-16T23:00:00+0200
2010,GF0107,Public debt transactions,2,GF01,MIO_EUR,54392.3,,2026-09-16T23:00:00+0200
2010,GF0107,Public debt transactions,2,GF01,PC_GDP,2.7,,2026-09-16T23:00:00+0200
2010,GF0108,Transfers of a general character between different levels of government,2,GF01,MIO_EUR,0,,2026-09-16T23:00:00+0200
2010,GF0108,Transfers of a general character between different levels of government,2,GF01,PC_GDP,0,,2026-09-16T23:00:00+0200
2010,GF02,Defence,1,TOTAL,MIO_EUR,39358.5,,2026-09-16T23:00:00+0200
2010,GF02,Defence,1,TOTAL,PC_GDP,2,,2026-09-16T23:00:00+0200
2010,GF0201,Military defence,2,GF02,MIO_EUR,33604.3,,2026-09-16T23:00:00+0200
2010,GF0201,Military defence,2,GF02,PC_GDP,1.7,,2026-09-16T23:00:00+0200
2010,GF0202,Civil defence,2,GF02,MIO_EUR,431.9,,2026-09-16T23:00:00+0200
2010,GF0202,Civil defence,2,GF02,PC_GDP,0,,2026-09-16T23:00:00+0200
2010,GF0203,Foreign military aid,2,GF02,MIO_EUR,1788.8,,2026-09-16T23:00:00+0200
2010,GF0203,Foreign military aid,2,GF02,PC_GDP,0.1,,2026-09-16T23:00:00+0200
2010,GF0204,R&D Defence,2,GF02,MIO_EUR,2063.9,,2026-09-16T23:00:00+0200
2010,GF0204,R&D Defence,2,GF02,PC_GDP,0.1,,2026-09-16T23:00:00+0200
2010,GF0205,Defence n.e.c.,2,GF02,MIO_EUR,1469.7,,2026-09-16T23:00:00+0200
2010,GF0205,Defence n.e.c.,2,GF02,PC_GDP,0.1,,2026-09-16T23:00:00+0200
2010,GF03,Public order and safety,1,TOTAL,MIO_EUR,33439.3,,2026-09-16T23:00:00+0200
2010,GF03,Public order and safety,1,TOTAL,PC_GDP,1.7,,2026-09-16T23:00:00+0200
2010,GF0301,Police services,2,GF03,MIO_EUR,19220,,2026-09-16T23:00:00+0200
2010,GF0301,Police services,2,GF03,PC_GDP,1,,2026-09-16T23:00:00+0200
2010,GF0302,Fire-protection services,2,GF03,MIO_EUR,5549.4,,2026-09-16T23:00:00+0200
2010,GF0302,Fire-protection services,2,GF03,PC_GDP,0.3,,2026-09-16T23:00:00+0200
2010,GF0303,Law courts,2,GF03,MIO_EUR,5013.2,,2026-09-16T23:00:00+0200
2010,GF0303,Law courts,2,GF03,PC_GDP,0.3,,2026-09-16T23:00:00+0200
2010,GF0304,Prisons,2,GF03,MIO_EUR,2920,,2026-09-16T23:00:00+0200
2010,GF0304,Prisons,2,GF03,PC_GDP,0.1,,2026-09-16T23:00:00+0200
2010,GF0305,R&D Public order and safety,2,GF03,MIO_EUR,18.1,,2026-09-16T23:00:00+0200
2010,GF0305,R&D Public order and safety,2,GF03,PC_GDP,0,,2026-09-16T23:00:00+0200
2010,GF0306,Public order and safety n.e.c.,2,GF03,MIO_EUR,718.5,,2026-09-16T23:00:00+0200
2010,GF0306,Public order and safety n.e.c.,2,GF03,PC_GDP,0,,2026-09-16T23:00:00+0200
2010,GF04,Economic affairs,1,TOTAL,MIO_EUR,107065.8,,2026-09-16T23:00:00+0200
2010,GF04,Economic affairs,1,TOTAL,PC_GDP,5.4,,2026-09-16T23:00:00+0200
2010,GF0401,"General economic, commercial and labour affairs",2,GF04,MIO_EUR,22469,,2026-09-16T23:00:00+0200
2010,GF0401,"General economic, commercial and labour affairs",2,GF04,PC_GDP,1.1,,2026-09-16T23:00:00+0200
2010,GF0402,"Agriculture, forestry, fishing and hunting",2,GF04,MIO_EUR,8216.6,,2026-09-16T23:00:00+0200
2010,GF0402,"Agriculture, forestry, fishing and hunting",2,GF04,PC_GDP,0.4,,2026-09-16T23:00:00+0200
2010,GF0403,Fuel and energy,2,GF04,MIO_EUR,5193.1,,2026-09-16T23:00:00+0200
2010,GF0403,Fuel and energy,2,GF04,PC_GDP,0.3,,2026-09-16T23:00:00+0200
2010,GF0404,"Mining, manufacturing and construction",2,GF04,MIO_EUR,701.6,,2026-09-16T23:00:00+0200
2010,GF0404,"Mining, manufacturing and construction",2,GF04,PC_GDP,0,,2026-09-16T23:00:00+0200
2010,GF0405,Transport,2,GF04,MIO_EUR,44189.9,,2026-09-16T23:00:00+0200
2010,GF0405,Transport,2,GF04,PC_GDP,2.2,,2026-09-16T23:00:00+0200
2010,GF0406,Communication,2,GF04,MIO_EUR,288.1,,2026-09-16T23:00:00+0200
2010,GF0406,Communication,2,GF04,PC_GDP,0,,2026-09-16T23:00:00+0200
2010,GF0407,Other industries,2,GF04,MIO_EUR,8246.4,,2026-09-16T23:00:00+0200
2010,GF0407,Other industries,2,GF04,PC_GDP,0.4,,2026-09-16T23:00:00+0200
2010,GF0408,R&D Economic affairs,2,GF04,MIO_EUR,16060.8,,2026-09-16T23:00:00+0200
2010,GF0408,R&D Economic affairs,2,GF04,PC_GDP,0.8,,2026-09-16T23:00:00+0200
2010,GF0409,Economic affairs n.e.c.,2,GF04,MIO_EUR,1700.4,,2026-09-16T23:00:00+0200
2010,GF0409,Economic affairs n.e.c.,2,GF04,PC_GDP,0.1,,2026-09-16T23:00:00+0200
2010,GF05,Environmental protection,1,TOTAL,MIO_EUR,18859.8,,2026-09-16T23:00:00+0200
2010,GF05,Environmental protection,1,TOTAL,PC_GDP,0.9,,2026-09-16T23:00:00+0200
2010,GF0501,Waste management,2,GF05,MIO_EUR,9568.4,,2026-09-16T23:00:00+0200
2010,GF0501,Waste management,2,GF05,PC_GDP,0.5,,2026-09-16T23:00:00+0200
2010,GF0502,Waste water management,2,GF05,MIO_EUR,4281.1,,2026-09-16T23:00:00+0200
2010,GF0502,Waste water management,2,GF05,PC_GDP,0.2,,2026-09-16T23:00:00+0200
2010,GF0503,Pollution abatement,2,GF05,MIO_EUR,1899.4,,2026-09-16T23:00:00+0200
2010,GF0503,Pollution abatement,2,GF05,PC_GDP,0.1,,2026-09-16T23:00:00+0200
2010,GF0504,Protection of biodiversity and landscape,2,GF05,MIO_EUR,1317.3,,2026-09-16T23:00:00+0200
2010,GF0504,Protection of biodiversity and landscape,2,GF05,PC_GDP,0.1,,2026-09-16T23:00:00+0200
2010,GF0505,R&D Environmental protection,2,GF05,MIO_EUR,339,,2026-09-16T23:00:00+0200
2010,GF0505,R&D Environmental protection,2,GF05,PC_GDP,0,,2026-09-16T23:00:00+0200
2010,GF0506,Environmental protection n.e.c.,2,GF05,MIO_EUR,1454.8,,2026-09-16T23:00:00+0200
2010,GF0506,Environmental protection n.e.c.,2,GF05,PC_GDP,0.1,,2026-09-16T23:00:00+0200
2010,GF06,Housing and community amenities,1,TOTAL,MIO_EUR,28745.8,,2026-09-16T23:00:00+0200
2010,GF06,Housing and community amenities,1,TOTAL,PC_GDP,1.4,,2026-09-16T23:00:00+0200
2010,GF0601,Housing development,2,GF06,MIO_EUR,10396.6,,2026-09-16T23:00:00+0200
2010,GF0601,Housing development,2,GF06,PC_GDP,0.5,,2026-09-16T23:00:00+0200
2010,GF0602,Community development,2,GF06,MIO_EUR,14262.4,,2026-09-16T23:00:00+0200
2010,GF0602,Community development,2,GF06,PC_GDP,0.7,,2026-09-16T23:00:00+0200
2010,GF0603,Water supply,2,GF06,MIO_EUR,2487.5,,2026-09-16T23:00:00+0200
2010,GF0603,Water supply,2,GF06,PC_GDP,0.1,,2026-09-16T23:00:00+0200
2010,GF0604,Street lighting,2,GF06,MIO_EUR,1365.4,,2026-09-16T23:00:00+0200
2010,GF0604,Street lighting,2,GF06,PC_GDP,0.1,,2026-09-16T23:00:00+0200
2010,GF0605,R&D Housing and community amenities,2,GF06,MIO_EUR,0.4,,2026-09-16T23:00:00+0200
2010,GF0605,R&D Housing and community amenities,2,GF06,PC_GDP,0,,2026-09-16T23:00:00+0200
2010,GF0606,Housing and community amenities n.e.c.,2,GF06,MIO_EUR,233.6,,2026-09-16T23:00:00+0200
2010,GF0606,Housing and community amenities n.e.c.,2,GF06,PC_GDP,0,,2026-09-16T23:00:00+0200
2010,GF07,Health,1,TOTAL,MIO_EUR,162525.6,,2026-09-16T23:00:00+0200
2010,GF07,Health,1,TOTAL,PC_GDP,8.1,,2026-09-16T23:00:00+0200
2010,GF0701,"Medical products, appliances and equipment",2,GF07,MIO_EUR,30279.5,,2026-09-16T23:00:00+0200
2010,GF0701,"Medical products, appliances and equipment",2,GF07,PC_GDP,1.5,,2026-09-16T23:00:00+0200
2010,GF0702,Outpatient services,2,GF07,MIO_EUR,55473.8,,2026-09-16T23:00:00+0200
2010,GF0702,Outpatient services,2,GF07,PC_GDP,2.8,,2026-09-16T23:00:00+0200
2010,GF0703,Hospital services,2,GF07,MIO_EUR,66536.3,,2026-09-16T23:00:00+0200
2010,GF0703,Hospital services,2,GF07,PC_GDP,3.3,,2026-09-16T23:00:00+0200
2010,GF0704,Public health services,2,GF07,MIO_EUR,4305,,2026-09-16T23:00:00+0200
2010,GF0704,Public health services,2,GF07,PC_GDP,0.2,,2026-09-16T23:00:00+0200
2010,GF0705,R&D Health,2,GF07,MIO_EUR,4946.1,,2026-09-16T23:00:00+0200
2010,GF0705,R&D Health,2,GF07,PC_GDP,0.2,,2026-09-16T23:00:00+0200
2010,GF0706,Health n.e.c.,2,GF07,MIO_EUR,985,,2026-09-16T23:00:00+0200
2010,GF0706,Health n.e.c.,2,GF07,PC_GDP,0,,2026-09-16T23:00:00+0200
2010,GF08,"Recreation, culture and religion",1,TOTAL,MIO_EUR,32119.1,,2026-09-16T23:00:00+0200
2010,GF08,"Recreation, culture and religion",1,TOTAL,PC_GDP,1.6,,2026-09-16T23:00:00+0200
2010,GF0801,Recreational and sporting services,2,GF08,MIO_EUR,11467.7,,2026-09-16T23:00:00+0200
2010,GF0801,Recreational and sporting services,2,GF08,PC_GDP,0.6,,2026-09-16T23:00:00+0200
2010,GF0802,Cultural services,2,GF08,MIO_EUR,13966.2,,2026-09-16T23:00:00+0200
2010,GF0802,Cultural services,2,GF08,PC_GDP,0.7,,2026-09-16T23:00:00+0200
2010,GF0803,Broadcasting and publishing services,2,GF08,MIO_EUR,6276.9,,2026-09-16T23:00:00+0200
2010,GF0803,Broadcasting and publishing services,2,GF08,PC_GDP,0.3,,2026-09-16T23:00:00+0200
2010,GF0804,Religious and other community services,2,GF08,MIO_EUR,405.8,,2026-09-16T23:00:00+0200
2010,GF0804,Religious and other community services,2,GF08,PC_GDP,0,,2026-09-16T23:00:00+0200
2010,GF0805,"R&D Recreation, culture and religion",2,GF08,MIO_EUR,0,,2026-09-16T23:00:00+0200
2010,GF0805,"R&D Recreation, culture and religion",2,GF08,PC_GDP,0,,2026-09-16T23:00:00+0200
2010,GF0806,"Recreation, culture and religion n.e.c.",2,GF08,MIO_EUR,2.5,,2026-09-16T23:00:00+0200
2010,GF0806,"Recreation, culture and religion n.e.c.",2,GF08,PC_GDP,0,,2026-09-16T23:00:00+0200
2010,GF09,Education,1,TOTAL,MIO_EUR,110381.3,,2026-09-16T23:00:00+0200
2010,GF09,Education,1,TOTAL,PC_GDP,5.5,,2026-09-16T23:00:00+0200
2010,GF0901,Pre-primary and primary education,2,GF09,MIO_EUR,27514.1,,2026-09-16T23:00:00+0200
2010,GF0901,Pre-primary and primary education,2,GF09,PC_GDP,1.4,,2026-09-16T23:00:00+0200
2010,GF0902,Secondary education,2,GF09,MIO_EUR,48848.6,,2026-09-16T23:00:00+0200
2010,GF0902,Secondary education,2,GF09,PC_GDP,2.4,,2026-09-16T23:00:00+0200
2010,GF0903,Post-secondary non-tertiary education,2,GF09,MIO_EUR,1367.7,,2026-09-16T23:00:00+0200
2010,GF0903,Post-secondary non-tertiary education,2,GF09,PC_GDP,0.1,,2026-09-16T23:00:00+0200
2010,GF0904,Tertiary education,2,GF09,MIO_EUR,11051.3,,2026-09-16T23:00:00+0200
2010,GF0904,Tertiary education,2,GF09,PC_GDP,0.6,,2026-09-16T23:00:00+0200
2010,GF0905,Education not definable by level,2,GF09,MIO_EUR,8121.1,,2026-09-16T23:00:00+0200
2010,GF0905,Education not definable by level,2,GF09,PC_GDP,0.4,,2026-09-16T23:00:00+0200
2010,GF0906,Subsidiary services to education,2,GF09,MIO_EUR,12506.1,,2026-09-16T23:00:00+0200
2010,GF0906,Subsidiary services to education,2,GF09,PC_GDP,0.6,,2026-09-16T23:00:00+0200
2010,GF0907,R&D Education,2,GF09,MIO_EUR,29.8,,2026-09-16T23:00:00+0200
2010,GF0907,R&D Education,2,GF09,PC_GDP,0,,2026-09-16T23:00:00+0200
2010,GF0908,Education n.e.c.,2,GF09,MIO_EUR,942.6,,2026-09-16T23:00:00+0200
2010,GF0908,Education n.e.c.,2,GF09,PC_GDP,0,,2026-09-16T23:00:00+0200
2010,GF10,Social protection,1,TOTAL,MIO_EUR,473419.2,,2026-09-16T23:00:00+0200
2010,GF10,Social protection,1,TOTAL,PC_GDP,23.7,,2026-09-16T23:00:00+0200
2010,GF1001,Sickness and disability,2,GF10,MIO_EUR,53108.9,,2026-09-16T23:00:00+0200
2010,GF1001,Sickness and disability,2,GF10,PC_GDP,2.7,,2026-09-16T23:00:00+0200
2010,GF1002,Old age,2,GF10,MIO_EUR,258615.7,,2026-09-16T23:00:00+0200
2010,GF1002,Old age,2,GF10,PC_GDP,13,,2026-09-16T23:00:00+0200
2010,GF1003,Survivors,2,GF10,MIO_EUR,31304.3,,2026-09-16T23:00:00+0200
2010,GF1003,Survivors,2,GF10,PC_GDP,1.6,,2026-09-16T23:00:00+0200
2010,GF1004,Family and children,2,GF10,MIO_EUR,50708.9,,2026-09-16T23:00:00+0200
2010,GF1004,Family and children,2,GF10,PC_GDP,2.5,,2026-09-16T23:00:00+0200
2010,GF1005,Unemployment,2,GF10,MIO_EUR,37588.9,,2026-09-16T23:00:00+0200
2010,GF1005,Unemployment,2,GF10,PC_GDP,1.9,,2026-09-16T23:00:00+0200
2010,GF1006,Housing,2,GF10,MIO_EUR,17873.3,,2026-09-16T23:00:00+0200
2010,GF1006,Housing,2,GF10,PC_GDP,0.9,,2026-09-16T23:00:00+0200
2010,GF1007,Social exclusion n.e.c.,2,GF10,MIO_EUR,20396.2,,2026-09-16T23:00:00+0200
2010,GF1007,Social exclusion n.e.c.,2,GF10,PC_GDP,1,,2026-09-16T23:00:00+0200
2010,GF1008,R&D Social protection,2,GF10,MIO_EUR,0,,2026-09-16T23:00:00+0200
2010,GF1008,R&D Social protection,2,GF10,PC_GDP,0,,2026-09-16T23:00:00+0200
2010,GF1009,Social protection n.e.c.,2,GF10,MIO_EUR,3823.1,,2026-09-16T23:00:00+0200
2010,GF1009,Social protection n.e.c.,2,GF10,PC_GDP,0.2,,2026-09-16T23:00:00+0200
2010,TOTAL,Total,0,,MIO_EUR,1151962.8,,2026-09-16T23:00:00+0200
2010,TOTAL,Total,0,,PC_GDP,57.7,,2026-09-16T23:00:00+0200
2011,GF01,General public services,1,TOTAL,MIO_EUR,151646.2,,2026-09-16T23:00:00+0200
2011,GF01,General public services,1,TOTAL,PC_GDP,7.4,,2026-09-16T23:00:00+0200
2011,GF0101,"Executive and legislative organs, financial and fiscal affairs, external affairs",2,GF01,MIO_EUR,35200.8,,2026-09-16T23:00:00+0200
2011,GF0101,"Executive and legislative organs, financial and fiscal affairs, external affairs",2,GF01,PC_GDP,1.7,,2026-09-16T23:00:00+0200
2011,GF0102,Foreign economic aid,2,GF01,MIO_EUR,3934.2,,2026-09-16T23:00:00+0200
2011,GF0102,Foreign economic aid,2,GF01,PC_GDP,0.2,,2026-09-16T23:00:00+0200
2011,GF0103,General services,2,GF01,MIO_EUR,36479.9,,2026-09-16T23:00:00+0200
2011,GF0103,General services,2,GF01,PC_GDP,1.8,,2026-09-16T23:00:00+0200
2011,GF0104,Basic research,2,GF01,MIO_EUR,15791.5,,2026-09-16T23:00:00+0200
2011,GF0104,Basic research,2,GF01,PC_GDP,0.8,,2026-09-16T23:00:00+0200
2011,GF0105,R&D General public services,2,GF01,MIO_EUR,0.1,,2026-09-16T23:00:00+0200
2011,GF0105,R&D General public services,2,GF01,PC_GDP,0,,2026-09-16T23:00:00+0200
2011,GF0106,General public services n.e.c.,2,GF01,MIO_EUR,1237.8,,2026-09-16T23:00:00+0200
2011,GF0106,General public services n.e.c.,2,GF01,PC_GDP,0.1,,2026-09-16T23:00:00+0200
2011,GF0107,Public debt transactions,2,GF01,MIO_EUR,59001.9,,2026-09-16T23:00:00+0200
2011,GF0107,Public debt transactions,2,GF01,PC_GDP,2.9,,2026-09-16T23:00:00+0200
2011,GF0108,Transfers of a general character between different levels of government,2,GF01,MIO_EUR,0.1,,2026-09-16T23:00:00+0200
2011,GF0108,Transfers of a general character between different levels of government,2,GF01,PC_GDP,0,,2026-09-16T23:00:00+0200
2011,GF02,Defence,1,TOTAL,MIO_EUR,36689.5,,2026-09-16T23:00:00+0200
2011,GF02,Defence,1,TOTAL,PC_GDP,1.8,,2026-09-16T23:00:00+0200
2011,GF0201,Military defence,2,GF02,MIO_EUR,30960.1,,2026-09-16T23:00:00+0200
2011,GF0201,Military defence,2,GF02,PC_GDP,1.5,,2026-09-16T23:00:00+0200
2011,GF0202,Civil defence,2,GF02,MIO_EUR,352.7,,2026-09-16T23:00:00+0200
2011,GF0202,Civil defence,2,GF02,PC_GDP,0,,2026-09-16T23:00:00+0200
2011,GF0203,Foreign military aid,2,GF02,MIO_EUR,1882.5,,2026-09-16T23:00:00+0200
2011,GF0203,Foreign military aid,2,GF02,PC_GDP,0.1,,2026-09-16T23:00:00+0200
2011,GF0204,R&D Defence,2,GF02,MIO_EUR,1920.4,,2026-09-16T23:00:00+0200
2011,GF0204,R&D Defence,2,GF02,PC_GDP,0.1,,2026-09-16T23:00:00+0200
2011,GF0205,Defence n.e.c.,2,GF02,MIO_EUR,1573.8,,2026-09-16T23:00:00+0200
2011,GF0205,Defence n.e.c.,2,GF02,PC_GDP,0.1,,2026-09-16T23:00:00+0200
2011,GF03,Public order and safety,1,TOTAL,MIO_EUR,33748.9,,2026-09-16T23:00:00+0200
2011,GF03,Public order and safety,1,TOTAL,PC_GDP,1.6,,2026-09-16T23:00:00+0200
2011,GF0301,Police services,2,GF03,MIO_EUR,19443.9,,2026-09-16T23:00:00+0200
2011,GF0301,Police services,2,GF03,PC_GDP,0.9,,2026-09-16T23:00:00+0200
2011,GF0302,Fire-protection services,2,GF03,MIO_EUR,5725.4,,2026-09-16T23:00:00+0200
2011,GF0302,Fire-protection services,2,GF03,PC_GDP,0.3,,2026-09-16T23:00:00+0200
2011,GF0303,Law courts,2,GF03,MIO_EUR,4962,,2026-09-16T23:00:00+0200
2011,GF0303,Law courts,2,GF03,PC_GDP,0.2,,2026-09-16T23:00:00+0200
2011,GF0304,Prisons,2,GF03,MIO_EUR,2875.2,,2026-09-16T23:00:00+0200
2011,GF0304,Prisons,2,GF03,PC_GDP,0.1,,2026-09-16T23:00:00+0200
2011,GF0305,R&D Public order and safety,2,GF03,MIO_EUR,19.3,,2026-09-16T23:00:00+0200
2011,GF0305,R&D Public order and safety,2,GF03,PC_GDP,0,,2026-09-16T23:00:00+0200
2011,GF0306,Public order and safety n.e.c.,2,GF03,MIO_EUR,723.2,,2026-09-16T23:00:00+0200
2011,GF0306,Public order and safety n.e.c.,2,GF03,PC_GDP,0,,2026-09-16T23:00:00+0200
2011,GF04,Economic affairs,1,TOTAL,MIO_EUR,106157.2,,2026-09-16T23:00:00+0200
2011,GF04,Economic affairs,1,TOTAL,PC_GDP,5.1,,2026-09-16T23:00:00+0200
2011,GF0401,"General economic, commercial and labour affairs",2,GF04,MIO_EUR,19232.3,,2026-09-16T23:00:00+0200
2011,GF0401,"General economic, commercial and labour affairs",2,GF04,PC_GDP,0.9,,2026-09-16T23:00:00+0200
2011,GF0402,"Agriculture, forestry, fishing and hunting",2,GF04,MIO_EUR,7663.6,,2026-09-16T23:00:00+0200
2011,GF0402,"Agriculture, forestry, fishing and hunting",2,GF04,PC_GDP,0.4,,2026-09-16T23:00:00+0200
2011,GF0403,Fuel and energy,2,GF04,MIO_EUR,6657.6,,2026-09-16T23:00:00+0200
2011,GF0403,Fuel and energy,2,GF04,PC_GDP,0.3,,2026-09-16T23:00:00+0200
2011,GF0404,"Mining, manufacturing and construction",2,GF04,MIO_EUR,533.2,,2026-09-16T23:00:00+0200
2011,GF0404,"Mining, manufacturing and construction",2,GF04,PC_GDP,0,,2026-09-16T23:00:00+0200
2011,GF0405,Transport,2,GF04,MIO_EUR,46303.5,,2026-09-16T23:00:00+0200
2011,GF0405,Transport,2,GF04,PC_GDP,2.2,,2026-09-16T23:00:00+0200
2011,GF0406,Communication,2,GF04,MIO_EUR,382,,2026-09-16T23:00:00+0200
2011,GF0406,Communication,2,GF04,PC_GDP,0,,2026-09-16T23:00:00+0200
2011,GF0407,Other industries,2,GF04,MIO_EUR,7120.4,,2026-09-16T23:00:00+0200
2011,GF0407,Other industries,2,GF04,PC_GDP,0.3,,2026-09-16T23:00:00+0200
2011,GF0408,R&D Economic affairs,2,GF04,MIO_EUR,16550.5,,2026-09-16T23:00:00+0200
2011,GF0408,R&D Economic affairs,2,GF04,PC_GDP,0.8,,2026-09-16T23:00:00+0200
2011,GF0409,Economic affairs n.e.c.,2,GF04,MIO_EUR,1714.2,,2026-09-16T23:00:00+0200
2011,GF0409,Economic affairs n.e.c.,2,GF04,PC_GDP,0.1,,2026-09-16T23:00:00+0200
2011,GF05,Environmental protection,1,TOTAL,MIO_EUR,19231.8,,2026-09-16T23:00:00+0200
2011,GF05,Environmental protection,1,TOTAL,PC_GDP,0.9,,2026-09-16T23:00:00+0200
2011,GF0501,Waste management,2,GF05,MIO_EUR,10198.3,,2026-09-16T23:00:00+0200
2011,GF0501,Waste management,2,GF05,PC_GDP,0.5,,2026-09-16T23:00:00+0200
2011,GF0502,Waste water management,2,GF05,MIO_EUR,4365.8,,2026-09-16T23:00:00+0200
2011,GF0502,Waste water management,2,GF05,PC_GDP,0.2,,2026-09-16T23:00:00+0200
2011,GF0503,Pollution abatement,2,GF05,MIO_EUR,1531.4,,2026-09-16T23:00:00+0200
2011,GF0503,Pollution abatement,2,GF05,PC_GDP,0.1,,2026-09-16T23:00:00+0200
2011,GF0504,Protection of biodiversity and landscape,2,GF05,MIO_EUR,1442.9,,2026-09-16T23:00:00+0200
2011,GF0504,Protection of biodiversity and landscape,2,GF05,PC_GDP,0.1,,2026-09-16T23:00:00+0200
2011,GF0505,R&D Environmental protection,2,GF05,MIO_EUR,369,,2026-09-16T23:00:00+0200
2011,GF0505,R&D Environmental protection,2,GF05,PC_GDP,0,,2026-09-16T23:00:00+0200
2011,GF0506,Environmental protection n.e.c.,2,GF05,MIO_EUR,1324.5,,2026-09-16T23:00:00+0200
2011,GF0506,Environmental protection n.e.c.,2,GF05,PC_GDP,0.1,,2026-09-16T23:00:00+0200
2011,GF06,Housing and community amenities,1,TOTAL,MIO_EUR,28961.3,,2026-09-16T23:00:00+0200
2011,GF06,Housing and community amenities,1,TOTAL,PC_GDP,1.4,,2026-09-16T23:00:00+0200
2011,GF0601,Housing development,2,GF06,MIO_EUR,10053.2,,2026-09-16T23:00:00+0200
2011,GF0601,Housing development,2,GF06,PC_GDP,0.5,,2026-09-16T23:00:00+0200
2011,GF0602,Community development,2,GF06,MIO_EUR,14777.1,,2026-09-16T23:00:00+0200
2011,GF0602,Community development,2,GF06,PC_GDP,0.7,,2026-09-16T23:00:00+0200
2011,GF0603,Water supply,2,GF06,MIO_EUR,2430.8,,2026-09-16T23:00:00+0200
2011,GF0603,Water supply,2,GF06,PC_GDP,0.1,,2026-09-16T23:00:00+0200
2011,GF0604,Street lighting,2,GF06,MIO_EUR,1447.9,,2026-09-16T23:00:00+0200
2011,GF0604,Street lighting,2,GF06,PC_GDP,0.1,,2026-09-16T23:00:00+0200
2011,GF0605,R&D Housing and community amenities,2,GF06,MIO_EUR,2.2,,2026-09-16T23:00:00+0200
2011,GF0605,R&D Housing and community amenities,2,GF06,PC_GDP,0,,2026-09-16T23:00:00+0200
2011,GF0606,Housing and community amenities n.e.c.,2,GF06,MIO_EUR,250,,2026-09-16T23:00:00+0200
2011,GF0606,Housing and community amenities n.e.c.,2,GF06,PC_GDP,0,,2026-09-16T23:00:00+0200
2011,GF07,Health,1,TOTAL,MIO_EUR,167496.4,,2026-09-16T23:00:00+0200
2011,GF07,Health,1,TOTAL,PC_GDP,8.1,,2026-09-16T23:00:00+0200
2011,GF0701,"Medical products, appliances and equipment",2,GF07,MIO_EUR,30445.9,,2026-09-16T23:00:00+0200
2011,GF0701,"Medical products, appliances and equipment",2,GF07,PC_GDP,1.5,,2026-09-16T23:00:00+0200
2011,GF0702,Outpatient services,2,GF07,MIO_EUR,57283.4,,2026-09-16T23:00:00+0200
2011,GF0702,Outpatient services,2,GF07,PC_GDP,2.8,,2026-09-16T23:00:00+0200
2011,GF0703,Hospital services,2,GF07,MIO_EUR,69776.5,,2026-09-16T23:00:00+0200
2011,GF0703,Hospital services,2,GF07,PC_GDP,3.4,,2026-09-16T23:00:00+0200
2011,GF0704,Public health services,2,GF07,MIO_EUR,4157.4,,2026-09-16T23:00:00+0200
2011,GF0704,Public health services,2,GF07,PC_GDP,0.2,,2026-09-16T23:00:00+0200
2011,GF0705,R&D Health,2,GF07,MIO_EUR,4864.5,,2026-09-16T23:00:00+0200
2011,GF0705,R&D Health,2,GF07,PC_GDP,0.2,,2026-09-16T23:00:00+0200
2011,GF0706,Health n.e.c.,2,GF07,MIO_EUR,968.6,,2026-09-16T23:00:00+0200
2011,GF0706,Health n.e.c.,2,GF07,PC_GDP,0,,2026-09-16T23:00:00+0200
2011,GF08,"Recreation, culture and religion",1,TOTAL,MIO_EUR,32947.8,,2026-09-16T23:00:00+0200
2011,GF08,"Recreation, culture and religion",1,TOTAL,PC_GDP,1.6,,2026-09-16T23:00:00+0200
2011,GF0801,Recreational and sporting services,2,GF08,MIO_EUR,11947.8,,2026-09-16T23:00:00+0200
2011,GF0801,Recreational and sporting services,2,GF08,PC_GDP,0.6,,2026-09-16T23:00:00+0200
2011,GF0802,Cultural services,2,GF08,MIO_EUR,14169.1,,2026-09-16T23:00:00+0200
2011,GF0802,Cultural services,2,GF08,PC_GDP,0.7,,2026-09-16T23:00:00+0200
2011,GF0803,Broadcasting and publishing services,2,GF08,MIO_EUR,6364.5,,2026-09-16T23:00:00+0200
2011,GF0803,Broadcasting and publishing services,2,GF08,PC_GDP,0.3,,2026-09-16T23:00:00+0200
2011,GF0804,Religious and other community services,2,GF08,MIO_EUR,425.6,,2026-09-16T23:00:00+0200
2011,GF0804,Religious and other community services,2,GF08,PC_GDP,0,,2026-09-16T23:00:00+0200
2011,GF0805,"R&D Recreation, culture and religion",2,GF08,MIO_EUR,0,,2026-09-16T23:00:00+0200
2011,GF0805,"R&D Recreation, culture and religion",2,GF08,PC_GDP,0,,2026-09-16T23:00:00+0200
2011,GF0806,"Recreation, culture and religion n.e.c.",2,GF08,MIO_EUR,40.8,,2026-09-16T23:00:00+0200
2011,GF0806,"Recreation, culture and religion n.e.c.",2,GF08,PC_GDP,0,,2026-09-16T23:00:00+0200
2011,GF09,Education,1,TOTAL,MIO_EUR,110024.6,,2026-09-16T23:00:00+0200
2011,GF09,Education,1,TOTAL,PC_GDP,5.3,,2026-09-16T23:00:00+0200
2011,GF0901,Pre-primary and primary education,2,GF09,MIO_EUR,28141.5,,2026-09-16T23:00:00+0200
2011,GF0901,Pre-primary and primary education,2,GF09,PC_GDP,1.4,,2026-09-16T23:00:00+0200
2011,GF0902,Secondary education,2,GF09,MIO_EUR,49282.9,,2026-09-16T23:00:00+0200
2011,GF0902,Secondary education,2,GF09,PC_GDP,2.4,,2026-09-16T23:00:00+0200
2011,GF0903,Post-secondary non-tertiary education,2,GF09,MIO_EUR,1245.5,,2026-09-16T23:00:00+0200
2011,GF0903,Post-secondary non-tertiary education,2,GF09,PC_GDP,0.1,,2026-09-16T23:00:00+0200
2011,GF0904,Tertiary education,2,GF09,MIO_EUR,10957,,2026-09-16T23:00:00+0200
2011,GF0904,Tertiary education,2,GF09,PC_GDP,0.5,,2026-09-16T23:00:00+0200
2011,GF0905,Education not definable by level,2,GF09,MIO_EUR,6999.3,,2026-09-16T23:00:00+0200
2011,GF0905,Education not definable by level,2,GF09,PC_GDP,0.3,,2026-09-16T23:00:00+0200
2011,GF0906,Subsidiary services to education,2,GF09,MIO_EUR,12639.5,,2026-09-16T23:00:00+0200
2011,GF0906,Subsidiary services to education,2,GF09,PC_GDP,0.6,,2026-09-16T23:00:00+0200
2011,GF0907,R&D Education,2,GF09,MIO_EUR,27.9,,2026-09-16T23:00:00+0200
2011,GF0907,R&D Education,2,GF09,PC_GDP,0,,2026-09-16T23:00:00+0200
2011,GF0908,Education n.e.c.,2,GF09,MIO_EUR,731.1,,2026-09-16T23:00:00+0200
2011,GF0908,Education n.e.c.,2,GF09,PC_GDP,0,,2026-09-16T23:00:00+0200
2011,GF10,Social protection,1,TOTAL,MIO_EUR,488799.8,,2026-09-16T23:00:00+0200
2011,GF10,Social protection,1,TOTAL,PC_GDP,23.7,,2026-09-16T23:00:00+0200
2011,GF1001,Sickness and disability,2,GF10,MIO_EUR,54700,,2026-09-16T23:00:00+0200
2011,GF1001,Sickness and disability,2,GF10,PC_GDP,2.7,,2026-09-16T23:00:00+0200
2011,GF1002,Old age,2,GF10,MIO_EUR,270036.5,,2026-09-16T23:00:00+0200
2011,GF1002,Old age,2,GF10,PC_GDP,13.1,,2026-09-16T23:00:00+0200
2011,GF1003,Survivors,2,GF10,MIO_EUR,31609.3,,2026-09-16T23:00:00+0200
2011,GF1003,Survivors,2,GF10,PC_GDP,1.5,,2026-09-16T23:00:00+0200
2011,GF1004,Family and children,2,GF10,MIO_EUR,51851.3,,2026-09-16T23:00:00+0200
2011,GF1004,Family and children,2,GF10,PC_GDP,2.5,,2026-09-16T23:00:00+0200
2011,GF1005,Unemployment,2,GF10,MIO_EUR,37690.5,,2026-09-16T23:00:00+0200
2011,GF1005,Unemployment,2,GF10,PC_GDP,1.8,,2026-09-16T23:00:00+0200
2011,GF1006,Housing,2,GF10,MIO_EUR,18463.7,,2026-09-16T23:00:00+0200
2011,GF1006,Housing,2,GF10,PC_GDP,0.9,,2026-09-16T23:00:00+0200
2011,GF1007,Social exclusion n.e.c.,2,GF10,MIO_EUR,20485.5,,2026-09-16T23:00:00+0200
2011,GF1007,Social exclusion n.e.c.,2,GF10,PC_GDP,1,,2026-09-16T23:00:00+0200
2011,GF1008,R&D Social protection,2,GF10,MIO_EUR,0,,2026-09-16T23:00:00+0200
2011,GF1008,R&D Social protection,2,GF10,PC_GDP,0,,2026-09-16T23:00:00+0200
2011,GF1009,Social protection n.e.c.,2,GF10,MIO_EUR,3963,,2026-09-16T23:00:00+0200
2011,GF1009,Social protection n.e.c.,2,GF10,PC_GDP,0.2,,2026-09-16T23:00:00+0200
2011,TOTAL,Total,0,,MIO_EUR,1175703.6,,2026-09-16T23:00:00+0200
2011,TOTAL,Total,0,,PC_GDP,57,,2026-09-16T23:00:00+0200
2012,GF01,General public services,1,TOTAL,MIO_EUR,155457.1,,2026-09-16T23:00:00+0200
2012,GF01,General public services,1,TOTAL,PC_GDP,7.4,,2026-09-16T23:00:00+0200
2012,GF0101,"Executive and legislative organs, financial and fiscal affairs, external affairs",2,GF01,MIO_EUR,36579.5,,2026-09-16T23:00:00+0200
2012,GF0101,"Executive and legislative organs, financial and fiscal affairs, external affairs",2,GF01,PC_GDP,1.8,,2026-09-16T23:00:00+0200
2012,GF0102,Foreign economic aid,2,GF01,MIO_EUR,5227.7,,2026-09-16T23:00:00+0200
2012,GF0102,Foreign economic aid,2,GF01,PC_GDP,0.3,,2026-09-16T23:00:00+0200
2012,GF0103,General services,2,GF01,MIO_EUR,39247.1,,2026-09-16T23:00:00+0200
2012,GF0103,General services,2,GF01,PC_GDP,1.9,,2026-09-16T23:00:00+0200
2012,GF0104,Basic research,2,GF01,MIO_EUR,15471.3,,2026-09-16T23:00:00+0200
2012,GF0104,Basic research,2,GF01,PC_GDP,0.7,,2026-09-16T23:00:00+0200
2012,GF0105,R&D General public services,2,GF01,MIO_EUR,0,,2026-09-16T23:00:00+0200
2012,GF0105,R&D General public services,2,GF01,PC_GDP,0,,2026-09-16T23:00:00+0200
2012,GF0106,General public services n.e.c.,2,GF01,MIO_EUR,1073.9,,2026-09-16T23:00:00+0200
2012,GF0106,General public services n.e.c.,2,GF01,PC_GDP,0.1,,2026-09-16T23:00:00+0200
2012,GF0107,Public debt transactions,2,GF01,MIO_EUR,57857.7,,2026-09-16T23:00:00+0200
2012,GF0107,Public debt transactions,2,GF01,PC_GDP,2.8,,2026-09-16T23:00:00+0200
2012,GF0108,Transfers of a general character between different levels of government,2,GF01,MIO_EUR,0,,2026-09-16T23:00:00+0200
2012,GF0108,Transfers of a general character between different levels of government,2,GF01,PC_GDP,0,,2026-09-16T23:00:00+0200
2012,GF02,Defence,1,TOTAL,MIO_EUR,37478.3,,2026-09-16T23:00:00+0200
2012,GF02,Defence,1,TOTAL,PC_GDP,1.8,,2026-09-16T23:00:00+0200
2012,GF0201,Military defence,2,GF02,MIO_EUR,32055.3,,2026-09-16T23:00:00+0200
2012,GF0201,Military defence,2,GF02,PC_GDP,1.5,,2026-09-16T23:00:00+0200
2012,GF0202,Civil defence,2,GF02,MIO_EUR,232.9,,2026-09-16T23:00:00+0200
2012,GF0202,Civil defence,2,GF02,PC_GDP,0,,2026-09-16T23:00:00+0200
2012,GF0203,Foreign military aid,2,GF02,MIO_EUR,1687.2,,2026-09-16T23:00:00+0200
2012,GF0203,Foreign military aid,2,GF02,PC_GDP,0.1,,2026-09-16T23:00:00+0200
2012,GF0204,R&D Defence,2,GF02,MIO_EUR,1891.5,,2026-09-16T23:00:00+0200
2012,GF0204,R&D Defence,2,GF02,PC_GDP,0.1,,2026-09-16T23:00:00+0200
2012,GF0205,Defence n.e.c.,2,GF02,MIO_EUR,1611.3,,2026-09-16T23:00:00+0200
2012,GF0205,Defence n.e.c.,2,GF02,PC_GDP,0.1,,2026-09-16T23:00:00+0200
2012,GF03,Public order and safety,1,TOTAL,MIO_EUR,34073,,2026-09-16T23:00:00+0200
2012,GF03,Public order and safety,1,TOTAL,PC_GDP,1.6,,2026-09-16T23:00:00+0200
2012,GF0301,Police services,2,GF03,MIO_EUR,19298.2,,2026-09-16T23:00:00+0200
2012,GF0301,Police services,2,GF03,PC_GDP,0.9,,2026-09-16T23:00:00+0200
2012,GF0302,Fire-protection services,2,GF03,MIO_EUR,5825.7,,2026-09-16T23:00:00+0200
2012,GF0302,Fire-protection services,2,GF03,PC_GDP,0.3,,2026-09-16T23:00:00+0200
2012,GF0303,Law courts,2,GF03,MIO_EUR,5185.4,,2026-09-16T23:00:00+0200
2012,GF0303,Law courts,2,GF03,PC_GDP,0.2,,2026-09-16T23:00:00+0200
2012,GF0304,Prisons,2,GF03,MIO_EUR,3023,,2026-09-16T23:00:00+0200
2012,GF0304,Prisons,2,GF03,PC_GDP,0.1,,2026-09-16T23:00:00+0200
2012,GF0305,R&D Public order and safety,2,GF03,MIO_EUR,18.8,,2026-09-16T23:00:00+0200
2012,GF0305,R&D Public order and safety,2,GF03,PC_GDP,0,,2026-09-16T23:00:00+0200
2012,GF0306,Public order and safety n.e.c.,2,GF03,MIO_EUR,722,,2026-09-16T23:00:00+0200
2012,GF0306,Public order and safety n.e.c.,2,GF03,PC_GDP,0,,2026-09-16T23:00:00+0200
2012,GF04,Economic affairs,1,TOTAL,MIO_EUR,112956.4,,2026-09-16T23:00:00+0200
2012,GF04,Economic affairs,1,TOTAL,PC_GDP,5.4,,2026-09-16T23:00:00+0200
2012,GF0401,"General economic, commercial and labour affairs",2,GF04,MIO_EUR,22843.4,,2026-09-16T23:00:00+0200
2012,GF0401,"General economic, commercial and labour affairs",2,GF04,PC_GDP,1.1,,2026-09-16T23:00:00+0200
2012,GF0402,"Agriculture, forestry, fishing and hunting",2,GF04,MIO_EUR,4283.8,,2026-09-16T23:00:00+0200
2012,GF0402,"Agriculture, forestry, fishing and hunting",2,GF04,PC_GDP,0.2,,2026-09-16T23:00:00+0200
2012,GF0403,Fuel and energy,2,GF04,MIO_EUR,9079.9,,2026-09-16T23:00:00+0200
2012,GF0403,Fuel and energy,2,GF04,PC_GDP,0.4,,2026-09-16T23:00:00+0200
2012,GF0404,"Mining, manufacturing and construction",2,GF04,MIO_EUR,722.9,,2026-09-16T23:00:00+0200
2012,GF0404,"Mining, manufacturing and construction",2,GF04,PC_GDP,0,,2026-09-16T23:00:00+0200
2012,GF0405,Transport,2,GF04,MIO_EUR,47259.3,,2026-09-16T23:00:00+0200
2012,GF0405,Transport,2,GF04,PC_GDP,2.3,,2026-09-16T23:00:00+0200
2012,GF0406,Communication,2,GF04,MIO_EUR,1578.2,,2026-09-16T23:00:00+0200
2012,GF0406,Communication,2,GF04,PC_GDP,0.1,,2026-09-16T23:00:00+0200
2012,GF0407,Other industries,2,GF04,MIO_EUR,7206,,2026-09-16T23:00:00+0200
2012,GF0407,Other industries,2,GF04,PC_GDP,0.3,,2026-09-16T23:00:00+0200
2012,GF0408,R&D Economic affairs,2,GF04,MIO_EUR,15979.4,,2026-09-16T23:00:00+0200
2012,GF0408,R&D Economic affairs,2,GF04,PC_GDP,0.8,,2026-09-16T23:00:00+0200
2012,GF0409,Economic affairs n.e.c.,2,GF04,MIO_EUR,4003.5,,2026-09-16T23:00:00+0200
2012,GF0409,Economic affairs n.e.c.,2,GF04,PC_GDP,0.2,,2026-09-16T23:00:00+0200
2012,GF05,Environmental protection,1,TOTAL,MIO_EUR,19632.5,,2026-09-16T23:00:00+0200
2012,GF05,Environmental protection,1,TOTAL,PC_GDP,0.9,,2026-09-16T23:00:00+0200
2012,GF0501,Waste management,2,GF05,MIO_EUR,10542,,2026-09-16T23:00:00+0200
2012,GF0501,Waste management,2,GF05,PC_GDP,0.5,,2026-09-16T23:00:00+0200
2012,GF0502,Waste water management,2,GF05,MIO_EUR,4321,,2026-09-16T23:00:00+0200
2012,GF0502,Waste water management,2,GF05,PC_GDP,0.2,,2026-09-16T23:00:00+0200
2012,GF0503,Pollution abatement,2,GF05,MIO_EUR,1513.5,,2026-09-16T23:00:00+0200
2012,GF0503,Pollution abatement,2,GF05,PC_GDP,0.1,,2026-09-16T23:00:00+0200
2012,GF0504,Protection of biodiversity and landscape,2,GF05,MIO_EUR,1545.4,,2026-09-16T23:00:00+0200
2012,GF0504,Protection of biodiversity and landscape,2,GF05,PC_GDP,0.1,,2026-09-16T23:00:00+0200
2012,GF0505,R&D Environmental protection,2,GF05,MIO_EUR,344.7,,2026-09-16T23:00:00+0200
2012,GF0505,R&D Environmental protection,2,GF05,PC_GDP,0,,2026-09-16T23:00:00+0200
2012,GF0506,Environmental protection n.e.c.,2,GF05,MIO_EUR,1365.9,,2026-09-16T23:00:00+0200
2012,GF0506,Environmental protection n.e.c.,2,GF05,PC_GDP,0.1,,2026-09-16T23:00:00+0200
2012,GF06,Housing and community amenities,1,TOTAL,MIO_EUR,28258.2,,2026-09-16T23:00:00+0200
2012,GF06,Housing and community amenities,1,TOTAL,PC_GDP,1.4,,2026-09-16T23:00:00+0200
2012,GF0601,Housing development,2,GF06,MIO_EUR,10127.4,,2026-09-16T23:00:00+0200
2012,GF0601,Housing development,2,GF06,PC_GDP,0.5,,2026-09-16T23:00:00+0200
2012,GF0602,Community development,2,GF06,MIO_EUR,14297.1,,2026-09-16T23:00:00+0200
2012,GF0602,Community development,2,GF06,PC_GDP,0.7,,2026-09-16T23:00:00+0200
2012,GF0603,Water supply,2,GF06,MIO_EUR,2204.8,,2026-09-16T23:00:00+0200
2012,GF0603,Water supply,2,GF06,PC_GDP,0.1,,2026-09-16T23:00:00+0200
2012,GF0604,Street lighting,2,GF06,MIO_EUR,1388.2,,2026-09-16T23:00:00+0200
2012,GF0604,Street lighting,2,GF06,PC_GDP,0.1,,2026-09-16T23:00:00+0200
2012,GF0605,R&D Housing and community amenities,2,GF06,MIO_EUR,4.1,,2026-09-16T23:00:00+0200
2012,GF0605,R&D Housing and community amenities,2,GF06,PC_GDP,0,,2026-09-16T23:00:00+0200
2012,GF0606,Housing and community amenities n.e.c.,2,GF06,MIO_EUR,236.6,,2026-09-16T23:00:00+0200
2012,GF0606,Housing and community amenities n.e.c.,2,GF06,PC_GDP,0,,2026-09-16T23:00:00+0200
2012,GF07,Health,1,TOTAL,MIO_EUR,170536.9,,2026-09-16T23:00:00+0200
2012,GF07,Health,1,TOTAL,PC_GDP,8.2,,2026-09-16T23:00:00+0200
2012,GF0701,"Medical products, appliances and equipment",2,GF07,MIO_EUR,29802.9,,2026-09-16T23:00:00+0200
2012,GF0701,"Medical products, appliances and equipment",2,GF07,PC_GDP,1.4,,2026-09-16T23:00:00+0200
2012,GF0702,Outpatient services,2,GF07,MIO_EUR,59423.7,,2026-09-16T23:00:00+0200
2012,GF0702,Outpatient services,2,GF07,PC_GDP,2.8,,2026-09-16T23:00:00+0200
2012,GF0703,Hospital services,2,GF07,MIO_EUR,71488,,2026-09-16T23:00:00+0200
2012,GF0703,Hospital services,2,GF07,PC_GDP,3.4,,2026-09-16T23:00:00+0200
2012,GF0704,Public health services,2,GF07,MIO_EUR,4209.9,,2026-09-16T23:00:00+0200
2012,GF0704,Public health services,2,GF07,PC_GDP,0.2,,2026-09-16T23:00:00+0200
2012,GF0705,R&D Health,2,GF07,MIO_EUR,4804.5,,2026-09-16T23:00:00+0200
2012,GF0705,R&D Health,2,GF07,PC_GDP,0.2,,2026-09-16T23:00:00+0200
2012,GF0706,Health n.e.c.,2,GF07,MIO_EUR,807.9,,2026-09-16T23:00:00+0200
2012,GF0706,Health n.e.c.,2,GF07,PC_GDP,0,,2026-09-16T23:00:00+0200
2012,GF08,"Recreation, culture and religion",1,TOTAL,MIO_EUR,33566,,2026-09-16T23:00:00+0200
2012,GF08,"Recreation, culture and religion",1,TOTAL,PC_GDP,1.6,,2026-09-16T23:00:00+0200
2012,GF0801,Recreational and sporting services,2,GF08,MIO_EUR,12256.3,,2026-09-16T23:00:00+0200
2012,GF0801,Recreational and sporting services,2,GF08,PC_GDP,0.6,,2026-09-16T23:00:00+0200
2012,GF0802,Cultural services,2,GF08,MIO_EUR,14633.8,,2026-09-16T23:00:00+0200
2012,GF0802,Cultural services,2,GF08,PC_GDP,0.7,,2026-09-16T23:00:00+0200
2012,GF0803,Broadcasting and publishing services,2,GF08,MIO_EUR,6182,,2026-09-16T23:00:00+0200
2012,GF0803,Broadcasting and publishing services,2,GF08,PC_GDP,0.3,,2026-09-16T23:00:00+0200
2012,GF0804,Religious and other community services,2,GF08,MIO_EUR,444.9,,2026-09-16T23:00:00+0200
2012,GF0804,Religious and other community services,2,GF08,PC_GDP,0,,2026-09-16T23:00:00+0200
2012,GF0805,"R&D Recreation, culture and religion",2,GF08,MIO_EUR,0,,2026-09-16T23:00:00+0200
2012,GF0805,"R&D Recreation, culture and religion",2,GF08,PC_GDP,0,,2026-09-16T23:00:00+0200
2012,GF0806,"Recreation, culture and religion n.e.c.",2,GF08,MIO_EUR,49,,2026-09-16T23:00:00+0200
2012,GF0806,"Recreation, culture and religion n.e.c.",2,GF08,PC_GDP,0,,2026-09-16T23:00:00+0200
2012,GF09,Education,1,TOTAL,MIO_EUR,111040.5,,2026-09-16T23:00:00+0200
2012,GF09,Education,1,TOTAL,PC_GDP,5.3,,2026-09-16T23:00:00+0200
2012,GF0901,Pre-primary and primary education,2,GF09,MIO_EUR,25263.3,,2026-09-16T23:00:00+0200
2012,GF0901,Pre-primary and primary education,2,GF09,PC_GDP,1.2,,2026-09-16T23:00:00+0200
2012,GF0902,Secondary education,2,GF09,MIO_EUR,52941.3,,2026-09-16T23:00:00+0200
2012,GF0902,Secondary education,2,GF09,PC_GDP,2.5,,2026-09-16T23:00:00+0200
2012,GF0903,Post-secondary non-tertiary education,2,GF09,MIO_EUR,1269.8,,2026-09-16T23:00:00+0200
2012,GF0903,Post-secondary non-tertiary education,2,GF09,PC_GDP,0.1,,2026-09-16T23:00:00+0200
2012,GF0904,Tertiary education,2,GF09,MIO_EUR,10351.7,,2026-09-16T23:00:00+0200
2012,GF0904,Tertiary education,2,GF09,PC_GDP,0.5,,2026-09-16T23:00:00+0200
2012,GF0905,Education not definable by level,2,GF09,MIO_EUR,7231.6,,2026-09-16T23:00:00+0200
2012,GF0905,Education not definable by level,2,GF09,PC_GDP,0.3,,2026-09-16T23:00:00+0200
2012,GF0906,Subsidiary services to education,2,GF09,MIO_EUR,13295.3,,2026-09-16T23:00:00+0200
2012,GF0906,Subsidiary services to education,2,GF09,PC_GDP,0.6,,2026-09-16T23:00:00+0200
2012,GF0907,R&D Education,2,GF09,MIO_EUR,25.9,,2026-09-16T23:00:00+0200
2012,GF0907,R&D Education,2,GF09,PC_GDP,0,,2026-09-16T23:00:00+0200
2012,GF0908,Education n.e.c.,2,GF09,MIO_EUR,661.6,,2026-09-16T23:00:00+0200
2012,GF0908,Education n.e.c.,2,GF09,PC_GDP,0,,2026-09-16T23:00:00+0200
2012,GF10,Social protection,1,TOTAL,MIO_EUR,505953.2,,2026-09-16T23:00:00+0200
2012,GF10,Social protection,1,TOTAL,PC_GDP,24.2,,2026-09-16T23:00:00+0200
2012,GF1001,Sickness and disability,2,GF10,MIO_EUR,57058.9,,2026-09-16T23:00:00+0200
2012,GF1001,Sickness and disability,2,GF10,PC_GDP,2.7,,2026-09-16T23:00:00+0200
2012,GF1002,Old age,2,GF10,MIO_EUR,278932.7,,2026-09-16T23:00:00+0200
2012,GF1002,Old age,2,GF10,PC_GDP,13.4,,2026-09-16T23:00:00+0200
2012,GF1003,Survivors,2,GF10,MIO_EUR,33416.6,,2026-09-16T23:00:00+0200
2012,GF1003,Survivors,2,GF10,PC_GDP,1.6,,2026-09-16T23:00:00+0200
2012,GF1004,Family and children,2,GF10,MIO_EUR,53335.2,,2026-09-16T23:00:00+0200
2012,GF1004,Family and children,2,GF10,PC_GDP,2.6,,2026-09-16T23:00:00+0200
2012,GF1005,Unemployment,2,GF10,MIO_EUR,39268.3,,2026-09-16T23:00:00+0200
2012,GF1005,Unemployment,2,GF10,PC_GDP,1.9,,2026-09-16T23:00:00+0200
2012,GF1006,Housing,2,GF10,MIO_EUR,19268.1,,2026-09-16T23:00:00+0200
2012,GF1006,Housing,2,GF10,PC_GDP,0.9,,2026-09-16T23:00:00+0200
2012,GF1007,Social exclusion n.e.c.,2,GF10,MIO_EUR,20682.9,,2026-09-16T23:00:00+0200
2012,GF1007,Social exclusion n.e.c.,2,GF10,PC_GDP,1,,2026-09-16T23:00:00+0200
2012,GF1008,R&D Social protection,2,GF10,MIO_EUR,0,,2026-09-16T23:00:00+0200
2012,GF1008,R&D Social protection,2,GF10,PC_GDP,0,,2026-09-16T23:00:00+0200
2012,GF1009,Social protection n.e.c.,2,GF10,MIO_EUR,3990.6,,2026-09-16T23:00:00+0200
2012,GF1009,Social protection n.e.c.,2,GF10,PC_GDP,0.2,,2026-09-16T23:00:00+0200
2012,TOTAL,Total,0,,MIO_EUR,1208952.2,,2026-09-16T23:00:00+0200
2012,TOTAL,Total,0,,PC_GDP,57.9,,2026-09-16T23:00:00+0200
2013,GF01,General public services,1,TOTAL,MIO_EUR,153608.2,,2026-09-16T23:00:00+0200
2013,GF01,General public services,1,TOTAL,PC_GDP,7.2,,2026-09-16T23:00:00+0200
2013,GF0101,"Executive and legislative organs, financial and fiscal affairs, external affairs",2,GF01,MIO_EUR,39311.6,,2026-09-16T23:00:00+0200
2013,GF0101,"Executive and legislative organs, financial and fiscal affairs, external affairs",2,GF01,PC_GDP,1.9,,2026-09-16T23:00:00+0200
2013,GF0102,Foreign economic aid,2,GF01,MIO_EUR,4602.5,,2026-09-16T23:00:00+0200
2013,GF0102,Foreign economic aid,2,GF01,PC_GDP,0.2,,2026-09-16T23:00:00+0200
2013,GF0103,General services,2,GF01,MIO_EUR,39214.7,,2026-09-16T23:00:00+0200
2013,GF0103,General services,2,GF01,PC_GDP,1.8,,2026-09-16T23:00:00+0200
2013,GF0104,Basic research,2,GF01,MIO_EUR,15698.3,,2026-09-16T23:00:00+0200
2013,GF0104,Basic research,2,GF01,PC_GDP,0.7,,2026-09-16T23:00:00+0200
2013,GF0105,R&D General public services,2,GF01,MIO_EUR,0,,2026-09-16T23:00:00+0200
2013,GF0105,R&D General public services,2,GF01,PC_GDP,0,,2026-09-16T23:00:00+0200
2013,GF0106,General public services n.e.c.,2,GF01,MIO_EUR,2010.3,,2026-09-16T23:00:00+0200
2013,GF0106,General public services n.e.c.,2,GF01,PC_GDP,0.1,,2026-09-16T23:00:00+0200
2013,GF0107,Public debt transactions,2,GF01,MIO_EUR,52770.9,,2026-09-16T23:00:00+0200
2013,GF0107,Public debt transactions,2,GF01,PC_GDP,2.5,,2026-09-16T23:00:00+0200
2013,GF0108,Transfers of a general character between different levels of government,2,GF01,MIO_EUR,0,,2026-09-16T23:00:00+0200
2013,GF0108,Transfers of a general character between different levels of government,2,GF01,PC_GDP,0,,2026-09-16T23:00:00+0200
2013,GF02,Defence,1,TOTAL,MIO_EUR,37829.8,,2026-09-16T23:00:00+0200
2013,GF02,Defence,1,TOTAL,PC_GDP,1.8,,2026-09-16T23:00:00+0200
2013,GF0201,Military defence,2,GF02,MIO_EUR,32842.9,,2026-09-16T23:00:00+0200
2013,GF0201,Military defence,2,GF02,PC_GDP,1.5,,2026-09-16T23:00:00+0200
2013,GF0202,Civil defence,2,GF02,MIO_EUR,255.6,,2026-09-16T23:00:00+0200
2013,GF0202,Civil defence,2,GF02,PC_GDP,0,,2026-09-16T23:00:00+0200
2013,GF0203,Foreign military aid,2,GF02,MIO_EUR,2277.8,,2026-09-16T23:00:00+0200
2013,GF0203,Foreign military aid,2,GF02,PC_GDP,0.1,,2026-09-16T23:00:00+0200
2013,GF0204,R&D Defence,2,GF02,MIO_EUR,1253.1,,2026-09-16T23:00:00+0200
2013,GF0204,R&D Defence,2,GF02,PC_GDP,0.1,,2026-09-16T23:00:00+0200
2013,GF0205,Defence n.e.c.,2,GF02,MIO_EUR,1200.4,,2026-09-16T23:00:00+0200
2013,GF0205,Defence n.e.c.,2,GF02,PC_GDP,0.1,,2026-09-16T23:00:00+0200
2013,GF03,Public order and safety,1,TOTAL,MIO_EUR,34523,,2026-09-16T23:00:00+0200
2013,GF03,Public order and safety,1,TOTAL,PC_GDP,1.6,,2026-09-16T23:00:00+0200
2013,GF0301,Police services,2,GF03,MIO_EUR,19630.4,,2026-09-16T23:00:00+0200
2013,GF0301,Police services,2,GF03,PC_GDP,0.9,,2026-09-16T23:00:00+0200
2013,GF0302,Fire-protection services,2,GF03,MIO_EUR,5828.8,,2026-09-16T23:00:00+0200
2013,GF0302,Fire-protection services,2,GF03,PC_GDP,0.3,,2026-09-16T23:00:00+0200
2013,GF0303,Law courts,2,GF03,MIO_EUR,5147.5,,2026-09-16T23:00:00+0200
2013,GF0303,Law courts,2,GF03,PC_GDP,0.2,,2026-09-16T23:00:00+0200
2013,GF0304,Prisons,2,GF03,MIO_EUR,3136.2,,2026-09-16T23:00:00+0200
2013,GF0304,Prisons,2,GF03,PC_GDP,0.1,,2026-09-16T23:00:00+0200
2013,GF0305,R&D Public order and safety,2,GF03,MIO_EUR,18.1,,2026-09-16T23:00:00+0200
2013,GF0305,R&D Public order and safety,2,GF03,PC_GDP,0,,2026-09-16T23:00:00+0200
2013,GF0306,Public order and safety n.e.c.,2,GF03,MIO_EUR,762.1,,2026-09-16T23:00:00+0200
2013,GF0306,Public order and safety n.e.c.,2,GF03,PC_GDP,0,,2026-09-16T23:00:00+0200
2013,GF04,Economic affairs,1,TOTAL,MIO_EUR,128006.5,,2026-09-16T23:00:00+0200
2013,GF04,Economic affairs,1,TOTAL,PC_GDP,6,,2026-09-16T23:00:00+0200
2013,GF0401,"General economic, commercial and labour affairs",2,GF04,MIO_EUR,34133.3,,2026-09-16T23:00:00+0200
2013,GF0401,"General economic, commercial and labour affairs",2,GF04,PC_GDP,1.6,,2026-09-16T23:00:00+0200
2013,GF0402,"Agriculture, forestry, fishing and hunting",2,GF04,MIO_EUR,4051.8,,2026-09-16T23:00:00+0200
2013,GF0402,"Agriculture, forestry, fishing and hunting",2,GF04,PC_GDP,0.2,,2026-09-16T23:00:00+0200
2013,GF0403,Fuel and energy,2,GF04,MIO_EUR,9991.5,,2026-09-16T23:00:00+0200
2013,GF0403,Fuel and energy,2,GF04,PC_GDP,0.5,,2026-09-16T23:00:00+0200
2013,GF0404,"Mining, manufacturing and construction",2,GF04,MIO_EUR,556.3,,2026-09-16T23:00:00+0200
2013,GF0404,"Mining, manufacturing and construction",2,GF04,PC_GDP,0,,2026-09-16T23:00:00+0200
2013,GF0405,Transport,2,GF04,MIO_EUR,52834.9,,2026-09-16T23:00:00+0200
2013,GF0405,Transport,2,GF04,PC_GDP,2.5,,2026-09-16T23:00:00+0200
2013,GF0406,Communication,2,GF04,MIO_EUR,1264.7,,2026-09-16T23:00:00+0200
2013,GF0406,Communication,2,GF04,PC_GDP,0.1,,2026-09-16T23:00:00+0200
2013,GF0407,Other industries,2,GF04,MIO_EUR,7205.1,,2026-09-16T23:00:00+0200
2013,GF0407,Other industries,2,GF04,PC_GDP,0.3,,2026-09-16T23:00:00+0200
2013,GF0408,R&D Economic affairs,2,GF04,MIO_EUR,16087,,2026-09-16T23:00:00+0200
2013,GF0408,R&D Economic affairs,2,GF04,PC_GDP,0.8,,2026-09-16T23:00:00+0200
2013,GF0409,Economic affairs n.e.c.,2,GF04,MIO_EUR,1881.8,,2026-09-16T23:00:00+0200
2013,GF0409,Economic affairs n.e.c.,2,GF04,PC_GDP,0.1,,2026-09-16T23:00:00+0200
2013,GF05,Environmental protection,1,TOTAL,MIO_EUR,20301.7,,2026-09-16T23:00:00+0200
2013,GF05,Environmental protection,1,TOTAL,PC_GDP,1,,2026-09-16T23:00:00+0200
2013,GF0501,Waste management,2,GF05,MIO_EUR,10772.2,,2026-09-16T23:00:00+0200
2013,GF0501,Waste management,2,GF05,PC_GDP,0.5,,2026-09-16T23:00:00+0200
2013,GF0502,Waste water management,2,GF05,MIO_EUR,4183.7,,2026-09-16T23:00:00+0200
2013,GF0502,Waste water management,2,GF05,PC_GDP,0.2,,2026-09-16T23:00:00+0200
2013,GF0503,Pollution abatement,2,GF05,MIO_EUR,1806.3,,2026-09-16T23:00:00+0200
2013,GF0503,Pollution abatement,2,GF05,PC_GDP,0.1,,2026-09-16T23:00:00+0200
2013,GF0504,Protection of biodiversity and landscape,2,GF05,MIO_EUR,1584.6,,2026-09-16T23:00:00+0200
2013,GF0504,Protection of biodiversity and landscape,2,GF05,PC_GDP,0.1,,2026-09-16T23:00:00+0200
2013,GF0505,R&D Environmental protection,2,GF05,MIO_EUR,358.9,,2026-09-16T23:00:00+0200
2013,GF0505,R&D Environmental protection,2,GF05,PC_GDP,0,,2026-09-16T23:00:00+0200
2013,GF0506,Environmental protection n.e.c.,2,GF05,MIO_EUR,1596.1,,2026-09-16T23:00:00+0200
2013,GF0506,Environmental protection n.e.c.,2,GF05,PC_GDP,0.1,,2026-09-16T23:00:00+0200
2013,GF06,Housing and community amenities,1,TOTAL,MIO_EUR,28086.1,,2026-09-16T23:00:00+0200
2013,GF06,Housing and community amenities,1,TOTAL,PC_GDP,1.3,,2026-09-16T23:00:00+0200
2013,GF0601,Housing development,2,GF06,MIO_EUR,9490.7,,2026-09-16T23:00:00+0200
2013,GF0601,Housing development,2,GF06,PC_GDP,0.4,,2026-09-16T23:00:00+0200
2013,GF0602,Community development,2,GF06,MIO_EUR,14569.6,,2026-09-16T23:00:00+0200
2013,GF0602,Community development,2,GF06,PC_GDP,0.7,,2026-09-16T23:00:00+0200
2013,GF0603,Water supply,2,GF06,MIO_EUR,2370.5,,2026-09-16T23:00:00+0200
2013,GF0603,Water supply,2,GF06,PC_GDP,0.1,,2026-09-16T23:00:00+0200
2013,GF0604,Street lighting,2,GF06,MIO_EUR,1421,,2026-09-16T23:00:00+0200
2013,GF0604,Street lighting,2,GF06,PC_GDP,0.1,,2026-09-16T23:00:00+0200
2013,GF0605,R&D Housing and community amenities,2,GF06,MIO_EUR,0,,2026-09-16T23:00:00+0200
2013,GF0605,R&D Housing and community amenities,2,GF06,PC_GDP,0,,2026-09-16T23:00:00+0200
2013,GF0606,Housing and community amenities n.e.c.,2,GF06,MIO_EUR,234.3,,2026-09-16T23:00:00+0200
2013,GF0606,Housing and community amenities n.e.c.,2,GF06,PC_GDP,0,,2026-09-16T23:00:00+0200
2013,GF07,Health,1,TOTAL,MIO_EUR,174363.1,,2026-09-16T23:00:00+0200
2013,GF07,Health,1,TOTAL,PC_GDP,8.2,,2026-09-16T23:00:00+0200
2013,GF0701,"Medical products, appliances and equipment",2,GF07,MIO_EUR,30738.5,,2026-09-16T23:00:00+0200
2013,GF0701,"Medical products, appliances and equipment",2,GF07,PC_GDP,1.4,,2026-09-16T23:00:00+0200
2013,GF0702,Outpatient services,2,GF07,MIO_EUR,61233.3,,2026-09-16T23:00:00+0200
2013,GF0702,Outpatient services,2,GF07,PC_GDP,2.9,,2026-09-16T23:00:00+0200
2013,GF0703,Hospital services,2,GF07,MIO_EUR,72107.2,,2026-09-16T23:00:00+0200
2013,GF0703,Hospital services,2,GF07,PC_GDP,3.4,,2026-09-16T23:00:00+0200
2013,GF0704,Public health services,2,GF07,MIO_EUR,4375.2,,2026-09-16T23:00:00+0200
2013,GF0704,Public health services,2,GF07,PC_GDP,0.2,,2026-09-16T23:00:00+0200
2013,GF0705,R&D Health,2,GF07,MIO_EUR,4972.7,,2026-09-16T23:00:00+0200
2013,GF0705,R&D Health,2,GF07,PC_GDP,0.2,,2026-09-16T23:00:00+0200
2013,GF0706,Health n.e.c.,2,GF07,MIO_EUR,936.3,,2026-09-16T23:00:00+0200
2013,GF0706,Health n.e.c.,2,GF07,PC_GDP,0,,2026-09-16T23:00:00+0200
2013,GF08,"Recreation, culture and religion",1,TOTAL,MIO_EUR,34693.4,,2026-09-16T23:00:00+0200
2013,GF08,"Recreation, culture and religion",1,TOTAL,PC_GDP,1.6,,2026-09-16T23:00:00+0200
2013,GF0801,Recreational and sporting services,2,GF08,MIO_EUR,12813.2,,2026-09-16T23:00:00+0200
2013,GF0801,Recreational and sporting services,2,GF08,PC_GDP,0.6,,2026-09-16T23:00:00+0200
2013,GF0802,Cultural services,2,GF08,MIO_EUR,15199.8,,2026-09-16T23:00:00+0200
2013,GF0802,Cultural services,2,GF08,PC_GDP,0.7,,2026-09-16T23:00:00+0200
2013,GF0803,Broadcasting and publishing services,2,GF08,MIO_EUR,6191.1,,2026-09-16T23:00:00+0200
2013,GF0803,Broadcasting and publishing services,2,GF08,PC_GDP,0.3,,2026-09-16T23:00:00+0200
2013,GF0804,Religious and other community services,2,GF08,MIO_EUR,487.5,,2026-09-16T23:00:00+0200
2013,GF0804,Religious and other community services,2,GF08,PC_GDP,0,,2026-09-16T23:00:00+0200
2013,GF0805,"R&D Recreation, culture and religion",2,GF08,MIO_EUR,0,,2026-09-16T23:00:00+0200
2013,GF0805,"R&D Recreation, culture and religion",2,GF08,PC_GDP,0,,2026-09-16T23:00:00+0200
2013,GF0806,"Recreation, culture and religion n.e.c.",2,GF08,MIO_EUR,1.8,,2026-09-16T23:00:00+0200
2013,GF0806,"Recreation, culture and religion n.e.c.",2,GF08,PC_GDP,0,,2026-09-16T23:00:00+0200
2013,GF09,Education,1,TOTAL,MIO_EUR,112624.2,,2026-09-16T23:00:00+0200
2013,GF09,Education,1,TOTAL,PC_GDP,5.3,,2026-09-16T23:00:00+0200
2013,GF0901,Pre-primary and primary education,2,GF09,MIO_EUR,29360.4,,2026-09-16T23:00:00+0200
2013,GF0901,Pre-primary and primary education,2,GF09,PC_GDP,1.4,,2026-09-16T23:00:00+0200
2013,GF0902,Secondary education,2,GF09,MIO_EUR,50529.3,,2026-09-16T23:00:00+0200
2013,GF0902,Secondary education,2,GF09,PC_GDP,2.4,,2026-09-16T23:00:00+0200
2013,GF0903,Post-secondary non-tertiary education,2,GF09,MIO_EUR,1313.2,,2026-09-16T23:00:00+0200
2013,GF0903,Post-secondary non-tertiary education,2,GF09,PC_GDP,0.1,,2026-09-16T23:00:00+0200
2013,GF0904,Tertiary education,2,GF09,MIO_EUR,9782.2,,2026-09-16T23:00:00+0200
2013,GF0904,Tertiary education,2,GF09,PC_GDP,0.5,,2026-09-16T23:00:00+0200
2013,GF0905,Education not definable by level,2,GF09,MIO_EUR,7443,,2026-09-16T23:00:00+0200
2013,GF0905,Education not definable by level,2,GF09,PC_GDP,0.4,,2026-09-16T23:00:00+0200
2013,GF0906,Subsidiary services to education,2,GF09,MIO_EUR,13523.9,,2026-09-16T23:00:00+0200
2013,GF0906,Subsidiary services to education,2,GF09,PC_GDP,0.6,,2026-09-16T23:00:00+0200
2013,GF0907,R&D Education,2,GF09,MIO_EUR,25.9,,2026-09-16T23:00:00+0200
2013,GF0907,R&D Education,2,GF09,PC_GDP,0,,2026-09-16T23:00:00+0200
2013,GF0908,Education n.e.c.,2,GF09,MIO_EUR,646.3,,2026-09-16T23:00:00+0200
2013,GF0908,Education n.e.c.,2,GF09,PC_GDP,0,,2026-09-16T23:00:00+0200
2013,GF10,Social protection,1,TOTAL,MIO_EUR,518323,,2026-09-16T23:00:00+0200
2013,GF10,Social protection,1,TOTAL,PC_GDP,24.4,,2026-09-16T23:00:00+0200
2013,GF1001,Sickness and disability,2,GF10,MIO_EUR,58637.3,,2026-09-16T23:00:00+0200
2013,GF1001,Sickness and disability,2,GF10,PC_GDP,2.8,,2026-09-16T23:00:00+0200
2013,GF1002,Old age,2,GF10,MIO_EUR,286420.6,,2026-09-16T23:00:00+0200
2013,GF1002,Old age,2,GF10,PC_GDP,13.5,,2026-09-16T23:00:00+0200
2013,GF1003,Survivors,2,GF10,MIO_EUR,33697.3,,2026-09-16T23:00:00+0200
2013,GF1003,Survivors,2,GF10,PC_GDP,1.6,,2026-09-16T23:00:00+0200
2013,GF1004,Family and children,2,GF10,MIO_EUR,54305.2,,2026-09-16T23:00:00+0200
2013,GF1004,Family and children,2,GF10,PC_GDP,2.6,,2026-09-16T23:00:00+0200
2013,GF1005,Unemployment,2,GF10,MIO_EUR,40847,,2026-09-16T23:00:00+0200
2013,GF1005,Unemployment,2,GF10,PC_GDP,1.9,,2026-09-16T23:00:00+0200
2013,GF1006,Housing,2,GF10,MIO_EUR,19551.1,,2026-09-16T23:00:00+0200
2013,GF1006,Housing,2,GF10,PC_GDP,0.9,,2026-09-16T23:00:00+0200
2013,GF1007,Social exclusion n.e.c.,2,GF10,MIO_EUR,20679.6,,2026-09-16T23:00:00+0200
2013,GF1007,Social exclusion n.e.c.,2,GF10,PC_GDP,1,,2026-09-16T23:00:00+0200
2013,GF1008,R&D Social protection,2,GF10,MIO_EUR,0,,2026-09-16T23:00:00+0200
2013,GF1008,R&D Social protection,2,GF10,PC_GDP,0,,2026-09-16T23:00:00+0200
2013,GF1009,Social protection n.e.c.,2,GF10,MIO_EUR,4185,,2026-09-16T23:00:00+0200
2013,GF1009,Social protection n.e.c.,2,GF10,PC_GDP,0.2,,2026-09-16T23:00:00+0200
2013,TOTAL,Total,0,,MIO_EUR,1242358.8,,2026-09-16T23:00:00+0200
2013,TOTAL,Total,0,,PC_GDP,58.6,,2026-09-16T23:00:00+0200
2014,GF01,General public services,1,TOTAL,MIO_EUR,149560.1,,2026-09-16T23:00:00+0200
2014,GF01,General public services,1,TOTAL,PC_GDP,6.9,,2026-09-16T23:00:00+0200
2014,GF0101,"Executive and legislative organs, financial and fiscal affairs, external affairs",2,GF01,MIO_EUR,36412.2,,2026-09-16T23:00:00+0200
2014,GF0101,"Executive and legislative organs, financial and fiscal affairs, external affairs",2,GF01,PC_GDP,1.7,,2026-09-16T23:00:00+0200
2014,GF0102,Foreign economic aid,2,GF01,MIO_EUR,5081.1,,2026-09-16T23:00:00+0200
2014,GF0102,Foreign economic aid,2,GF01,PC_GDP,0.2,,2026-09-16T23:00:00+0200
2014,GF0103,General services,2,GF01,MIO_EUR,39061.8,,2026-09-16T23:00:00+0200
2014,GF0103,General services,2,GF01,PC_GDP,1.8,,2026-09-16T23:00:00+0200
2014,GF0104,Basic research,2,GF01,MIO_EUR,15609.9,,2026-09-16T23:00:00+0200
2014,GF0104,Basic research,2,GF01,PC_GDP,0.7,,2026-09-16T23:00:00+0200
2014,GF0105,R&D General public services,2,GF01,MIO_EUR,0,,2026-09-16T23:00:00+0200
2014,GF0105,R&D General public services,2,GF01,PC_GDP,0,,2026-09-16T23:00:00+0200
2014,GF0106,General public services n.e.c.,2,GF01,MIO_EUR,1977.3,,2026-09-16T23:00:00+0200
2014,GF0106,General public services n.e.c.,2,GF01,PC_GDP,0.1,,2026-09-16T23:00:00+0200
2014,GF0107,Public debt transactions,2,GF01,MIO_EUR,51417.9,,2026-09-16T23:00:00+0200
2014,GF0107,Public debt transactions,2,GF01,PC_GDP,2.4,,2026-09-16T23:00:00+0200
2014,GF0108,Transfers of a general character between different levels of government,2,GF01,MIO_EUR,0,,2026-09-16T23:00:00+0200
2014,GF0108,Transfers of a general character between different levels of government,2,GF01,PC_GDP,0,,2026-09-16T23:00:00+0200
2014,GF02,Defence,1,TOTAL,MIO_EUR,35973.7,,2026-09-16T23:00:00+0200
2014,GF02,Defence,1,TOTAL,PC_GDP,1.7,,2026-09-16T23:00:00+0200
2014,GF0201,Military defence,2,GF02,MIO_EUR,31200.8,,2026-09-16T23:00:00+0200
2014,GF0201,Military defence,2,GF02,PC_GDP,1.4,,2026-09-16T23:00:00+0200
2014,GF0202,Civil defence,2,GF02,MIO_EUR,181.6,,2026-09-16T23:00:00+0200
2014,GF0202,Civil defence,2,GF02,PC_GDP,0,,2026-09-16T23:00:00+0200
2014,GF0203,Foreign military aid,2,GF02,MIO_EUR,2043.6,,2026-09-16T23:00:00+0200
2014,GF0203,Foreign military aid,2,GF02,PC_GDP,0.1,,2026-09-16T23:00:00+0200
2014,GF0204,R&D Defence,2,GF02,MIO_EUR,1252.3,,2026-09-16T23:00:00+0200
2014,GF0204,R&D Defence,2,GF02,PC_GDP,0.1,,2026-09-16T23:00:00+0200
2014,GF0205,Defence n.e.c.,2,GF02,MIO_EUR,1295.5,,2026-09-16T23:00:00+0200
2014,GF0205,Defence n.e.c.,2,GF02,PC_GDP,0.1,,2026-09-16T23:00:00+0200
2014,GF03,Public order and safety,1,TOTAL,MIO_EUR,35048.2,,2026-09-16T23:00:00+0200
2014,GF03,Public order and safety,1,TOTAL,PC_GDP,1.6,,2026-09-16T23:00:00+0200
2014,GF0301,Police services,2,GF03,MIO_EUR,19846.8,,2026-09-16T23:00:00+0200
2014,GF0301,Police services,2,GF03,PC_GDP,0.9,,2026-09-16T23:00:00+0200
2014,GF0302,Fire-protection services,2,GF03,MIO_EUR,5934.9,,2026-09-16T23:00:00+0200
2014,GF0302,Fire-protection services,2,GF03,PC_GDP,0.3,,2026-09-16T23:00:00+0200
2014,GF0303,Law courts,2,GF03,MIO_EUR,5334.3,,2026-09-16T23:00:00+0200
2014,GF0303,Law courts,2,GF03,PC_GDP,0.2,,2026-09-16T23:00:00+0200
2014,GF0304,Prisons,2,GF03,MIO_EUR,3172.2,,2026-09-16T23:00:00+0200
2014,GF0304,Prisons,2,GF03,PC_GDP,0.1,,2026-09-16T23:00:00+0200
2014,GF0305,R&D Public order and safety,2,GF03,MIO_EUR,18.4,,2026-09-16T23:00:00+0200
2014,GF0305,R&D Public order and safety,2,GF03,PC_GDP,0,,2026-09-16T23:00:00+0200
2014,GF0306,Public order and safety n.e.c.,2,GF03,MIO_EUR,741.7,,2026-09-16T23:00:00+0200
2014,GF0306,Public order and safety n.e.c.,2,GF03,PC_GDP,0,,2026-09-16T23:00:00+0200
2014,GF04,Economic affairs,1,TOTAL,MIO_EUR,133006.5,,2026-09-16T23:00:00+0200
2014,GF04,Economic affairs,1,TOTAL,PC_GDP,6.2,,2026-09-16T23:00:00+0200
2014,GF0401,"General economic, commercial and labour affairs",2,GF04,MIO_EUR,41730.9,,2026-09-16T23:00:00+0200
2014,GF0401,"General economic, commercial and labour affairs",2,GF04,PC_GDP,1.9,,2026-09-16T23:00:00+0200
2014,GF0402,"Agriculture, forestry, fishing and hunting",2,GF04,MIO_EUR,4449.9,,2026-09-16T23:00:00+0200
2014,GF0402,"Agriculture, forestry, fishing and hunting",2,GF04,PC_GDP,0.2,,2026-09-16T23:00:00+0200
2014,GF0403,Fuel and energy,2,GF04,MIO_EUR,9131.7,,2026-09-16T23:00:00+0200
2014,GF0403,Fuel and energy,2,GF04,PC_GDP,0.4,,2026-09-16T23:00:00+0200
2014,GF0404,"Mining, manufacturing and construction",2,GF04,MIO_EUR,468.5,,2026-09-16T23:00:00+0200
2014,GF0404,"Mining, manufacturing and construction",2,GF04,PC_GDP,0,,2026-09-16T23:00:00+0200
2014,GF0405,Transport,2,GF04,MIO_EUR,51981.1,,2026-09-16T23:00:00+0200
2014,GF0405,Transport,2,GF04,PC_GDP,2.4,,2026-09-16T23:00:00+0200
2014,GF0406,Communication,2,GF04,MIO_EUR,176.3,,2026-09-16T23:00:00+0200
2014,GF0406,Communication,2,GF04,PC_GDP,0,,2026-09-16T23:00:00+0200
2014,GF0407,Other industries,2,GF04,MIO_EUR,7355.9,,2026-09-16T23:00:00+0200
2014,GF0407,Other industries,2,GF04,PC_GDP,0.3,,2026-09-16T23:00:00+0200
2014,GF0408,R&D Economic affairs,2,GF04,MIO_EUR,15836.5,,2026-09-16T23:00:00+0200
2014,GF0408,R&D Economic affairs,2,GF04,PC_GDP,0.7,,2026-09-16T23:00:00+0200
2014,GF0409,Economic affairs n.e.c.,2,GF04,MIO_EUR,1875.7,,2026-09-16T23:00:00+0200
2014,GF0409,Economic affairs n.e.c.,2,GF04,PC_GDP,0.1,,2026-09-16T23:00:00+0200
2014,GF05,Environmental protection,1,TOTAL,MIO_EUR,20629.3,,2026-09-16T23:00:00+0200
2014,GF05,Environmental protection,1,TOTAL,PC_GDP,1,,2026-09-16T23:00:00+0200
2014,GF0501,Waste management,2,GF05,MIO_EUR,11179.1,,2026-09-16T23:00:00+0200
2014,GF0501,Waste management,2,GF05,PC_GDP,0.5,,2026-09-16T23:00:00+0200
2014,GF0502,Waste water management,2,GF05,MIO_EUR,4009.4,,2026-09-16T23:00:00+0200
2014,GF0502,Waste water management,2,GF05,PC_GDP,0.2,,2026-09-16T23:00:00+0200
2014,GF0503,Pollution abatement,2,GF05,MIO_EUR,1641,,2026-09-16T23:00:00+0200
2014,GF0503,Pollution abatement,2,GF05,PC_GDP,0.1,,2026-09-16T23:00:00+0200
2014,GF0504,Protection of biodiversity and landscape,2,GF05,MIO_EUR,1570.1,,2026-09-16T23:00:00+0200
2014,GF0504,Protection of biodiversity and landscape,2,GF05,PC_GDP,0.1,,2026-09-16T23:00:00+0200
2014,GF0505,R&D Environmental protection,2,GF05,MIO_EUR,680.7,,2026-09-16T23:00:00+0200
2014,GF0505,R&D Environmental protection,2,GF05,PC_GDP,0,,2026-09-16T23:00:00+0200
2014,GF0506,Environmental protection n.e.c.,2,GF05,MIO_EUR,1549.1,,2026-09-16T23:00:00+0200
2014,GF0506,Environmental protection n.e.c.,2,GF05,PC_GDP,0.1,,2026-09-16T23:00:00+0200
2014,GF06,Housing and community amenities,1,TOTAL,MIO_EUR,27440.6,,2026-09-16T23:00:00+0200
2014,GF06,Housing and community amenities,1,TOTAL,PC_GDP,1.3,,2026-09-16T23:00:00+0200
2014,GF0601,Housing development,2,GF06,MIO_EUR,9499.3,,2026-09-16T23:00:00+0200
2014,GF0601,Housing development,2,GF06,PC_GDP,0.4,,2026-09-16T23:00:00+0200
2014,GF0602,Community development,2,GF06,MIO_EUR,13966,,2026-09-16T23:00:00+0200
2014,GF0602,Community development,2,GF06,PC_GDP,0.6,,2026-09-16T23:00:00+0200
2014,GF0603,Water supply,2,GF06,MIO_EUR,2330.4,,2026-09-16T23:00:00+0200
2014,GF0603,Water supply,2,GF06,PC_GDP,0.1,,2026-09-16T23:00:00+0200
2014,GF0604,Street lighting,2,GF06,MIO_EUR,1428.5,,2026-09-16T23:00:00+0200
2014,GF0604,Street lighting,2,GF06,PC_GDP,0.1,,2026-09-16T23:00:00+0200
2014,GF0605,R&D Housing and community amenities,2,GF06,MIO_EUR,0,,2026-09-16T23:00:00+0200
2014,GF0605,R&D Housing and community amenities,2,GF06,PC_GDP,0,,2026-09-16T23:00:00+0200
2014,GF0606,Housing and community amenities n.e.c.,2,GF06,MIO_EUR,216.4,,2026-09-16T23:00:00+0200
2014,GF0606,Housing and community amenities n.e.c.,2,GF06,PC_GDP,0,,2026-09-16T23:00:00+0200
2014,GF07,Health,1,TOTAL,MIO_EUR,179572.2,,2026-09-16T23:00:00+0200
2014,GF07,Health,1,TOTAL,PC_GDP,8.3,,2026-09-16T23:00:00+0200
2014,GF0701,"Medical products, appliances and equipment",2,GF07,MIO_EUR,31858.9,,2026-09-16T23:00:00+0200
2014,GF0701,"Medical products, appliances and equipment",2,GF07,PC_GDP,1.5,,2026-09-16T23:00:00+0200
2014,GF0702,Outpatient services,2,GF07,MIO_EUR,62926.9,,2026-09-16T23:00:00+0200
2014,GF0702,Outpatient services,2,GF07,PC_GDP,2.9,,2026-09-16T23:00:00+0200
2014,GF0703,Hospital services,2,GF07,MIO_EUR,74410.3,,2026-09-16T23:00:00+0200
2014,GF0703,Hospital services,2,GF07,PC_GDP,3.5,,2026-09-16T23:00:00+0200
2014,GF0704,Public health services,2,GF07,MIO_EUR,4416.4,,2026-09-16T23:00:00+0200
2014,GF0704,Public health services,2,GF07,PC_GDP,0.2,,2026-09-16T23:00:00+0200
2014,GF0705,R&D Health,2,GF07,MIO_EUR,4948.2,,2026-09-16T23:00:00+0200
2014,GF0705,R&D Health,2,GF07,PC_GDP,0.2,,2026-09-16T23:00:00+0200
2014,GF0706,Health n.e.c.,2,GF07,MIO_EUR,1011.6,,2026-09-16T23:00:00+0200
2014,GF0706,Health n.e.c.,2,GF07,PC_GDP,0,,2026-09-16T23:00:00+0200
2014,GF08,"Recreation, culture and religion",1,TOTAL,MIO_EUR,34042,,2026-09-16T23:00:00+0200
2014,GF08,"Recreation, culture and religion",1,TOTAL,PC_GDP,1.6,,2026-09-16T23:00:00+0200
2014,GF0801,Recreational and sporting services,2,GF08,MIO_EUR,12479.5,,2026-09-16T23:00:00+0200
2014,GF0801,Recreational and sporting services,2,GF08,PC_GDP,0.6,,2026-09-16T23:00:00+0200
2014,GF0802,Cultural services,2,GF08,MIO_EUR,15176.4,,2026-09-16T23:00:00+0200
2014,GF0802,Cultural services,2,GF08,PC_GDP,0.7,,2026-09-16T23:00:00+0200
2014,GF0803,Broadcasting and publishing services,2,GF08,MIO_EUR,5918.3,,2026-09-16T23:00:00+0200
2014,GF0803,Broadcasting and publishing services,2,GF08,PC_GDP,0.3,,2026-09-16T23:00:00+0200
2014,GF0804,Religious and other community services,2,GF08,MIO_EUR,465.3,,2026-09-16T23:00:00+0200
2014,GF0804,Religious and other community services,2,GF08,PC_GDP,0,,2026-09-16T23:00:00+0200
2014,GF0805,"R&D Recreation, culture and religion",2,GF08,MIO_EUR,0,,2026-09-16T23:00:00+0200
2014,GF0805,"R&D Recreation, culture and religion",2,GF08,PC_GDP,0,,2026-09-16T23:00:00+0200
2014,GF0806,"Recreation, culture and religion n.e.c.",2,GF08,MIO_EUR,2.5,,2026-09-16T23:00:00+0200
2014,GF0806,"Recreation, culture and religion n.e.c.",2,GF08,PC_GDP,0,,2026-09-16T23:00:00+0200
2014,GF09,Education,1,TOTAL,MIO_EUR,114290.4,,2026-09-16T23:00:00+0200
2014,GF09,Education,1,TOTAL,PC_GDP,5.3,,2026-09-16T23:00:00+0200
2014,GF0901,Pre-primary and primary education,2,GF09,MIO_EUR,30348.5,,2026-09-16T23:00:00+0200
2014,GF0901,Pre-primary and primary education,2,GF09,PC_GDP,1.4,,2026-09-16T23:00:00+0200
2014,GF0902,Secondary education,2,GF09,MIO_EUR,50630.7,,2026-09-16T23:00:00+0200
2014,GF0902,Secondary education,2,GF09,PC_GDP,2.4,,2026-09-16T23:00:00+0200
2014,GF0903,Post-secondary non-tertiary education,2,GF09,MIO_EUR,1219.1,,2026-09-16T23:00:00+0200
2014,GF0903,Post-secondary non-tertiary education,2,GF09,PC_GDP,0.1,,2026-09-16T23:00:00+0200
2014,GF0904,Tertiary education,2,GF09,MIO_EUR,9982.5,,2026-09-16T23:00:00+0200
2014,GF0904,Tertiary education,2,GF09,PC_GDP,0.5,,2026-09-16T23:00:00+0200
2014,GF0905,Education not definable by level,2,GF09,MIO_EUR,7505.7,,2026-09-16T23:00:00+0200
2014,GF0905,Education not definable by level,2,GF09,PC_GDP,0.3,,2026-09-16T23:00:00+0200
2014,GF0906,Subsidiary services to education,2,GF09,MIO_EUR,13936.4,,2026-09-16T23:00:00+0200
2014,GF0906,Subsidiary services to education,2,GF09,PC_GDP,0.6,,2026-09-16T23:00:00+0200
2014,GF0907,R&D Education,2,GF09,MIO_EUR,30.2,,2026-09-16T23:00:00+0200
2014,GF0907,R&D Education,2,GF09,PC_GDP,0,,2026-09-16T23:00:00+0200
2014,GF0908,Education n.e.c.,2,GF09,MIO_EUR,637.3,,2026-09-16T23:00:00+0200
2014,GF0908,Education n.e.c.,2,GF09,PC_GDP,0,,2026-09-16T23:00:00+0200
2014,GF10,Social protection,1,TOTAL,MIO_EUR,528086,,2026-09-16T23:00:00+0200
2014,GF10,Social protection,1,TOTAL,PC_GDP,24.5,,2026-09-16T23:00:00+0200
2014,GF1001,Sickness and disability,2,GF10,MIO_EUR,58425.3,,2026-09-16T23:00:00+0200
2014,GF1001,Sickness and disability,2,GF10,PC_GDP,2.7,,2026-09-16T23:00:00+0200
2014,GF1002,Old age,2,GF10,MIO_EUR,292770.6,,2026-09-16T23:00:00+0200
2014,GF1002,Old age,2,GF10,PC_GDP,13.6,,2026-09-16T23:00:00+0200
2014,GF1003,Survivors,2,GF10,MIO_EUR,34083.1,,2026-09-16T23:00:00+0200
2014,GF1003,Survivors,2,GF10,PC_GDP,1.6,,2026-09-16T23:00:00+0200
2014,GF1004,Family and children,2,GF10,MIO_EUR,55186,,2026-09-16T23:00:00+0200
2014,GF1004,Family and children,2,GF10,PC_GDP,2.6,,2026-09-16T23:00:00+0200
2014,GF1005,Unemployment,2,GF10,MIO_EUR,41475,,2026-09-16T23:00:00+0200
2014,GF1005,Unemployment,2,GF10,PC_GDP,1.9,,2026-09-16T23:00:00+0200
2014,GF1006,Housing,2,GF10,MIO_EUR,20078.1,,2026-09-16T23:00:00+0200
2014,GF1006,Housing,2,GF10,PC_GDP,0.9,,2026-09-16T23:00:00+0200
2014,GF1007,Social exclusion n.e.c.,2,GF10,MIO_EUR,21869.3,,2026-09-16T23:00:00+0200
2014,GF1007,Social exclusion n.e.c.,2,GF10,PC_GDP,1,,2026-09-16T23:00:00+0200
2014,GF1008,R&D Social protection,2,GF10,MIO_EUR,0,,2026-09-16T23:00:00+0200
2014,GF1008,R&D Social protection,2,GF10,PC_GDP,0,,2026-09-16T23:00:00+0200
2014,GF1009,Social protection n.e.c.,2,GF10,MIO_EUR,4198.6,,2026-09-16T23:00:00+0200
2014,GF1009,Social protection n.e.c.,2,GF10,PC_GDP,0.2,,2026-09-16T23:00:00+0200
2014,TOTAL,Total,0,,MIO_EUR,1257649,,2026-09-16T23:00:00+0200
2014,TOTAL,Total,0,,PC_GDP,58.4,,2026-09-16T23:00:00+0200
2015,GF01,General public services,1,TOTAL,MIO_EUR,145577.7,,2026-09-16T23:00:00+0200
2015,GF01,General public services,1,TOTAL,PC_GDP,6.6,,2026-09-16T23:00:00+0200
2015,GF0101,"Executive and legislative organs, financial and fiscal affairs, external affairs",2,GF01,MIO_EUR,36684.5,,2026-09-16T23:00:00+0200
2015,GF0101,"Executive and legislative organs, financial and fiscal affairs, external affairs",2,GF01,PC_GDP,1.7,,2026-09-16T23:00:00+0200
2015,GF0102,Foreign economic aid,2,GF01,MIO_EUR,3863.9,,2026-09-16T23:00:00+0200
2015,GF0102,Foreign economic aid,2,GF01,PC_GDP,0.2,,2026-09-16T23:00:00+0200
2015,GF0103,General services,2,GF01,MIO_EUR,39409.8,,2026-09-16T23:00:00+0200
2015,GF0103,General services,2,GF01,PC_GDP,1.8,,2026-09-16T23:00:00+0200
2015,GF0104,Basic research,2,GF01,MIO_EUR,15998.8,,2026-09-16T23:00:00+0200
2015,GF0104,Basic research,2,GF01,PC_GDP,0.7,,2026-09-16T23:00:00+0200
2015,GF0105,R&D General public services,2,GF01,MIO_EUR,0,,2026-09-16T23:00:00+0200
2015,GF0105,R&D General public services,2,GF01,PC_GDP,0,,2026-09-16T23:00:00+0200
2015,GF0106,General public services n.e.c.,2,GF01,MIO_EUR,773.2,,2026-09-16T23:00:00+0200
2015,GF0106,General public services n.e.c.,2,GF01,PC_GDP,0,,2026-09-16T23:00:00+0200
2015,GF0107,Public debt transactions,2,GF01,MIO_EUR,48847.6,,2026-09-16T23:00:00+0200
2015,GF0107,Public debt transactions,2,GF01,PC_GDP,2.2,,2026-09-16T23:00:00+0200
2015,GF0108,Transfers of a general character between different levels of government,2,GF01,MIO_EUR,0,,2026-09-16T23:00:00+0200
2015,GF0108,Transfers of a general character between different levels of government,2,GF01,PC_GDP,0,,2026-09-16T23:00:00+0200
2015,GF02,Defence,1,TOTAL,MIO_EUR,37972.1,,2026-09-16T23:00:00+0200
2015,GF02,Defence,1,TOTAL,PC_GDP,1.7,,2026-09-16T23:00:00+0200
2015,GF0201,Military defence,2,GF02,MIO_EUR,33016.3,,2026-09-16T23:00:00+0200
2015,GF0201,Military defence,2,GF02,PC_GDP,1.5,,2026-09-16T23:00:00+0200
2015,GF0202,Civil defence,2,GF02,MIO_EUR,187.6,,2026-09-16T23:00:00+0200
2015,GF0202,Civil defence,2,GF02,PC_GDP,0,,2026-09-16T23:00:00+0200
2015,GF0203,Foreign military aid,2,GF02,MIO_EUR,1988,,2026-09-16T23:00:00+0200
2015,GF0203,Foreign military aid,2,GF02,PC_GDP,0.1,,2026-09-16T23:00:00+0200
2015,GF0204,R&D Defence,2,GF02,MIO_EUR,1289.4,,2026-09-16T23:00:00+0200
2015,GF0204,R&D Defence,2,GF02,PC_GDP,0.1,,2026-09-16T23:00:00+0200
2015,GF0205,Defence n.e.c.,2,GF02,MIO_EUR,1490.9,,2026-09-16T23:00:00+0200
2015,GF0205,Defence n.e.c.,2,GF02,PC_GDP,0.1,,2026-09-16T23:00:00+0200
2015,GF03,Public order and safety,1,TOTAL,MIO_EUR,35770.3,,2026-09-16T23:00:00+0200
2015,GF03,Public order and safety,1,TOTAL,PC_GDP,1.6,,2026-09-16T23:00:00+0200
2015,GF0301,Police services,2,GF03,MIO_EUR,20078.2,,2026-09-16T23:00:00+0200
2015,GF0301,Police services,2,GF03,PC_GDP,0.9,,2026-09-16T23:00:00+0200
2015,GF0302,Fire-protection services,2,GF03,MIO_EUR,5954,,2026-09-16T23:00:00+0200
2015,GF0302,Fire-protection services,2,GF03,PC_GDP,0.3,,2026-09-16T23:00:00+0200
2015,GF0303,Law courts,2,GF03,MIO_EUR,5574.2,,2026-09-16T23:00:00+0200
2015,GF0303,Law courts,2,GF03,PC_GDP,0.3,,2026-09-16T23:00:00+0200
2015,GF0304,Prisons,2,GF03,MIO_EUR,3318,,2026-09-16T23:00:00+0200
2015,GF0304,Prisons,2,GF03,PC_GDP,0.2,,2026-09-16T23:00:00+0200
2015,GF0305,R&D Public order and safety,2,GF03,MIO_EUR,17.3,,2026-09-16T23:00:00+0200
2015,GF0305,R&D Public order and safety,2,GF03,PC_GDP,0,,2026-09-16T23:00:00+0200
2015,GF0306,Public order and safety n.e.c.,2,GF03,MIO_EUR,828.8,,2026-09-16T23:00:00+0200
2015,GF0306,Public order and safety n.e.c.,2,GF03,PC_GDP,0,,2026-09-16T23:00:00+0200
2015,GF04,Economic affairs,1,TOTAL,MIO_EUR,136665.8,,2026-09-16T23:00:00+0200
2015,GF04,Economic affairs,1,TOTAL,PC_GDP,6.2,,2026-09-16T23:00:00+0200
2015,GF0401,"General economic, commercial and labour affairs",2,GF04,MIO_EUR,44217.4,,2026-09-16T23:00:00+0200
2015,GF0401,"General economic, commercial and labour affairs",2,GF04,PC_GDP,2,,2026-09-16T23:00:00+0200
2015,GF0402,"Agriculture, forestry, fishing and hunting",2,GF04,MIO_EUR,5467.6,,2026-09-16T23:00:00+0200
2015,GF0402,"Agriculture, forestry, fishing and hunting",2,GF04,PC_GDP,0.2,,2026-09-16T23:00:00+0200
2015,GF0403,Fuel and energy,2,GF04,MIO_EUR,9384.2,,2026-09-16T23:00:00+0200
2015,GF0403,Fuel and energy,2,GF04,PC_GDP,0.4,,2026-09-16T23:00:00+0200
2015,GF0404,"Mining, manufacturing and construction",2,GF04,MIO_EUR,352.6,,2026-09-16T23:00:00+0200
2015,GF0404,"Mining, manufacturing and construction",2,GF04,PC_GDP,0,,2026-09-16T23:00:00+0200
2015,GF0405,Transport,2,GF04,MIO_EUR,51664.4,,2026-09-16T23:00:00+0200
2015,GF0405,Transport,2,GF04,PC_GDP,2.3,,2026-09-16T23:00:00+0200
2015,GF0406,Communication,2,GF04,MIO_EUR,263.7,,2026-09-16T23:00:00+0200
2015,GF0406,Communication,2,GF04,PC_GDP,0,,2026-09-16T23:00:00+0200
2015,GF0407,Other industries,2,GF04,MIO_EUR,6959.5,,2026-09-16T23:00:00+0200
2015,GF0407,Other industries,2,GF04,PC_GDP,0.3,,2026-09-16T23:00:00+0200
2015,GF0408,R&D Economic affairs,2,GF04,MIO_EUR,16360.2,,2026-09-16T23:00:00+0200
2015,GF0408,R&D Economic affairs,2,GF04,PC_GDP,0.7,,2026-09-16T23:00:00+0200
2015,GF0409,Economic affairs n.e.c.,2,GF04,MIO_EUR,1996.3,,2026-09-16T23:00:00+0200
2015,GF0409,Economic affairs n.e.c.,2,GF04,PC_GDP,0.1,,2026-09-16T23:00:00+0200
2015,GF05,Environmental protection,1,TOTAL,MIO_EUR,20687.4,,2026-09-16T23:00:00+0200
2015,GF05,Environmental protection,1,TOTAL,PC_GDP,0.9,,2026-09-16T23:00:00+0200
2015,GF0501,Waste management,2,GF05,MIO_EUR,11154.2,,2026-09-16T23:00:00+0200
2015,GF0501,Waste management,2,GF05,PC_GDP,0.5,,2026-09-16T23:00:00+0200
2015,GF0502,Waste water management,2,GF05,MIO_EUR,3885.9,,2026-09-16T23:00:00+0200
2015,GF0502,Waste water management,2,GF05,PC_GDP,0.2,,2026-09-16T23:00:00+0200
2015,GF0503,Pollution abatement,2,GF05,MIO_EUR,1708.9,,2026-09-16T23:00:00+0200
2015,GF0503,Pollution abatement,2,GF05,PC_GDP,0.1,,2026-09-16T23:00:00+0200
2015,GF0504,Protection of biodiversity and landscape,2,GF05,MIO_EUR,1605.6,,2026-09-16T23:00:00+0200
2015,GF0504,Protection of biodiversity and landscape,2,GF05,PC_GDP,0.1,,2026-09-16T23:00:00+0200
2015,GF0505,R&D Environmental protection,2,GF05,MIO_EUR,755.3,,2026-09-16T23:00:00+0200
2015,GF0505,R&D Environmental protection,2,GF05,PC_GDP,0,,2026-09-16T23:00:00+0200
2015,GF0506,Environmental protection n.e.c.,2,GF05,MIO_EUR,1577.6,,2026-09-16T23:00:00+0200
2015,GF0506,Environmental protection n.e.c.,2,GF05,PC_GDP,0.1,,2026-09-16T23:00:00+0200
2015,GF06,Housing and community amenities,1,TOTAL,MIO_EUR,26916.7,,2026-09-16T23:00:00+0200
2015,GF06,Housing and community amenities,1,TOTAL,PC_GDP,1.2,,2026-09-16T23:00:00+0200
2015,GF0601,Housing development,2,GF06,MIO_EUR,9799.9,,2026-09-16T23:00:00+0200
2015,GF0601,Housing development,2,GF06,PC_GDP,0.4,,2026-09-16T23:00:00+0200
2015,GF0602,Community development,2,GF06,MIO_EUR,13214,,2026-09-16T23:00:00+0200
2015,GF0602,Community development,2,GF06,PC_GDP,0.6,,2026-09-16T23:00:00+0200
2015,GF0603,Water supply,2,GF06,MIO_EUR,2326.3,,2026-09-16T23:00:00+0200
2015,GF0603,Water supply,2,GF06,PC_GDP,0.1,,2026-09-16T23:00:00+0200
2015,GF0604,Street lighting,2,GF06,MIO_EUR,1404.4,,2026-09-16T23:00:00+0200
2015,GF0604,Street lighting,2,GF06,PC_GDP,0.1,,2026-09-16T23:00:00+0200
2015,GF0605,R&D Housing and community amenities,2,GF06,MIO_EUR,0,,2026-09-16T23:00:00+0200
2015,GF0605,R&D Housing and community amenities,2,GF06,PC_GDP,0,,2026-09-16T23:00:00+0200
2015,GF0606,Housing and community amenities n.e.c.,2,GF06,MIO_EUR,172.1,,2026-09-16T23:00:00+0200
2015,GF0606,Housing and community amenities n.e.c.,2,GF06,PC_GDP,0,,2026-09-16T23:00:00+0200
2015,GF07,Health,1,TOTAL,MIO_EUR,180941.3,,2026-09-16T23:00:00+0200
2015,GF07,Health,1,TOTAL,PC_GDP,8.2,,2026-09-16T23:00:00+0200
2015,GF0701,"Medical products, appliances and equipment",2,GF07,MIO_EUR,32026.2,,2026-09-16T23:00:00+0200
2015,GF0701,"Medical products, appliances and equipment",2,GF07,PC_GDP,1.5,,2026-09-16T23:00:00+0200
2015,GF0702,Outpatient services,2,GF07,MIO_EUR,64520.4,,2026-09-16T23:00:00+0200
2015,GF0702,Outpatient services,2,GF07,PC_GDP,2.9,,2026-09-16T23:00:00+0200
2015,GF0703,Hospital services,2,GF07,MIO_EUR,74210.6,,2026-09-16T23:00:00+0200
2015,GF0703,Hospital services,2,GF07,PC_GDP,3.4,,2026-09-16T23:00:00+0200
2015,GF0704,Public health services,2,GF07,MIO_EUR,4231.1,,2026-09-16T23:00:00+0200
2015,GF0704,Public health services,2,GF07,PC_GDP,0.2,,2026-09-16T23:00:00+0200
2015,GF0705,R&D Health,2,GF07,MIO_EUR,4952.4,,2026-09-16T23:00:00+0200
2015,GF0705,R&D Health,2,GF07,PC_GDP,0.2,,2026-09-16T23:00:00+0200
2015,GF0706,Health n.e.c.,2,GF07,MIO_EUR,1000.6,,2026-09-16T23:00:00+0200
2015,GF0706,Health n.e.c.,2,GF07,PC_GDP,0,,2026-09-16T23:00:00+0200
2015,GF08,"Recreation, culture and religion",1,TOTAL,MIO_EUR,32436.6,,2026-09-16T23:00:00+0200
2015,GF08,"Recreation, culture and religion",1,TOTAL,PC_GDP,1.5,,2026-09-16T23:00:00+0200
2015,GF0801,Recreational and sporting services,2,GF08,MIO_EUR,12049.6,,2026-09-16T23:00:00+0200
2015,GF0801,Recreational and sporting services,2,GF08,PC_GDP,0.5,,2026-09-16T23:00:00+0200
2015,GF0802,Cultural services,2,GF08,MIO_EUR,14071.4,,2026-09-16T23:00:00+0200
2015,GF0802,Cultural services,2,GF08,PC_GDP,0.6,,2026-09-16T23:00:00+0200
2015,GF0803,Broadcasting and publishing services,2,GF08,MIO_EUR,5860.3,,2026-09-16T23:00:00+0200
2015,GF0803,Broadcasting and publishing services,2,GF08,PC_GDP,0.3,,2026-09-16T23:00:00+0200
2015,GF0804,Religious and other community services,2,GF08,MIO_EUR,432,,2026-09-16T23:00:00+0200
2015,GF0804,Religious and other community services,2,GF08,PC_GDP,0,,2026-09-16T23:00:00+0200
2015,GF0805,"R&D Recreation, culture and religion",2,GF08,MIO_EUR,0,,2026-09-16T23:00:00+0200
2015,GF0805,"R&D Recreation, culture and religion",2,GF08,PC_GDP,0,,2026-09-16T23:00:00+0200
2015,GF0806,"Recreation, culture and religion n.e.c.",2,GF08,MIO_EUR,23.3,,2026-09-16T23:00:00+0200
2015,GF0806,"Recreation, culture and religion n.e.c.",2,GF08,PC_GDP,0,,2026-09-16T23:00:00+0200
2015,GF09,Education,1,TOTAL,MIO_EUR,115801.6,,2026-09-16T23:00:00+0200
2015,GF09,Education,1,TOTAL,PC_GDP,5.3,,2026-09-16T23:00:00+0200
2015,GF0901,Pre-primary and primary education,2,GF09,MIO_EUR,30382.6,,2026-09-16T23:00:00+0200
2015,GF0901,Pre-primary and primary education,2,GF09,PC_GDP,1.4,,2026-09-16T23:00:00+0200
2015,GF0902,Secondary education,2,GF09,MIO_EUR,51783.8,,2026-09-16T23:00:00+0200
2015,GF0902,Secondary education,2,GF09,PC_GDP,2.4,,2026-09-16T23:00:00+0200
2015,GF0903,Post-secondary non-tertiary education,2,GF09,MIO_EUR,1109.9,,2026-09-16T23:00:00+0200
2015,GF0903,Post-secondary non-tertiary education,2,GF09,PC_GDP,0.1,,2026-09-16T23:00:00+0200
2015,GF0904,Tertiary education,2,GF09,MIO_EUR,10083.3,,2026-09-16T23:00:00+0200
2015,GF0904,Tertiary education,2,GF09,PC_GDP,0.5,,2026-09-16T23:00:00+0200
2015,GF0905,Education not definable by level,2,GF09,MIO_EUR,7740,,2026-09-16T23:00:00+0200
2015,GF0905,Education not definable by level,2,GF09,PC_GDP,0.4,,2026-09-16T23:00:00+0200
2015,GF0906,Subsidiary services to education,2,GF09,MIO_EUR,14109.8,,2026-09-16T23:00:00+0200
2015,GF0906,Subsidiary services to education,2,GF09,PC_GDP,0.6,,2026-09-16T23:00:00+0200
2015,GF0907,R&D Education,2,GF09,MIO_EUR,36.6,,2026-09-16T23:00:00+0200
2015,GF0907,R&D Education,2,GF09,PC_GDP,0,,2026-09-16T23:00:00+0200
2015,GF0908,Education n.e.c.,2,GF09,MIO_EUR,555.6,,2026-09-16T23:00:00+0200
2015,GF0908,Education n.e.c.,2,GF09,PC_GDP,0,,2026-09-16T23:00:00+0200
2015,GF10,Social protection,1,TOTAL,MIO_EUR,535236.7,,2026-09-16T23:00:00+0200
2015,GF10,Social protection,1,TOTAL,PC_GDP,24.3,,2026-09-16T23:00:00+0200
2015,GF1001,Sickness and disability,2,GF10,MIO_EUR,59444.3,,2026-09-16T23:00:00+0200
2015,GF1001,Sickness and disability,2,GF10,PC_GDP,2.7,,2026-09-16T23:00:00+0200
2015,GF1002,Old age,2,GF10,MIO_EUR,297524.6,,2026-09-16T23:00:00+0200
2015,GF1002,Old age,2,GF10,PC_GDP,13.5,,2026-09-16T23:00:00+0200
2015,GF1003,Survivors,2,GF10,MIO_EUR,34274.6,,2026-09-16T23:00:00+0200
2015,GF1003,Survivors,2,GF10,PC_GDP,1.6,,2026-09-16T23:00:00+0200
2015,GF1004,Family and children,2,GF10,MIO_EUR,54783.7,,2026-09-16T23:00:00+0200
2015,GF1004,Family and children,2,GF10,PC_GDP,2.5,,2026-09-16T23:00:00+0200
2015,GF1005,Unemployment,2,GF10,MIO_EUR,42105.8,,2026-09-16T23:00:00+0200
2015,GF1005,Unemployment,2,GF10,PC_GDP,1.9,,2026-09-16T23:00:00+0200
2015,GF1006,Housing,2,GF10,MIO_EUR,20488.2,,2026-09-16T23:00:00+0200
2015,GF1006,Housing,2,GF10,PC_GDP,0.9,,2026-09-16T23:00:00+0200
2015,GF1007,Social exclusion n.e.c.,2,GF10,MIO_EUR,22587.7,,2026-09-16T23:00:00+0200
2015,GF1007,Social exclusion n.e.c.,2,GF10,PC_GDP,1,,2026-09-16T23:00:00+0200
2015,GF1008,R&D Social protection,2,GF10,MIO_EUR,0,,2026-09-16T23:00:00+0200
2015,GF1008,R&D Social protection,2,GF10,PC_GDP,0,,2026-09-16T23:00:00+0200
2015,GF1009,Social protection n.e.c.,2,GF10,MIO_EUR,4027.9,,2026-09-16T23:00:00+0200
2015,GF1009,Social protection n.e.c.,2,GF10,PC_GDP,0.2,,2026-09-16T23:00:00+0200
2015,TOTAL,Total,0,,MIO_EUR,1268006.2,,2026-09-16T23:00:00+0200
2015,TOTAL,Total,0,,PC_GDP,57.6,,2026-09-16T23:00:00+0200
2016,GF01,General public services,1,TOTAL,MIO_EUR,144287.7,,2026-09-16T23:00:00+0200
2016,GF01,General public services,1,TOTAL,PC_GDP,6.5,,2026-09-16T23:00:00+0200
2016,GF0101,"Executive and legislative organs, financial and fiscal affairs, external affairs",2,GF01,MIO_EUR,37391.8,,2026-09-16T23:00:00+0200
2016,GF0101,"Executive and legislative organs, financial and fiscal affairs, external affairs",2,GF01,PC_GDP,1.7,,2026-09-16T23:00:00+0200
2016,GF0102,Foreign economic aid,2,GF01,MIO_EUR,3180.8,,2026-09-16T23:00:00+0200
2016,GF0102,Foreign economic aid,2,GF01,PC_GDP,0.1,,2026-09-16T23:00:00+0200
2016,GF0103,General services,2,GF01,MIO_EUR,40504,,2026-09-16T23:00:00+0200
2016,GF0103,General services,2,GF01,PC_GDP,1.8,,2026-09-16T23:00:00+0200
2016,GF0104,Basic research,2,GF01,MIO_EUR,15838.1,,2026-09-16T23:00:00+0200
2016,GF0104,Basic research,2,GF01,PC_GDP,0.7,,2026-09-16T23:00:00+0200
2016,GF0105,R&D General public services,2,GF01,MIO_EUR,0.9,,2026-09-16T23:00:00+0200
2016,GF0105,R&D General public services,2,GF01,PC_GDP,0,,2026-09-16T23:00:00+0200
2016,GF0106,General public services n.e.c.,2,GF01,MIO_EUR,630.4,,2026-09-16T23:00:00+0200
2016,GF0106,General public services n.e.c.,2,GF01,PC_GDP,0,,2026-09-16T23:00:00+0200
2016,GF0107,Public debt transactions,2,GF01,MIO_EUR,46741.8,,2026-09-16T23:00:00+0200
2016,GF0107,Public debt transactions,2,GF01,PC_GDP,2.1,,2026-09-16T23:00:00+0200
2016,GF0108,Transfers of a general character between different levels of government,2,GF01,MIO_EUR,0,,2026-09-16T23:00:00+0200
2016,GF0108,Transfers of a general character between different levels of government,2,GF01,PC_GDP,0,,2026-09-16T23:00:00+0200
2016,GF02,Defence,1,TOTAL,MIO_EUR,43660,,2026-09-16T23:00:00+0200
2016,GF02,Defence,1,TOTAL,PC_GDP,2,,2026-09-16T23:00:00+0200
2016,GF0201,Military defence,2,GF02,MIO_EUR,37574.8,,2026-09-16T23:00:00+0200
2016,GF0201,Military defence,2,GF02,PC_GDP,1.7,,2026-09-16T23:00:00+0200
2016,GF0202,Civil defence,2,GF02,MIO_EUR,220.4,,2026-09-16T23:00:00+0200
2016,GF0202,Civil defence,2,GF02,PC_GDP,0,,2026-09-16T23:00:00+0200
2016,GF0203,Foreign military aid,2,GF02,MIO_EUR,2178.2,,2026-09-16T23:00:00+0200
2016,GF0203,Foreign military aid,2,GF02,PC_GDP,0.1,,2026-09-16T23:00:00+0200
2016,GF0204,R&D Defence,2,GF02,MIO_EUR,1251.5,,2026-09-16T23:00:00+0200
2016,GF0204,R&D Defence,2,GF02,PC_GDP,0.1,,2026-09-16T23:00:00+0200
2016,GF0205,Defence n.e.c.,2,GF02,MIO_EUR,2435.1,,2026-09-16T23:00:00+0200
2016,GF0205,Defence n.e.c.,2,GF02,PC_GDP,0.1,,2026-09-16T23:00:00+0200
2016,GF03,Public order and safety,1,TOTAL,MIO_EUR,36710.9,,2026-09-16T23:00:00+0200
2016,GF03,Public order and safety,1,TOTAL,PC_GDP,1.6,,2026-09-16T23:00:00+0200
2016,GF0301,Police services,2,GF03,MIO_EUR,20571.6,,2026-09-16T23:00:00+0200
2016,GF0301,Police services,2,GF03,PC_GDP,0.9,,2026-09-16T23:00:00+0200
2016,GF0302,Fire-protection services,2,GF03,MIO_EUR,5956.6,,2026-09-16T23:00:00+0200
2016,GF0302,Fire-protection services,2,GF03,PC_GDP,0.3,,2026-09-16T23:00:00+0200
2016,GF0303,Law courts,2,GF03,MIO_EUR,5953.1,,2026-09-16T23:00:00+0200
2016,GF0303,Law courts,2,GF03,PC_GDP,0.3,,2026-09-16T23:00:00+0200
2016,GF0304,Prisons,2,GF03,MIO_EUR,3308.5,,2026-09-16T23:00:00+0200
2016,GF0304,Prisons,2,GF03,PC_GDP,0.1,,2026-09-16T23:00:00+0200
2016,GF0305,R&D Public order and safety,2,GF03,MIO_EUR,12.7,,2026-09-16T23:00:00+0200
2016,GF0305,R&D Public order and safety,2,GF03,PC_GDP,0,,2026-09-16T23:00:00+0200
2016,GF0306,Public order and safety n.e.c.,2,GF03,MIO_EUR,908.3,,2026-09-16T23:00:00+0200
2016,GF0306,Public order and safety n.e.c.,2,GF03,PC_GDP,0,,2026-09-16T23:00:00+0200
2016,GF04,Economic affairs,1,TOTAL,MIO_EUR,132826.3,,2026-09-16T23:00:00+0200
2016,GF04,Economic affairs,1,TOTAL,PC_GDP,6,,2026-09-16T23:00:00+0200
2016,GF0401,"General economic, commercial and labour affairs",2,GF04,MIO_EUR,42679.1,,2026-09-16T23:00:00+0200
2016,GF0401,"General economic, commercial and labour affairs",2,GF04,PC_GDP,1.9,,2026-09-16T23:00:00+0200
2016,GF0402,"Agriculture, forestry, fishing and hunting",2,GF04,MIO_EUR,4820.2,,2026-09-16T23:00:00+0200
2016,GF0402,"Agriculture, forestry, fishing and hunting",2,GF04,PC_GDP,0.2,,2026-09-16T23:00:00+0200
2016,GF0403,Fuel and energy,2,GF04,MIO_EUR,9761,,2026-09-16T23:00:00+0200
2016,GF0403,Fuel and energy,2,GF04,PC_GDP,0.4,,2026-09-16T23:00:00+0200
2016,GF0404,"Mining, manufacturing and construction",2,GF04,MIO_EUR,618.4,,2026-09-16T23:00:00+0200
2016,GF0404,"Mining, manufacturing and construction",2,GF04,PC_GDP,0,,2026-09-16T23:00:00+0200
2016,GF0405,Transport,2,GF04,MIO_EUR,49196.9,,2026-09-16T23:00:00+0200
2016,GF0405,Transport,2,GF04,PC_GDP,2.2,,2026-09-16T23:00:00+0200
2016,GF0406,Communication,2,GF04,MIO_EUR,312,,2026-09-16T23:00:00+0200
2016,GF0406,Communication,2,GF04,PC_GDP,0,,2026-09-16T23:00:00+0200
2016,GF0407,Other industries,2,GF04,MIO_EUR,7509.1,,2026-09-16T23:00:00+0200
2016,GF0407,Other industries,2,GF04,PC_GDP,0.3,,2026-09-16T23:00:00+0200
2016,GF0408,R&D Economic affairs,2,GF04,MIO_EUR,16051,,2026-09-16T23:00:00+0200
2016,GF0408,R&D Economic affairs,2,GF04,PC_GDP,0.7,,2026-09-16T23:00:00+0200
2016,GF0409,Economic affairs n.e.c.,2,GF04,MIO_EUR,1878.7,,2026-09-16T23:00:00+0200
2016,GF0409,Economic affairs n.e.c.,2,GF04,PC_GDP,0.1,,2026-09-16T23:00:00+0200
2016,GF05,Environmental protection,1,TOTAL,MIO_EUR,19897.2,,2026-09-16T23:00:00+0200
2016,GF05,Environmental protection,1,TOTAL,PC_GDP,0.9,,2026-09-16T23:00:00+0200
2016,GF0501,Waste management,2,GF05,MIO_EUR,10864.9,,2026-09-16T23:00:00+0200
2016,GF0501,Waste management,2,GF05,PC_GDP,0.5,,2026-09-16T23:00:00+0200
2016,GF0502,Waste water management,2,GF05,MIO_EUR,3713.2,,2026-09-16T23:00:00+0200
2016,GF0502,Waste water management,2,GF05,PC_GDP,0.2,,2026-09-16T23:00:00+0200
2016,GF0503,Pollution abatement,2,GF05,MIO_EUR,1595.5,,2026-09-16T23:00:00+0200
2016,GF0503,Pollution abatement,2,GF05,PC_GDP,0.1,,2026-09-16T23:00:00+0200
2016,GF0504,Protection of biodiversity and landscape,2,GF05,MIO_EUR,1479.8,,2026-09-16T23:00:00+0200
2016,GF0504,Protection of biodiversity and landscape,2,GF05,PC_GDP,0.1,,2026-09-16T23:00:00+0200
2016,GF0505,R&D Environmental protection,2,GF05,MIO_EUR,771.4,,2026-09-16T23:00:00+0200
2016,GF0505,R&D Environmental protection,2,GF05,PC_GDP,0,,2026-09-16T23:00:00+0200
2016,GF0506,Environmental protection n.e.c.,2,GF05,MIO_EUR,1472.5,,2026-09-16T23:00:00+0200
2016,GF0506,Environmental protection n.e.c.,2,GF05,PC_GDP,0.1,,2026-09-16T23:00:00+0200
2016,GF06,Housing and community amenities,1,TOTAL,MIO_EUR,25635.5,,2026-09-16T23:00:00+0200
2016,GF06,Housing and community amenities,1,TOTAL,PC_GDP,1.1,,2026-09-16T23:00:00+0200
2016,GF0601,Housing development,2,GF06,MIO_EUR,8793.9,,2026-09-16T23:00:00+0200
2016,GF0601,Housing development,2,GF06,PC_GDP,0.4,,2026-09-16T23:00:00+0200
2016,GF0602,Community development,2,GF06,MIO_EUR,12860.9,,2026-09-16T23:00:00+0200
2016,GF0602,Community development,2,GF06,PC_GDP,0.6,,2026-09-16T23:00:00+0200
2016,GF0603,Water supply,2,GF06,MIO_EUR,2222.6,,2026-09-16T23:00:00+0200
2016,GF0603,Water supply,2,GF06,PC_GDP,0.1,,2026-09-16T23:00:00+0200
2016,GF0604,Street lighting,2,GF06,MIO_EUR,1359.8,,2026-09-16T23:00:00+0200
2016,GF0604,Street lighting,2,GF06,PC_GDP,0.1,,2026-09-16T23:00:00+0200
2016,GF0605,R&D Housing and community amenities,2,GF06,MIO_EUR,0,,2026-09-16T23:00:00+0200
2016,GF0605,R&D Housing and community amenities,2,GF06,PC_GDP,0,,2026-09-16T23:00:00+0200
2016,GF0606,Housing and community amenities n.e.c.,2,GF06,MIO_EUR,398.3,,2026-09-16T23:00:00+0200
2016,GF0606,Housing and community amenities n.e.c.,2,GF06,PC_GDP,0,,2026-09-16T23:00:00+0200
2016,GF07,Health,1,TOTAL,MIO_EUR,184631.1,,2026-09-16T23:00:00+0200
2016,GF07,Health,1,TOTAL,PC_GDP,8.3,,2026-09-16T23:00:00+0200
2016,GF0701,"Medical products, appliances and equipment",2,GF07,MIO_EUR,32721.1,,2026-09-16T23:00:00+0200
2016,GF0701,"Medical products, appliances and equipment",2,GF07,PC_GDP,1.5,,2026-09-16T23:00:00+0200
2016,GF0702,Outpatient services,2,GF07,MIO_EUR,66337.8,,2026-09-16T23:00:00+0200
2016,GF0702,Outpatient services,2,GF07,PC_GDP,3,,2026-09-16T23:00:00+0200
2016,GF0703,Hospital services,2,GF07,MIO_EUR,75302.5,,2026-09-16T23:00:00+0200
2016,GF0703,Hospital services,2,GF07,PC_GDP,3.4,,2026-09-16T23:00:00+0200
2016,GF0704,Public health services,2,GF07,MIO_EUR,4345.2,,2026-09-16T23:00:00+0200
2016,GF0704,Public health services,2,GF07,PC_GDP,0.2,,2026-09-16T23:00:00+0200
2016,GF0705,R&D Health,2,GF07,MIO_EUR,4985.1,,2026-09-16T23:00:00+0200
2016,GF0705,R&D Health,2,GF07,PC_GDP,0.2,,2026-09-16T23:00:00+0200
2016,GF0706,Health n.e.c.,2,GF07,MIO_EUR,939.4,,2026-09-16T23:00:00+0200
2016,GF0706,Health n.e.c.,2,GF07,PC_GDP,0,,2026-09-16T23:00:00+0200
2016,GF08,"Recreation, culture and religion",1,TOTAL,MIO_EUR,32039.9,,2026-09-16T23:00:00+0200
2016,GF08,"Recreation, culture and religion",1,TOTAL,PC_GDP,1.4,,2026-09-16T23:00:00+0200
2016,GF0801,Recreational and sporting services,2,GF08,MIO_EUR,11854.7,,2026-09-16T23:00:00+0200
2016,GF0801,Recreational and sporting services,2,GF08,PC_GDP,0.5,,2026-09-16T23:00:00+0200
2016,GF0802,Cultural services,2,GF08,MIO_EUR,13871.8,,2026-09-16T23:00:00+0200
2016,GF0802,Cultural services,2,GF08,PC_GDP,0.6,,2026-09-16T23:00:00+0200
2016,GF0803,Broadcasting and publishing services,2,GF08,MIO_EUR,5868.7,,2026-09-16T23:00:00+0200
2016,GF0803,Broadcasting and publishing services,2,GF08,PC_GDP,0.3,,2026-09-16T23:00:00+0200
2016,GF0804,Religious and other community services,2,GF08,MIO_EUR,438,,2026-09-16T23:00:00+0200
2016,GF0804,Religious and other community services,2,GF08,PC_GDP,0,,2026-09-16T23:00:00+0200
2016,GF0805,"R&D Recreation, culture and religion",2,GF08,MIO_EUR,0,,2026-09-16T23:00:00+0200
2016,GF0805,"R&D Recreation, culture and religion",2,GF08,PC_GDP,0,,2026-09-16T23:00:00+0200
2016,GF0806,"Recreation, culture and religion n.e.c.",2,GF08,MIO_EUR,6.7,,2026-09-16T23:00:00+0200
2016,GF0806,"Recreation, culture and religion n.e.c.",2,GF08,PC_GDP,0,,2026-09-16T23:00:00+0200
2016,GF09,Education,1,TOTAL,MIO_EUR,115328.1,,2026-09-16T23:00:00+0200
2016,GF09,Education,1,TOTAL,PC_GDP,5.2,,2026-09-16T23:00:00+0200
2016,GF0901,Pre-primary and primary education,2,GF09,MIO_EUR,30755.5,,2026-09-16T23:00:00+0200
2016,GF0901,Pre-primary and primary education,2,GF09,PC_GDP,1.4,,2026-09-16T23:00:00+0200
2016,GF0902,Secondary education,2,GF09,MIO_EUR,52112.4,,2026-09-16T23:00:00+0200
2016,GF0902,Secondary education,2,GF09,PC_GDP,2.3,,2026-09-16T23:00:00+0200
2016,GF0903,Post-secondary non-tertiary education,2,GF09,MIO_EUR,1006.4,,2026-09-16T23:00:00+0200
2016,GF0903,Post-secondary non-tertiary education,2,GF09,PC_GDP,0,,2026-09-16T23:00:00+0200
2016,GF0904,Tertiary education,2,GF09,MIO_EUR,9892,,2026-09-16T23:00:00+0200
2016,GF0904,Tertiary education,2,GF09,PC_GDP,0.4,,2026-09-16T23:00:00+0200
2016,GF0905,Education not definable by level,2,GF09,MIO_EUR,6944.8,,2026-09-16T23:00:00+0200
2016,GF0905,Education not definable by level,2,GF09,PC_GDP,0.3,,2026-09-16T23:00:00+0200
2016,GF0906,Subsidiary services to education,2,GF09,MIO_EUR,14009.2,,2026-09-16T23:00:00+0200
2016,GF0906,Subsidiary services to education,2,GF09,PC_GDP,0.6,,2026-09-16T23:00:00+0200
2016,GF0907,R&D Education,2,GF09,MIO_EUR,28.6,,2026-09-16T23:00:00+0200
2016,GF0907,R&D Education,2,GF09,PC_GDP,0,,2026-09-16T23:00:00+0200
2016,GF0908,Education n.e.c.,2,GF09,MIO_EUR,579.3,,2026-09-16T23:00:00+0200
2016,GF0908,Education n.e.c.,2,GF09,PC_GDP,0,,2026-09-16T23:00:00+0200
2016,GF10,Social protection,1,TOTAL,MIO_EUR,545629.6,,2026-09-16T23:00:00+0200
2016,GF10,Social protection,1,TOTAL,PC_GDP,24.4,,2026-09-16T23:00:00+0200
2016,GF1001,Sickness and disability,2,GF10,MIO_EUR,62299.2,,2026-09-16T23:00:00+0200
2016,GF1001,Sickness and disability,2,GF10,PC_GDP,2.8,,2026-09-16T23:00:00+0200
2016,GF1002,Old age,2,GF10,MIO_EUR,302548.7,,2026-09-16T23:00:00+0200
2016,GF1002,Old age,2,GF10,PC_GDP,13.6,,2026-09-16T23:00:00+0200
2016,GF1003,Survivors,2,GF10,MIO_EUR,34435.8,,2026-09-16T23:00:00+0200
2016,GF1003,Survivors,2,GF10,PC_GDP,1.5,,2026-09-16T23:00:00+0200
2016,GF1004,Family and children,2,GF10,MIO_EUR,54320.4,,2026-09-16T23:00:00+0200
2016,GF1004,Family and children,2,GF10,PC_GDP,2.4,,2026-09-16T23:00:00+0200
2016,GF1005,Unemployment,2,GF10,MIO_EUR,43523.4,,2026-09-16T23:00:00+0200
2016,GF1005,Unemployment,2,GF10,PC_GDP,2,,2026-09-16T23:00:00+0200
2016,GF1006,Housing,2,GF10,MIO_EUR,21092.3,,2026-09-16T23:00:00+0200
2016,GF1006,Housing,2,GF10,PC_GDP,0.9,,2026-09-16T23:00:00+0200
2016,GF1007,Social exclusion n.e.c.,2,GF10,MIO_EUR,23457.3,,2026-09-16T23:00:00+0200
2016,GF1007,Social exclusion n.e.c.,2,GF10,PC_GDP,1.1,,2026-09-16T23:00:00+0200
2016,GF1008,R&D Social protection,2,GF10,MIO_EUR,0,,2026-09-16T23:00:00+0200
2016,GF1008,R&D Social protection,2,GF10,PC_GDP,0,,2026-09-16T23:00:00+0200
2016,GF1009,Social protection n.e.c.,2,GF10,MIO_EUR,3952.5,,2026-09-16T23:00:00+0200
2016,GF1009,Social protection n.e.c.,2,GF10,PC_GDP,0.2,,2026-09-16T23:00:00+0200
2016,TOTAL,Total,0,,MIO_EUR,1280646.2,,2026-09-16T23:00:00+0200
2016,TOTAL,Total,0,,PC_GDP,57.4,,2026-09-16T23:00:00+0200
2017,GF01,General public services,1,TOTAL,MIO_EUR,149870.3,,2026-09-16T23:00:00+0200
2017,GF01,General public services,1,TOTAL,PC_GDP,6.5,,2026-09-16T23:00:00+0200
2017,GF0101,"Executive and legislative organs, financial and fiscal affairs, external affairs",2,GF01,MIO_EUR,42360.2,,2026-09-16T23:00:00+0200
2017,GF0101,"Executive and legislative organs, financial and fiscal affairs, external affairs",2,GF01,PC_GDP,1.8,,2026-09-16T23:00:00+0200
2017,GF0102,Foreign economic aid,2,GF01,MIO_EUR,4420.7,,2026-09-16T23:00:00+0200
2017,GF0102,Foreign economic aid,2,GF01,PC_GDP,0.2,,2026-09-16T23:00:00+0200
2017,GF0103,General services,2,GF01,MIO_EUR,41169.4,,2026-09-16T23:00:00+0200
2017,GF0103,General services,2,GF01,PC_GDP,1.8,,2026-09-16T23:00:00+0200
2017,GF0104,Basic research,2,GF01,MIO_EUR,16170.3,,2026-09-16T23:00:00+0200
2017,GF0104,Basic research,2,GF01,PC_GDP,0.7,,2026-09-16T23:00:00+0200
2017,GF0105,R&D General public services,2,GF01,MIO_EUR,1,,2026-09-16T23:00:00+0200
2017,GF0105,R&D General public services,2,GF01,PC_GDP,0,,2026-09-16T23:00:00+0200
2017,GF0106,General public services n.e.c.,2,GF01,MIO_EUR,769,,2026-09-16T23:00:00+0200
2017,GF0106,General public services n.e.c.,2,GF01,PC_GDP,0,,2026-09-16T23:00:00+0200
2017,GF0107,Public debt transactions,2,GF01,MIO_EUR,44979.8,,2026-09-16T23:00:00+0200
2017,GF0107,Public debt transactions,2,GF01,PC_GDP,2,,2026-09-16T23:00:00+0200
2017,GF0108,Transfers of a general character between different levels of government,2,GF01,MIO_EUR,0,,2026-09-16T23:00:00+0200
2017,GF0108,Transfers of a general character between different levels of government,2,GF01,PC_GDP,0,,2026-09-16T23:00:00+0200
2017,GF02,Defence,1,TOTAL,MIO_EUR,40108.4,,2026-09-16T23:00:00+0200
2017,GF02,Defence,1,TOTAL,PC_GDP,1.8,,2026-09-16T23:00:00+0200
2017,GF0201,Military defence,2,GF02,MIO_EUR,34135.1,,2026-09-16T23:00:00+0200
2017,GF0201,Military defence,2,GF02,PC_GDP,1.5,,2026-09-16T23:00:00+0200
2017,GF0202,Civil defence,2,GF02,MIO_EUR,238.6,,2026-09-16T23:00:00+0200
2017,GF0202,Civil defence,2,GF02,PC_GDP,0,,2026-09-16T23:00:00+0200
2017,GF0203,Foreign military aid,2,GF02,MIO_EUR,1951.5,,2026-09-16T23:00:00+0200
2017,GF0203,Foreign military aid,2,GF02,PC_GDP,0.1,,2026-09-16T23:00:00+0200
2017,GF0204,R&D Defence,2,GF02,MIO_EUR,1277,,2026-09-16T23:00:00+0200
2017,GF0204,R&D Defence,2,GF02,PC_GDP,0.1,,2026-09-16T23:00:00+0200
2017,GF0205,Defence n.e.c.,2,GF02,MIO_EUR,2506.2,,2026-09-16T23:00:00+0200
2017,GF0205,Defence n.e.c.,2,GF02,PC_GDP,0.1,,2026-09-16T23:00:00+0200
2017,GF03,Public order and safety,1,TOTAL,MIO_EUR,37847.2,,2026-09-16T23:00:00+0200
2017,GF03,Public order and safety,1,TOTAL,PC_GDP,1.7,,2026-09-16T23:00:00+0200
2017,GF0301,Police services,2,GF03,MIO_EUR,21363.2,,2026-09-16T23:00:00+0200
2017,GF0301,Police services,2,GF03,PC_GDP,0.9,,2026-09-16T23:00:00+0200
2017,GF0302,Fire-protection services,2,GF03,MIO_EUR,6075.2,,2026-09-16T23:00:00+0200
2017,GF0302,Fire-protection services,2,GF03,PC_GDP,0.3,,2026-09-16T23:00:00+0200
2017,GF0303,Law courts,2,GF03,MIO_EUR,5937.5,,2026-09-16T23:00:00+0200
2017,GF0303,Law courts,2,GF03,PC_GDP,0.3,,2026-09-16T23:00:00+0200
2017,GF0304,Prisons,2,GF03,MIO_EUR,3476.1,,2026-09-16T23:00:00+0200
2017,GF0304,Prisons,2,GF03,PC_GDP,0.2,,2026-09-16T23:00:00+0200
2017,GF0305,R&D Public order and safety,2,GF03,MIO_EUR,12.5,,2026-09-16T23:00:00+0200
2017,GF0305,R&D Public order and safety,2,GF03,PC_GDP,0,,2026-09-16T23:00:00+0200
2017,GF0306,Public order and safety n.e.c.,2,GF03,MIO_EUR,982.8,,2026-09-16T23:00:00+0200
2017,GF0306,Public order and safety n.e.c.,2,GF03,PC_GDP,0,,2026-09-16T23:00:00+0200
2017,GF04,Economic affairs,1,TOTAL,MIO_EUR,149242.9,,2026-09-16T23:00:00+0200
2017,GF04,Economic affairs,1,TOTAL,PC_GDP,6.5,,2026-09-16T23:00:00+0200
2017,GF0401,"General economic, commercial and labour affairs",2,GF04,MIO_EUR,47745.6,,2026-09-16T23:00:00+0200
2017,GF0401,"General economic, commercial and labour affairs",2,GF04,PC_GDP,2.1,,2026-09-16T23:00:00+0200
2017,GF0402,"Agriculture, forestry, fishing and hunting",2,GF04,MIO_EUR,5014.2,,2026-09-16T23:00:00+0200
2017,GF0402,"Agriculture, forestry, fishing and hunting",2,GF04,PC_GDP,0.2,,2026-09-16T23:00:00+0200
2017,GF0403,Fuel and energy,2,GF04,MIO_EUR,10224.3,,2026-09-16T23:00:00+0200
2017,GF0403,Fuel and energy,2,GF04,PC_GDP,0.4,,2026-09-16T23:00:00+0200
2017,GF0404,"Mining, manufacturing and construction",2,GF04,MIO_EUR,909.1,,2026-09-16T23:00:00+0200
2017,GF0404,"Mining, manufacturing and construction",2,GF04,PC_GDP,0,,2026-09-16T23:00:00+0200
2017,GF0405,Transport,2,GF04,MIO_EUR,52337.8,,2026-09-16T23:00:00+0200
2017,GF0405,Transport,2,GF04,PC_GDP,2.3,,2026-09-16T23:00:00+0200
2017,GF0406,Communication,2,GF04,MIO_EUR,401.9,,2026-09-16T23:00:00+0200
2017,GF0406,Communication,2,GF04,PC_GDP,0,,2026-09-16T23:00:00+0200
2017,GF0407,Other industries,2,GF04,MIO_EUR,8201.3,,2026-09-16T23:00:00+0200
2017,GF0407,Other industries,2,GF04,PC_GDP,0.4,,2026-09-16T23:00:00+0200
2017,GF0408,R&D Economic affairs,2,GF04,MIO_EUR,16805,,2026-09-16T23:00:00+0200
2017,GF0408,R&D Economic affairs,2,GF04,PC_GDP,0.7,,2026-09-16T23:00:00+0200
2017,GF0409,Economic affairs n.e.c.,2,GF04,MIO_EUR,7603.7,,2026-09-16T23:00:00+0200
2017,GF0409,Economic affairs n.e.c.,2,GF04,PC_GDP,0.3,,2026-09-16T23:00:00+0200
2017,GF05,Environmental protection,1,TOTAL,MIO_EUR,20289.6,,2026-09-16T23:00:00+0200
2017,GF05,Environmental protection,1,TOTAL,PC_GDP,0.9,,2026-09-16T23:00:00+0200
2017,GF0501,Waste management,2,GF05,MIO_EUR,11121.3,,2026-09-16T23:00:00+0200
2017,GF0501,Waste management,2,GF05,PC_GDP,0.5,,2026-09-16T23:00:00+0200
2017,GF0502,Waste water management,2,GF05,MIO_EUR,3863.7,,2026-09-16T23:00:00+0200
2017,GF0502,Waste water management,2,GF05,PC_GDP,0.2,,2026-09-16T23:00:00+0200
2017,GF0503,Pollution abatement,2,GF05,MIO_EUR,1560.4,,2026-09-16T23:00:00+0200
2017,GF0503,Pollution abatement,2,GF05,PC_GDP,0.1,,2026-09-16T23:00:00+0200
2017,GF0504,Protection of biodiversity and landscape,2,GF05,MIO_EUR,1492.9,,2026-09-16T23:00:00+0200
2017,GF0504,Protection of biodiversity and landscape,2,GF05,PC_GDP,0.1,,2026-09-16T23:00:00+0200
2017,GF0505,R&D Environmental protection,2,GF05,MIO_EUR,780.9,,2026-09-16T23:00:00+0200
2017,GF0505,R&D Environmental protection,2,GF05,PC_GDP,0,,2026-09-16T23:00:00+0200
2017,GF0506,Environmental protection n.e.c.,2,GF05,MIO_EUR,1470.3,,2026-09-16T23:00:00+0200
2017,GF0506,Environmental protection n.e.c.,2,GF05,PC_GDP,0.1,,2026-09-16T23:00:00+0200
2017,GF06,Housing and community amenities,1,TOTAL,MIO_EUR,25245.2,,2026-09-16T23:00:00+0200
2017,GF06,Housing and community amenities,1,TOTAL,PC_GDP,1.1,,2026-09-16T23:00:00+0200
2017,GF0601,Housing development,2,GF06,MIO_EUR,8031.6,,2026-09-16T23:00:00+0200
2017,GF0601,Housing development,2,GF06,PC_GDP,0.4,,2026-09-16T23:00:00+0200
2017,GF0602,Community development,2,GF06,MIO_EUR,13089.3,,2026-09-16T23:00:00+0200
2017,GF0602,Community development,2,GF06,PC_GDP,0.6,,2026-09-16T23:00:00+0200
2017,GF0603,Water supply,2,GF06,MIO_EUR,2327.3,,2026-09-16T23:00:00+0200
2017,GF0603,Water supply,2,GF06,PC_GDP,0.1,,2026-09-16T23:00:00+0200
2017,GF0604,Street lighting,2,GF06,MIO_EUR,1418.8,,2026-09-16T23:00:00+0200
2017,GF0604,Street lighting,2,GF06,PC_GDP,0.1,,2026-09-16T23:00:00+0200
2017,GF0605,R&D Housing and community amenities,2,GF06,MIO_EUR,0,,2026-09-16T23:00:00+0200
2017,GF0605,R&D Housing and community amenities,2,GF06,PC_GDP,0,,2026-09-16T23:00:00+0200
2017,GF0606,Housing and community amenities n.e.c.,2,GF06,MIO_EUR,378.3,,2026-09-16T23:00:00+0200
2017,GF0606,Housing and community amenities n.e.c.,2,GF06,PC_GDP,0,,2026-09-16T23:00:00+0200
2017,GF07,Health,1,TOTAL,MIO_EUR,190006.1,,2026-09-16T23:00:00+0200
2017,GF07,Health,1,TOTAL,PC_GDP,8.3,,2026-09-16T23:00:00+0200
2017,GF0701,"Medical products, appliances and equipment",2,GF07,MIO_EUR,33583.9,,2026-09-16T23:00:00+0200
2017,GF0701,"Medical products, appliances and equipment",2,GF07,PC_GDP,1.5,,2026-09-16T23:00:00+0200
2017,GF0702,Outpatient services,2,GF07,MIO_EUR,68205.7,,2026-09-16T23:00:00+0200
2017,GF0702,Outpatient services,2,GF07,PC_GDP,3,,2026-09-16T23:00:00+0200
2017,GF0703,Hospital services,2,GF07,MIO_EUR,76948,,2026-09-16T23:00:00+0200
2017,GF0703,Hospital services,2,GF07,PC_GDP,3.4,,2026-09-16T23:00:00+0200
2017,GF0704,Public health services,2,GF07,MIO_EUR,5006,,2026-09-16T23:00:00+0200
2017,GF0704,Public health services,2,GF07,PC_GDP,0.2,,2026-09-16T23:00:00+0200
2017,GF0705,R&D Health,2,GF07,MIO_EUR,5109.9,,2026-09-16T23:00:00+0200
2017,GF0705,R&D Health,2,GF07,PC_GDP,0.2,,2026-09-16T23:00:00+0200
2017,GF0706,Health n.e.c.,2,GF07,MIO_EUR,1152.7,,2026-09-16T23:00:00+0200
2017,GF0706,Health n.e.c.,2,GF07,PC_GDP,0.1,,2026-09-16T23:00:00+0200
2017,GF08,"Recreation, culture and religion",1,TOTAL,MIO_EUR,33081.2,,2026-09-16T23:00:00+0200
2017,GF08,"Recreation, culture and religion",1,TOTAL,PC_GDP,1.4,,2026-09-16T23:00:00+0200
2017,GF0801,Recreational and sporting services,2,GF08,MIO_EUR,12309.5,,2026-09-16T23:00:00+0200
2017,GF0801,Recreational and sporting services,2,GF08,PC_GDP,0.5,,2026-09-16T23:00:00+0200
2017,GF0802,Cultural services,2,GF08,MIO_EUR,14326.6,,2026-09-16T23:00:00+0200
2017,GF0802,Cultural services,2,GF08,PC_GDP,0.6,,2026-09-16T23:00:00+0200
2017,GF0803,Broadcasting and publishing services,2,GF08,MIO_EUR,5979.7,,2026-09-16T23:00:00+0200
2017,GF0803,Broadcasting and publishing services,2,GF08,PC_GDP,0.3,,2026-09-16T23:00:00+0200
2017,GF0804,Religious and other community services,2,GF08,MIO_EUR,458.6,,2026-09-16T23:00:00+0200
2017,GF0804,Religious and other community services,2,GF08,PC_GDP,0,,2026-09-16T23:00:00+0200
2017,GF0805,"R&D Recreation, culture and religion",2,GF08,MIO_EUR,0,,2026-09-16T23:00:00+0200
2017,GF0805,"R&D Recreation, culture and religion",2,GF08,PC_GDP,0,,2026-09-16T23:00:00+0200
2017,GF0806,"Recreation, culture and religion n.e.c.",2,GF08,MIO_EUR,6.9,,2026-09-16T23:00:00+0200
2017,GF0806,"Recreation, culture and religion n.e.c.",2,GF08,PC_GDP,0,,2026-09-16T23:00:00+0200
2017,GF09,Education,1,TOTAL,MIO_EUR,118684.6,,2026-09-16T23:00:00+0200
2017,GF09,Education,1,TOTAL,PC_GDP,5.2,,2026-09-16T23:00:00+0200
2017,GF0901,Pre-primary and primary education,2,GF09,MIO_EUR,32400.7,,2026-09-16T23:00:00+0200
2017,GF0901,Pre-primary and primary education,2,GF09,PC_GDP,1.4,,2026-09-16T23:00:00+0200
2017,GF0902,Secondary education,2,GF09,MIO_EUR,53198.4,,2026-09-16T23:00:00+0200
2017,GF0902,Secondary education,2,GF09,PC_GDP,2.3,,2026-09-16T23:00:00+0200
2017,GF0903,Post-secondary non-tertiary education,2,GF09,MIO_EUR,988.2,,2026-09-16T23:00:00+0200
2017,GF0903,Post-secondary non-tertiary education,2,GF09,PC_GDP,0,,2026-09-16T23:00:00+0200
2017,GF0904,Tertiary education,2,GF09,MIO_EUR,10098.5,,2026-09-16T23:00:00+0200
2017,GF0904,Tertiary education,2,GF09,PC_GDP,0.4,,2026-09-16T23:00:00+0200
2017,GF0905,Education not definable by level,2,GF09,MIO_EUR,7102.3,,2026-09-16T23:00:00+0200
2017,GF0905,Education not definable by level,2,GF09,PC_GDP,0.3,,2026-09-16T23:00:00+0200
2017,GF0906,Subsidiary services to education,2,GF09,MIO_EUR,14296.3,,2026-09-16T23:00:00+0200
2017,GF0906,Subsidiary services to education,2,GF09,PC_GDP,0.6,,2026-09-16T23:00:00+0200
2017,GF0907,R&D Education,2,GF09,MIO_EUR,12.5,,2026-09-16T23:00:00+0200
2017,GF0907,R&D Education,2,GF09,PC_GDP,0,,2026-09-16T23:00:00+0200
2017,GF0908,Education n.e.c.,2,GF09,MIO_EUR,587.8,,2026-09-16T23:00:00+0200
2017,GF0908,Education n.e.c.,2,GF09,PC_GDP,0,,2026-09-16T23:00:00+0200
2017,GF10,Social protection,1,TOTAL,MIO_EUR,557070,,2026-09-16T23:00:00+0200
2017,GF10,Social protection,1,TOTAL,PC_GDP,24.3,,2026-09-16T23:00:00+0200
2017,GF1001,Sickness and disability,2,GF10,MIO_EUR,63457.1,,2026-09-16T23:00:00+0200
2017,GF1001,Sickness and disability,2,GF10,PC_GDP,2.8,,2026-09-16T23:00:00+0200
2017,GF1002,Old age,2,GF10,MIO_EUR,310308.2,,2026-09-16T23:00:00+0200
2017,GF1002,Old age,2,GF10,PC_GDP,13.5,,2026-09-16T23:00:00+0200
2017,GF1003,Survivors,2,GF10,MIO_EUR,34740.3,,2026-09-16T23:00:00+0200
2017,GF1003,Survivors,2,GF10,PC_GDP,1.5,,2026-09-16T23:00:00+0200
2017,GF1004,Family and children,2,GF10,MIO_EUR,55004.6,,2026-09-16T23:00:00+0200
2017,GF1004,Family and children,2,GF10,PC_GDP,2.4,,2026-09-16T23:00:00+0200
2017,GF1005,Unemployment,2,GF10,MIO_EUR,43614.9,,2026-09-16T23:00:00+0200
2017,GF1005,Unemployment,2,GF10,PC_GDP,1.9,,2026-09-16T23:00:00+0200
2017,GF1006,Housing,2,GF10,MIO_EUR,21488.8,,2026-09-16T23:00:00+0200
2017,GF1006,Housing,2,GF10,PC_GDP,0.9,,2026-09-16T23:00:00+0200
2017,GF1007,Social exclusion n.e.c.,2,GF10,MIO_EUR,24455.4,,2026-09-16T23:00:00+0200
2017,GF1007,Social exclusion n.e.c.,2,GF10,PC_GDP,1.1,,2026-09-16T23:00:00+0200
2017,GF1008,R&D Social protection,2,GF10,MIO_EUR,0,,2026-09-16T23:00:00+0200
2017,GF1008,R&D Social protection,2,GF10,PC_GDP,0,,2026-09-16T23:00:00+0200
2017,GF1009,Social protection n.e.c.,2,GF10,MIO_EUR,4000.7,,2026-09-16T23:00:00+0200
2017,GF1009,Social protection n.e.c.,2,GF10,PC_GDP,0.2,,2026-09-16T23:00:00+0200
2017,TOTAL,Total,0,,MIO_EUR,1321445.4,,2026-09-16T23:00:00+0200
2017,TOTAL,Total,0,,PC_GDP,57.7,,2026-09-16T23:00:00+0200
2018,GF01,General public services,1,TOTAL,MIO_EUR,146091.7,,2026-09-16T23:00:00+0200
2018,GF01,General public services,1,TOTAL,PC_GDP,6.2,,2026-09-16T23:00:00+0200
2018,GF0101,"Executive and legislative organs, financial and fiscal affairs, external affairs",2,GF01,MIO_EUR,37912.7,,2026-09-16T23:00:00+0200
2018,GF0101,"Executive and legislative organs, financial and fiscal affairs, external affairs",2,GF01,PC_GDP,1.6,,2026-09-16T23:00:00+0200
2018,GF0102,Foreign economic aid,2,GF01,MIO_EUR,4077.5,,2026-09-16T23:00:00+0200
2018,GF0102,Foreign economic aid,2,GF01,PC_GDP,0.2,,2026-09-16T23:00:00+0200
2018,GF0103,General services,2,GF01,MIO_EUR,41865.1,,2026-09-16T23:00:00+0200
2018,GF0103,General services,2,GF01,PC_GDP,1.8,,2026-09-16T23:00:00+0200
2018,GF0104,Basic research,2,GF01,MIO_EUR,16407.8,,2026-09-16T23:00:00+0200
2018,GF0104,Basic research,2,GF01,PC_GDP,0.7,,2026-09-16T23:00:00+0200
2018,GF0105,R&D General public services,2,GF01,MIO_EUR,1,,2026-09-16T23:00:00+0200
2018,GF0105,R&D General public services,2,GF01,PC_GDP,0,,2026-09-16T23:00:00+0200
2018,GF0106,General public services n.e.c.,2,GF01,MIO_EUR,605.9,,2026-09-16T23:00:00+0200
2018,GF0106,General public services n.e.c.,2,GF01,PC_GDP,0,,2026-09-16T23:00:00+0200
2018,GF0107,Public debt transactions,2,GF01,MIO_EUR,45221.8,,2026-09-16T23:00:00+0200
2018,GF0107,Public debt transactions,2,GF01,PC_GDP,1.9,,2026-09-16T23:00:00+0200
2018,GF0108,Transfers of a general character between different levels of government,2,GF01,MIO_EUR,0,,2026-09-16T23:00:00+0200
2018,GF0108,Transfers of a general character between different levels of government,2,GF01,PC_GDP,0,,2026-09-16T23:00:00+0200
2018,GF02,Defence,1,TOTAL,MIO_EUR,41287.8,,2026-09-16T23:00:00+0200
2018,GF02,Defence,1,TOTAL,PC_GDP,1.8,,2026-09-16T23:00:00+0200
2018,GF0201,Military defence,2,GF02,MIO_EUR,34894.8,,2026-09-16T23:00:00+0200
2018,GF0201,Military defence,2,GF02,PC_GDP,1.5,,2026-09-16T23:00:00+0200
2018,GF0202,Civil defence,2,GF02,MIO_EUR,230.3,,2026-09-16T23:00:00+0200
2018,GF0202,Civil defence,2,GF02,PC_GDP,0,,2026-09-16T23:00:00+0200
2018,GF0203,Foreign military aid,2,GF02,MIO_EUR,1975.8,,2026-09-16T23:00:00+0200
2018,GF0203,Foreign military aid,2,GF02,PC_GDP,0.1,,2026-09-16T23:00:00+0200
2018,GF0204,R&D Defence,2,GF02,MIO_EUR,1344.1,,2026-09-16T23:00:00+0200
2018,GF0204,R&D Defence,2,GF02,PC_GDP,0.1,,2026-09-16T23:00:00+0200
2018,GF0205,Defence n.e.c.,2,GF02,MIO_EUR,2842.8,,2026-09-16T23:00:00+0200
2018,GF0205,Defence n.e.c.,2,GF02,PC_GDP,0.1,,2026-09-16T23:00:00+0200
2018,GF03,Public order and safety,1,TOTAL,MIO_EUR,38606.2,,2026-09-16T23:00:00+0200
2018,GF03,Public order and safety,1,TOTAL,PC_GDP,1.6,,2026-09-16T23:00:00+0200
2018,GF0301,Police services,2,GF03,MIO_EUR,21830.7,,2026-09-16T23:00:00+0200
2018,GF0301,Police services,2,GF03,PC_GDP,0.9,,2026-09-16T23:00:00+0200
2018,GF0302,Fire-protection services,2,GF03,MIO_EUR,6167.4,,2026-09-16T23:00:00+0200
2018,GF0302,Fire-protection services,2,GF03,PC_GDP,0.3,,2026-09-16T23:00:00+0200
2018,GF0303,Law courts,2,GF03,MIO_EUR,6051.5,,2026-09-16T23:00:00+0200
2018,GF0303,Law courts,2,GF03,PC_GDP,0.3,,2026-09-16T23:00:00+0200
2018,GF0304,Prisons,2,GF03,MIO_EUR,3551.9,,2026-09-16T23:00:00+0200
2018,GF0304,Prisons,2,GF03,PC_GDP,0.2,,2026-09-16T23:00:00+0200
2018,GF0305,R&D Public order and safety,2,GF03,MIO_EUR,13.8,,2026-09-16T23:00:00+0200
2018,GF0305,R&D Public order and safety,2,GF03,PC_GDP,0,,2026-09-16T23:00:00+0200
2018,GF0306,Public order and safety n.e.c.,2,GF03,MIO_EUR,991,,2026-09-16T23:00:00+0200
2018,GF0306,Public order and safety n.e.c.,2,GF03,PC_GDP,0,,2026-09-16T23:00:00+0200
2018,GF04,Economic affairs,1,TOTAL,MIO_EUR,141294.6,,2026-09-16T23:00:00+0200
2018,GF04,Economic affairs,1,TOTAL,PC_GDP,6,,2026-09-16T23:00:00+0200
2018,GF0401,"General economic, commercial and labour affairs",2,GF04,MIO_EUR,43813.5,,2026-09-16T23:00:00+0200
2018,GF0401,"General economic, commercial and labour affairs",2,GF04,PC_GDP,1.9,,2026-09-16T23:00:00+0200
2018,GF0402,"Agriculture, forestry, fishing and hunting",2,GF04,MIO_EUR,5200.7,,2026-09-16T23:00:00+0200
2018,GF0402,"Agriculture, forestry, fishing and hunting",2,GF04,PC_GDP,0.2,,2026-09-16T23:00:00+0200
2018,GF0403,Fuel and energy,2,GF04,MIO_EUR,10100.3,,2026-09-16T23:00:00+0200
2018,GF0403,Fuel and energy,2,GF04,PC_GDP,0.4,,2026-09-16T23:00:00+0200
2018,GF0404,"Mining, manufacturing and construction",2,GF04,MIO_EUR,765.6,,2026-09-16T23:00:00+0200
2018,GF0404,"Mining, manufacturing and construction",2,GF04,PC_GDP,0,,2026-09-16T23:00:00+0200
2018,GF0405,Transport,2,GF04,MIO_EUR,53735.7,,2026-09-16T23:00:00+0200
2018,GF0405,Transport,2,GF04,PC_GDP,2.3,,2026-09-16T23:00:00+0200
2018,GF0406,Communication,2,GF04,MIO_EUR,472.1,,2026-09-16T23:00:00+0200
2018,GF0406,Communication,2,GF04,PC_GDP,0,,2026-09-16T23:00:00+0200
2018,GF0407,Other industries,2,GF04,MIO_EUR,8361.4,,2026-09-16T23:00:00+0200
2018,GF0407,Other industries,2,GF04,PC_GDP,0.4,,2026-09-16T23:00:00+0200
2018,GF0408,R&D Economic affairs,2,GF04,MIO_EUR,16948.2,,2026-09-16T23:00:00+0200
2018,GF0408,R&D Economic affairs,2,GF04,PC_GDP,0.7,,2026-09-16T23:00:00+0200
2018,GF0409,Economic affairs n.e.c.,2,GF04,MIO_EUR,1896.9,,2026-09-16T23:00:00+0200
2018,GF0409,Economic affairs n.e.c.,2,GF04,PC_GDP,0.1,,2026-09-16T23:00:00+0200
2018,GF05,Environmental protection,1,TOTAL,MIO_EUR,21483.4,,2026-09-16T23:00:00+0200
2018,GF05,Environmental protection,1,TOTAL,PC_GDP,0.9,,2026-09-16T23:00:00+0200
2018,GF0501,Waste management,2,GF05,MIO_EUR,11627.5,,2026-09-16T23:00:00+0200
2018,GF0501,Waste management,2,GF05,PC_GDP,0.5,,2026-09-16T23:00:00+0200
2018,GF0502,Waste water management,2,GF05,MIO_EUR,4100.5,,2026-09-16T23:00:00+0200
2018,GF0502,Waste water management,2,GF05,PC_GDP,0.2,,2026-09-16T23:00:00+0200
2018,GF0503,Pollution abatement,2,GF05,MIO_EUR,1778.6,,2026-09-16T23:00:00+0200
2018,GF0503,Pollution abatement,2,GF05,PC_GDP,0.1,,2026-09-16T23:00:00+0200
2018,GF0504,Protection of biodiversity and landscape,2,GF05,MIO_EUR,1622.7,,2026-09-16T23:00:00+0200
2018,GF0504,Protection of biodiversity and landscape,2,GF05,PC_GDP,0.1,,2026-09-16T23:00:00+0200
2018,GF0505,R&D Environmental protection,2,GF05,MIO_EUR,816.5,,2026-09-16T23:00:00+0200
2018,GF0505,R&D Environmental protection,2,GF05,PC_GDP,0,,2026-09-16T23:00:00+0200
2018,GF0506,Environmental protection n.e.c.,2,GF05,MIO_EUR,1537.7,,2026-09-16T23:00:00+0200
2018,GF0506,Environmental protection n.e.c.,2,GF05,PC_GDP,0.1,,2026-09-16T23:00:00+0200
2018,GF06,Housing and community amenities,1,TOTAL,MIO_EUR,24848.3,,2026-09-16T23:00:00+0200
2018,GF06,Housing and community amenities,1,TOTAL,PC_GDP,1.1,,2026-09-16T23:00:00+0200
2018,GF0601,Housing development,2,GF06,MIO_EUR,7170.6,,2026-09-16T23:00:00+0200
2018,GF0601,Housing development,2,GF06,PC_GDP,0.3,,2026-09-16T23:00:00+0200
2018,GF0602,Community development,2,GF06,MIO_EUR,13452.6,,2026-09-16T23:00:00+0200
2018,GF0602,Community development,2,GF06,PC_GDP,0.6,,2026-09-16T23:00:00+0200
2018,GF0603,Water supply,2,GF06,MIO_EUR,2424.6,,2026-09-16T23:00:00+0200
2018,GF0603,Water supply,2,GF06,PC_GDP,0.1,,2026-09-16T23:00:00+0200
2018,GF0604,Street lighting,2,GF06,MIO_EUR,1497.8,,2026-09-16T23:00:00+0200
2018,GF0604,Street lighting,2,GF06,PC_GDP,0.1,,2026-09-16T23:00:00+0200
2018,GF0605,R&D Housing and community amenities,2,GF06,MIO_EUR,0,,2026-09-16T23:00:00+0200
2018,GF0605,R&D Housing and community amenities,2,GF06,PC_GDP,0,,2026-09-16T23:00:00+0200
2018,GF0606,Housing and community amenities n.e.c.,2,GF06,MIO_EUR,302.7,,2026-09-16T23:00:00+0200
2018,GF0606,Housing and community amenities n.e.c.,2,GF06,PC_GDP,0,,2026-09-16T23:00:00+0200
2018,GF07,Health,1,TOTAL,MIO_EUR,193539.3,,2026-09-16T23:00:00+0200
2018,GF07,Health,1,TOTAL,PC_GDP,8.2,,2026-09-16T23:00:00+0200
2018,GF0701,"Medical products, appliances and equipment",2,GF07,MIO_EUR,34052.2,,2026-09-16T23:00:00+0200
2018,GF0701,"Medical products, appliances and equipment",2,GF07,PC_GDP,1.4,,2026-09-16T23:00:00+0200
2018,GF0702,Outpatient services,2,GF07,MIO_EUR,70126.8,,2026-09-16T23:00:00+0200
2018,GF0702,Outpatient services,2,GF07,PC_GDP,3,,2026-09-16T23:00:00+0200
2018,GF0703,Hospital services,2,GF07,MIO_EUR,77972.8,,2026-09-16T23:00:00+0200
2018,GF0703,Hospital services,2,GF07,PC_GDP,3.3,,2026-09-16T23:00:00+0200
2018,GF0704,Public health services,2,GF07,MIO_EUR,5147,,2026-09-16T23:00:00+0200
2018,GF0704,Public health services,2,GF07,PC_GDP,0.2,,2026-09-16T23:00:00+0200
2018,GF0705,R&D Health,2,GF07,MIO_EUR,5169.2,,2026-09-16T23:00:00+0200
2018,GF0705,R&D Health,2,GF07,PC_GDP,0.2,,2026-09-16T23:00:00+0200
2018,GF0706,Health n.e.c.,2,GF07,MIO_EUR,1071.4,,2026-09-16T23:00:00+0200
2018,GF0706,Health n.e.c.,2,GF07,PC_GDP,0,,2026-09-16T23:00:00+0200
2018,GF08,"Recreation, culture and religion",1,TOTAL,MIO_EUR,33732.1,,2026-09-16T23:00:00+0200
2018,GF08,"Recreation, culture and religion",1,TOTAL,PC_GDP,1.4,,2026-09-16T23:00:00+0200
2018,GF0801,Recreational and sporting services,2,GF08,MIO_EUR,12519.9,,2026-09-16T23:00:00+0200
2018,GF0801,Recreational and sporting services,2,GF08,PC_GDP,0.5,,2026-09-16T23:00:00+0200
2018,GF0802,Cultural services,2,GF08,MIO_EUR,14734.4,,2026-09-16T23:00:00+0200
2018,GF0802,Cultural services,2,GF08,PC_GDP,0.6,,2026-09-16T23:00:00+0200
2018,GF0803,Broadcasting and publishing services,2,GF08,MIO_EUR,5935.9,,2026-09-16T23:00:00+0200
2018,GF0803,Broadcasting and publishing services,2,GF08,PC_GDP,0.3,,2026-09-16T23:00:00+0200
2018,GF0804,Religious and other community services,2,GF08,MIO_EUR,477.2,,2026-09-16T23:00:00+0200
2018,GF0804,Religious and other community services,2,GF08,PC_GDP,0,,2026-09-16T23:00:00+0200
2018,GF0805,"R&D Recreation, culture and religion",2,GF08,MIO_EUR,0,,2026-09-16T23:00:00+0200
2018,GF0805,"R&D Recreation, culture and religion",2,GF08,PC_GDP,0,,2026-09-16T23:00:00+0200
2018,GF0806,"Recreation, culture and religion n.e.c.",2,GF08,MIO_EUR,64.8,,2026-09-16T23:00:00+0200
2018,GF0806,"Recreation, culture and religion n.e.c.",2,GF08,PC_GDP,0,,2026-09-16T23:00:00+0200
2018,GF09,Education,1,TOTAL,MIO_EUR,120513.3,,2026-09-16T23:00:00+0200
2018,GF09,Education,1,TOTAL,PC_GDP,5.1,,2026-09-16T23:00:00+0200
2018,GF0901,Pre-primary and primary education,2,GF09,MIO_EUR,32995,,2026-09-16T23:00:00+0200
2018,GF0901,Pre-primary and primary education,2,GF09,PC_GDP,1.4,,2026-09-16T23:00:00+0200
2018,GF0902,Secondary education,2,GF09,MIO_EUR,53405.5,,2026-09-16T23:00:00+0200
2018,GF0902,Secondary education,2,GF09,PC_GDP,2.3,,2026-09-16T23:00:00+0200
2018,GF0903,Post-secondary non-tertiary education,2,GF09,MIO_EUR,1017.3,,2026-09-16T23:00:00+0200
2018,GF0903,Post-secondary non-tertiary education,2,GF09,PC_GDP,0,,2026-09-16T23:00:00+0200
2018,GF0904,Tertiary education,2,GF09,MIO_EUR,10615,,2026-09-16T23:00:00+0200
2018,GF0904,Tertiary education,2,GF09,PC_GDP,0.5,,2026-09-16T23:00:00+0200
2018,GF0905,Education not definable by level,2,GF09,MIO_EUR,7216.5,,2026-09-16T23:00:00+0200
2018,GF0905,Education not definable by level,2,GF09,PC_GDP,0.3,,2026-09-16T23:00:00+0200
2018,GF0906,Subsidiary services to education,2,GF09,MIO_EUR,14658,,2026-09-16T23:00:00+0200
2018,GF0906,Subsidiary services to education,2,GF09,PC_GDP,0.6,,2026-09-16T23:00:00+0200
2018,GF0907,R&D Education,2,GF09,MIO_EUR,10.7,,2026-09-16T23:00:00+0200
2018,GF0907,R&D Education,2,GF09,PC_GDP,0,,2026-09-16T23:00:00+0200
2018,GF0908,Education n.e.c.,2,GF09,MIO_EUR,595.3,,2026-09-16T23:00:00+0200
2018,GF0908,Education n.e.c.,2,GF09,PC_GDP,0,,2026-09-16T23:00:00+0200
2018,GF10,Social protection,1,TOTAL,MIO_EUR,566235.8,,2026-09-16T23:00:00+0200
2018,GF10,Social protection,1,TOTAL,PC_GDP,24,,2026-09-16T23:00:00+0200
2018,GF1001,Sickness and disability,2,GF10,MIO_EUR,65334.6,,2026-09-16T23:00:00+0200
2018,GF1001,Sickness and disability,2,GF10,PC_GDP,2.8,,2026-09-16T23:00:00+0200
2018,GF1002,Old age,2,GF10,MIO_EUR,317405.5,,2026-09-16T23:00:00+0200
2018,GF1002,Old age,2,GF10,PC_GDP,13.5,,2026-09-16T23:00:00+0200
2018,GF1003,Survivors,2,GF10,MIO_EUR,34957.9,,2026-09-16T23:00:00+0200
2018,GF1003,Survivors,2,GF10,PC_GDP,1.5,,2026-09-16T23:00:00+0200
2018,GF1004,Family and children,2,GF10,MIO_EUR,54900.3,,2026-09-16T23:00:00+0200
2018,GF1004,Family and children,2,GF10,PC_GDP,2.3,,2026-09-16T23:00:00+0200
2018,GF1005,Unemployment,2,GF10,MIO_EUR,44108,,2026-09-16T23:00:00+0200
2018,GF1005,Unemployment,2,GF10,PC_GDP,1.9,,2026-09-16T23:00:00+0200
2018,GF1006,Housing,2,GF10,MIO_EUR,20419.4,,2026-09-16T23:00:00+0200
2018,GF1006,Housing,2,GF10,PC_GDP,0.9,,2026-09-16T23:00:00+0200
2018,GF1007,Social exclusion n.e.c.,2,GF10,MIO_EUR,25149.3,,2026-09-16T23:00:00+0200
2018,GF1007,Social exclusion n.e.c.,2,GF10,PC_GDP,1.1,,2026-09-16T23:00:00+0200
2018,GF1008,R&D Social protection,2,GF10,MIO_EUR,0,,2026-09-16T23:00:00+0200
2018,GF1008,R&D Social protection,2,GF10,PC_GDP,0,,2026-09-16T23:00:00+0200
2018,GF1009,Social protection n.e.c.,2,GF10,MIO_EUR,3960.8,,2026-09-16T23:00:00+0200
2018,GF1009,Social protection n.e.c.,2,GF10,PC_GDP,0.2,,2026-09-16T23:00:00+0200
2018,TOTAL,Total,0,,MIO_EUR,1327632.6,,2026-09-16T23:00:00+0200
2018,TOTAL,Total,0,,PC_GDP,56.4,,2026-09-16T23:00:00+0200
2019,GF01,General public services,1,TOTAL,MIO_EUR,145857.8,,2026-09-16T23:00:00+0200
2019,GF01,General public services,1,TOTAL,PC_GDP,6,,2026-09-16T23:00:00+0200
2019,GF0101,"Executive and legislative organs, financial and fiscal affairs, external affairs",2,GF01,MIO_EUR,39364,,2026-09-16T23:00:00+0200
2019,GF0101,"Executive and legislative organs, financial and fiscal affairs, external affairs",2,GF01,PC_GDP,1.6,,2026-09-16T23:00:00+0200
2019,GF0102,Foreign economic aid,2,GF01,MIO_EUR,5721,,2026-09-16T23:00:00+0200
2019,GF0102,Foreign economic aid,2,GF01,PC_GDP,0.2,,2026-09-16T23:00:00+0200
2019,GF0103,General services,2,GF01,MIO_EUR,43142.6,,2026-09-16T23:00:00+0200
2019,GF0103,General services,2,GF01,PC_GDP,1.8,,2026-09-16T23:00:00+0200
2019,GF0104,Basic research,2,GF01,MIO_EUR,16927.7,,2026-09-16T23:00:00+0200
2019,GF0104,Basic research,2,GF01,PC_GDP,0.7,,2026-09-16T23:00:00+0200
2019,GF0105,R&D General public services,2,GF01,MIO_EUR,0.4,,2026-09-16T23:00:00+0200
2019,GF0105,R&D General public services,2,GF01,PC_GDP,0,,2026-09-16T23:00:00+0200
2019,GF0106,General public services n.e.c.,2,GF01,MIO_EUR,674.6,,2026-09-16T23:00:00+0200
2019,GF0106,General public services n.e.c.,2,GF01,PC_GDP,0,,2026-09-16T23:00:00+0200
2019,GF0107,Public debt transactions,2,GF01,MIO_EUR,40027.5,,2026-09-16T23:00:00+0200
2019,GF0107,Public debt transactions,2,GF01,PC_GDP,1.6,,2026-09-16T23:00:00+0200
2019,GF0108,Transfers of a general character between different levels of government,2,GF01,MIO_EUR,0.1,,2026-09-16T23:00:00+0200
2019,GF0108,Transfers of a general character between different levels of government,2,GF01,PC_GDP,0,,2026-09-16T23:00:00+0200
2019,GF02,Defence,1,TOTAL,MIO_EUR,41887.6,,2026-09-16T23:00:00+0200
2019,GF02,Defence,1,TOTAL,PC_GDP,1.7,,2026-09-16T23:00:00+0200
2019,GF0201,Military defence,2,GF02,MIO_EUR,35427.4,,2026-09-16T23:00:00+0200
2019,GF0201,Military defence,2,GF02,PC_GDP,1.5,,2026-09-16T23:00:00+0200
2019,GF0202,Civil defence,2,GF02,MIO_EUR,232.5,,2026-09-16T23:00:00+0200
2019,GF0202,Civil defence,2,GF02,PC_GDP,0,,2026-09-16T23:00:00+0200
2019,GF0203,Foreign military aid,2,GF02,MIO_EUR,1888.9,,2026-09-16T23:00:00+0200
2019,GF0203,Foreign military aid,2,GF02,PC_GDP,0.1,,2026-09-16T23:00:00+0200
2019,GF0204,R&D Defence,2,GF02,MIO_EUR,1399.3,,2026-09-16T23:00:00+0200
2019,GF0204,R&D Defence,2,GF02,PC_GDP,0.1,,2026-09-16T23:00:00+0200
2019,GF0205,Defence n.e.c.,2,GF02,MIO_EUR,2939.6,,2026-09-16T23:00:00+0200
2019,GF0205,Defence n.e.c.,2,GF02,PC_GDP,0.1,,2026-09-16T23:00:00+0200
2019,GF03,Public order and safety,1,TOTAL,MIO_EUR,40211.1,,2026-09-16T23:00:00+0200
2019,GF03,Public order and safety,1,TOTAL,PC_GDP,1.7,,2026-09-16T23:00:00+0200
2019,GF0301,Police services,2,GF03,MIO_EUR,22721.2,,2026-09-16T23:00:00+0200
2019,GF0301,Police services,2,GF03,PC_GDP,0.9,,2026-09-16T23:00:00+0200
2019,GF0302,Fire-protection services,2,GF03,MIO_EUR,6399.4,,2026-09-16T23:00:00+0200
2019,GF0302,Fire-protection services,2,GF03,PC_GDP,0.3,,2026-09-16T23:00:00+0200
2019,GF0303,Law courts,2,GF03,MIO_EUR,6288.7,,2026-09-16T23:00:00+0200
2019,GF0303,Law courts,2,GF03,PC_GDP,0.3,,2026-09-16T23:00:00+0200
2019,GF0304,Prisons,2,GF03,MIO_EUR,3769,,2026-09-16T23:00:00+0200
2019,GF0304,Prisons,2,GF03,PC_GDP,0.2,,2026-09-16T23:00:00+0200
2019,GF0305,R&D Public order and safety,2,GF03,MIO_EUR,15.5,,2026-09-16T23:00:00+0200
2019,GF0305,R&D Public order and safety,2,GF03,PC_GDP,0,,2026-09-16T23:00:00+0200
2019,GF0306,Public order and safety n.e.c.,2,GF03,MIO_EUR,1017.3,,2026-09-16T23:00:00+0200
2019,GF0306,Public order and safety n.e.c.,2,GF03,PC_GDP,0,,2026-09-16T23:00:00+0200
2019,GF04,Economic affairs,1,TOTAL,MIO_EUR,129805.5,,2026-09-16T23:00:00+0200
2019,GF04,Economic affairs,1,TOTAL,PC_GDP,5.3,,2026-09-16T23:00:00+0200
2019,GF0401,"General economic, commercial and labour affairs",2,GF04,MIO_EUR,27154.4,,2026-09-16T23:00:00+0200
2019,GF0401,"General economic, commercial and labour affairs",2,GF04,PC_GDP,1.1,,2026-09-16T23:00:00+0200
2019,GF0402,"Agriculture, forestry, fishing and hunting",2,GF04,MIO_EUR,5116.1,,2026-09-16T23:00:00+0200
2019,GF0402,"Agriculture, forestry, fishing and hunting",2,GF04,PC_GDP,0.2,,2026-09-16T23:00:00+0200
2019,GF0403,Fuel and energy,2,GF04,MIO_EUR,11038.1,,2026-09-16T23:00:00+0200
2019,GF0403,Fuel and energy,2,GF04,PC_GDP,0.5,,2026-09-16T23:00:00+0200
2019,GF0404,"Mining, manufacturing and construction",2,GF04,MIO_EUR,465.6,,2026-09-16T23:00:00+0200
2019,GF0404,"Mining, manufacturing and construction",2,GF04,PC_GDP,0,,2026-09-16T23:00:00+0200
2019,GF0405,Transport,2,GF04,MIO_EUR,57257.9,,2026-09-16T23:00:00+0200
2019,GF0405,Transport,2,GF04,PC_GDP,2.4,,2026-09-16T23:00:00+0200
2019,GF0406,Communication,2,GF04,MIO_EUR,552.3,,2026-09-16T23:00:00+0200
2019,GF0406,Communication,2,GF04,PC_GDP,0,,2026-09-16T23:00:00+0200
2019,GF0407,Other industries,2,GF04,MIO_EUR,9064.9,,2026-09-16T23:00:00+0200
2019,GF0407,Other industries,2,GF04,PC_GDP,0.4,,2026-09-16T23:00:00+0200
2019,GF0408,R&D Economic affairs,2,GF04,MIO_EUR,17289.9,,2026-09-16T23:00:00+0200
2019,GF0408,R&D Economic affairs,2,GF04,PC_GDP,0.7,,2026-09-16T23:00:00+0200
2019,GF0409,Economic affairs n.e.c.,2,GF04,MIO_EUR,1866.2,,2026-09-16T23:00:00+0200
2019,GF0409,Economic affairs n.e.c.,2,GF04,PC_GDP,0.1,,2026-09-16T23:00:00+0200
2019,GF05,Environmental protection,1,TOTAL,MIO_EUR,23011.5,,2026-09-16T23:00:00+0200
2019,GF05,Environmental protection,1,TOTAL,PC_GDP,0.9,,2026-09-16T23:00:00+0200
2019,GF0501,Waste management,2,GF05,MIO_EUR,12033.9,,2026-09-16T23:00:00+0200
2019,GF0501,Waste management,2,GF05,PC_GDP,0.5,,2026-09-16T23:00:00+0200
2019,GF0502,Waste water management,2,GF05,MIO_EUR,4420.4,,2026-09-16T23:00:00+0200
2019,GF0502,Waste water management,2,GF05,PC_GDP,0.2,,2026-09-16T23:00:00+0200
2019,GF0503,Pollution abatement,2,GF05,MIO_EUR,2452.9,,2026-09-16T23:00:00+0200
2019,GF0503,Pollution abatement,2,GF05,PC_GDP,0.1,,2026-09-16T23:00:00+0200
2019,GF0504,Protection of biodiversity and landscape,2,GF05,MIO_EUR,1727.8,,2026-09-16T23:00:00+0200
2019,GF0504,Protection of biodiversity and landscape,2,GF05,PC_GDP,0.1,,2026-09-16T23:00:00+0200
2019,GF0505,R&D Environmental protection,2,GF05,MIO_EUR,853.4,,2026-09-16T23:00:00+0200
2019,GF0505,R&D Environmental protection,2,GF05,PC_GDP,0,,2026-09-16T23:00:00+0200
2019,GF0506,Environmental protection n.e.c.,2,GF05,MIO_EUR,1523.1,,2026-09-16T23:00:00+0200
2019,GF0506,Environmental protection n.e.c.,2,GF05,PC_GDP,0.1,,2026-09-16T23:00:00+0200
2019,GF06,Housing and community amenities,1,TOTAL,MIO_EUR,26978.1,,2026-09-16T23:00:00+0200
2019,GF06,Housing and community amenities,1,TOTAL,PC_GDP,1.1,,2026-09-16T23:00:00+0200
2019,GF0601,Housing development,2,GF06,MIO_EUR,7100.1,,2026-09-16T23:00:00+0200
2019,GF0601,Housing development,2,GF06,PC_GDP,0.3,,2026-09-16T23:00:00+0200
2019,GF0602,Community development,2,GF06,MIO_EUR,15294.6,,2026-09-16T23:00:00+0200
2019,GF0602,Community development,2,GF06,PC_GDP,0.6,,2026-09-16T23:00:00+0200
2019,GF0603,Water supply,2,GF06,MIO_EUR,2630.9,,2026-09-16T23:00:00+0200
2019,GF0603,Water supply,2,GF06,PC_GDP,0.1,,2026-09-16T23:00:00+0200
2019,GF0604,Street lighting,2,GF06,MIO_EUR,1537.5,,2026-09-16T23:00:00+0200
2019,GF0604,Street lighting,2,GF06,PC_GDP,0.1,,2026-09-16T23:00:00+0200
2019,GF0605,R&D Housing and community amenities,2,GF06,MIO_EUR,0,,2026-09-16T23:00:00+0200
2019,GF0605,R&D Housing and community amenities,2,GF06,PC_GDP,0,,2026-09-16T23:00:00+0200
2019,GF0606,Housing and community amenities n.e.c.,2,GF06,MIO_EUR,415,,2026-09-16T23:00:00+0200
2019,GF0606,Housing and community amenities n.e.c.,2,GF06,PC_GDP,0,,2026-09-16T23:00:00+0200
2019,GF07,Health,1,TOTAL,MIO_EUR,198147.3,,2026-09-16T23:00:00+0200
2019,GF07,Health,1,TOTAL,PC_GDP,8.1,,2026-09-16T23:00:00+0200
2019,GF0701,"Medical products, appliances and equipment",2,GF07,MIO_EUR,34640.7,,2026-09-16T23:00:00+0200
2019,GF0701,"Medical products, appliances and equipment",2,GF07,PC_GDP,1.4,,2026-09-16T23:00:00+0200
2019,GF0702,Outpatient services,2,GF07,MIO_EUR,71891.3,,2026-09-16T23:00:00+0200
2019,GF0702,Outpatient services,2,GF07,PC_GDP,3,,2026-09-16T23:00:00+0200
2019,GF0703,Hospital services,2,GF07,MIO_EUR,79825.3,,2026-09-16T23:00:00+0200
2019,GF0703,Hospital services,2,GF07,PC_GDP,3.3,,2026-09-16T23:00:00+0200
2019,GF0704,Public health services,2,GF07,MIO_EUR,5436.2,,2026-09-16T23:00:00+0200
2019,GF0704,Public health services,2,GF07,PC_GDP,0.2,,2026-09-16T23:00:00+0200
2019,GF0705,R&D Health,2,GF07,MIO_EUR,5304.1,,2026-09-16T23:00:00+0200
2019,GF0705,R&D Health,2,GF07,PC_GDP,0.2,,2026-09-16T23:00:00+0200
2019,GF0706,Health n.e.c.,2,GF07,MIO_EUR,1049.7,,2026-09-16T23:00:00+0200
2019,GF0706,Health n.e.c.,2,GF07,PC_GDP,0,,2026-09-16T23:00:00+0200
2019,GF08,"Recreation, culture and religion",1,TOTAL,MIO_EUR,35443.3,,2026-09-16T23:00:00+0200
2019,GF08,"Recreation, culture and religion",1,TOTAL,PC_GDP,1.5,,2026-09-16T23:00:00+0200
2019,GF0801,Recreational and sporting services,2,GF08,MIO_EUR,13525.1,,2026-09-16T23:00:00+0200
2019,GF0801,Recreational and sporting services,2,GF08,PC_GDP,0.6,,2026-09-16T23:00:00+0200
2019,GF0802,Cultural services,2,GF08,MIO_EUR,15440.5,,2026-09-16T23:00:00+0200
2019,GF0802,Cultural services,2,GF08,PC_GDP,0.6,,2026-09-16T23:00:00+0200
2019,GF0803,Broadcasting and publishing services,2,GF08,MIO_EUR,5899.9,,2026-09-16T23:00:00+0200
2019,GF0803,Broadcasting and publishing services,2,GF08,PC_GDP,0.2,,2026-09-16T23:00:00+0200
2019,GF0804,Religious and other community services,2,GF08,MIO_EUR,495,,2026-09-16T23:00:00+0200
2019,GF0804,Religious and other community services,2,GF08,PC_GDP,0,,2026-09-16T23:00:00+0200
2019,GF0805,"R&D Recreation, culture and religion",2,GF08,MIO_EUR,0,,2026-09-16T23:00:00+0200
2019,GF0805,"R&D Recreation, culture and religion",2,GF08,PC_GDP,0,,2026-09-16T23:00:00+0200
2019,GF0806,"Recreation, culture and religion n.e.c.",2,GF08,MIO_EUR,82.9,,2026-09-16T23:00:00+0200
2019,GF0806,"Recreation, culture and religion n.e.c.",2,GF08,PC_GDP,0,,2026-09-16T23:00:00+0200
2019,GF09,Education,1,TOTAL,MIO_EUR,122429.5,,2026-09-16T23:00:00+0200
2019,GF09,Education,1,TOTAL,PC_GDP,5,,2026-09-16T23:00:00+0200
2019,GF0901,Pre-primary and primary education,2,GF09,MIO_EUR,33834.8,,2026-09-16T23:00:00+0200
2019,GF0901,Pre-primary and primary education,2,GF09,PC_GDP,1.4,,2026-09-16T23:00:00+0200
2019,GF0902,Secondary education,2,GF09,MIO_EUR,53793.8,,2026-09-16T23:00:00+0200
2019,GF0902,Secondary education,2,GF09,PC_GDP,2.2,,2026-09-16T23:00:00+0200
2019,GF0903,Post-secondary non-tertiary education,2,GF09,MIO_EUR,1038.1,,2026-09-16T23:00:00+0200
2019,GF0903,Post-secondary non-tertiary education,2,GF09,PC_GDP,0,,2026-09-16T23:00:00+0200
2019,GF0904,Tertiary education,2,GF09,MIO_EUR,11030.6,,2026-09-16T23:00:00+0200
2019,GF0904,Tertiary education,2,GF09,PC_GDP,0.5,,2026-09-16T23:00:00+0200
2019,GF0905,Education not definable by level,2,GF09,MIO_EUR,6941.6,,2026-09-16T23:00:00+0200
2019,GF0905,Education not definable by level,2,GF09,PC_GDP,0.3,,2026-09-16T23:00:00+0200
2019,GF0906,Subsidiary services to education,2,GF09,MIO_EUR,15191.4,,2026-09-16T23:00:00+0200
2019,GF0906,Subsidiary services to education,2,GF09,PC_GDP,0.6,,2026-09-16T23:00:00+0200
2019,GF0907,R&D Education,2,GF09,MIO_EUR,9.5,,2026-09-16T23:00:00+0200
2019,GF0907,R&D Education,2,GF09,PC_GDP,0,,2026-09-16T23:00:00+0200
2019,GF0908,Education n.e.c.,2,GF09,MIO_EUR,589.6,,2026-09-16T23:00:00+0200
2019,GF0908,Education n.e.c.,2,GF09,PC_GDP,0,,2026-09-16T23:00:00+0200
2019,GF10,Social protection,1,TOTAL,MIO_EUR,582386.2,,2026-09-16T23:00:00+0200
2019,GF10,Social protection,1,TOTAL,PC_GDP,23.9,,2026-09-16T23:00:00+0200
2019,GF1001,Sickness and disability,2,GF10,MIO_EUR,67575.8,,2026-09-16T23:00:00+0200
2019,GF1001,Sickness and disability,2,GF10,PC_GDP,2.8,,2026-09-16T23:00:00+0200
2019,GF1002,Old age,2,GF10,MIO_EUR,324805.7,,2026-09-16T23:00:00+0200
2019,GF1002,Old age,2,GF10,PC_GDP,13.4,,2026-09-16T23:00:00+0200
2019,GF1003,Survivors,2,GF10,MIO_EUR,35415.8,,2026-09-16T23:00:00+0200
2019,GF1003,Survivors,2,GF10,PC_GDP,1.5,,2026-09-16T23:00:00+0200
2019,GF1004,Family and children,2,GF10,MIO_EUR,55363,,2026-09-16T23:00:00+0200
2019,GF1004,Family and children,2,GF10,PC_GDP,2.3,,2026-09-16T23:00:00+0200
2019,GF1005,Unemployment,2,GF10,MIO_EUR,44881.4,,2026-09-16T23:00:00+0200
2019,GF1005,Unemployment,2,GF10,PC_GDP,1.8,,2026-09-16T23:00:00+0200
2019,GF1006,Housing,2,GF10,MIO_EUR,20277.1,,2026-09-16T23:00:00+0200
2019,GF1006,Housing,2,GF10,PC_GDP,0.8,,2026-09-16T23:00:00+0200
2019,GF1007,Social exclusion n.e.c.,2,GF10,MIO_EUR,30057.5,,2026-09-16T23:00:00+0200
2019,GF1007,Social exclusion n.e.c.,2,GF10,PC_GDP,1.2,,2026-09-16T23:00:00+0200
2019,GF1008,R&D Social protection,2,GF10,MIO_EUR,0,,2026-09-16T23:00:00+0200
2019,GF1008,R&D Social protection,2,GF10,PC_GDP,0,,2026-09-16T23:00:00+0200
2019,GF1009,Social protection n.e.c.,2,GF10,MIO_EUR,4009.9,,2026-09-16T23:00:00+0200
2019,GF1009,Social protection n.e.c.,2,GF10,PC_GDP,0.2,,2026-09-16T23:00:00+0200
2019,TOTAL,Total,0,,MIO_EUR,1346157.9,,2026-09-16T23:00:00+0200
2019,TOTAL,Total,0,,PC_GDP,55.3,,2026-09-16T23:00:00+0200
2020,GF01,General public services,1,TOTAL,MIO_EUR,140897.9,,2026-09-16T23:00:00+0200
2020,GF01,General public services,1,TOTAL,PC_GDP,6.1,,2026-09-16T23:00:00+0200
2020,GF0101,"Executive and legislative organs, financial and fiscal affairs, external affairs",2,GF01,MIO_EUR,43463.1,,2026-09-16T23:00:00+0200
2020,GF0101,"Executive and legislative organs, financial and fiscal affairs, external affairs",2,GF01,PC_GDP,1.9,,2026-09-16T23:00:00+0200
2020,GF0102,Foreign economic aid,2,GF01,MIO_EUR,4374.1,,2026-09-16T23:00:00+0200
2020,GF0102,Foreign economic aid,2,GF01,PC_GDP,0.2,,2026-09-16T23:00:00+0200
2020,GF0103,General services,2,GF01,MIO_EUR,43288.4,,2026-09-16T23:00:00+0200
2020,GF0103,General services,2,GF01,PC_GDP,1.9,,2026-09-16T23:00:00+0200
2020,GF0104,Basic research,2,GF01,MIO_EUR,16222,,2026-09-16T23:00:00+0200
2020,GF0104,Basic research,2,GF01,PC_GDP,0.7,,2026-09-16T23:00:00+0200
2020,GF0105,R&D General public services,2,GF01,MIO_EUR,2.5,,2026-09-16T23:00:00+0200
2020,GF0105,R&D General public services,2,GF01,PC_GDP,0,,2026-09-16T23:00:00+0200
2020,GF0106,General public services n.e.c.,2,GF01,MIO_EUR,635.1,,2026-09-16T23:00:00+0200
2020,GF0106,General public services n.e.c.,2,GF01,PC_GDP,0,,2026-09-16T23:00:00+0200
2020,GF0107,Public debt transactions,2,GF01,MIO_EUR,32912.6,,2026-09-16T23:00:00+0200
2020,GF0107,Public debt transactions,2,GF01,PC_GDP,1.4,,2026-09-16T23:00:00+0200
2020,GF0108,Transfers of a general character between different levels of government,2,GF01,MIO_EUR,0.1,,2026-09-16T23:00:00+0200
2020,GF0108,Transfers of a general character between different levels of government,2,GF01,PC_GDP,0,,2026-09-16T23:00:00+0200
2020,GF02,Defence,1,TOTAL,MIO_EUR,43283.3,,2026-09-16T23:00:00+0200
2020,GF02,Defence,1,TOTAL,PC_GDP,1.9,,2026-09-16T23:00:00+0200
2020,GF0201,Military defence,2,GF02,MIO_EUR,37578.2,,2026-09-16T23:00:00+0200
2020,GF0201,Military defence,2,GF02,PC_GDP,1.6,,2026-09-16T23:00:00+0200
2020,GF0202,Civil defence,2,GF02,MIO_EUR,201.2,,2026-09-16T23:00:00+0200
2020,GF0202,Civil defence,2,GF02,PC_GDP,0,,2026-09-16T23:00:00+0200
2020,GF0203,Foreign military aid,2,GF02,MIO_EUR,2031.9,,2026-09-16T23:00:00+0200
2020,GF0203,Foreign military aid,2,GF02,PC_GDP,0.1,,2026-09-16T23:00:00+0200
2020,GF0204,R&D Defence,2,GF02,MIO_EUR,1416.8,,2026-09-16T23:00:00+0200
2020,GF0204,R&D Defence,2,GF02,PC_GDP,0.1,,2026-09-16T23:00:00+0200
2020,GF0205,Defence n.e.c.,2,GF02,MIO_EUR,2055.3,,2026-09-16T23:00:00+0200
2020,GF0205,Defence n.e.c.,2,GF02,PC_GDP,0.1,,2026-09-16T23:00:00+0200
2020,GF03,Public order and safety,1,TOTAL,MIO_EUR,41220.2,,2026-09-16T23:00:00+0200
2020,GF03,Public order and safety,1,TOTAL,PC_GDP,1.8,,2026-09-16T23:00:00+0200
2020,GF0301,Police services,2,GF03,MIO_EUR,22865.3,,2026-09-16T23:00:00+0200
2020,GF0301,Police services,2,GF03,PC_GDP,1,,2026-09-16T23:00:00+0200
2020,GF0302,Fire-protection services,2,GF03,MIO_EUR,6532.6,,2026-09-16T23:00:00+0200
2020,GF0302,Fire-protection services,2,GF03,PC_GDP,0.3,,2026-09-16T23:00:00+0200
2020,GF0303,Law courts,2,GF03,MIO_EUR,6363,,2026-09-16T23:00:00+0200
2020,GF0303,Law courts,2,GF03,PC_GDP,0.3,,2026-09-16T23:00:00+0200
2020,GF0304,Prisons,2,GF03,MIO_EUR,3933.1,,2026-09-16T23:00:00+0200
2020,GF0304,Prisons,2,GF03,PC_GDP,0.2,,2026-09-16T23:00:00+0200
2020,GF0305,R&D Public order and safety,2,GF03,MIO_EUR,11.7,,2026-09-16T23:00:00+0200
2020,GF0305,R&D Public order and safety,2,GF03,PC_GDP,0,,2026-09-16T23:00:00+0200
2020,GF0306,Public order and safety n.e.c.,2,GF03,MIO_EUR,1514.5,,2026-09-16T23:00:00+0200
2020,GF0306,Public order and safety n.e.c.,2,GF03,PC_GDP,0.1,,2026-09-16T23:00:00+0200
2020,GF04,Economic affairs,1,TOTAL,MIO_EUR,162270.1,,2026-09-16T23:00:00+0200
2020,GF04,Economic affairs,1,TOTAL,PC_GDP,7,,2026-09-16T23:00:00+0200
2020,GF0401,"General economic, commercial and labour affairs",2,GF04,MIO_EUR,55783,,2026-09-16T23:00:00+0200
2020,GF0401,"General economic, commercial and labour affairs",2,GF04,PC_GDP,2.4,,2026-09-16T23:00:00+0200
2020,GF0402,"Agriculture, forestry, fishing and hunting",2,GF04,MIO_EUR,5098,,2026-09-16T23:00:00+0200
2020,GF0402,"Agriculture, forestry, fishing and hunting",2,GF04,PC_GDP,0.2,,2026-09-16T23:00:00+0200
2020,GF0403,Fuel and energy,2,GF04,MIO_EUR,12457.5,,2026-09-16T23:00:00+0200
2020,GF0403,Fuel and energy,2,GF04,PC_GDP,0.5,,2026-09-16T23:00:00+0200
2020,GF0404,"Mining, manufacturing and construction",2,GF04,MIO_EUR,775.6,,2026-09-16T23:00:00+0200
2020,GF0404,"Mining, manufacturing and construction",2,GF04,PC_GDP,0,,2026-09-16T23:00:00+0200
2020,GF0405,Transport,2,GF04,MIO_EUR,57739.6,,2026-09-16T23:00:00+0200
2020,GF0405,Transport,2,GF04,PC_GDP,2.5,,2026-09-16T23:00:00+0200
2020,GF0406,Communication,2,GF04,MIO_EUR,673.7,,2026-09-16T23:00:00+0200
2020,GF0406,Communication,2,GF04,PC_GDP,0,,2026-09-16T23:00:00+0200
2020,GF0407,Other industries,2,GF04,MIO_EUR,9478.5,,2026-09-16T23:00:00+0200
2020,GF0407,Other industries,2,GF04,PC_GDP,0.4,,2026-09-16T23:00:00+0200
2020,GF0408,R&D Economic affairs,2,GF04,MIO_EUR,18183.5,,2026-09-16T23:00:00+0200
2020,GF0408,R&D Economic affairs,2,GF04,PC_GDP,0.8,,2026-09-16T23:00:00+0200
2020,GF0409,Economic affairs n.e.c.,2,GF04,MIO_EUR,2080.9,,2026-09-16T23:00:00+0200
2020,GF0409,Economic affairs n.e.c.,2,GF04,PC_GDP,0.1,,2026-09-16T23:00:00+0200
2020,GF05,Environmental protection,1,TOTAL,MIO_EUR,22747.4,,2026-09-16T23:00:00+0200
2020,GF05,Environmental protection,1,TOTAL,PC_GDP,1,,2026-09-16T23:00:00+0200
2020,GF0501,Waste management,2,GF05,MIO_EUR,11978.6,,2026-09-16T23:00:00+0200
2020,GF0501,Waste management,2,GF05,PC_GDP,0.5,,2026-09-16T23:00:00+0200
2020,GF0502,Waste water management,2,GF05,MIO_EUR,4116.6,,2026-09-16T23:00:00+0200
2020,GF0502,Waste water management,2,GF05,PC_GDP,0.2,,2026-09-16T23:00:00+0200
2020,GF0503,Pollution abatement,2,GF05,MIO_EUR,2618.7,,2026-09-16T23:00:00+0200
2020,GF0503,Pollution abatement,2,GF05,PC_GDP,0.1,,2026-09-16T23:00:00+0200
2020,GF0504,Protection of biodiversity and landscape,2,GF05,MIO_EUR,1755.4,,2026-09-16T23:00:00+0200
2020,GF0504,Protection of biodiversity and landscape,2,GF05,PC_GDP,0.1,,2026-09-16T23:00:00+0200
2020,GF0505,R&D Environmental protection,2,GF05,MIO_EUR,750.7,,2026-09-16T23:00:00+0200
2020,GF0505,R&D Environmental protection,2,GF05,PC_GDP,0,,2026-09-16T23:00:00+0200
2020,GF0506,Environmental protection n.e.c.,2,GF05,MIO_EUR,1527.6,,2026-09-16T23:00:00+0200
2020,GF0506,Environmental protection n.e.c.,2,GF05,PC_GDP,0.1,,2026-09-16T23:00:00+0200
2020,GF06,Housing and community amenities,1,TOTAL,MIO_EUR,26561.6,,2026-09-16T23:00:00+0200
2020,GF06,Housing and community amenities,1,TOTAL,PC_GDP,1.1,,2026-09-16T23:00:00+0200
2020,GF0601,Housing development,2,GF06,MIO_EUR,8133.3,,2026-09-16T23:00:00+0200
2020,GF0601,Housing development,2,GF06,PC_GDP,0.4,,2026-09-16T23:00:00+0200
2020,GF0602,Community development,2,GF06,MIO_EUR,14052.1,,2026-09-16T23:00:00+0200
2020,GF0602,Community development,2,GF06,PC_GDP,0.6,,2026-09-16T23:00:00+0200
2020,GF0603,Water supply,2,GF06,MIO_EUR,2477.7,,2026-09-16T23:00:00+0200
2020,GF0603,Water supply,2,GF06,PC_GDP,0.1,,2026-09-16T23:00:00+0200
2020,GF0604,Street lighting,2,GF06,MIO_EUR,1473.3,,2026-09-16T23:00:00+0200
2020,GF0604,Street lighting,2,GF06,PC_GDP,0.1,,2026-09-16T23:00:00+0200
2020,GF0605,R&D Housing and community amenities,2,GF06,MIO_EUR,0,,2026-09-16T23:00:00+0200
2020,GF0605,R&D Housing and community amenities,2,GF06,PC_GDP,0,,2026-09-16T23:00:00+0200
2020,GF0606,Housing and community amenities n.e.c.,2,GF06,MIO_EUR,425.2,,2026-09-16T23:00:00+0200
2020,GF0606,Housing and community amenities n.e.c.,2,GF06,PC_GDP,0,,2026-09-16T23:00:00+0200
2020,GF07,Health,1,TOTAL,MIO_EUR,208023.6,,2026-09-16T23:00:00+0200
2020,GF07,Health,1,TOTAL,PC_GDP,9,,2026-09-16T23:00:00+0200
2020,GF0701,"Medical products, appliances and equipment",2,GF07,MIO_EUR,34561.1,,2026-09-16T23:00:00+0200
2020,GF0701,"Medical products, appliances and equipment",2,GF07,PC_GDP,1.5,,2026-09-16T23:00:00+0200
2020,GF0702,Outpatient services,2,GF07,MIO_EUR,70803.8,,2026-09-16T23:00:00+0200
2020,GF0702,Outpatient services,2,GF07,PC_GDP,3.1,,2026-09-16T23:00:00+0200
2020,GF0703,Hospital services,2,GF07,MIO_EUR,83705.5,,2026-09-16T23:00:00+0200
2020,GF0703,Hospital services,2,GF07,PC_GDP,3.6,,2026-09-16T23:00:00+0200
2020,GF0704,Public health services,2,GF07,MIO_EUR,12310.3,,2026-09-16T23:00:00+0200
2020,GF0704,Public health services,2,GF07,PC_GDP,0.5,,2026-09-16T23:00:00+0200
2020,GF0705,R&D Health,2,GF07,MIO_EUR,5304.1,,2026-09-16T23:00:00+0200
2020,GF0705,R&D Health,2,GF07,PC_GDP,0.2,,2026-09-16T23:00:00+0200
2020,GF0706,Health n.e.c.,2,GF07,MIO_EUR,1339,,2026-09-16T23:00:00+0200
2020,GF0706,Health n.e.c.,2,GF07,PC_GDP,0.1,,2026-09-16T23:00:00+0200
2020,GF08,"Recreation, culture and religion",1,TOTAL,MIO_EUR,33879.1,,2026-09-16T23:00:00+0200
2020,GF08,"Recreation, culture and religion",1,TOTAL,PC_GDP,1.5,,2026-09-16T23:00:00+0200
2020,GF0801,Recreational and sporting services,2,GF08,MIO_EUR,12680.6,,2026-09-16T23:00:00+0200
2020,GF0801,Recreational and sporting services,2,GF08,PC_GDP,0.5,,2026-09-16T23:00:00+0200
2020,GF0802,Cultural services,2,GF08,MIO_EUR,14816,,2026-09-16T23:00:00+0200
2020,GF0802,Cultural services,2,GF08,PC_GDP,0.6,,2026-09-16T23:00:00+0200
2020,GF0803,Broadcasting and publishing services,2,GF08,MIO_EUR,5865.7,,2026-09-16T23:00:00+0200
2020,GF0803,Broadcasting and publishing services,2,GF08,PC_GDP,0.3,,2026-09-16T23:00:00+0200
2020,GF0804,Religious and other community services,2,GF08,MIO_EUR,462.5,,2026-09-16T23:00:00+0200
2020,GF0804,Religious and other community services,2,GF08,PC_GDP,0,,2026-09-16T23:00:00+0200
2020,GF0805,"R&D Recreation, culture and religion",2,GF08,MIO_EUR,0,,2026-09-16T23:00:00+0200
2020,GF0805,"R&D Recreation, culture and religion",2,GF08,PC_GDP,0,,2026-09-16T23:00:00+0200
2020,GF0806,"Recreation, culture and religion n.e.c.",2,GF08,MIO_EUR,54.4,,2026-09-16T23:00:00+0200
2020,GF0806,"Recreation, culture and religion n.e.c.",2,GF08,PC_GDP,0,,2026-09-16T23:00:00+0200
2020,GF09,Education,1,TOTAL,MIO_EUR,120102.1,,2026-09-16T23:00:00+0200
2020,GF09,Education,1,TOTAL,PC_GDP,5.2,,2026-09-16T23:00:00+0200
2020,GF0901,Pre-primary and primary education,2,GF09,MIO_EUR,33713.7,,2026-09-16T23:00:00+0200
2020,GF0901,Pre-primary and primary education,2,GF09,PC_GDP,1.5,,2026-09-16T23:00:00+0200
2020,GF0902,Secondary education,2,GF09,MIO_EUR,53478,,2026-09-16T23:00:00+0200
2020,GF0902,Secondary education,2,GF09,PC_GDP,2.3,,2026-09-16T23:00:00+0200
2020,GF0903,Post-secondary non-tertiary education,2,GF09,MIO_EUR,798.3,,2026-09-16T23:00:00+0200
2020,GF0903,Post-secondary non-tertiary education,2,GF09,PC_GDP,0,,2026-09-16T23:00:00+0200
2020,GF0904,Tertiary education,2,GF09,MIO_EUR,10583.6,,2026-09-16T23:00:00+0200
2020,GF0904,Tertiary education,2,GF09,PC_GDP,0.5,,2026-09-16T23:00:00+0200
2020,GF0905,Education not definable by level,2,GF09,MIO_EUR,6431.7,,2026-09-16T23:00:00+0200
2020,GF0905,Education not definable by level,2,GF09,PC_GDP,0.3,,2026-09-16T23:00:00+0200
2020,GF0906,Subsidiary services to education,2,GF09,MIO_EUR,14496.1,,2026-09-16T23:00:00+0200
2020,GF0906,Subsidiary services to education,2,GF09,PC_GDP,0.6,,2026-09-16T23:00:00+0200
2020,GF0907,R&D Education,2,GF09,MIO_EUR,6.4,,2026-09-16T23:00:00+0200
2020,GF0907,R&D Education,2,GF09,PC_GDP,0,,2026-09-16T23:00:00+0200
2020,GF0908,Education n.e.c.,2,GF09,MIO_EUR,594.2,,2026-09-16T23:00:00+0200
2020,GF0908,Education n.e.c.,2,GF09,PC_GDP,0,,2026-09-16T23:00:00+0200
2020,GF10,Social protection,1,TOTAL,MIO_EUR,631373.4,,2026-09-16T23:00:00+0200
2020,GF10,Social protection,1,TOTAL,PC_GDP,27.2,,2026-09-16T23:00:00+0200
2020,GF1001,Sickness and disability,2,GF10,MIO_EUR,71819.8,,2026-09-16T23:00:00+0200
2020,GF1001,Sickness and disability,2,GF10,PC_GDP,3.1,,2026-09-16T23:00:00+0200
2020,GF1002,Old age,2,GF10,MIO_EUR,332305.1,,2026-09-16T23:00:00+0200
2020,GF1002,Old age,2,GF10,PC_GDP,14.3,,2026-09-16T23:00:00+0200
2020,GF1003,Survivors,2,GF10,MIO_EUR,35749.5,,2026-09-16T23:00:00+0200
2020,GF1003,Survivors,2,GF10,PC_GDP,1.5,,2026-09-16T23:00:00+0200
2020,GF1004,Family and children,2,GF10,MIO_EUR,56118.6,,2026-09-16T23:00:00+0200
2020,GF1004,Family and children,2,GF10,PC_GDP,2.4,,2026-09-16T23:00:00+0200
2020,GF1005,Unemployment,2,GF10,MIO_EUR,75085.9,,2026-09-16T23:00:00+0200
2020,GF1005,Unemployment,2,GF10,PC_GDP,3.2,,2026-09-16T23:00:00+0200
2020,GF1006,Housing,2,GF10,MIO_EUR,21013.6,,2026-09-16T23:00:00+0200
2020,GF1006,Housing,2,GF10,PC_GDP,0.9,,2026-09-16T23:00:00+0200
2020,GF1007,Social exclusion n.e.c.,2,GF10,MIO_EUR,35243.4,,2026-09-16T23:00:00+0200
2020,GF1007,Social exclusion n.e.c.,2,GF10,PC_GDP,1.5,,2026-09-16T23:00:00+0200
2020,GF1008,R&D Social protection,2,GF10,MIO_EUR,0,,2026-09-16T23:00:00+0200
2020,GF1008,R&D Social protection,2,GF10,PC_GDP,0,,2026-09-16T23:00:00+0200
2020,GF1009,Social protection n.e.c.,2,GF10,MIO_EUR,4037.5,,2026-09-16T23:00:00+0200
2020,GF1009,Social protection n.e.c.,2,GF10,PC_GDP,0.2,,2026-09-16T23:00:00+0200
2020,TOTAL,Total,0,,MIO_EUR,1430358.8,,2026-09-16T23:00:00+0200
2020,TOTAL,Total,0,,PC_GDP,61.7,,2026-09-16T23:00:00+0200
2021,GF01,General public services,1,TOTAL,MIO_EUR,152710.7,,2026-09-16T23:00:00+0200
2021,GF01,General public services,1,TOTAL,PC_GDP,6.1,,2026-09-16T23:00:00+0200
2021,GF0101,"Executive and legislative organs, financial and fiscal affairs, external affairs",2,GF01,MIO_EUR,46527.7,,2026-09-16T23:00:00+0200
2021,GF0101,"Executive and legislative organs, financial and fiscal affairs, external affairs",2,GF01,PC_GDP,1.9,,2026-09-16T23:00:00+0200
2021,GF0102,Foreign economic aid,2,GF01,MIO_EUR,5324.6,,2026-09-16T23:00:00+0200
2021,GF0102,Foreign economic aid,2,GF01,PC_GDP,0.2,,2026-09-16T23:00:00+0200
2021,GF0103,General services,2,GF01,MIO_EUR,45342.1,,2026-09-16T23:00:00+0200
2021,GF0103,General services,2,GF01,PC_GDP,1.8,,2026-09-16T23:00:00+0200
2021,GF0104,Basic research,2,GF01,MIO_EUR,16967.3,,2026-09-16T23:00:00+0200
2021,GF0104,Basic research,2,GF01,PC_GDP,0.7,,2026-09-16T23:00:00+0200
2021,GF0105,R&D General public services,2,GF01,MIO_EUR,4.8,,2026-09-16T23:00:00+0200
2021,GF0105,R&D General public services,2,GF01,PC_GDP,0,,2026-09-16T23:00:00+0200
2021,GF0106,General public services n.e.c.,2,GF01,MIO_EUR,804.3,,2026-09-16T23:00:00+0200
2021,GF0106,General public services n.e.c.,2,GF01,PC_GDP,0,,2026-09-16T23:00:00+0200
2021,GF0107,Public debt transactions,2,GF01,MIO_EUR,37739.9,,2026-09-16T23:00:00+0200
2021,GF0107,Public debt transactions,2,GF01,PC_GDP,1.5,,2026-09-16T23:00:00+0200
2021,GF0108,Transfers of a general character between different levels of government,2,GF01,MIO_EUR,0,,2026-09-16T23:00:00+0200
2021,GF0108,Transfers of a general character between different levels of government,2,GF01,PC_GDP,0,,2026-09-16T23:00:00+0200
2021,GF02,Defence,1,TOTAL,MIO_EUR,43308.5,,2026-09-16T23:00:00+0200
2021,GF02,Defence,1,TOTAL,PC_GDP,1.7,,2026-09-16T23:00:00+0200
2021,GF0201,Military defence,2,GF02,MIO_EUR,37579.3,,2026-09-16T23:00:00+0200
2021,GF0201,Military defence,2,GF02,PC_GDP,1.5,,2026-09-16T23:00:00+0200
2021,GF0202,Civil defence,2,GF02,MIO_EUR,227.3,,2026-09-16T23:00:00+0200
2021,GF0202,Civil defence,2,GF02,PC_GDP,0,,2026-09-16T23:00:00+0200
2021,GF0203,Foreign military aid,2,GF02,MIO_EUR,1998.2,,2026-09-16T23:00:00+0200
2021,GF0203,Foreign military aid,2,GF02,PC_GDP,0.1,,2026-09-16T23:00:00+0200
2021,GF0204,R&D Defence,2,GF02,MIO_EUR,1394.2,,2026-09-16T23:00:00+0200
2021,GF0204,R&D Defence,2,GF02,PC_GDP,0.1,,2026-09-16T23:00:00+0200
2021,GF0205,Defence n.e.c.,2,GF02,MIO_EUR,2109.6,,2026-09-16T23:00:00+0200
2021,GF0205,Defence n.e.c.,2,GF02,PC_GDP,0.1,,2026-09-16T23:00:00+0200
2021,GF03,Public order and safety,1,TOTAL,MIO_EUR,42775.7,,2026-09-16T23:00:00+0200
2021,GF03,Public order and safety,1,TOTAL,PC_GDP,1.7,,2026-09-16T23:00:00+0200
2021,GF0301,Police services,2,GF03,MIO_EUR,23210.9,,2026-09-16T23:00:00+0200
2021,GF0301,Police services,2,GF03,PC_GDP,0.9,,2026-09-16T23:00:00+0200
2021,GF0302,Fire-protection services,2,GF03,MIO_EUR,6817.9,,2026-09-16T23:00:00+0200
2021,GF0302,Fire-protection services,2,GF03,PC_GDP,0.3,,2026-09-16T23:00:00+0200
2021,GF0303,Law courts,2,GF03,MIO_EUR,6921.2,,2026-09-16T23:00:00+0200
2021,GF0303,Law courts,2,GF03,PC_GDP,0.3,,2026-09-16T23:00:00+0200
2021,GF0304,Prisons,2,GF03,MIO_EUR,4214,,2026-09-16T23:00:00+0200
2021,GF0304,Prisons,2,GF03,PC_GDP,0.2,,2026-09-16T23:00:00+0200
2021,GF0305,R&D Public order and safety,2,GF03,MIO_EUR,0,,2026-09-16T23:00:00+0200
2021,GF0305,R&D Public order and safety,2,GF03,PC_GDP,0,,2026-09-16T23:00:00+0200
2021,GF0306,Public order and safety n.e.c.,2,GF03,MIO_EUR,1611.7,,2026-09-16T23:00:00+0200
2021,GF0306,Public order and safety n.e.c.,2,GF03,PC_GDP,0.1,,2026-09-16T23:00:00+0200
2021,GF04,Economic affairs,1,TOTAL,MIO_EUR,177418.9,,2026-09-16T23:00:00+0200
2021,GF04,Economic affairs,1,TOTAL,PC_GDP,7.1,,2026-09-16T23:00:00+0200
2021,GF0401,"General economic, commercial and labour affairs",2,GF04,MIO_EUR,66688.2,,2026-09-16T23:00:00+0200
2021,GF0401,"General economic, commercial and labour affairs",2,GF04,PC_GDP,2.7,,2026-09-16T23:00:00+0200
2021,GF0402,"Agriculture, forestry, fishing and hunting",2,GF04,MIO_EUR,5922.8,,2026-09-16T23:00:00+0200
2021,GF0402,"Agriculture, forestry, fishing and hunting",2,GF04,PC_GDP,0.2,,2026-09-16T23:00:00+0200
2021,GF0403,Fuel and energy,2,GF04,MIO_EUR,9830.8,,2026-09-16T23:00:00+0200
2021,GF0403,Fuel and energy,2,GF04,PC_GDP,0.4,,2026-09-16T23:00:00+0200
2021,GF0404,"Mining, manufacturing and construction",2,GF04,MIO_EUR,753.5,,2026-09-16T23:00:00+0200
2021,GF0404,"Mining, manufacturing and construction",2,GF04,PC_GDP,0,,2026-09-16T23:00:00+0200
2021,GF0405,Transport,2,GF04,MIO_EUR,61624.8,,2026-09-16T23:00:00+0200
2021,GF0405,Transport,2,GF04,PC_GDP,2.5,,2026-09-16T23:00:00+0200
2021,GF0406,Communication,2,GF04,MIO_EUR,1043.4,,2026-09-16T23:00:00+0200
2021,GF0406,Communication,2,GF04,PC_GDP,0,,2026-09-16T23:00:00+0200
2021,GF0407,Other industries,2,GF04,MIO_EUR,9646.3,,2026-09-16T23:00:00+0200
2021,GF0407,Other industries,2,GF04,PC_GDP,0.4,,2026-09-16T23:00:00+0200
2021,GF0408,R&D Economic affairs,2,GF04,MIO_EUR,19525.8,,2026-09-16T23:00:00+0200
2021,GF0408,R&D Economic affairs,2,GF04,PC_GDP,0.8,,2026-09-16T23:00:00+0200
2021,GF0409,Economic affairs n.e.c.,2,GF04,MIO_EUR,2383.2,,2026-09-16T23:00:00+0200
2021,GF0409,Economic affairs n.e.c.,2,GF04,PC_GDP,0.1,,2026-09-16T23:00:00+0200
2021,GF05,Environmental protection,1,TOTAL,MIO_EUR,24569.8,,2026-09-16T23:00:00+0200
2021,GF05,Environmental protection,1,TOTAL,PC_GDP,1,,2026-09-16T23:00:00+0200
2021,GF0501,Waste management,2,GF05,MIO_EUR,12904.8,,2026-09-16T23:00:00+0200
2021,GF0501,Waste management,2,GF05,PC_GDP,0.5,,2026-09-16T23:00:00+0200
2021,GF0502,Waste water management,2,GF05,MIO_EUR,4375.5,,2026-09-16T23:00:00+0200
2021,GF0502,Waste water management,2,GF05,PC_GDP,0.2,,2026-09-16T23:00:00+0200
2021,GF0503,Pollution abatement,2,GF05,MIO_EUR,3026.2,,2026-09-16T23:00:00+0200
2021,GF0503,Pollution abatement,2,GF05,PC_GDP,0.1,,2026-09-16T23:00:00+0200
2021,GF0504,Protection of biodiversity and landscape,2,GF05,MIO_EUR,1903,,2026-09-16T23:00:00+0200
2021,GF0504,Protection of biodiversity and landscape,2,GF05,PC_GDP,0.1,,2026-09-16T23:00:00+0200
2021,GF0505,R&D Environmental protection,2,GF05,MIO_EUR,829.5,,2026-09-16T23:00:00+0200
2021,GF0505,R&D Environmental protection,2,GF05,PC_GDP,0,,2026-09-16T23:00:00+0200
2021,GF0506,Environmental protection n.e.c.,2,GF05,MIO_EUR,1530.9,,2026-09-16T23:00:00+0200
2021,GF0506,Environmental protection n.e.c.,2,GF05,PC_GDP,0.1,,2026-09-16T23:00:00+0200
2021,GF06,Housing and community amenities,1,TOTAL,MIO_EUR,30016.6,,2026-09-16T23:00:00+0200
2021,GF06,Housing and community amenities,1,TOTAL,PC_GDP,1.2,,2026-09-16T23:00:00+0200
2021,GF0601,Housing development,2,GF06,MIO_EUR,10002.5,,2026-09-16T23:00:00+0200
2021,GF0601,Housing development,2,GF06,PC_GDP,0.4,,2026-09-16T23:00:00+0200
2021,GF0602,Community development,2,GF06,MIO_EUR,15082.3,,2026-09-16T23:00:00+0200
2021,GF0602,Community development,2,GF06,PC_GDP,0.6,,2026-09-16T23:00:00+0200
2021,GF0603,Water supply,2,GF06,MIO_EUR,2659.4,,2026-09-16T23:00:00+0200
2021,GF0603,Water supply,2,GF06,PC_GDP,0.1,,2026-09-16T23:00:00+0200
2021,GF0604,Street lighting,2,GF06,MIO_EUR,1499.2,,2026-09-16T23:00:00+0200
2021,GF0604,Street lighting,2,GF06,PC_GDP,0.1,,2026-09-16T23:00:00+0200
2021,GF0605,R&D Housing and community amenities,2,GF06,MIO_EUR,0,,2026-09-16T23:00:00+0200
2021,GF0605,R&D Housing and community amenities,2,GF06,PC_GDP,0,,2026-09-16T23:00:00+0200
2021,GF0606,Housing and community amenities n.e.c.,2,GF06,MIO_EUR,773.3,,2026-09-16T23:00:00+0200
2021,GF0606,Housing and community amenities n.e.c.,2,GF06,PC_GDP,0,,2026-09-16T23:00:00+0200
2021,GF07,Health,1,TOTAL,MIO_EUR,234725,,2026-09-16T23:00:00+0200
2021,GF07,Health,1,TOTAL,PC_GDP,9.4,,2026-09-16T23:00:00+0200
2021,GF0701,"Medical products, appliances and equipment",2,GF07,MIO_EUR,37213.2,,2026-09-16T23:00:00+0200
2021,GF0701,"Medical products, appliances and equipment",2,GF07,PC_GDP,1.5,,2026-09-16T23:00:00+0200
2021,GF0702,Outpatient services,2,GF07,MIO_EUR,82567.3,,2026-09-16T23:00:00+0200
2021,GF0702,Outpatient services,2,GF07,PC_GDP,3.3,,2026-09-16T23:00:00+0200
2021,GF0703,Hospital services,2,GF07,MIO_EUR,90964.3,,2026-09-16T23:00:00+0200
2021,GF0703,Hospital services,2,GF07,PC_GDP,3.6,,2026-09-16T23:00:00+0200
2021,GF0704,Public health services,2,GF07,MIO_EUR,16586.4,,2026-09-16T23:00:00+0200
2021,GF0704,Public health services,2,GF07,PC_GDP,0.7,,2026-09-16T23:00:00+0200
2021,GF0705,R&D Health,2,GF07,MIO_EUR,5784.5,,2026-09-16T23:00:00+0200
2021,GF0705,R&D Health,2,GF07,PC_GDP,0.2,,2026-09-16T23:00:00+0200
2021,GF0706,Health n.e.c.,2,GF07,MIO_EUR,1609.3,,2026-09-16T23:00:00+0200
2021,GF0706,Health n.e.c.,2,GF07,PC_GDP,0.1,,2026-09-16T23:00:00+0200
2021,GF08,"Recreation, culture and religion",1,TOTAL,MIO_EUR,36149.3,,2026-09-16T23:00:00+0200
2021,GF08,"Recreation, culture and religion",1,TOTAL,PC_GDP,1.4,,2026-09-16T23:00:00+0200
2021,GF0801,Recreational and sporting services,2,GF08,MIO_EUR,13353.1,,2026-09-16T23:00:00+0200
2021,GF0801,Recreational and sporting services,2,GF08,PC_GDP,0.5,,2026-09-16T23:00:00+0200
2021,GF0802,Cultural services,2,GF08,MIO_EUR,16306.3,,2026-09-16T23:00:00+0200
2021,GF0802,Cultural services,2,GF08,PC_GDP,0.7,,2026-09-16T23:00:00+0200
2021,GF0803,Broadcasting and publishing services,2,GF08,MIO_EUR,5963,,2026-09-16T23:00:00+0200
2021,GF0803,Broadcasting and publishing services,2,GF08,PC_GDP,0.2,,2026-09-16T23:00:00+0200
2021,GF0804,Religious and other community services,2,GF08,MIO_EUR,463,,2026-09-16T23:00:00+0200
2021,GF0804,Religious and other community services,2,GF08,PC_GDP,0,,2026-09-16T23:00:00+0200
2021,GF0805,"R&D Recreation, culture and religion",2,GF08,MIO_EUR,0,,2026-09-16T23:00:00+0200
2021,GF0805,"R&D Recreation, culture and religion",2,GF08,PC_GDP,0,,2026-09-16T23:00:00+0200
2021,GF0806,"Recreation, culture and religion n.e.c.",2,GF08,MIO_EUR,63.8,,2026-09-16T23:00:00+0200
2021,GF0806,"Recreation, culture and religion n.e.c.",2,GF08,PC_GDP,0,,2026-09-16T23:00:00+0200
2021,GF09,Education,1,TOTAL,MIO_EUR,127071.8,,2026-09-16T23:00:00+0200
2021,GF09,Education,1,TOTAL,PC_GDP,5.1,,2026-09-16T23:00:00+0200
2021,GF0901,Pre-primary and primary education,2,GF09,MIO_EUR,35093,,2026-09-16T23:00:00+0200
2021,GF0901,Pre-primary and primary education,2,GF09,PC_GDP,1.4,,2026-09-16T23:00:00+0200
2021,GF0902,Secondary education,2,GF09,MIO_EUR,55476.9,,2026-09-16T23:00:00+0200
2021,GF0902,Secondary education,2,GF09,PC_GDP,2.2,,2026-09-16T23:00:00+0200
2021,GF0903,Post-secondary non-tertiary education,2,GF09,MIO_EUR,905.1,,2026-09-16T23:00:00+0200
2021,GF0903,Post-secondary non-tertiary education,2,GF09,PC_GDP,0,,2026-09-16T23:00:00+0200
2021,GF0904,Tertiary education,2,GF09,MIO_EUR,11335.7,,2026-09-16T23:00:00+0200
2021,GF0904,Tertiary education,2,GF09,PC_GDP,0.5,,2026-09-16T23:00:00+0200
2021,GF0905,Education not definable by level,2,GF09,MIO_EUR,8046.8,,2026-09-16T23:00:00+0200
2021,GF0905,Education not definable by level,2,GF09,PC_GDP,0.3,,2026-09-16T23:00:00+0200
2021,GF0906,Subsidiary services to education,2,GF09,MIO_EUR,15590.7,,2026-09-16T23:00:00+0200
2021,GF0906,Subsidiary services to education,2,GF09,PC_GDP,0.6,,2026-09-16T23:00:00+0200
2021,GF0907,R&D Education,2,GF09,MIO_EUR,5.2,,2026-09-16T23:00:00+0200
2021,GF0907,R&D Education,2,GF09,PC_GDP,0,,2026-09-16T23:00:00+0200
2021,GF0908,Education n.e.c.,2,GF09,MIO_EUR,618.4,,2026-09-16T23:00:00+0200
2021,GF0908,Education n.e.c.,2,GF09,PC_GDP,0,,2026-09-16T23:00:00+0200
2021,GF10,Social protection,1,TOTAL,MIO_EUR,622635.4,,2026-09-16T23:00:00+0200
2021,GF10,Social protection,1,TOTAL,PC_GDP,24.8,,2026-09-16T23:00:00+0200
2021,GF1001,Sickness and disability,2,GF10,MIO_EUR,72585.5,,2026-09-16T23:00:00+0200
2021,GF1001,Sickness and disability,2,GF10,PC_GDP,2.9,,2026-09-16T23:00:00+0200
2021,GF1002,Old age,2,GF10,MIO_EUR,336590.7,,2026-09-16T23:00:00+0200
2021,GF1002,Old age,2,GF10,PC_GDP,13.4,,2026-09-16T23:00:00+0200
2021,GF1003,Survivors,2,GF10,MIO_EUR,35903.9,,2026-09-16T23:00:00+0200
2021,GF1003,Survivors,2,GF10,PC_GDP,1.4,,2026-09-16T23:00:00+0200
2021,GF1004,Family and children,2,GF10,MIO_EUR,57858.8,,2026-09-16T23:00:00+0200
2021,GF1004,Family and children,2,GF10,PC_GDP,2.3,,2026-09-16T23:00:00+0200
2021,GF1005,Unemployment,2,GF10,MIO_EUR,58372.9,,2026-09-16T23:00:00+0200
2021,GF1005,Unemployment,2,GF10,PC_GDP,2.3,,2026-09-16T23:00:00+0200
2021,GF1006,Housing,2,GF10,MIO_EUR,20505.9,,2026-09-16T23:00:00+0200
2021,GF1006,Housing,2,GF10,PC_GDP,0.8,,2026-09-16T23:00:00+0200
2021,GF1007,Social exclusion n.e.c.,2,GF10,MIO_EUR,36742.4,,2026-09-16T23:00:00+0200
2021,GF1007,Social exclusion n.e.c.,2,GF10,PC_GDP,1.5,,2026-09-16T23:00:00+0200
2021,GF1008,R&D Social protection,2,GF10,MIO_EUR,0,,2026-09-16T23:00:00+0200
2021,GF1008,R&D Social protection,2,GF10,PC_GDP,0,,2026-09-16T23:00:00+0200
2021,GF1009,Social protection n.e.c.,2,GF10,MIO_EUR,4075.3,,2026-09-16T23:00:00+0200
2021,GF1009,Social protection n.e.c.,2,GF10,PC_GDP,0.2,,2026-09-16T23:00:00+0200
2021,TOTAL,Total,0,,MIO_EUR,1491381.7,,2026-09-16T23:00:00+0200
2021,TOTAL,Total,0,,PC_GDP,59.5,,2026-09-16T23:00:00+0200
2022,GF01,General public services,1,TOTAL,MIO_EUR,173221.6,,2026-09-16T23:00:00+0200
2022,GF01,General public services,1,TOTAL,PC_GDP,6.5,,2026-09-16T23:00:00+0200
2022,GF0101,"Executive and legislative organs, financial and fiscal affairs, external affairs",2,GF01,MIO_EUR,44493.2,,2026-09-16T23:00:00+0200
2022,GF0101,"Executive and legislative organs, financial and fiscal affairs, external affairs",2,GF01,PC_GDP,1.7,,2026-09-16T23:00:00+0200
2022,GF0102,Foreign economic aid,2,GF01,MIO_EUR,7865.6,,2026-09-16T23:00:00+0200
2022,GF0102,Foreign economic aid,2,GF01,PC_GDP,0.3,,2026-09-16T23:00:00+0200
2022,GF0103,General services,2,GF01,MIO_EUR,48756.5,,2026-09-16T23:00:00+0200
2022,GF0103,General services,2,GF01,PC_GDP,1.8,,2026-09-16T23:00:00+0200
2022,GF0104,Basic research,2,GF01,MIO_EUR,18116.1,,2026-09-16T23:00:00+0200
2022,GF0104,Basic research,2,GF01,PC_GDP,0.7,,2026-09-16T23:00:00+0200
2022,GF0105,R&D General public services,2,GF01,MIO_EUR,3.4,,2026-09-16T23:00:00+0200
2022,GF0105,R&D General public services,2,GF01,PC_GDP,0,,2026-09-16T23:00:00+0200
2022,GF0106,General public services n.e.c.,2,GF01,MIO_EUR,963.8,,2026-09-16T23:00:00+0200
2022,GF0106,General public services n.e.c.,2,GF01,PC_GDP,0,,2026-09-16T23:00:00+0200
2022,GF0107,Public debt transactions,2,GF01,MIO_EUR,53023.1,,2026-09-16T23:00:00+0200
2022,GF0107,Public debt transactions,2,GF01,PC_GDP,2,,2026-09-16T23:00:00+0200
2022,GF0108,Transfers of a general character between different levels of government,2,GF01,MIO_EUR,0.1,,2026-09-16T23:00:00+0200
2022,GF0108,Transfers of a general character between different levels of government,2,GF01,PC_GDP,0,,2026-09-16T23:00:00+0200
2022,GF02,Defence,1,TOTAL,MIO_EUR,47675,,2026-09-16T23:00:00+0200
2022,GF02,Defence,1,TOTAL,PC_GDP,1.8,,2026-09-16T23:00:00+0200
2022,GF0201,Military defence,2,GF02,MIO_EUR,41845.9,,2026-09-16T23:00:00+0200
2022,GF0201,Military defence,2,GF02,PC_GDP,1.6,,2026-09-16T23:00:00+0200
2022,GF0202,Civil defence,2,GF02,MIO_EUR,268.5,,2026-09-16T23:00:00+0200
2022,GF0202,Civil defence,2,GF02,PC_GDP,0,,2026-09-16T23:00:00+0200
2022,GF0203,Foreign military aid,2,GF02,MIO_EUR,1885.6,,2026-09-16T23:00:00+0200
2022,GF0203,Foreign military aid,2,GF02,PC_GDP,0.1,,2026-09-16T23:00:00+0200
2022,GF0204,R&D Defence,2,GF02,MIO_EUR,1459.9,,2026-09-16T23:00:00+0200
2022,GF0204,R&D Defence,2,GF02,PC_GDP,0.1,,2026-09-16T23:00:00+0200
2022,GF0205,Defence n.e.c.,2,GF02,MIO_EUR,2215,,2026-09-16T23:00:00+0200
2022,GF0205,Defence n.e.c.,2,GF02,PC_GDP,0.1,,2026-09-16T23:00:00+0200
2022,GF03,Public order and safety,1,TOTAL,MIO_EUR,45474.5,,2026-09-16T23:00:00+0200
2022,GF03,Public order and safety,1,TOTAL,PC_GDP,1.7,,2026-09-16T23:00:00+0200
2022,GF0301,Police services,2,GF03,MIO_EUR,24579.1,,2026-09-16T23:00:00+0200
2022,GF0301,Police services,2,GF03,PC_GDP,0.9,,2026-09-16T23:00:00+0200
2022,GF0302,Fire-protection services,2,GF03,MIO_EUR,7073.5,,2026-09-16T23:00:00+0200
2022,GF0302,Fire-protection services,2,GF03,PC_GDP,0.3,,2026-09-16T23:00:00+0200
2022,GF0303,Law courts,2,GF03,MIO_EUR,7437.6,,2026-09-16T23:00:00+0200
2022,GF0303,Law courts,2,GF03,PC_GDP,0.3,,2026-09-16T23:00:00+0200
2022,GF0304,Prisons,2,GF03,MIO_EUR,4649.5,,2026-09-16T23:00:00+0200
2022,GF0304,Prisons,2,GF03,PC_GDP,0.2,,2026-09-16T23:00:00+0200
2022,GF0305,R&D Public order and safety,2,GF03,MIO_EUR,0,,2026-09-16T23:00:00+0200
2022,GF0305,R&D Public order and safety,2,GF03,PC_GDP,0,,2026-09-16T23:00:00+0200
2022,GF0306,Public order and safety n.e.c.,2,GF03,MIO_EUR,1734.8,,2026-09-16T23:00:00+0200
2022,GF0306,Public order and safety n.e.c.,2,GF03,PC_GDP,0.1,,2026-09-16T23:00:00+0200
2022,GF04,Economic affairs,1,TOTAL,MIO_EUR,179788.7,,2026-09-16T23:00:00+0200
2022,GF04,Economic affairs,1,TOTAL,PC_GDP,6.8,,2026-09-16T23:00:00+0200
2022,GF0401,"General economic, commercial and labour affairs",2,GF04,MIO_EUR,43801.7,,2026-09-16T23:00:00+0200
2022,GF0401,"General economic, commercial and labour affairs",2,GF04,PC_GDP,1.7,,2026-09-16T23:00:00+0200
2022,GF0402,"Agriculture, forestry, fishing and hunting",2,GF04,MIO_EUR,7015.5,,2026-09-16T23:00:00+0200
2022,GF0402,"Agriculture, forestry, fishing and hunting",2,GF04,PC_GDP,0.3,,2026-09-16T23:00:00+0200
2022,GF0403,Fuel and energy,2,GF04,MIO_EUR,32599.7,,2026-09-16T23:00:00+0200
2022,GF0403,Fuel and energy,2,GF04,PC_GDP,1.2,,2026-09-16T23:00:00+0200
2022,GF0404,"Mining, manufacturing and construction",2,GF04,MIO_EUR,1239.3,,2026-09-16T23:00:00+0200
2022,GF0404,"Mining, manufacturing and construction",2,GF04,PC_GDP,0,,2026-09-16T23:00:00+0200
2022,GF0405,Transport,2,GF04,MIO_EUR,62135.7,,2026-09-16T23:00:00+0200
2022,GF0405,Transport,2,GF04,PC_GDP,2.3,,2026-09-16T23:00:00+0200
2022,GF0406,Communication,2,GF04,MIO_EUR,1717.6,,2026-09-16T23:00:00+0200
2022,GF0406,Communication,2,GF04,PC_GDP,0.1,,2026-09-16T23:00:00+0200
2022,GF0407,Other industries,2,GF04,MIO_EUR,9682.5,,2026-09-16T23:00:00+0200
2022,GF0407,Other industries,2,GF04,PC_GDP,0.4,,2026-09-16T23:00:00+0200
2022,GF0408,R&D Economic affairs,2,GF04,MIO_EUR,19463.9,,2026-09-16T23:00:00+0200
2022,GF0408,R&D Economic affairs,2,GF04,PC_GDP,0.7,,2026-09-16T23:00:00+0200
2022,GF0409,Economic affairs n.e.c.,2,GF04,MIO_EUR,2132.8,,2026-09-16T23:00:00+0200
2022,GF0409,Economic affairs n.e.c.,2,GF04,PC_GDP,0.1,,2026-09-16T23:00:00+0200
2022,GF05,Environmental protection,1,TOTAL,MIO_EUR,27163.2,,2026-09-16T23:00:00+0200
2022,GF05,Environmental protection,1,TOTAL,PC_GDP,1,,2026-09-16T23:00:00+0200
2022,GF0501,Waste management,2,GF05,MIO_EUR,13952.3,,2026-09-16T23:00:00+0200
2022,GF0501,Waste management,2,GF05,PC_GDP,0.5,,2026-09-16T23:00:00+0200
2022,GF0502,Waste water management,2,GF05,MIO_EUR,4804.6,,2026-09-16T23:00:00+0200
2022,GF0502,Waste water management,2,GF05,PC_GDP,0.2,,2026-09-16T23:00:00+0200
2022,GF0503,Pollution abatement,2,GF05,MIO_EUR,3523.1,,2026-09-16T23:00:00+0200
2022,GF0503,Pollution abatement,2,GF05,PC_GDP,0.1,,2026-09-16T23:00:00+0200
2022,GF0504,Protection of biodiversity and landscape,2,GF05,MIO_EUR,1993.1,,2026-09-16T23:00:00+0200
2022,GF0504,Protection of biodiversity and landscape,2,GF05,PC_GDP,0.1,,2026-09-16T23:00:00+0200
2022,GF0505,R&D Environmental protection,2,GF05,MIO_EUR,1265.7,,2026-09-16T23:00:00+0200
2022,GF0505,R&D Environmental protection,2,GF05,PC_GDP,0,,2026-09-16T23:00:00+0200
2022,GF0506,Environmental protection n.e.c.,2,GF05,MIO_EUR,1624.4,,2026-09-16T23:00:00+0200
2022,GF0506,Environmental protection n.e.c.,2,GF05,PC_GDP,0.1,,2026-09-16T23:00:00+0200
2022,GF06,Housing and community amenities,1,TOTAL,MIO_EUR,31723.7,,2026-09-16T23:00:00+0200
2022,GF06,Housing and community amenities,1,TOTAL,PC_GDP,1.2,,2026-09-16T23:00:00+0200
2022,GF0601,Housing development,2,GF06,MIO_EUR,8691.8,,2026-09-16T23:00:00+0200
2022,GF0601,Housing development,2,GF06,PC_GDP,0.3,,2026-09-16T23:00:00+0200
2022,GF0602,Community development,2,GF06,MIO_EUR,17824,,2026-09-16T23:00:00+0200
2022,GF0602,Community development,2,GF06,PC_GDP,0.7,,2026-09-16T23:00:00+0200
2022,GF0603,Water supply,2,GF06,MIO_EUR,2847.7,,2026-09-16T23:00:00+0200
2022,GF0603,Water supply,2,GF06,PC_GDP,0.1,,2026-09-16T23:00:00+0200
2022,GF0604,Street lighting,2,GF06,MIO_EUR,1617.1,,2026-09-16T23:00:00+0200
2022,GF0604,Street lighting,2,GF06,PC_GDP,0.1,,2026-09-16T23:00:00+0200
2022,GF0605,R&D Housing and community amenities,2,GF06,MIO_EUR,0,,2026-09-16T23:00:00+0200
2022,GF0605,R&D Housing and community amenities,2,GF06,PC_GDP,0,,2026-09-16T23:00:00+0200
2022,GF0606,Housing and community amenities n.e.c.,2,GF06,MIO_EUR,743.1,,2026-09-16T23:00:00+0200
2022,GF0606,Housing and community amenities n.e.c.,2,GF06,PC_GDP,0,,2026-09-16T23:00:00+0200
2022,GF07,Health,1,TOTAL,MIO_EUR,240772.7,,2026-09-16T23:00:00+0200
2022,GF07,Health,1,TOTAL,PC_GDP,9.1,,2026-09-16T23:00:00+0200
2022,GF0701,"Medical products, appliances and equipment",2,GF07,MIO_EUR,39412.9,,2026-09-16T23:00:00+0200
2022,GF0701,"Medical products, appliances and equipment",2,GF07,PC_GDP,1.5,,2026-09-16T23:00:00+0200
2022,GF0702,Outpatient services,2,GF07,MIO_EUR,83773.5,,2026-09-16T23:00:00+0200
2022,GF0702,Outpatient services,2,GF07,PC_GDP,3.2,,2026-09-16T23:00:00+0200
2022,GF0703,Hospital services,2,GF07,MIO_EUR,96148.8,,2026-09-16T23:00:00+0200
2022,GF0703,Hospital services,2,GF07,PC_GDP,3.6,,2026-09-16T23:00:00+0200
2022,GF0704,Public health services,2,GF07,MIO_EUR,13970.3,,2026-09-16T23:00:00+0200
2022,GF0704,Public health services,2,GF07,PC_GDP,0.5,,2026-09-16T23:00:00+0200
2022,GF0705,R&D Health,2,GF07,MIO_EUR,6045.9,,2026-09-16T23:00:00+0200
2022,GF0705,R&D Health,2,GF07,PC_GDP,0.2,,2026-09-16T23:00:00+0200
2022,GF0706,Health n.e.c.,2,GF07,MIO_EUR,1421.4,,2026-09-16T23:00:00+0200
2022,GF0706,Health n.e.c.,2,GF07,PC_GDP,0.1,,2026-09-16T23:00:00+0200
2022,GF08,"Recreation, culture and religion",1,TOTAL,MIO_EUR,38464.9,,2026-09-16T23:00:00+0200
2022,GF08,"Recreation, culture and religion",1,TOTAL,PC_GDP,1.4,,2026-09-16T23:00:00+0200
2022,GF0801,Recreational and sporting services,2,GF08,MIO_EUR,14802.1,,2026-09-16T23:00:00+0200
2022,GF0801,Recreational and sporting services,2,GF08,PC_GDP,0.6,,2026-09-16T23:00:00+0200
2022,GF0802,Cultural services,2,GF08,MIO_EUR,16977.2,,2026-09-16T23:00:00+0200
2022,GF0802,Cultural services,2,GF08,PC_GDP,0.6,,2026-09-16T23:00:00+0200
2022,GF0803,Broadcasting and publishing services,2,GF08,MIO_EUR,6071.1,,2026-09-16T23:00:00+0200
2022,GF0803,Broadcasting and publishing services,2,GF08,PC_GDP,0.2,,2026-09-16T23:00:00+0200
2022,GF0804,Religious and other community services,2,GF08,MIO_EUR,539.2,,2026-09-16T23:00:00+0200
2022,GF0804,Religious and other community services,2,GF08,PC_GDP,0,,2026-09-16T23:00:00+0200
2022,GF0805,"R&D Recreation, culture and religion",2,GF08,MIO_EUR,0,,2026-09-16T23:00:00+0200
2022,GF0805,"R&D Recreation, culture and religion",2,GF08,PC_GDP,0,,2026-09-16T23:00:00+0200
2022,GF0806,"Recreation, culture and religion n.e.c.",2,GF08,MIO_EUR,75.4,,2026-09-16T23:00:00+0200
2022,GF0806,"Recreation, culture and religion n.e.c.",2,GF08,PC_GDP,0,,2026-09-16T23:00:00+0200
2022,GF09,Education,1,TOTAL,MIO_EUR,134016.9,,2026-09-16T23:00:00+0200
2022,GF09,Education,1,TOTAL,PC_GDP,5,,2026-09-16T23:00:00+0200
2022,GF0901,Pre-primary and primary education,2,GF09,MIO_EUR,36977.8,,2026-09-16T23:00:00+0200
2022,GF0901,Pre-primary and primary education,2,GF09,PC_GDP,1.4,,2026-09-16T23:00:00+0200
2022,GF0902,Secondary education,2,GF09,MIO_EUR,58206,,2026-09-16T23:00:00+0200
2022,GF0902,Secondary education,2,GF09,PC_GDP,2.2,,2026-09-16T23:00:00+0200
2022,GF0903,Post-secondary non-tertiary education,2,GF09,MIO_EUR,1041.1,,2026-09-16T23:00:00+0200
2022,GF0903,Post-secondary non-tertiary education,2,GF09,PC_GDP,0,,2026-09-16T23:00:00+0200
2022,GF0904,Tertiary education,2,GF09,MIO_EUR,12430.1,,2026-09-16T23:00:00+0200
2022,GF0904,Tertiary education,2,GF09,PC_GDP,0.5,,2026-09-16T23:00:00+0200
2022,GF0905,Education not definable by level,2,GF09,MIO_EUR,8636.6,,2026-09-16T23:00:00+0200
2022,GF0905,Education not definable by level,2,GF09,PC_GDP,0.3,,2026-09-16T23:00:00+0200
2022,GF0906,Subsidiary services to education,2,GF09,MIO_EUR,16124.9,,2026-09-16T23:00:00+0200
2022,GF0906,Subsidiary services to education,2,GF09,PC_GDP,0.6,,2026-09-16T23:00:00+0200
2022,GF0907,R&D Education,2,GF09,MIO_EUR,4.1,,2026-09-16T23:00:00+0200
2022,GF0907,R&D Education,2,GF09,PC_GDP,0,,2026-09-16T23:00:00+0200
2022,GF0908,Education n.e.c.,2,GF09,MIO_EUR,596.4,,2026-09-16T23:00:00+0200
2022,GF0908,Education n.e.c.,2,GF09,PC_GDP,0,,2026-09-16T23:00:00+0200
2022,GF10,Social protection,1,TOTAL,MIO_EUR,632030.4,,2026-09-16T23:00:00+0200
2022,GF10,Social protection,1,TOTAL,PC_GDP,23.8,,2026-09-16T23:00:00+0200
2022,GF1001,Sickness and disability,2,GF10,MIO_EUR,78446.8,,2026-09-16T23:00:00+0200
2022,GF1001,Sickness and disability,2,GF10,PC_GDP,3,,2026-09-16T23:00:00+0200
2022,GF1002,Old age,2,GF10,MIO_EUR,350658.6,,2026-09-16T23:00:00+0200
2022,GF1002,Old age,2,GF10,PC_GDP,13.2,,2026-09-16T23:00:00+0200
2022,GF1003,Survivors,2,GF10,MIO_EUR,36931.8,,2026-09-16T23:00:00+0200
2022,GF1003,Survivors,2,GF10,PC_GDP,1.4,,2026-09-16T23:00:00+0200
2022,GF1004,Family and children,2,GF10,MIO_EUR,61134,,2026-09-16T23:00:00+0200
2022,GF1004,Family and children,2,GF10,PC_GDP,2.3,,2026-09-16T23:00:00+0200
2022,GF1005,Unemployment,2,GF10,MIO_EUR,44181.2,,2026-09-16T23:00:00+0200
2022,GF1005,Unemployment,2,GF10,PC_GDP,1.7,,2026-09-16T23:00:00+0200
2022,GF1006,Housing,2,GF10,MIO_EUR,20438,,2026-09-16T23:00:00+0200
2022,GF1006,Housing,2,GF10,PC_GDP,0.8,,2026-09-16T23:00:00+0200
2022,GF1007,Social exclusion n.e.c.,2,GF10,MIO_EUR,36055.5,,2026-09-16T23:00:00+0200
2022,GF1007,Social exclusion n.e.c.,2,GF10,PC_GDP,1.4,,2026-09-16T23:00:00+0200
2022,GF1008,R&D Social protection,2,GF10,MIO_EUR,0,,2026-09-16T23:00:00+0200
2022,GF1008,R&D Social protection,2,GF10,PC_GDP,0,,2026-09-16T23:00:00+0200
2022,GF1009,Social protection n.e.c.,2,GF10,MIO_EUR,4184.6,,2026-09-16T23:00:00+0200
2022,GF1009,Social protection n.e.c.,2,GF10,PC_GDP,0.2,,2026-09-16T23:00:00+0200
2022,TOTAL,Total,0,,MIO_EUR,1550331.6,,2026-09-16T23:00:00+0200
2022,TOTAL,Total,0,,PC_GDP,58.4,,2026-09-16T23:00:00+0200
2023,GF01,General public services,1,TOTAL,MIO_EUR,174763.5,p,2026-09-16T23:00:00+0200
2023,GF01,General public services,1,TOTAL,PC_GDP,6.2,p,2026-09-16T23:00:00+0200
2023,GF0101,"Executive and legislative organs, financial and fiscal affairs, external affairs",2,GF01,MIO_EUR,45259.6,p,2026-09-16T23:00:00+0200
2023,GF0101,"Executive and legislative organs, financial and fiscal affairs, external affairs",2,GF01,PC_GDP,1.6,p,2026-09-16T23:00:00+0200
2023,GF0102,Foreign economic aid,2,GF01,MIO_EUR,5883.5,p,2026-09-16T23:00:00+0200
2023,GF0102,Foreign economic aid,2,GF01,PC_GDP,0.2,p,2026-09-16T23:00:00+0200
2023,GF0103,General services,2,GF01,MIO_EUR,51777.1,p,2026-09-16T23:00:00+0200
2023,GF0103,General services,2,GF01,PC_GDP,1.8,p,2026-09-16T23:00:00+0200
2023,GF0104,Basic research,2,GF01,MIO_EUR,19476.6,p,2026-09-16T23:00:00+0200
2023,GF0104,Basic research,2,GF01,PC_GDP,0.7,p,2026-09-16T23:00:00+0200
2023,GF0105,R&D General public services,2,GF01,MIO_EUR,3,p,2026-09-16T23:00:00+0200
2023,GF0105,R&D General public services,2,GF01,PC_GDP,0,p,2026-09-16T23:00:00+0200
2023,GF0106,General public services n.e.c.,2,GF01,MIO_EUR,657.2,p,2026-09-16T23:00:00+0200
2023,GF0106,General public services n.e.c.,2,GF01,PC_GDP,0,p,2026-09-16T23:00:00+0200
2023,GF0107,Public debt transactions,2,GF01,MIO_EUR,51706.4,p,2026-09-16T23:00:00+0200
2023,GF0107,Public debt transactions,2,GF01,PC_GDP,1.8,p,2026-09-16T23:00:00+0200
2023,GF0108,Transfers of a general character between different levels of government,2,GF01,MIO_EUR,0.1,p,2026-09-16T23:00:00+0200
2023,GF0108,Transfers of a general character between different levels of government,2,GF01,PC_GDP,0,p,2026-09-16T23:00:00+0200
2023,GF02,Defence,1,TOTAL,MIO_EUR,51179.8,p,2026-09-16T23:00:00+0200
2023,GF02,Defence,1,TOTAL,PC_GDP,1.8,p,2026-09-16T23:00:00+0200
2023,GF0201,Military defence,2,GF02,MIO_EUR,45070.5,p,2026-09-16T23:00:00+0200
2023,GF0201,Military defence,2,GF02,PC_GDP,1.6,p,2026-09-16T23:00:00+0200
2023,GF0202,Civil defence,2,GF02,MIO_EUR,279.8,p,2026-09-16T23:00:00+0200
2023,GF0202,Civil defence,2,GF02,PC_GDP,0,p,2026-09-16T23:00:00+0200
2023,GF0203,Foreign military aid,2,GF02,MIO_EUR,1913.8,p,2026-09-16T23:00:00+0200
2023,GF0203,Foreign military aid,2,GF02,PC_GDP,0.1,p,2026-09-16T23:00:00+0200
2023,GF0204,R&D Defence,2,GF02,MIO_EUR,1596.3,p,2026-09-16T23:00:00+0200
2023,GF0204,R&D Defence,2,GF02,PC_GDP,0.1,p,2026-09-16T23:00:00+0200
2023,GF0205,Defence n.e.c.,2,GF02,MIO_EUR,2319.5,p,2026-09-16T23:00:00+0200
2023,GF0205,Defence n.e.c.,2,GF02,PC_GDP,0.1,p,2026-09-16T23:00:00+0200
2023,GF03,Public order and safety,1,TOTAL,MIO_EUR,48711.9,p,2026-09-16T23:00:00+0200
2023,GF03,Public order and safety,1,TOTAL,PC_GDP,1.7,p,2026-09-16T23:00:00+0200
2023,GF0301,Police services,2,GF03,MIO_EUR,26325.2,p,2026-09-16T23:00:00+0200
2023,GF0301,Police services,2,GF03,PC_GDP,0.9,p,2026-09-16T23:00:00+0200
2023,GF0302,Fire-protection services,2,GF03,MIO_EUR,7469.1,p,2026-09-16T23:00:00+0200
2023,GF0302,Fire-protection services,2,GF03,PC_GDP,0.3,p,2026-09-16T23:00:00+0200
2023,GF0303,Law courts,2,GF03,MIO_EUR,8067.6,p,2026-09-16T23:00:00+0200
2023,GF0303,Law courts,2,GF03,PC_GDP,0.3,p,2026-09-16T23:00:00+0200
2023,GF0304,Prisons,2,GF03,MIO_EUR,4929.7,p,2026-09-16T23:00:00+0200
2023,GF0304,Prisons,2,GF03,PC_GDP,0.2,p,2026-09-16T23:00:00+0200
2023,GF0305,R&D Public order and safety,2,GF03,MIO_EUR,0,p,2026-09-16T23:00:00+0200
2023,GF0305,R&D Public order and safety,2,GF03,PC_GDP,0,p,2026-09-16T23:00:00+0200
2023,GF0306,Public order and safety n.e.c.,2,GF03,MIO_EUR,1920.4,p,2026-09-16T23:00:00+0200
2023,GF0306,Public order and safety n.e.c.,2,GF03,PC_GDP,0.1,p,2026-09-16T23:00:00+0200
2023,GF04,Economic affairs,1,TOTAL,MIO_EUR,177620.3,p,2026-09-16T23:00:00+0200
2023,GF04,Economic affairs,1,TOTAL,PC_GDP,6.3,p,2026-09-16T23:00:00+0200
2023,GF0401,"General economic, commercial and labour affairs",2,GF04,MIO_EUR,43965.6,p,2026-09-16T23:00:00+0200
2023,GF0401,"General economic, commercial and labour affairs",2,GF04,PC_GDP,1.6,p,2026-09-16T23:00:00+0200
2023,GF0402,"Agriculture, forestry, fishing and hunting",2,GF04,MIO_EUR,6788.7,p,2026-09-16T23:00:00+0200
2023,GF0402,"Agriculture, forestry, fishing and hunting",2,GF04,PC_GDP,0.2,p,2026-09-16T23:00:00+0200
2023,GF0403,Fuel and energy,2,GF04,MIO_EUR,27050.9,p,2026-09-16T23:00:00+0200
2023,GF0403,Fuel and energy,2,GF04,PC_GDP,1,p,2026-09-16T23:00:00+0200
2023,GF0404,"Mining, manufacturing and construction",2,GF04,MIO_EUR,2724.3,p,2026-09-16T23:00:00+0200
2023,GF0404,"Mining, manufacturing and construction",2,GF04,PC_GDP,0.1,p,2026-09-16T23:00:00+0200
2023,GF0405,Transport,2,GF04,MIO_EUR,61709.8,p,2026-09-16T23:00:00+0200
2023,GF0405,Transport,2,GF04,PC_GDP,2.2,p,2026-09-16T23:00:00+0200
2023,GF0406,Communication,2,GF04,MIO_EUR,1603.3,p,2026-09-16T23:00:00+0200
2023,GF0406,Communication,2,GF04,PC_GDP,0.1,p,2026-09-16T23:00:00+0200
2023,GF0407,Other industries,2,GF04,MIO_EUR,10637.3,p,2026-09-16T23:00:00+0200
2023,GF0407,Other industries,2,GF04,PC_GDP,0.4,p,2026-09-16T23:00:00+0200
2023,GF0408,R&D Economic affairs,2,GF04,MIO_EUR,20552.7,p,2026-09-16T23:00:00+0200
2023,GF0408,R&D Economic affairs,2,GF04,PC_GDP,0.7,p,2026-09-16T23:00:00+0200
2023,GF0409,Economic affairs n.e.c.,2,GF04,MIO_EUR,2587.7,p,2026-09-16T23:00:00+0200
2023,GF0409,Economic affairs n.e.c.,2,GF04,PC_GDP,0.1,p,2026-09-16T23:00:00+0200
2023,GF05,Environmental protection,1,TOTAL,MIO_EUR,28935.8,p,2026-09-16T23:00:00+0200
2023,GF05,Environmental protection,1,TOTAL,PC_GDP,1,p,2026-09-16T23:00:00+0200
2023,GF0501,Waste management,2,GF05,MIO_EUR,15118.8,p,2026-09-16T23:00:00+0200
2023,GF0501,Waste management,2,GF05,PC_GDP,0.5,p,2026-09-16T23:00:00+0200
2023,GF0502,Waste water management,2,GF05,MIO_EUR,5050.1,p,2026-09-16T23:00:00+0200
2023,GF0502,Waste water management,2,GF05,PC_GDP,0.2,p,2026-09-16T23:00:00+0200
2023,GF0503,Pollution abatement,2,GF05,MIO_EUR,3981.6,p,2026-09-16T23:00:00+0200
2023,GF0503,Pollution abatement,2,GF05,PC_GDP,0.1,p,2026-09-16T23:00:00+0200
2023,GF0504,Protection of biodiversity and landscape,2,GF05,MIO_EUR,1953.7,p,2026-09-16T23:00:00+0200
2023,GF0504,Protection of biodiversity and landscape,2,GF05,PC_GDP,0.1,p,2026-09-16T23:00:00+0200
2023,GF0505,R&D Environmental protection,2,GF05,MIO_EUR,1307.4,p,2026-09-16T23:00:00+0200
2023,GF0505,R&D Environmental protection,2,GF05,PC_GDP,0,p,2026-09-16T23:00:00+0200
2023,GF0506,Environmental protection n.e.c.,2,GF05,MIO_EUR,1524.3,p,2026-09-16T23:00:00+0200
2023,GF0506,Environmental protection n.e.c.,2,GF05,PC_GDP,0.1,p,2026-09-16T23:00:00+0200
2023,GF06,Housing and community amenities,1,TOTAL,MIO_EUR,35601.8,p,2026-09-16T23:00:00+0200
2023,GF06,Housing and community amenities,1,TOTAL,PC_GDP,1.3,p,2026-09-16T23:00:00+0200
2023,GF0601,Housing development,2,GF06,MIO_EUR,8461.3,p,2026-09-16T23:00:00+0200
2023,GF0601,Housing development,2,GF06,PC_GDP,0.3,p,2026-09-16T23:00:00+0200
2023,GF0602,Community development,2,GF06,MIO_EUR,21207.9,p,2026-09-16T23:00:00+0200
2023,GF0602,Community development,2,GF06,PC_GDP,0.8,p,2026-09-16T23:00:00+0200
2023,GF0603,Water supply,2,GF06,MIO_EUR,2999.8,p,2026-09-16T23:00:00+0200
2023,GF0603,Water supply,2,GF06,PC_GDP,0.1,p,2026-09-16T23:00:00+0200
2023,GF0604,Street lighting,2,GF06,MIO_EUR,1789.1,p,2026-09-16T23:00:00+0200
2023,GF0604,Street lighting,2,GF06,PC_GDP,0.1,p,2026-09-16T23:00:00+0200
2023,GF0605,R&D Housing and community amenities,2,GF06,MIO_EUR,0,p,2026-09-16T23:00:00+0200
2023,GF0605,R&D Housing and community amenities,2,GF06,PC_GDP,0,p,2026-09-16T23:00:00+0200
2023,GF0606,Housing and community amenities n.e.c.,2,GF06,MIO_EUR,1143.7,p,2026-09-16T23:00:00+0200
2023,GF0606,Housing and community amenities n.e.c.,2,GF06,PC_GDP,0,p,2026-09-16T23:00:00+0200
2023,GF07,Health,1,TOTAL,MIO_EUR,249676.4,p,2026-09-16T23:00:00+0200
2023,GF07,Health,1,TOTAL,PC_GDP,8.8,p,2026-09-16T23:00:00+0200
2023,GF0701,"Medical products, appliances and equipment",2,GF07,MIO_EUR,41638.1,p,2026-09-16T23:00:00+0200
2023,GF0701,"Medical products, appliances and equipment",2,GF07,PC_GDP,1.5,p,2026-09-16T23:00:00+0200
2023,GF0702,Outpatient services,2,GF07,MIO_EUR,87986.8,p,2026-09-16T23:00:00+0200
2023,GF0702,Outpatient services,2,GF07,PC_GDP,3.1,p,2026-09-16T23:00:00+0200
2023,GF0703,Hospital services,2,GF07,MIO_EUR,103482.5,p,2026-09-16T23:00:00+0200
2023,GF0703,Hospital services,2,GF07,PC_GDP,3.7,p,2026-09-16T23:00:00+0200
2023,GF0704,Public health services,2,GF07,MIO_EUR,8622.8,p,2026-09-16T23:00:00+0200
2023,GF0704,Public health services,2,GF07,PC_GDP,0.3,p,2026-09-16T23:00:00+0200
2023,GF0705,R&D Health,2,GF07,MIO_EUR,6459.6,p,2026-09-16T23:00:00+0200
2023,GF0705,R&D Health,2,GF07,PC_GDP,0.2,p,2026-09-16T23:00:00+0200
2023,GF0706,Health n.e.c.,2,GF07,MIO_EUR,1486.6,p,2026-09-16T23:00:00+0200
2023,GF0706,Health n.e.c.,2,GF07,PC_GDP,0.1,p,2026-09-16T23:00:00+0200
2023,GF08,"Recreation, culture and religion",1,TOTAL,MIO_EUR,41417,p,2026-09-16T23:00:00+0200
2023,GF08,"Recreation, culture and religion",1,TOTAL,PC_GDP,1.5,p,2026-09-16T23:00:00+0200
2023,GF0801,Recreational and sporting services,2,GF08,MIO_EUR,15727.8,p,2026-09-16T23:00:00+0200
2023,GF0801,Recreational and sporting services,2,GF08,PC_GDP,0.6,p,2026-09-16T23:00:00+0200
2023,GF0802,Cultural services,2,GF08,MIO_EUR,18176.7,p,2026-09-16T23:00:00+0200
2023,GF0802,Cultural services,2,GF08,PC_GDP,0.6,p,2026-09-16T23:00:00+0200
2023,GF0803,Broadcasting and publishing services,2,GF08,MIO_EUR,6761.3,p,2026-09-16T23:00:00+0200
2023,GF0803,Broadcasting and publishing services,2,GF08,PC_GDP,0.2,p,2026-09-16T23:00:00+0200
2023,GF0804,Religious and other community services,2,GF08,MIO_EUR,641,p,2026-09-16T23:00:00+0200
2023,GF0804,Religious and other community services,2,GF08,PC_GDP,0,p,2026-09-16T23:00:00+0200
2023,GF0805,"R&D Recreation, culture and religion",2,GF08,MIO_EUR,0,,2026-09-16T23:00:00+0200
2023,GF0805,"R&D Recreation, culture and religion",2,GF08,PC_GDP,0,,2026-09-16T23:00:00+0200
2023,GF0806,"Recreation, culture and religion n.e.c.",2,GF08,MIO_EUR,110.2,p,2026-09-16T23:00:00+0200
2023,GF0806,"Recreation, culture and religion n.e.c.",2,GF08,PC_GDP,0,p,2026-09-16T23:00:00+0200
2023,GF09,Education,1,TOTAL,MIO_EUR,141554.8,p,2026-09-16T23:00:00+0200
2023,GF09,Education,1,TOTAL,PC_GDP,5,p,2026-09-16T23:00:00+0200
2023,GF0901,Pre-primary and primary education,2,GF09,MIO_EUR,39317.1,p,2026-09-16T23:00:00+0200
2023,GF0901,Pre-primary and primary education,2,GF09,PC_GDP,1.4,p,2026-09-16T23:00:00+0200
2023,GF0902,Secondary education,2,GF09,MIO_EUR,61315.8,p,2026-09-16T23:00:00+0200
2023,GF0902,Secondary education,2,GF09,PC_GDP,2.2,p,2026-09-16T23:00:00+0200
2023,GF0903,Post-secondary non-tertiary education,2,GF09,MIO_EUR,1065.5,p,2026-09-16T23:00:00+0200
2023,GF0903,Post-secondary non-tertiary education,2,GF09,PC_GDP,0,p,2026-09-16T23:00:00+0200
2023,GF0904,Tertiary education,2,GF09,MIO_EUR,13221.6,p,2026-09-16T23:00:00+0200
2023,GF0904,Tertiary education,2,GF09,PC_GDP,0.5,p,2026-09-16T23:00:00+0200
2023,GF0905,Education not definable by level,2,GF09,MIO_EUR,8402.1,p,2026-09-16T23:00:00+0200
2023,GF0905,Education not definable by level,2,GF09,PC_GDP,0.3,p,2026-09-16T23:00:00+0200
2023,GF0906,Subsidiary services to education,2,GF09,MIO_EUR,17647.4,p,2026-09-16T23:00:00+0200
2023,GF0906,Subsidiary services to education,2,GF09,PC_GDP,0.6,p,2026-09-16T23:00:00+0200
2023,GF0907,R&D Education,2,GF09,MIO_EUR,10.5,p,2026-09-16T23:00:00+0200
2023,GF0907,R&D Education,2,GF09,PC_GDP,0,p,2026-09-16T23:00:00+0200
2023,GF0908,Education n.e.c.,2,GF09,MIO_EUR,575,p,2026-09-16T23:00:00+0200
2023,GF0908,Education n.e.c.,2,GF09,PC_GDP,0,p,2026-09-16T23:00:00+0200
2023,GF10,Social protection,1,TOTAL,MIO_EUR,657931.3,p,2026-09-16T23:00:00+0200
2023,GF10,Social protection,1,TOTAL,PC_GDP,23.3,p,2026-09-16T23:00:00+0200
2023,GF1001,Sickness and disability,2,GF10,MIO_EUR,78381.9,p,2026-09-16T23:00:00+0200
2023,GF1001,Sickness and disability,2,GF10,PC_GDP,2.8,p,2026-09-16T23:00:00+0200
2023,GF1002,Old age,2,GF10,MIO_EUR,369078.8,p,2026-09-16T23:00:00+0200
2023,GF1002,Old age,2,GF10,PC_GDP,13.1,p,2026-09-16T23:00:00+0200
2023,GF1003,Survivors,2,GF10,MIO_EUR,38598.5,p,2026-09-16T23:00:00+0200
2023,GF1003,Survivors,2,GF10,PC_GDP,1.4,p,2026-09-16T23:00:00+0200
2023,GF1004,Family and children,2,GF10,MIO_EUR,64228.3,p,2026-09-16T23:00:00+0200
2023,GF1004,Family and children,2,GF10,PC_GDP,2.3,p,2026-09-16T23:00:00+0200
2023,GF1005,Unemployment,2,GF10,MIO_EUR,45853.6,p,2026-09-16T23:00:00+0200
2023,GF1005,Unemployment,2,GF10,PC_GDP,1.6,p,2026-09-16T23:00:00+0200
2023,GF1006,Housing,2,GF10,MIO_EUR,20510.6,p,2026-09-16T23:00:00+0200
2023,GF1006,Housing,2,GF10,PC_GDP,0.7,p,2026-09-16T23:00:00+0200
2023,GF1007,Social exclusion n.e.c.,2,GF10,MIO_EUR,37164.6,p,2026-09-16T23:00:00+0200
2023,GF1007,Social exclusion n.e.c.,2,GF10,PC_GDP,1.3,p,2026-09-16T23:00:00+0200
2023,GF1008,R&D Social protection,2,GF10,MIO_EUR,0,,2026-09-16T23:00:00+0200
2023,GF1008,R&D Social protection,2,GF10,PC_GDP,0,,2026-09-16T23:00:00+0200
2023,GF1009,Social protection n.e.c.,2,GF10,MIO_EUR,4115.1,p,2026-09-16T23:00:00+0200
2023,GF1009,Social protection n.e.c.,2,GF10,PC_GDP,0.1,p,2026-09-16T23:00:00+0200
2023,TOTAL,Total,0,,MIO_EUR,1607392.5,p,2026-09-16T23:00:00+0200
2023,TOTAL,Total,0,,PC_GDP,56.9,p,2026-09-16T23:00:00+0200
2024,GF01,General public services,1,TOTAL,MIO_EUR,181103.2,p,2026-09-16T23:00:00+0200
2024,GF01,General public services,1,TOTAL,PC_GDP,6.2,p,2026-09-16T23:00:00+0200
2024,GF0101,"Executive and legislative organs, financial and fiscal affairs, external affairs",2,GF01,MIO_EUR,42818.4,p,2026-09-16T23:00:00+0200
2024,GF0101,"Executive and legislative organs, financial and fiscal affairs, external affairs",2,GF01,PC_GDP,1.5,p,2026-09-16T23:00:00+0200
2024,GF0102,Foreign economic aid,2,GF01,MIO_EUR,4880.9,p,2026-09-16T23:00:00+0200
2024,GF0102,Foreign economic aid,2,GF01,PC_GDP,0.2,p,2026-09-16T23:00:00+0200
2024,GF0103,General services,2,GF01,MIO_EUR,53780.4,p,2026-09-16T23:00:00+0200
2024,GF0103,General services,2,GF01,PC_GDP,1.8,p,2026-09-16T23:00:00+0200
2024,GF0104,Basic research,2,GF01,MIO_EUR,19880.5,p,2026-09-16T23:00:00+0200
2024,GF0104,Basic research,2,GF01,PC_GDP,0.7,p,2026-09-16T23:00:00+0200
2024,GF0105,R&D General public services,2,GF01,MIO_EUR,6.1,p,2026-09-16T23:00:00+0200
2024,GF0105,R&D General public services,2,GF01,PC_GDP,0,p,2026-09-16T23:00:00+0200
2024,GF0106,General public services n.e.c.,2,GF01,MIO_EUR,866.6,p,2026-09-16T23:00:00+0200
2024,GF0106,General public services n.e.c.,2,GF01,PC_GDP,0,p,2026-09-16T23:00:00+0200
2024,GF0107,Public debt transactions,2,GF01,MIO_EUR,58870.2,p,2026-09-16T23:00:00+0200
2024,GF0107,Public debt transactions,2,GF01,PC_GDP,2,p,2026-09-16T23:00:00+0200
2024,GF0108,Transfers of a general character between different levels of government,2,GF01,MIO_EUR,0.1,p,2026-09-16T23:00:00+0200
2024,GF0108,Transfers of a general character between different levels of government,2,GF01,PC_GDP,0,p,2026-09-16T23:00:00+0200
2024,GF02,Defence,1,TOTAL,MIO_EUR,54199,p,2026-09-16T23:00:00+0200
2024,GF02,Defence,1,TOTAL,PC_GDP,1.9,p,2026-09-16T23:00:00+0200
2024,GF0201,Military defence,2,GF02,MIO_EUR,47701.9,p,2026-09-16T23:00:00+0200
2024,GF0201,Military defence,2,GF02,PC_GDP,1.6,p,2026-09-16T23:00:00+0200
2024,GF0202,Civil defence,2,GF02,MIO_EUR,228.6,p,2026-09-16T23:00:00+0200
2024,GF0202,Civil defence,2,GF02,PC_GDP,0,p,2026-09-16T23:00:00+0200
2024,GF0203,Foreign military aid,2,GF02,MIO_EUR,2006.6,p,2026-09-16T23:00:00+0200
2024,GF0203,Foreign military aid,2,GF02,PC_GDP,0.1,p,2026-09-16T23:00:00+0200
2024,GF0204,R&D Defence,2,GF02,MIO_EUR,1682,p,2026-09-16T23:00:00+0200
2024,GF0204,R&D Defence,2,GF02,PC_GDP,0.1,p,2026-09-16T23:00:00+0200
2024,GF0205,Defence n.e.c.,2,GF02,MIO_EUR,2580,p,2026-09-16T23:00:00+0200
2024,GF0205,Defence n.e.c.,2,GF02,PC_GDP,0.1,p,2026-09-16T23:00:00+0200
2024,GF03,Public order and safety,1,TOTAL,MIO_EUR,52113,p,2026-09-16T23:00:00+0200
2024,GF03,Public order and safety,1,TOTAL,PC_GDP,1.8,p,2026-09-16T23:00:00+0200
2024,GF0301,Police services,2,GF03,MIO_EUR,28896.2,p,2026-09-16T23:00:00+0200
2024,GF0301,Police services,2,GF03,PC_GDP,1,p,2026-09-16T23:00:00+0200
2024,GF0302,Fire-protection services,2,GF03,MIO_EUR,7937.4,p,2026-09-16T23:00:00+0200
2024,GF0302,Fire-protection services,2,GF03,PC_GDP,0.3,p,2026-09-16T23:00:00+0200
2024,GF0303,Law courts,2,GF03,MIO_EUR,8295,p,2026-09-16T23:00:00+0200
2024,GF0303,Law courts,2,GF03,PC_GDP,0.3,p,2026-09-16T23:00:00+0200
2024,GF0304,Prisons,2,GF03,MIO_EUR,5119.8,p,2026-09-16T23:00:00+0200
2024,GF0304,Prisons,2,GF03,PC_GDP,0.2,p,2026-09-16T23:00:00+0200
2024,GF0305,R&D Public order and safety,2,GF03,MIO_EUR,0,p,2026-09-16T23:00:00+0200
2024,GF0305,R&D Public order and safety,2,GF03,PC_GDP,0,p,2026-09-16T23:00:00+0200
2024,GF0306,Public order and safety n.e.c.,2,GF03,MIO_EUR,1864.6,p,2026-09-16T23:00:00+0200
2024,GF0306,Public order and safety n.e.c.,2,GF03,PC_GDP,0.1,p,2026-09-16T23:00:00+0200
2024,GF04,Economic affairs,1,TOTAL,MIO_EUR,166072.8,p,2026-09-16T23:00:00+0200
2024,GF04,Economic affairs,1,TOTAL,PC_GDP,5.7,p,2026-09-16T23:00:00+0200
2024,GF0401,"General economic, commercial and labour affairs",2,GF04,MIO_EUR,45256.9,p,2026-09-16T23:00:00+0200
2024,GF0401,"General economic, commercial and labour affairs",2,GF04,PC_GDP,1.5,p,2026-09-16T23:00:00+0200
2024,GF0402,"Agriculture, forestry, fishing and hunting",2,GF04,MIO_EUR,6198.7,p,2026-09-16T23:00:00+0200
2024,GF0402,"Agriculture, forestry, fishing and hunting",2,GF04,PC_GDP,0.2,p,2026-09-16T23:00:00+0200
2024,GF0403,Fuel and energy,2,GF04,MIO_EUR,15460.8,p,2026-09-16T23:00:00+0200
2024,GF0403,Fuel and energy,2,GF04,PC_GDP,0.5,p,2026-09-16T23:00:00+0200
2024,GF0404,"Mining, manufacturing and construction",2,GF04,MIO_EUR,1625.4,p,2026-09-16T23:00:00+0200
2024,GF0404,"Mining, manufacturing and construction",2,GF04,PC_GDP,0.1,p,2026-09-16T23:00:00+0200
2024,GF0405,Transport,2,GF04,MIO_EUR,60688.9,p,2026-09-16T23:00:00+0200
2024,GF0405,Transport,2,GF04,PC_GDP,2.1,p,2026-09-16T23:00:00+0200
2024,GF0406,Communication,2,GF04,MIO_EUR,1621.1,p,2026-09-16T23:00:00+0200
2024,GF0406,Communication,2,GF04,PC_GDP,0.1,p,2026-09-16T23:00:00+0200
2024,GF0407,Other industries,2,GF04,MIO_EUR,11183,p,2026-09-16T23:00:00+0200
2024,GF0407,Other industries,2,GF04,PC_GDP,0.4,p,2026-09-16T23:00:00+0200
2024,GF0408,R&D Economic affairs,2,GF04,MIO_EUR,21428.7,p,2026-09-16T23:00:00+0200
2024,GF0408,R&D Economic affairs,2,GF04,PC_GDP,0.7,p,2026-09-16T23:00:00+0200
2024,GF0409,Economic affairs n.e.c.,2,GF04,MIO_EUR,2609.3,p,2026-09-16T23:00:00+0200
2024,GF0409,Economic affairs n.e.c.,2,GF04,PC_GDP,0.1,p,2026-09-16T23:00:00+0200
2024,GF05,Environmental protection,1,TOTAL,MIO_EUR,30285.1,p,2026-09-16T23:00:00+0200
2024,GF05,Environmental protection,1,TOTAL,PC_GDP,1,p,2026-09-16T23:00:00+0200
2024,GF0501,Waste management,2,GF05,MIO_EUR,15862.4,p,2026-09-16T23:00:00+0200
2024,GF0501,Waste management,2,GF05,PC_GDP,0.5,p,2026-09-16T23:00:00+0200
2024,GF0502,Waste water management,2,GF05,MIO_EUR,5200,p,2026-09-16T23:00:00+0200
2024,GF0502,Waste water management,2,GF05,PC_GDP,0.2,p,2026-09-16T23:00:00+0200
2024,GF0503,Pollution abatement,2,GF05,MIO_EUR,4268.6,p,2026-09-16T23:00:00+0200
2024,GF0503,Pollution abatement,2,GF05,PC_GDP,0.1,p,2026-09-16T23:00:00+0200
2024,GF0504,Protection of biodiversity and landscape,2,GF05,MIO_EUR,1678.4,p,2026-09-16T23:00:00+0200
2024,GF0504,Protection of biodiversity and landscape,2,GF05,PC_GDP,0.1,p,2026-09-16T23:00:00+0200
2024,GF0505,R&D Environmental protection,2,GF05,MIO_EUR,1759.8,p,2026-09-16T23:00:00+0200
2024,GF0505,R&D Environmental protection,2,GF05,PC_GDP,0.1,p,2026-09-16T23:00:00+0200
2024,GF0506,Environmental protection n.e.c.,2,GF05,MIO_EUR,1515.9,p,2026-09-16T23:00:00+0200
2024,GF0506,Environmental protection n.e.c.,2,GF05,PC_GDP,0.1,p,2026-09-16T23:00:00+0200
2024,GF06,Housing and community amenities,1,TOTAL,MIO_EUR,42128.6,p,2026-09-16T23:00:00+0200
2024,GF06,Housing and community amenities,1,TOTAL,PC_GDP,1.4,p,2026-09-16T23:00:00+0200
2024,GF0601,Housing development,2,GF06,MIO_EUR,8415,p,2026-09-16T23:00:00+0200
2024,GF0601,Housing development,2,GF06,PC_GDP,0.3,p,2026-09-16T23:00:00+0200
2024,GF0602,Community development,2,GF06,MIO_EUR,27229.9,p,2026-09-16T23:00:00+0200
2024,GF0602,Community development,2,GF06,PC_GDP,0.9,p,2026-09-16T23:00:00+0200
2024,GF0603,Water supply,2,GF06,MIO_EUR,2847.8,p,2026-09-16T23:00:00+0200
2024,GF0603,Water supply,2,GF06,PC_GDP,0.1,p,2026-09-16T23:00:00+0200
2024,GF0604,Street lighting,2,GF06,MIO_EUR,1819.2,p,2026-09-16T23:00:00+0200
2024,GF0604,Street lighting,2,GF06,PC_GDP,0.1,p,2026-09-16T23:00:00+0200
2024,GF0605,R&D Housing and community amenities,2,GF06,MIO_EUR,0,p,2026-09-16T23:00:00+0200
2024,GF0605,R&D Housing and community amenities,2,GF06,PC_GDP,0,p,2026-09-16T23:00:00+0200
2024,GF0606,Housing and community amenities n.e.c.,2,GF06,MIO_EUR,1816.7,p,2026-09-16T23:00:00+0200
2024,GF0606,Housing and community amenities n.e.c.,2,GF06,PC_GDP,0.1,p,2026-09-16T23:00:00+0200
2024,GF07,Health,1,TOTAL,MIO_EUR,261156.3,p,2026-09-16T23:00:00+0200
2024,GF07,Health,1,TOTAL,PC_GDP,8.9,p,2026-09-16T23:00:00+0200
2024,GF0701,"Medical products, appliances and equipment",2,GF07,MIO_EUR,43714.6,p,2026-09-16T23:00:00+0200
2024,GF0701,"Medical products, appliances and equipment",2,GF07,PC_GDP,1.5,p,2026-09-16T23:00:00+0200
2024,GF0702,Outpatient services,2,GF07,MIO_EUR,91789,p,2026-09-16T23:00:00+0200
2024,GF0702,Outpatient services,2,GF07,PC_GDP,3.1,p,2026-09-16T23:00:00+0200
2024,GF0703,Hospital services,2,GF07,MIO_EUR,109338.1,p,2026-09-16T23:00:00+0200
2024,GF0703,Hospital services,2,GF07,PC_GDP,3.7,p,2026-09-16T23:00:00+0200
2024,GF0704,Public health services,2,GF07,MIO_EUR,7958.3,p,2026-09-16T23:00:00+0200
2024,GF0704,Public health services,2,GF07,PC_GDP,0.3,p,2026-09-16T23:00:00+0200
2024,GF0705,R&D Health,2,GF07,MIO_EUR,6708.3,p,2026-09-16T23:00:00+0200
2024,GF0705,R&D Health,2,GF07,PC_GDP,0.2,p,2026-09-16T23:00:00+0200
2024,GF0706,Health n.e.c.,2,GF07,MIO_EUR,1647.9,p,2026-09-16T23:00:00+0200
2024,GF0706,Health n.e.c.,2,GF07,PC_GDP,0.1,p,2026-09-16T23:00:00+0200
2024,GF08,"Recreation, culture and religion",1,TOTAL,MIO_EUR,43067.6,p,2026-09-16T23:00:00+0200
2024,GF08,"Recreation, culture and religion",1,TOTAL,PC_GDP,1.5,p,2026-09-16T23:00:00+0200
2024,GF0801,Recreational and sporting services,2,GF08,MIO_EUR,15568.6,p,2026-09-16T23:00:00+0200
2024,GF0801,Recreational and sporting services,2,GF08,PC_GDP,0.5,p,2026-09-16T23:00:00+0200
2024,GF0802,Cultural services,2,GF08,MIO_EUR,18963,p,2026-09-16T23:00:00+0200
2024,GF0802,Cultural services,2,GF08,PC_GDP,0.6,p,2026-09-16T23:00:00+0200
2024,GF0803,Broadcasting and publishing services,2,GF08,MIO_EUR,7560.4,p,2026-09-16T23:00:00+0200
2024,GF0803,Broadcasting and publishing services,2,GF08,PC_GDP,0.3,p,2026-09-16T23:00:00+0200
2024,GF0804,Religious and other community services,2,GF08,MIO_EUR,744.2,p,2026-09-16T23:00:00+0200
2024,GF0804,Religious and other community services,2,GF08,PC_GDP,0,p,2026-09-16T23:00:00+0200
2024,GF0805,"R&D Recreation, culture and religion",2,GF08,MIO_EUR,0,,2026-09-16T23:00:00+0200
2024,GF0805,"R&D Recreation, culture and religion",2,GF08,PC_GDP,0,,2026-09-16T23:00:00+0200
2024,GF0806,"Recreation, culture and religion n.e.c.",2,GF08,MIO_EUR,231.5,p,2026-09-16T23:00:00+0200
2024,GF0806,"Recreation, culture and religion n.e.c.",2,GF08,PC_GDP,0,p,2026-09-16T23:00:00+0200
2024,GF09,Education,1,TOTAL,MIO_EUR,148639.6,p,2026-09-16T23:00:00+0200
2024,GF09,Education,1,TOTAL,PC_GDP,5.1,p,2026-09-16T23:00:00+0200
2024,GF0901,Pre-primary and primary education,2,GF09,MIO_EUR,42176.4,p,2026-09-16T23:00:00+0200
2024,GF0901,Pre-primary and primary education,2,GF09,PC_GDP,1.4,p,2026-09-16T23:00:00+0200
2024,GF0902,Secondary education,2,GF09,MIO_EUR,63778.9,p,2026-09-16T23:00:00+0200
2024,GF0902,Secondary education,2,GF09,PC_GDP,2.2,p,2026-09-16T23:00:00+0200
2024,GF0903,Post-secondary non-tertiary education,2,GF09,MIO_EUR,1156.4,p,2026-09-16T23:00:00+0200
2024,GF0903,Post-secondary non-tertiary education,2,GF09,PC_GDP,0,p,2026-09-16T23:00:00+0200
2024,GF0904,Tertiary education,2,GF09,MIO_EUR,12307.9,p,2026-09-16T23:00:00+0200
2024,GF0904,Tertiary education,2,GF09,PC_GDP,0.4,p,2026-09-16T23:00:00+0200
2024,GF0905,Education not definable by level,2,GF09,MIO_EUR,8622.3,p,2026-09-16T23:00:00+0200
2024,GF0905,Education not definable by level,2,GF09,PC_GDP,0.3,p,2026-09-16T23:00:00+0200
2024,GF0906,Subsidiary services to education,2,GF09,MIO_EUR,20022.9,p,2026-09-16T23:00:00+0200
2024,GF0906,Subsidiary services to education,2,GF09,PC_GDP,0.7,p,2026-09-16T23:00:00+0200
2024,GF0907,R&D Education,2,GF09,MIO_EUR,0,p,2026-09-16T23:00:00+0200
2024,GF0907,R&D Education,2,GF09,PC_GDP,0,p,2026-09-16T23:00:00+0200
2024,GF0908,Education n.e.c.,2,GF09,MIO_EUR,574.7,p,2026-09-16T23:00:00+0200
2024,GF0908,Education n.e.c.,2,GF09,PC_GDP,0,p,2026-09-16T23:00:00+0200
2024,GF10,Social protection,1,TOTAL,MIO_EUR,693028.8,p,2026-09-16T23:00:00+0200
2024,GF10,Social protection,1,TOTAL,PC_GDP,23.7,p,2026-09-16T23:00:00+0200
2024,GF1001,Sickness and disability,2,GF10,MIO_EUR,83898.9,p,2026-09-16T23:00:00+0200
2024,GF1001,Sickness and disability,2,GF10,PC_GDP,2.9,p,2026-09-16T23:00:00+0200
2024,GF1002,Old age,2,GF10,MIO_EUR,391954.3,p,2026-09-16T23:00:00+0200
2024,GF1002,Old age,2,GF10,PC_GDP,13.4,p,2026-09-16T23:00:00+0200
2024,GF1003,Survivors,2,GF10,MIO_EUR,40608.3,p,2026-09-16T23:00:00+0200
2024,GF1003,Survivors,2,GF10,PC_GDP,1.4,p,2026-09-16T23:00:00+0200
2024,GF1004,Family and children,2,GF10,MIO_EUR,66711.4,p,2026-09-16T23:00:00+0200
2024,GF1004,Family and children,2,GF10,PC_GDP,2.3,p,2026-09-16T23:00:00+0200
2024,GF1005,Unemployment,2,GF10,MIO_EUR,48520.9,p,2026-09-16T23:00:00+0200
2024,GF1005,Unemployment,2,GF10,PC_GDP,1.7,p,2026-09-16T23:00:00+0200
2024,GF1006,Housing,2,GF10,MIO_EUR,21146.7,p,2026-09-16T23:00:00+0200
2024,GF1006,Housing,2,GF10,PC_GDP,0.7,p,2026-09-16T23:00:00+0200
2024,GF1007,Social exclusion n.e.c.,2,GF10,MIO_EUR,36460.8,p,2026-09-16T23:00:00+0200
2024,GF1007,Social exclusion n.e.c.,2,GF10,PC_GDP,1.2,p,2026-09-16T23:00:00+0200
2024,GF1008,R&D Social protection,2,GF10,MIO_EUR,0,,2026-09-16T23:00:00+0200
2024,GF1008,R&D Social protection,2,GF10,PC_GDP,0,,2026-09-16T23:00:00+0200
2024,GF1009,Social protection n.e.c.,2,GF10,MIO_EUR,3727.6,p,2026-09-16T23:00:00+0200
2024,GF1009,Social protection n.e.c.,2,GF10,PC_GDP,0.1,p,2026-09-16T23:00:00+0200
2024,TOTAL,Total,0,,MIO_EUR,1671793.8,p,2026-09-16T23:00:00+0200
2024,TOTAL,Total,0,,PC_GDP,57.3,p,2026-09-16T23:00:00+0200
2025,GF01,General public services,1,TOTAL,MIO_EUR,,,2026-09-16T23:00:00+0200
2025,GF01,General public services,1,TOTAL,PC_GDP,,,2026-09-16T23:00:00+0200
2025,GF0101,"Executive and legislative organs, financial and fiscal affairs, external affairs",2,GF01,MIO_EUR,,,2026-09-16T23:00:00+0200
2025,GF0101,"Executive and legislative organs, financial and fiscal affairs, external affairs",2,GF01,PC_GDP,,,2026-09-16T23:00:00+0200
2025,GF0102,Foreign economic aid,2,GF01,MIO_EUR,,,2026-09-16T23:00:00+0200
2025,GF0102,Foreign economic aid,2,GF01,PC_GDP,,,2026-09-16T23:00:00+0200
2025,GF0103,General services,2,GF01,MIO_EUR,,,2026-09-16T23:00:00+0200
2025,GF0103,General services,2,GF01,PC_GDP,,,2026-09-16T23:00:00+0200
2025,GF0104,Basic research,2,GF01,MIO_EUR,,,2026-09-16T23:00:00+0200
2025,GF0104,Basic research,2,GF01,PC_GDP,,,2026-09-16T23:00:00+0200
2025,GF0105,R&D General public services,2,GF01,MIO_EUR,,,2026-09-16T23:00:00+0200
2025,GF0105,R&D General public services,2,GF01,PC_GDP,,,2026-09-16T23:00:00+0200
2025,GF0106,General public services n.e.c.,2,GF01,MIO_EUR,,,2026-09-16T23:00:00+0200
2025,GF0106,General public services n.e.c.,2,GF01,PC_GDP,,,2026-09-16T23:00:00+0200
2025,GF0107,Public debt transactions,2,GF01,MIO_EUR,,,2026-09-16T23:00:00+0200
2025,GF0107,Public debt transactions,2,GF01,PC_GDP,,,2026-09-16T23:00:00+0200
2025,GF0108,Transfers of a general character between different levels of government,2,GF01,MIO_EUR,,,2026-09-16T23:00:00+0200
2025,GF0108,Transfers of a general character between different levels of government,2,GF01,PC_GDP,,,2026-09-16T23:00:00+0200
2025,GF02,Defence,1,TOTAL,MIO_EUR,,,2026-09-16T23:00:00+0200
2025,GF02,Defence,1,TOTAL,PC_GDP,,,2026-09-16T23:00:00+0200
2025,GF0201,Military defence,2,GF02,MIO_EUR,,,2026-09-16T23:00:00+0200
2025,GF0201,Military defence,2,GF02,PC_GDP,,,2026-09-16T23:00:00+0200
2025,GF0202,Civil defence,2,GF02,MIO_EUR,,,2026-09-16T23:00:00+0200
2025,GF0202,Civil defence,2,GF02,PC_GDP,,,2026-09-16T23:00:00+0200
2025,GF0203,Foreign military aid,2,GF02,MIO_EUR,,,2026-09-16T23:00:00+0200
2025,GF0203,Foreign military aid,2,GF02,PC_GDP,,,2026-09-16T23:00:00+0200
2025,GF0204,R&D Defence,2,GF02,MIO_EUR,,,2026-09-16T23:00:00+0200
2025,GF0204,R&D Defence,2,GF02,PC_GDP,,,2026-09-16T23:00:00+0200
2025,GF0205,Defence n.e.c.,2,GF02,MIO_EUR,,,2026-09-16T23:00:00+0200
2025,GF0205,Defence n.e.c.,2,GF02,PC_GDP,,,2026-09-16T23:00:00+0200
2025,GF03,Public order and safety,1,TOTAL,MIO_EUR,,,2026-09-16T23:00:00+0200
2025,GF03,Public order and safety,1,TOTAL,PC_GDP,,,2026-09-16T23:00:00+0200
2025,GF0301,Police services,2,GF03,MIO_EUR,,,2026-09-16T23:00:00+0200
2025,GF0301,Police services,2,GF03,PC_GDP,,,2026-09-16T23:00:00+0200
2025,GF0302,Fire-protection services,2,GF03,MIO_EUR,,,2026-09-16T23:00:00+0200
2025,GF0302,Fire-protection services,2,GF03,PC_GDP,,,2026-09-16T23:00:00+0200
2025,GF0303,Law courts,2,GF03,MIO_EUR,,,2026-09-16T23:00:00+0200
2025,GF0303,Law courts,2,GF03,PC_GDP,,,2026-09-16T23:00:00+0200
2025,GF0304,Prisons,2,GF03,MIO_EUR,,,2026-09-16T23:00:00+0200
2025,GF0304,Prisons,2,GF03,PC_GDP,,,2026-09-16T23:00:00+0200
2025,GF0305,R&D Public order and safety,2,GF03,MIO_EUR,,,2026-09-16T23:00:00+0200
2025,GF0305,R&D Public order and safety,2,GF03,PC_GDP,,,2026-09-16T23:00:00+0200
2025,GF0306,Public order and safety n.e.c.,2,GF03,MIO_EUR,,,2026-09-16T23:00:00+0200
2025,GF0306,Public order and safety n.e.c.,2,GF03,PC_GDP,,,2026-09-16T23:00:00+0200
2025,GF04,Economic affairs,1,TOTAL,MIO_EUR,,,2026-09-16T23:00:00+0200
2025,GF04,Economic affairs,1,TOTAL,PC_GDP,,,2026-09-16T23:00:00+0200
2025,GF0401,"General economic, commercial and labour affairs",2,GF04,MIO_EUR,,,2026-09-16T23:00:00+0200
2025,GF0401,"General economic, commercial and labour affairs",2,GF04,PC_GDP,,,2026-09-16T23:00:00+0200
2025,GF0402,"Agriculture, forestry, fishing and hunting",2,GF04,MIO_EUR,,,2026-09-16T23:00:00+0200
2025,GF0402,"Agriculture, forestry, fishing and hunting",2,GF04,PC_GDP,,,2026-09-16T23:00:00+0200
2025,GF0403,Fuel and energy,2,GF04,MIO_EUR,,,2026-09-16T23:00:00+0200
2025,GF0403,Fuel and energy,2,GF04,PC_GDP,,,2026-09-16T23:00:00+0200
2025,GF0404,"Mining, manufacturing and construction",2,GF04,MIO_EUR,,,2026-09-16T23:00:00+0200
2025,GF0404,"Mining, manufacturing and construction",2,GF04,PC_GDP,,,2026-09-16T23:00:00+0200
2025,GF0405,Transport,2,GF04,MIO_EUR,,,2026-09-16T23:00:00+0200
2025,GF0405,Transport,2,GF04,PC_GDP,,,2026-09-16T23:00:00+0200
2025,GF0406,Communication,2,GF04,MIO_EUR,,,2026-09-16T23:00:00+0200
2025,GF0406,Communication,2,GF04,PC_GDP,,,2026-09-16T23:00:00+0200
2025,GF0407,Other industries,2,GF04,MIO_EUR,,,2026-09-16T23:00:00+0200
2025,GF0407,Other industries,2,GF04,PC_GDP,,,2026-09-16T23:00:00+0200
2025,GF0408,R&D Economic affairs,2,GF04,MIO_EUR,,,2026-09-16T23:00:00+0200
2025,GF0408,R&D Economic affairs,2,GF04,PC_GDP,,,2026-09-16T23:00:00+0200
2025,GF0409,Economic affairs n.e.c.,2,GF04,MIO_EUR,,,2026-09-16T23:00:00+0200
2025,GF0409,Economic affairs n.e.c.,2,GF04,PC_GDP,,,2026-09-16T23:00:00+0200
2025,GF05,Environmental protection,1,TOTAL,MIO_EUR,,,2026-09-16T23:00:00+0200
2025,GF05,Environmental protection,1,TOTAL,PC_GDP,,,2026-09-16T23:00:00+0200
2025,GF0501,Waste management,2,GF05,MIO_EUR,,,2026-09-16T23:00:00+0200
2025,GF0501,Waste management,2,GF05,PC_GDP,,,2026-09-16T23:00:00+0200
2025,GF0502,Waste water management,2,GF05,MIO_EUR,,,2026-09-16T23:00:00+0200
2025,GF0502,Waste water management,2,GF05,PC_GDP,,,2026-09-16T23:00:00+0200
2025,GF0503,Pollution abatement,2,GF05,MIO_EUR,,,2026-09-16T23:00:00+0200
2025,GF0503,Pollution abatement,2,GF05,PC_GDP,,,2026-09-16T23:00:00+0200
2025,GF0504,Protection of biodiversity and landscape,2,GF05,MIO_EUR,,,2026-09-16T23:00:00+0200
2025,GF0504,Protection of biodiversity and landscape,2,GF05,PC_GDP,,,2026-09-16T23:00:00+0200
2025,GF0505,R&D Environmental protection,2,GF05,MIO_EUR,,,2026-09-16T23:00:00+0200
2025,GF0505,R&D Environmental protection,2,GF05,PC_GDP,,,2026-09-16T23:00:00+0200
2025,GF0506,Environmental protection n.e.c.,2,GF05,MIO_EUR,,,2026-09-16T23:00:00+0200
2025,GF0506,Environmental protection n.e.c.,2,GF05,PC_GDP,,,2026-09-16T23:00:00+0200
2025,GF06,Housing and community amenities,1,TOTAL,MIO_EUR,,,2026-09-16T23:00:00+0200
2025,GF06,Housing and community amenities,1,TOTAL,PC_GDP,,,2026-09-16T23:00:00+0200
2025,GF0601,Housing development,2,GF06,MIO_EUR,,,2026-09-16T23:00:00+0200
2025,GF0601,Housing development,2,GF06,PC_GDP,,,2026-09-16T23:00:00+0200
2025,GF0602,Community development,2,GF06,MIO_EUR,,,2026-09-16T23:00:00+0200
2025,GF0602,Community development,2,GF06,PC_GDP,,,2026-09-16T23:00:00+0200
2025,GF0603,Water supply,2,GF06,MIO_EUR,,,2026-09-16T23:00:00+0200
2025,GF0603,Water supply,2,GF06,PC_GDP,,,2026-09-16T23:00:00+0200
2025,GF0604,Street lighting,2,GF06,MIO_EUR,,,2026-09-16T23:00:00+0200
2025,GF0604,Street lighting,2,GF06,PC_GDP,,,2026-09-16T23:00:00+0200
2025,GF0605,R&D Housing and community amenities,2,GF06,MIO_EUR,,,2026-09-16T23:00:00+0200
2025,GF0605,R&D Housing and community amenities,2,GF06,PC_GDP,,,2026-09-16T23:00:00+0200
2025,GF0606,Housing and community amenities n.e.c.,2,GF06,MIO_EUR,,,2026-09-16T23:00:00+0200
2025,GF0606,Housing and community amenities n.e.c.,2,GF06,PC_GDP,,,2026-09-16T23:00:00+0200
2025,GF07,Health,1,TOTAL,MIO_EUR,,,2026-09-16T23:00:00+0200
2025,GF07,Health,1,TOTAL,PC_GDP,,,2026-09-16T23:00:00+0200
2025,GF0701,"Medical products, appliances and equipment",2,GF07,MIO_EUR,,,2026-09-16T23:00:00+0200
2025,GF0701,"Medical products, appliances and equipment",2,GF07,PC_GDP,,,2026-09-16T23:00:00+0200
2025,GF0702,Outpatient services,2,GF07,MIO_EUR,,,2026-09-16T23:00:00+0200
2025,GF0702,Outpatient services,2,GF07,PC_GDP,,,2026-09-16T23:00:00+0200
2025,GF0703,Hospital services,2,GF07,MIO_EUR,,,2026-09-16T23:00:00+0200
2025,GF0703,Hospital services,2,GF07,PC_GDP,,,2026-09-16T23:00:00+0200
2025,GF0704,Public health services,2,GF07,MIO_EUR,,,2026-09-16T23:00:00+0200
2025,GF0704,Public health services,2,GF07,PC_GDP,,,2026-09-16T23:00:00+0200
2025,GF0705,R&D Health,2,GF07,MIO_EUR,,,2026-09-16T23:00:00+0200
2025,GF0705,R&D Health,2,GF07,PC_GDP,,,2026-09-16T23:00:00+0200
2025,GF0706,Health n.e.c.,2,GF07,MIO_EUR,,,2026-09-16T23:00:00+0200
2025,GF0706,Health n.e.c.,2,GF07,PC_GDP,,,2026-09-16T23:00:00+0200
2025,GF08,"Recreation, culture and religion",1,TOTAL,MIO_EUR,,,2026-09-16T23:00:00+0200
2025,GF08,"Recreation, culture and religion",1,TOTAL,PC_GDP,,,2026-09-16T23:00:00+0200
2025,GF0801,Recreational and sporting services,2,GF08,MIO_EUR,,,2026-09-16T23:00:00+0200
2025,GF0801,Recreational and sporting services,2,GF08,PC_GDP,,,2026-09-16T23:00:00+0200
2025,GF0802,Cultural services,2,GF08,MIO_EUR,,,2026-09-16T23:00:00+0200
2025,GF0802,Cultural services,2,GF08,PC_GDP,,,2026-09-16T23:00:00+0200
2025,GF0803,Broadcasting and publishing services,2,GF08,MIO_EUR,,,2026-09-16T23:00:00+0200
2025,GF0803,Broadcasting and publishing services,2,GF08,PC_GDP,,,2026-09-16T23:00:00+0200
2025,GF0804,Religious and other community services,2,GF08,MIO_EUR,,,2026-09-16T23:00:00+0200
2025,GF0804,Religious and other community services,2,GF08,PC_GDP,,,2026-09-16T23:00:00+0200
2025,GF0805,"R&D Recreation, culture and religion",2,GF08,MIO_EUR,,,2026-09-16T23:00:00+0200
2025,GF0805,"R&D Recreation, culture and religion",2,GF08,PC_GDP,,,2026-09-16T23:00:00+0200
2025,GF0806,"Recreation, culture and religion n.e.c.",2,GF08,MIO_EUR,,,2026-09-16T23:00:00+0200
2025,GF0806,"Recreation, culture and religion n.e.c.",2,GF08,PC_GDP,,,2026-09-16T23:00:00+0200
2025,GF09,Education,1,TOTAL,MIO_EUR,,,2026-09-16T23:00:00+0200
2025,GF09,Education,1,TOTAL,PC_GDP,,,2026-09-16T23:00:00+0200
2025,GF0901,Pre-primary and primary education,2,GF09,MIO_EUR,,,2026-09-16T23:00:00+0200
2025,GF0901,Pre-primary and primary education,2,GF09,PC_GDP,,,2026-09-16T23:00:00+0200
2025,GF0902,Secondary education,2,GF09,MIO_EUR,,,2026-09-16T23:00:00+0200
2025,GF0902,Secondary education,2,GF09,PC_GDP,,,2026-09-16T23:00:00+0200
2025,GF0903,Post-secondary non-tertiary education,2,GF09,MIO_EUR,,,2026-09-16T23:00:00+0200
2025,GF0903,Post-secondary non-tertiary education,2,GF09,PC_GDP,,,2026-09-16T23:00:00+0200
2025,GF0904,Tertiary education,2,GF09,MIO_EUR,,,2026-09-16T23:00:00+0200
2025,GF0904,Tertiary education,2,GF09,PC_GDP,,,2026-09-16T23:00:00+0200
2025,GF0905,Education not definable by level,2,GF09,MIO_EUR,,,2026-09-16T23:00:00+0200
2025,GF0905,Education not definable by level,2,GF09,PC_GDP,,,2026-09-16T23:00:00+0200
2025,GF0906,Subsidiary services to education,2,GF09,MIO_EUR,,,2026-09-16T23:00:00+0200
2025,GF0906,Subsidiary services to education,2,GF09,PC_GDP,,,2026-09-16T23:00:00+0200
2025,GF0907,R&D Education,2,GF09,MIO_EUR,,,2026-09-16T23:00:00+0200
2025,GF0907,R&D Education,2,GF09,PC_GDP,,,2026-09-16T23:00:00+0200
2025,GF0908,Education n.e.c.,2,GF09,MIO_EUR,,,2026-09-16T23:00:00+0200
2025,GF0908,Education n.e.c.,2,GF09,PC_GDP,,,2026-09-16T23:00:00+0200
2025,GF10,Social protection,1,TOTAL,MIO_EUR,,,2026-09-16T23:00:00+0200
2025,GF10,Social protection,1,TOTAL,PC_GDP,,,2026-09-16T23:00:00+0200
2025,GF1001,Sickness and disability,2,GF10,MIO_EUR,,,2026-09-16T23:00:00+0200
2025,GF1001,Sickness and disability,2,GF10,PC_GDP,,,2026-09-16T23:00:00+0200
2025,GF1002,Old age,2,GF10,MIO_EUR,,,2026-09-16T23:00:00+0200
2025,GF1002,Old age,2,GF10,PC_GDP,,,2026-09-16T23:00:00+0200
2025,GF1003,Survivors,2,GF10,MIO_EUR,,,2026-09-16T23:00:00+0200
2025,GF1003,Survivors,2,GF10,PC_GDP,,,2026-09-16T23:00:00+0200
2025,GF1004,Family and children,2,GF10,MIO_EUR,,,2026-09-16T23:00:00+0200
2025,GF1004,Family and children,2,GF10,PC_GDP,,,2026-09-16T23:00:00+0200
2025,GF1005,Unemployment,2,GF10,MIO_EUR,,,2026-09-16T23:00:00+0200
2025,GF1005,Unemployment,2,GF10,PC_GDP,,,2026-09-16T23:00:00+0200
2025,GF1006,Housing,2,GF10,MIO_EUR,,,2026-09-16T23:00:00+0200
2025,GF1006,Housing,2,GF10,PC_GDP,,,2026-09-16T23:00:00+0200
2025,GF1007,Social exclusion n.e.c.,2,GF10,MIO_EUR,,,2026-09-16T23:00:00+0200
2025,GF1007,Social exclusion n.e.c.,2,GF10,PC_GDP,,,2026-09-16T23:00:00+0200
2025,GF1008,R&D Social protection,2,GF10,MIO_EUR,,,2026-09-16T23:00:00+0200
2025,GF1008,R&D Social protection,2,GF10,PC_GDP,,,2026-09-16T23:00:00+0200
2025,GF1009,Social protection n.e.c.,2,GF10,MIO_EUR,,,2026-09-16T23:00:00+0200
2025,GF1009,Social protection n.e.c.,2,GF10,PC_GDP,,,2026-09-16T23:00:00+0200
2025,TOTAL,Total,0,,MIO_EUR,,,2026-09-16T23:00:00+0200
2025,TOTAL,Total,0,,PC_GDP,,,2026-09-16T23:00:00+0200
